merchant_id,merchant_name,mcc,merchant_category,business_type,city,state,onboarding_date,settlement_account,merchant_status,declared_avg_ticket_size,mcc_valid,settlement_account_valid,declared_avg_ticket_size_invalid_flag,declared_avg_ticket_size_parse_failure_flag,onboarding_date_parse_failure_flag,merchant_status_unmapped_flag
MCH2849,"BHAVSAR, KOTA AND ZACHARIA",7011,HOTEL_LODGING,PRIVATE_LIMITED,LUDHIANA,PUNJAB,2025-09-23 00:00:00,,INACTIVE,2432.18,True,False,False,False,False,False
MCH4314,Deshmukh Ltd,5699,APPAREL,PRIVATE_LIMITED,JALANDHAR,PUNJAB,,3021439858,INACTIVE,986.05,True,True,False,False,False,False
MCH1986,"Bains, Chanda and Gh0sh",5311,RETAIL,INDIVIDUAL,JALANDHAR,PUNJAB,,,ACTIVE,1427.52,True,False,False,False,True,False
MCH3899,Goswami-Bath,4131,TRANSPORTATION,SOLE_PROPRIETOR,HYDERABAD,TELANGANA,2023-01-14 00:00:00,,ACTIVE,,True,False,True,False,False,False
MCH4859,VASA-RAJU,5812,RESTAURANT,SOLE_PROPRIETOR,HYD,TELANGANA,2025-03-17 02:59:45,XXXX9523,ACTIVE,214.0,True,False,False,False,False,False
MCH6848,Dora LLC,5311,DEPARTMENT_STORE,PARTNERSHIP,CHENNAI,TAMIL_NADU,2025-09-20 22:23:18,DUSD7272281625368,ACTIVE,1272.49,True,True,False,False,False,False
MCH9933,Bali-Zachariah,5411,GROCERY_STORES,SOLE_PROPRIETOR,JPR,RAJASTHAN,,TWPF4694358713410,ACTIVE,1549.0,True,True,False,False,True,False
MCH2637,Joshi Group,5999,MISC_RETAIL,PARTNERSHIP,CHENNAI,TAMIL_NADU,2025-02-20 00:00:00,,ACTIVE,,True,False,True,False,False,False
MCH8708,"Mukherjee, Sami and Purohit",5999,RETAIL_OTHER,SOLE_PROPRIETOR,HYDERABAD,TELANGANA,2026-01-28 00:00:00,,SUSPENDED,2919.92,True,False,False,False,False,False
MCH2430,Bora Group,4814,TELECOM,INDIVIDUAL,AMRITSAR,PUNJAB,2026-01-27 15:52:53,2955352677,ACTIVE,827.43,True,True,False,False,False,False
MCH8556,"Rout, Dhillon and Sinha",5942,BOOK_STORE,SOLE_PROPRIETOR,JAIPUR,RAJASTHAN,,,ACTIVE,,True,False,False,False,True,False
MCH9997,"Kalita, Dass and Balay",5999,MISC_RETAIL,INDIVIDUAL,LUDHIANA,PUNJAB,,XXXX2557,ACTIVE,2233.91,True,False,False,False,True,False
MCH7003,"Koshy, Samra and Chana",5942,BOOKS_STATIONERY,PRIVATE_LIMITED,JALANDHAR,PUNJAB,2024-06-29 00:00:00,XXXX7569,SUSPENDED,776.99,True,False,False,False,False,False
MCH6945,Barad LLC,5311,RETAIL,PARTNERSHIP,LUDHIANA,PUNJAB,2025-09-13 06:55:00,,ACTIVE,3350.77,True,False,False,False,False,False
MCH4323,"Ben, Wagle and Shan",5812,EATING_PLACE,SOLE_PROPRIETOR,MADRAS,TAMIL_NADU,2023-05-11 05:53:16,4367668757,SUSPENDED,,True,True,False,False,False,False
MCH1405,Sawhney-Naru1a,5912,MEDICAL_STORE,SOLE_PROPRIETOR,LUCKNOW,UTTAR_PRADESH,2024-12-31 00:00:00,,SUSPENDED,3091.86,True,False,False,False,False,False
MCH9459,Bala and Sons,5411,GROCERY,PARTNERSHIP,MADRAS,TAMIL_NADU,2023-11-12 00:00:00,,ACTIVE,558.21,True,False,False,False,False,False
MCH7645,Majumdar-Nagarajan,5912,MEDICAL_STORE,SOLE_PROPRIETOR,AMRITSAR,PUNJAB,2024-09-21 00:00:00,7530870851,ACTIVE,1396.81,True,True,False,False,False,False
MCH9620,chad plc,,RETAIL,INDIVIDUAL,LUDHIANA,PUNJAB,2025-04-16 00:00:00,HEOY8360949899311,ACTIVE,786.55,False,True,False,False,False,False
MCH9815,"NARASIMHAN, VASA AND GOSWAMI",5942,BOOK_STORE,INDIVIDUAL,DELHI,DELHI,,MZNM1643262942719,ACTIVE,,True,True,True,False,True,False
MCH5251,"Rana, Chandra and Tank",4131,TRANSPORTATION,PARTNERSHIP,MUMBAI,MAHARASHTRA,,,INACTIVE,3641.26,True,False,False,False,False,False
MCH2934,Warri0r-Siba1,5999,OTHER,INDIVIDUAL,AMRITSAR,PUNJAB,2025-04-07 00:00:00,,ACTIVE,,True,False,False,False,False,False
MCH3140,"Zachariah,RajagopalandSamra",4814,TELECOM,PRIVATE_LIMITED,AMRITSAR,PUNJAB,2023-09-04 17:37:45,,ACTIVE,363.21,True,False,False,False,False,False
MCH2833,Kapoor-Shankar,7011,HOTEL_LODGING,SOLE_PROPRIETOR,JALANDAR,PUNJAB,,VEQH1532066637768,ACTIVE,474.69,True,True,False,False,False,False
MCH2849,"BHAVSAR, KOTA AND ZACHARIA",7011,HOTEL_LODGING,PRIVATE_LIMITED,LUDHIANA,PUNJAB,2025-09-23 00:00:00,,ACTIVE,2432.18,True,False,False,False,False,False
MCH6397,"SURI, AGRAWAL AND NATARAJAN",5942,BOOKS,PARTNERSHIP,DELHI,DELHI,2024-08-19 00:00:00,,ACTIVE,547.0,True,False,False,False,False,False
MCH2749,issac and sons,5912,MEDICAL_STORE,SOLE_PROPRIETOR,MUMBAI,MAHARASHTRA,,1616970087,ACTIVE,,True,True,False,False,True,False
MCH5089,Korpal-Parmer,05311,RETAIL,PRIVATE_LIMITED,JAIPUR,RAJASTHAN,2024-06-14 00:00:00,,ACTIVE,3730.0,False,False,False,False,False,False
MCH5112,nigam-chawla,4131,TRANSPORTATION,PRIVATE_LIMITED,CHENNAI,TAMIL_NADU,,,INACTIVE,353.3,True,False,False,False,True,False
MCH9951,Natt Group,5912,PHARMACIES,PARTNERSHIP,MADRAS,TAMIL_NADU,2024-02-05 00:00:00,TSMH8783182679043,ACTIVE,1765.37,True,True,False,False,False,False
MCH4962,venkataraman-mannan,5942,BOOKS,PRIVATE_LIMITED,CHENNAI,TAMIL_NADU,2025-07-15 06:02:14,8238766790,ACTIVE,266.61,True,True,False,False,False,False
MCH1541,Bhattacharyya-Hans,7011,HOTELS,PRIVATE_LIMITED,KOLKATA,WEST_BENGAL,2024-03-24 00:00:00,XXXX2848,ACTIVE,621.01,True,False,False,False,False,False
MCH3442,Kuruvilla Ltd,5411,GROCERY,PARTNERSHIP,HYD,TELANGANA,,,INACTIVE,1281.68,True,False,False,False,True,False
MCH9993,Chadha-Tailor,5942,BOOK_STORE,PRIVATE_LIMITED,LUDHIANA,PUNJAB,2026-01-05 00:00:00,,INACTIVE,2368.65,True,False,False,False,False,False
MCH8365,Som-Dhar,5999,MISC_RETAIL,INDIVIDUAL,PUNE,MAHARASHTRA,2025-08-30 00:00:00,,ACTIVE,269.48,True,False,False,False,False,False
MCH2536,Divan-Radhakrishnan,4131,TRANSPRT,PRIVATE_LIMITED,POONA,MAHARASHTRA,2025-07-09 00:00:00,NWSY9894058484946,ACTIVE,,True,True,False,False,False,False
MCH6777,LALL-DATE,5411,GROCERIES,PARTNERSHIP,LKO,UTTAR_PRADESH,2023-12-20 14:05:11,XXXX6676,ACTIVE,1143.87,True,False,False,False,False,False
MCH8152,chaudhari plc,5912,PHARMACY,SOLE_PROPRIETOR,JALANDHAR,PUNJAB,2023-07-24 20:56:00,,ACTIVE,1648.01,True,False,False,False,False,False
MCH2665,"Arora, Bir and Mahal",5311,RETAIL,SOLE_PROPRIETOR,LKO,UTTAR_PRADESH,2024-11-15 20:23:00,3459659161,INACTIVE,2101.74,True,True,False,False,False,False
MCH1384,THAKUR-BEN,4814,TELECOM,INDIVIDUAL,HYDERABAD,TELANGANA,2023-11-04 00:00:00,,ACTIVE,1433.16,True,False,False,False,False,False
MCH4729,parmer-kulkarni,5311,DEPT_STORE,INDIVIDUAL,BANGALORE,KARNATAKA,,,ACTIVE,1384.93,True,False,False,False,True,False
MCH6326,"Barad,MurtyandTella",5942,BOOKS_STATIONERY,PRIVATE_LIMITED,CHENNAI,TAMIL_NADU,2024-06-22 18:08:00,LQXK9607455160094,ACTIVE,,True,True,True,False,False,False
MCH5563,"Dubey, Wali and Yadav",,GARMENTS,SOLE_PROPRIETOR,KOLKATA,WEST_BENGAL,2024-01-28 00:00:00,5163059320,ACTIVE,2198.0,False,True,False,False,False,False
MCH3063,Bansal Inc,04131,TRANSPORT,INDIVIDUAL,JPR,RAJASTHAN,2025-07-02 00:00:00,,INACTIVE,282.67,False,False,False,False,False,False
MCH7974,"Verma, Koshy and Bhardwaj",5411,GROCERY_STORE,INDIVIDUAL,JAIPUR,RAJASTHAN,2023-10-04 00:00:00,7985944544,ACTIVE,460.5,True,True,False,False,False,False
MCH5575,Sandal LLC,5411,KIRANA,PARTNERSHIP,CHENNAI,TAMIL_NADU,2024-02-13 00:00:00,XXXX5528,ACTIVE,5255.72,True,False,False,False,False,False
MCH7433,"Sahota, Desai and Sarma",5999,MISC_RETAIL,INDIVIDUAL,PUNE,MAHARASHTRA,2024-02-24 00:00:00,,ACTIVE,867.14,True,False,False,False,False,False
MCH1454,WableInc,5999,MISC_RETAIL,INDIVIDUAL,LUCKNOW,UTTAR_PRADESH,2025-06-18 00:00:00,7787448001,ACTIVE,2617.0,True,True,False,False,False,False
MCH1331,"Garg, Bobal and Jain",4131,TRAVEL,INDIVIDUAL,CALCUTTA,WEST_BENGAL,2024-06-29 00:00:00,,ACTIVE,3720.61,True,False,False,False,False,False
MCH1168,Sekhon Inc,5411,GROCERY,SOLE_PROPRIETOR,HYD,TELANGANA,2025-07-26 21:06:00,,ACTIVE,6003.0,True,False,False,False,False,False
MCH5283,"Verma, Narasimhan and Balan",,PHARMACIES,INDIVIDUAL,DELHI,DELHI,2026-02-05 00:00:00,,INACTIVE,1266.0,False,False,False,False,False,False
MCH2698,KalaLLC,7011,HOTEL_LODGING,INDIVIDUAL,LUCKNOW,UTTAR_PRADESH,2023-08-19 00:00:00,YXNF3515433387898,INACTIVE,3590.19,True,True,False,False,False,False
MCH6451,Chandran Group,5311,DEPARTMENT_STORE,INDIVIDUAL,JALANDAR,PUNJAB,2025-10-07 00:00:00,5694147499,INACTIVE,165.95,True,True,False,False,False,False
MCH2255,Lal Ltd,5311,DEPARTMENT_STORES,INDIVIDUAL,JPR,RAJASTHAN,2023-05-29 00:00:00,6674150314,ACTIVE,1404.67,True,True,False,False,False,False
MCH7312,Ramakrishnan-Banerjee,5311,RETAIL,SOLE_PROPRIETOR,MUMBAI,MAHARASHTRA,2024-02-24 11:03:00,CCCL8077324997121,ACTIVE,977.96,True,True,False,False,False,False
MCH8549,"Amb1e, Sangha and C0mar",4814,TELECOM,INDIVIDUAL,LUDHIANA,PUNJAB,2026-01-12 00:00:00,XXXX7799,ACTIVE,1130.69,True,False,False,False,False,False
MCH9784,lal ltd,05812,EATING_PLACE,PARTNERSHIP,MADRAS,TAMIL_NADU,2024-12-28 05:21:00,XXXX3001,ACTIVE,1442.84,False,False,False,False,False,False
MCH5395,"Dada, Jani and Kaul",5942,STATIONERY,PARTNERSHIP,MADRAS,TAMIL_NADU,2025-03-06 00:00:00,,ACTIVE,,True,False,True,False,False,False
MCH6067,Chaw1a-Gangu1y,UNKNOWN,HOSPITALITY,SOLE_PROPRIETOR,MUMBAI,MAHARASHTRA,2025-12-03 00:00:00,FNQE1460028710860,INACTIVE,700.95,False,True,False,False,False,False
MCH4786,EDWIN PLC,5699,CLOTHING,INDIVIDUAL,LUDHIANA,PUNJAB,2024-12-15 00:00:00,4903394968,ACTIVE,3435.22,True,True,False,False,False,False
MCH3559,Chokshi Inc,5812,FOOD,PRIVATE_LIMITED,BENGALURU,KARNATAKA,2024-12-23 00:00:00,XXXX5330,SUSPENDED,,True,False,True,False,False,False
MCH3955,"Swamy, Dhingra and Sheth",5311,DEPARTMENT_STORES,INDIVIDUAL,CHENNAI,TAMIL_NADU,2024-11-25 00:00:00,,SUSPENDED,508.0,True,False,False,False,False,False
MCH3558,"Bhattacharyya, Mahal and Setty",4131,TRANSPRT,PARTNERSHIP,JAIPUR,RAJASTHAN,2023-07-28 00:00:00,7325110455,ACTIVE,4448.97,True,True,False,False,False,False
MCH2879,"Pillay, Vora and Karnik",5812,RESTAURANT,INDIVIDUAL,LDH,PUNJAB,2024-05-20 19:55:26,9486638654,ACTIVE,,True,True,False,False,False,False
MCH3340,VARTY-CHOKSHI,5999,MISCELLANEOUS,PARTNERSHIP,CHENNAI,TAMIL_NADU,2023-04-07 03:02:50,,ACTIVE,311.76,True,False,False,False,False,False
MCH6403,"Sahni, Kapur and Ganesh",,CLOTHS,PRIVATE_LIMITED,MADRAS,TAMIL_NADU,2024-05-30 00:00:00,,ACTIVE,344.49,False,False,False,False,False,False
MCH3455,Singhal LLC,05311,DEPARTMENT_STORE,INDIVIDUAL,JALANDAR,PUNJAB,,,ACTIVE,11222.95,False,False,False,False,True,False
MCH8578,Bhatt LLC,4131,TRANSPRT,SOLE_PROPRIETOR,POONA,MAHARASHTRA,2023-08-26 23:42:00,QYMF1422119480722,INACTIVE,2462.04,True,True,False,False,False,False
MCH4277,Chaudhry-Karpe,4131,TRANSPORTATION,PRIVATE_LIMITED,LUDHIANA,PUNJAB,2023-11-09 07:01:01,,ACTIVE,,True,False,True,False,False,False
MCH8716,"Naik, Chada and Divan",5999,OTHER,PRIVATE_LIMITED,LDH,PUNJAB,2023-01-11 00:00:00,EDPS0799008597487,ACTIVE,225.43,True,True,False,False,False,False
MCH9697,Walla Ltd,,TELECOM,INDIVIDUAL,BANGALORE,KARNATAKA,2025-07-21 00:00:00,,ACTIVE,1081.86,False,False,False,False,False,False
MCH1170,"Wali, Bala and Sanghvi",05311,DEPARTMENT_STORE,SOLE_PROPRIETOR,BLR,KARNATAKA,,,INACTIVE,1109.65,False,False,False,False,True,False
MCH8705,"Sahota, Kale and Patil",4131,TRANSPRT,PRIVATE_LIMITED,DELHI,DELHI,2024-11-10 00:00:00,XXXX9019,ACTIVE,1127.21,True,False,False,False,False,False
MCH6875,BUCH LTD,5912,CHEMIST,INDIVIDUAL,LKO,UTTAR_PRADESH,,,ACTIVE,2704.27,True,False,False,False,True,False
MCH5146,Wadhwa-Swamy,05311,DEPARTMENT_STORES,PARTNERSHIP,JALANDHAR,PUNJAB,,,ACTIVE,,False,False,False,False,True,False
MCH7239,Tata-Hayer,7011,HOTEL,INDIVIDUAL,MADRAS,TAMIL_NADU,2025-06-09 00:00:00,MPZF9929757844428,ACTIVE,1929.61,True,True,False,False,False,False
MCH7925,BADAMI GROUP,7011,HOTEL_LODGING,SOLE_PROPRIETOR,HYDERABAD,TELANGANA,2023-07-01 00:00:00,IVGP0940394312057,ACTIVE,,True,True,False,False,False,False
MCH3625,Lall Inc,5699,FASHION,INDIVIDUAL,KOLKATA,WEST_BENGAL,2023-07-16 00:00:00,8363629876,INACTIVE,691.1,True,True,False,False,False,False
MCH6999,srinivasan-agate,5812,EATING_PLACE,PARTNERSHIP,HYD,TELANGANA,2023-02-22 17:51:00,,ACTIVE,1015.19,True,False,False,False,False,False
MCH9868,"Bedi, Konda and Kant",5912,MEDICAL_STORE,INDIVIDUAL,JAIPUR,RAJASTHAN,,XXXX9285,ACTIVE,444.97,True,False,False,False,True,False
MCH5356,"Solanki, Kala and Loke",4814,MOBILE_RECHARGE,PARTNERSHIP,HYDERABAD,TELANGANA,,TUAH3044152488223,ACTIVE,,True,True,True,False,True,False
MCH3953,"Ray, Minhas and Yohannan",5411,GROCERY_STORES,SOLE_PROPRIETOR,KOLKATA,WEST_BENGAL,2023-03-18 00:00:00,XXXX6303,ACTIVE,8126.93,True,False,False,False,False,False
MCH3697,Cherian LLC,7011,HOTEL,INDIVIDUAL,MADRAS,TAMIL_NADU,,,ACTIVE,2525.65,True,False,False,False,True,False
MCH6046,"Palla, Yadav and Bhatnagar",5999,OTHER,INDIVIDUAL,BENGALURU,KARNATAKA,2024-03-27 20:41:48,,ACTIVE,2396.76,True,False,False,False,False,False
MCH7759,"SANKARAN, PATEL AND NARAIN",5699,APPAREL,SOLE_PROPRIETOR,KOLKATA,WEST_BENGAL,2025-10-15 13:32:26,EADV1032511266518,ACTIVE,,True,True,False,False,False,False
MCH5657,Natt-Goel,5999,MISCELLANEOUS,INDIVIDUAL,DILLI,DELHI,,,ACTIVE,1355.0,True,False,False,False,False,False
MCH2432,Parmar-Parmer,4131,TRANSPORTATION,INDIVIDUAL,CALCUTTA,WEST_BENGAL,,,ACTIVE,2557.63,True,False,False,False,False,False
MCH5705,MUKHOPADHYAY AND SONS,5699,APPAREL,SOLE_PROPRIETOR,JALANDHAR,PUNJAB,2025-02-25 00:00:00,,ACTIVE,716.31,True,False,False,False,False,False
MCH1358,"CHAUDRY, BARAL AND MODI",4131,TRANSPORTATION,INDIVIDUAL,LUDHIANA,PUNJAB,,3312553110,ACTIVE,2115.38,True,True,False,False,True,False
MCH7337,NATH-NARAYAN,5699,CLOTHS,INDIVIDUAL,HYD,TELANGANA,2024-07-28 00:00:00,,ACTIVE,3029.85,True,False,False,False,False,False
MCH9319,LadInc,5699,GARMENTS,SOLE_PROPRIETOR,JALANDHAR,PUNJAB,2025-07-20 00:00:00,XXXX7774,ACTIVE,839.54,True,False,False,False,False,False
MCH5354,Khatri-De0,05942,BOOK_STORE,PARTNERSHIP,JALANDAR,PUNJAB,,WCZU4810286661084,ACTIVE,,False,True,False,False,False,False
MCH6329,Srinivas-Banerjee,,MEDICAL_STORE,INDIVIDUAL,KOLKATA,WEST_BENGAL,2024-05-12 00:00:00,XXXX2718,ACTIVE,199.46,False,False,False,False,False,False
MCH3206,Ahuja-Din,5311,RETAIL,SOLE_PROPRIETOR,HYDERABAD,TELANGANA,2026-01-11 13:50:54,XXXX4117,ACTIVE,1244.0,True,False,False,False,False,False
MCH5632,Tandon Ltd,05311,DEPT_STORE,SOLE_PROPRIETOR,BANGALORE,KARNATAKA,2025-05-29 12:56:08,,ACTIVE,270.52,False,False,False,False,False,False
MCH8355,"Virk, Sarna and Sangha",5812,RESTAURANTS,INDIVIDUAL,MUMBAI,MAHARASHTRA,,0702210119,ACTIVE,3279.0,True,True,False,False,True,False
MCH3281,Ranganathan and Sons,5311,RETAIL,PARTNERSHIP,KOLKATA,WEST_BENGAL,2024-03-01 00:00:00,XXXX9655,ACTIVE,,True,False,True,False,False,False
MCH2978,Deshpande LLC,7011,HOSPITALITY,PRIVATE_LIMITED,LUCKNOW,UTTAR_PRADESH,2023-02-01 23:57:31,XXXX0228,ACTIVE,194.6,True,False,False,False,False,False
MCH3399,Rana-Talwar,5912,MEDICAL_STORE,PRIVATE_LIMITED,MUMBAI,MAHARASHTRA,2024-03-30 09:48:22,6585786984,ACTIVE,575.9,True,True,False,False,False,False
MCH7219,Dhawan-Saha,7011,HOTEL_LODGING,INDIVIDUAL,DILLI,DELHI,,HJFW5603026154965,INACTIVE,2354.94,True,True,False,False,True,False
MCH3757,Chokshi PLC,04814,TELECOM,PRIVATE_LIMITED,JAIPUR,RAJASTHAN,2025-10-23 10:04:00,KUIQ2748561079701,ACTIVE,2492.69,False,True,False,False,False,False
MCH1214,Padmanabhan Gr0up,4814,TELECOM,INDIVIDUAL,AMRITSAR,PUNJAB,2025-08-24 00:00:00,,ACTIVE,,True,False,True,False,False,False
MCH2249,Bahri-Nagarajan,7011,HOTEL_LODGING,SOLE_PROPRIETOR,LUDHIANA,PUNJAB,2024-11-17 00:00:00,0364290572,ACTIVE,590.8,True,True,False,False,False,False
MCH9098,Manda and Sons,05812,RESTAURANTS,PARTNERSHIP,BENGALURU,KARNATAKA,2024-03-03 16:14:27,XXXX2826,ACTIVE,870.0,False,False,False,False,False,False
MCH7932,SETHI LTD,4814,TELECOM,PRIVATE_LIMITED,BENGALURU,KARNATAKA,2025-04-20 22:28:00,AUYT1495828220876,ACTIVE,4410.18,True,True,False,False,False,False
MCH1216,"Agarwal, Dave and Vala",7011,HOTELS,SOLE_PROPRIETOR,CHENNAI,TAMIL_NADU,2024-10-18 00:00:00,,ACTIVE,2228.42,True,False,False,False,False,False
MCH3497,"Gokhale, Parmer and Contractor",,TRANSPORT,INDIVIDUAL,JALANDHAR,PUNJAB,2023-11-03 21:39:51,,ACTIVE,,False,False,True,False,False,False
MCH8517,"Bandi, Bir and Buch",5912,CHEMIST,INDIVIDUAL,DILLI,DELHI,2025-05-12 00:00:00,XXXX8958,ACTIVE,2544.34,True,False,False,False,False,False
MCH3567,Kala Ltd,4814,TELECOM,SOLE_PROPRIETOR,AMRITSAR,PUNJAB,2023-05-15 00:00:00,0120134197,ACTIVE,1794.62,True,True,False,False,False,False
MCH6890,Pandit-Narasimhan,7011,HOTEL,PRIVATE_LIMITED,CALCUTTA,WEST_BENGAL,2024-04-21 00:00:00,XXXX8046,INACTIVE,525.87,True,False,False,False,False,False
MCH6632,"Om, Mall and Sandhu",UNKNOWN,BUS_TAXI,PARTNERSHIP,LUCKNOW,UTTAR_PRADESH,2023-07-28 00:00:00,XXXX3092,SUSPENDED,996.13,False,False,False,False,False,False
MCH7269,La11-Raman,4814,TELECOM,PRIVATE_LIMITED,LKO,UTTAR_PRADESH,2023-10-25 09:50:57,4846136502,ACTIVE,1031.92,True,True,False,False,False,False
MCH4180,Dave-Oza,,BOOKS_STATIONERY,SOLE_PROPRIETOR,DELHI,DELHI,2024-01-08 00:00:00,,ACTIVE,394.99,False,False,False,False,False,False
MCH1492,"PANCHAL, BAIL AND NADKARNI",05912,MEDICAL,SOLE_PROPRIETOR,JAIPUR,RAJASTHAN,2024-07-05 00:00:00,,SUSPENDED,6674.02,False,False,False,False,False,False
MCH5210,NATARAJAN LLC,4131,TRANSPRT,PARTNERSHIP,LUCKNOW,UTTAR_PRADESH,2023-08-25 00:00:00,,ACTIVE,2522.68,True,False,False,False,False,False
MCH6115,Padmanabhan-Chahal,MISC,RETAIL,PRIVATE_LIMITED,BOMBAY,MAHARASHTRA,,XXXX5769,INACTIVE,266.65,False,False,False,False,True,False
MCH5950,Dey-Raj,5999,RETAIL_OTHER,SOLE_PROPRIETOR,AMRITSAR,PUNJAB,2025-11-29 00:00:00,0371217445,ACTIVE,,True,True,True,False,False,False
MCH3556,Andra-Nagar,5999,MISC_RETAIL,SOLE_PROPRIETOR,PUNE,MAHARASHTRA,2025-05-04 18:43:19,,ACTIVE,1107.13,True,False,False,False,False,False
MCH4842,Pa11a LLC,5942,STATIONERY,INDIVIDUAL,CALCUTTA,WEST_BENGAL,2024-12-19 00:00:00,XXXX0707,ACTIVE,3127.0,True,False,False,False,False,False
MCH6831,"Kothari, De and Arora",5999,RETAIL_OTHER,INDIVIDUAL,KOLKATA,WEST_BENGAL,2025-11-17 16:43:00,FVLK6104664273261,SUSPENDED,,True,True,False,False,False,False
MCH2922,Chhabra-Jha,5999,RETAIL_OTHER,SOLE_PROPRIETOR,BOMBAY,MAHARASHTRA,2024-10-10 00:00:00,FAIS4263479017973,ACTIVE,,True,True,True,False,False,False
MCH8509,"Majumdar, Deshpande and Solanki",5311,DEPT_STORE,PARTNERSHIP,BLR,KARNATAKA,2024-09-17 00:00:00,XXXX5135,INACTIVE,,True,False,True,False,False,False
MCH3604,"Shetty, Bali and Sama",5411,GROCERIES,PARTNERSHIP,LUDHIANA,PUNJAB,2023-01-04 01:07:44,IQHJ3383226507557,ACTIVE,394.0,True,True,False,False,False,False
MCH9785,Nagarajan PLC,5699,CLOTHS,INDIVIDUAL,MUMBAI,MAHARASHTRA,,,ACTIVE,2709.78,True,False,False,False,True,False
MCH1447,"Dara, Om and Chaudhry",5699,GARMENTS,PRIVATE_LIMITED,BANGALORE,KARNATAKA,2023-04-29 00:00:00,NJHB3866390601882,INACTIVE,373.0,True,True,False,False,False,False
MCH7659,"Pandya, Bakshi and Chaudhary",4131,TRANSPORT,PRIVATE_LIMITED,MADRAS,TAMIL_NADU,2023-04-16 18:19:00,FNTE9764699509957,ACTIVE,1564.19,True,True,False,False,False,False
MCH1600,"warrior, anand and kata",5311,DEPARTMENT_STORE,INDIVIDUAL,CHENNAI,TAMIL_NADU,,DNAN6947992423478,ACTIVE,2937.03,True,True,False,False,True,False
MCH8561,Mahal-Talwar,5912,CHEMIST,INDIVIDUAL,POONA,MAHARASHTRA,2024-11-21 00:00:00,XXXX1106,ACTIVE,892.64,True,False,False,False,False,False
MCH4029,Kuruvilla and Sons,5411,GROCERY_STORES,PRIVATE_LIMITED,PUNE,MAHARASHTRA,,DGMS6783095939908,ACTIVE,55.43,True,True,False,False,False,False
MCH1392,Johal-Gaba,05912,MEDICAL,PRIVATE_LIMITED,PUNE,MAHARASHTRA,2024-02-20 00:00:00,XXXX9354,INACTIVE,4352.7,False,False,False,False,False,False
MCH4985,HAYRE AND SONS,5942,BOOKS,PARTNERSHIP,LUCKNOW,UTTAR_PRADESH,,PXAE0911368692866,ACTIVE,1981.89,True,True,False,False,True,False
MCH8808,"Kothari, Bansal and Gupta",MISC,STATIONERY,INDIVIDUAL,BLR,KARNATAKA,2025-09-19 01:30:00,9868014892,ACTIVE,380.0,False,True,False,False,False,False
MCH7137,Krishna-Palan,4814,TELECOM,PARTNERSHIP,LUDHIANA,PUNJAB,2025-09-29 00:00:00,GJTY8331565779502,ACTIVE,,True,True,False,False,False,False
MCH2813,"Sha, Bhatia and Vig",UNKNOWN,DEPT_STORE,INDIVIDUAL,CHENNAI,TAMIL_NADU,2024-10-24 13:37:28,5399147177,ACTIVE,3821.16,False,True,False,False,False,False
MCH1375,Golla and Sons,5912,MEDICAL,PARTNERSHIP,BENGALURU,KARNATAKA,,,ACTIVE,503.66,True,False,False,False,True,False
MCH2074,D’Alia Inc,05699,FASHION,PARTNERSHIP,JAIPUR,RAJASTHAN,2025-10-22 19:54:55,VRCT7941741947399,ACTIVE,1616.2,False,True,False,False,False,False
MCH1256,Vala Inc,05912,MEDICAL_STORE,SOLE_PROPRIETOR,KOLKATA,WEST_BENGAL,2025-01-17 00:00:00,,SUSPENDED,1415.24,False,False,False,False,False,False
MCH8440,"Chacko, Natarajan and Menon",5999,OTHER,INDIVIDUAL,MUMBAI,MAHARASHTRA,2025-01-19 00:00:00,,ACTIVE,775.41,True,False,False,False,False,False
MCH3060,Deep-Tata,5311,DEPT_STORE,INDIVIDUAL,ASR,PUNJAB,2023-04-17 00:00:00,,ACTIVE,,True,False,True,False,False,False
MCH4025,Hegde-Sule,5311,RETAIL,INDIVIDUAL,HYDERABAD,TELANGANA,,XXXX6804,INACTIVE,1108.29,True,False,False,False,False,False
MCH6970,CHOPRA-LOKE,5311,DEPARTMENT_STORE,PARTNERSHIP,JPR,RAJASTHAN,2025-02-13 00:00:00,,ACTIVE,564.18,True,False,False,False,False,False
MCH2850,Reddy-Kara,4131,BUS_TAXI,PRIVATE_LIMITED,JAIPUR,RAJASTHAN,2024-04-22 00:00:00,XXXX7186,ACTIVE,,True,False,True,False,False,False
MCH5117,"Parikh, Sengupta and Chander",7011,HOTEL,PARTNERSHIP,CHENNAI,TAMIL_NADU,2023-01-26 23:39:00,,SUSPENDED,266.62,True,False,False,False,False,False
MCH6651,"Mahajan, Vig and Balakrishnan",5411,GROCERIES,PARTNERSHIP,DELHI,DELHI,2023-02-17 00:00:00,ZZEW6214809734757,ACTIVE,1407.45,True,True,False,False,False,False
MCH6206,"Johal, Verma and Sane",5812,EATING_PLACE,PRIVATE_LIMITED,JALANDHAR,PUNJAB,2024-04-26 14:53:55,,ACTIVE,,True,False,True,False,False,False
MCH9755,"Mane, Dey and Nagy",7011,HOSPITALITY,INDIVIDUAL,LUCKNOW,UTTAR_PRADESH,,,ACTIVE,2207.77,True,False,False,False,True,False
MCH3401,chana llc,5411,GROCERY_STORES,INDIVIDUAL,CHENNAI,TAMIL_NADU,,XXXX4048,ACTIVE,3703.23,True,False,False,False,False,False
MCH7698,SACHDEV AND SONS,5812,RESTAURANT,SOLE_PROPRIETOR,AMRITSAR,PUNJAB,2023-07-23 00:00:00,,ACTIVE,,True,False,False,False,False,False
MCH2085,Loke Inc,7011,HOTEL_LODGING,INDIVIDUAL,HYDERABAD,TELANGANA,,CQUN5447672400868,SUSPENDED,,True,True,False,False,True,False
MCH1060,"Subramaniam, Rama and Contractor",4131,TRANSPORT,INDIVIDUAL,HYDERABAD,TELANGANA,2024-05-02 09:00:14,FXHY9362967598468,ACTIVE,480.0,True,True,False,False,False,False
MCH7876,"Deshpande, Nagar and Parsa",MISC,TELECOM,INDIVIDUAL,JPR,RAJASTHAN,2024-08-22 00:00:00,,ACTIVE,502.95,False,False,False,False,False,False
MCH9966,"Kara, Chanda and Hayre",4131,TRANSPORTATION,INDIVIDUAL,KOLKATA,WEST_BENGAL,2024-01-16 20:22:00,XXXX6108,ACTIVE,3566.37,True,False,False,False,False,False
MCH2710,"Ramanathan, Bandi and Edwin",5411,GROCERY_STORES,SOLE_PROPRIETOR,NEW_DELHI,DELHI,2024-11-07 00:00:00,9267399474,ACTIVE,5021.08,True,True,False,False,False,False
MCH2723,Purohit-Dani,,FOOD,INDIVIDUAL,ASR,PUNJAB,2024-04-16 04:10:00,XXXX6527,ACTIVE,1384.67,False,False,False,False,False,False
MCH6084,Gera-Patla,UNKNOWN,BUS_TAXI,SOLE_PROPRIETOR,LUCKNOW,UTTAR_PRADESH,2026-01-26 15:06:00,0059005491,ACTIVE,3360.46,False,True,False,False,False,False
MCH1457,Shetty Group,5999,OTHER,INDIVIDUAL,JALANDAR,PUNJAB,,7979475554,ACTIVE,1159.43,True,True,False,False,True,False
MCH7866,Bhattacharyya and Sons,5311,DEPARTMENT_STORES,PARTNERSHIP,DELHI,DELHI,2025-10-31 05:29:00,QKIU3712061004002,ACTIVE,2522.0,True,True,False,False,False,False
MCH9528,Kibe-Memon,5699,APPAREL,SOLE_PROPRIETOR,NEW_DELHI,DELHI,,XXXX9874,ACTIVE,5399.84,True,False,False,False,True,False
MCH3612,Vaidya-Arya,5311,RETAIL,PRIVATE_LIMITED,KOLKATA,WEST_BENGAL,,UOBK5661273202199,ACTIVE,695.7,True,True,False,False,True,False
MCH3971,Sura PLC,7011,HOTEL_LODGING,INDIVIDUAL,DILLI,DELHI,2024-04-17 13:25:57,,ACTIVE,748.82,True,False,False,False,False,False
MCH6025,Rege-Bali,4131,TRANSPORTATION,INDIVIDUAL,BENGALURU,KARNATAKA,2025-04-21 00:00:00,XXXX0320,INACTIVE,2516.42,True,False,False,False,False,False
MCH6507,Kadakia PLC,5812,FOOD_SERVICES,PARTNERSHIP,CHENNAI,TAMIL_NADU,,XXXX3350,ACTIVE,740.55,True,False,False,False,True,False
MCH8031,CHOKSHI LTD,7011,HOTELS,INDIVIDUAL,HYD,TELANGANA,2025-07-26 00:00:00,3288481391,ACTIVE,2110.06,True,True,False,False,False,False
MCH8431,Bala Group,4131,TRANSPORTATION,INDIVIDUAL,LDH,PUNJAB,2025-05-02 00:00:00,XXXX7030,ACTIVE,964.23,True,False,False,False,False,False
MCH9718,Mammen and Sons,5411,KIRANA,SOLE_PROPRIETOR,JALANDAR,PUNJAB,2023-06-20 00:00:00,3331553891,ACTIVE,678.94,True,True,False,False,False,False
MCH3058,Patla-Padmanabhan,5942,BOOKS,INDIVIDUAL,PUNE,MAHARASHTRA,2024-10-18 00:00:00,OBXD4944464643223,ACTIVE,974.77,True,True,False,False,False,False
MCH8327,Men0n Ltd,,MISCELLANEOUS,INDIVIDUAL,BENGALURU,KARNATAKA,2023-06-18 18:05:34,,INACTIVE,1670.04,False,False,False,False,False,False
MCH9038,"Dara, Pai and Saxena",UNKNOWN,GARMENTS,SOLE_PROPRIETOR,LDH,PUNJAB,2024-04-18 00:00:00,0739300438,ACTIVE,2740.86,False,True,False,False,False,False
MCH2412,Nadig Inc,5942,BOOKS_STATIONERY,INDIVIDUAL,HYDERABAD,TELANGANA,2024-12-08 07:03:51,XXXX9581,ACTIVE,144.12,True,False,False,False,False,False
MCH2904,IYENGAR-COMAR,5999,OTHER,PRIVATE_LIMITED,DELHI,DELHI,,XXXX7160,ACTIVE,1147.91,True,False,False,False,True,False
MCH5405,Balan-Sabharwal,5812,FOOD,INDIVIDUAL,BENGALURU,KARNATAKA,2023-04-07 06:56:55,,ACTIVE,2280.95,True,False,False,False,False,False
MCH1625,HandaLLC,5912,MEDICAL_STORE,PRIVATE_LIMITED,LUDHIANA,PUNJAB,2024-07-27 00:00:00,,INACTIVE,4123.17,True,False,False,False,False,False
MCH3926,Master-Sarin,5999,MISC_RETAIL,INDIVIDUAL,HYDERABAD,TELANGANA,,,ACTIVE,1913.5,True,False,False,False,True,False
MCH6979,Nadig Ltd,,CHEMIST,SOLE_PROPRIETOR,CHENNAI,TAMIL_NADU,2023-05-18 00:42:04,SYHI9438066539953,INACTIVE,640.32,False,True,False,False,False,False
MCH1842,Bedi-Vohra,5411,GROCERY_STORE,PRIVATE_LIMITED,LUCKNOW,UTTAR_PRADESH,,XXXX6666,ACTIVE,1241.96,True,False,False,False,False,False
MCH8130,"Kale, Kumer and Chand",,DEPT_STORE,PARTNERSHIP,LUDHIANA,PUNJAB,2026-02-05 04:03:44,GYEV9276514828192,ACTIVE,419.61,False,True,False,False,False,False
MCH1571,"Rao, Viswanathan and Joshi",4131,TRANSPRT,SOLE_PROPRIETOR,CHENNAI,TAMIL_NADU,2023-08-03 04:40:51,,ACTIVE,866.2,True,False,False,False,False,False
MCH9626,Gu1ati-Chhabra,4814,TELECOM,PARTNERSHIP,LUCKNOW,UTTAR_PRADESH,2025-02-21 13:12:50,,ACTIVE,880.0,True,False,False,False,False,False
MCH2099,"tara, date and thakur",4131,TRANSPRT,SOLE_PROPRIETOR,MADRAS,TAMIL_NADU,2023-06-28 00:00:00,BFBY2666613604973,ACTIVE,1054.15,True,True,False,False,False,False
MCH1841,Kadakia-Rao,,HOSPITALITY,SOLE_PROPRIETOR,KOLKATA,WEST_BENGAL,,7706295964,ACTIVE,532.17,False,True,False,False,True,False
MCH7901,BALA GROUP,5812,FOOD,PARTNERSHIP,JAIPUR,RAJASTHAN,2023-03-02 12:07:59,VXJE9106968913579,ACTIVE,,True,True,False,False,False,False
MCH8607,"Wali,ManeandThakur",5699,CLOTHING,INDIVIDUAL,NEW_DELHI,DELHI,2023-10-15 00:00:00,XXXX4911,ACTIVE,2981.0,True,False,False,False,False,False
MCH5570,"Sahni, Bala and Sharma",5999,MISCELLANEOUS,INDIVIDUAL,NEW_DELHI,DELHI,2025-11-28 06:01:37,,SUSPENDED,1506.33,True,False,False,False,False,False
MCH5328,Dhaliwal Inc,5812,EATING_PLACE,PRIVATE_LIMITED,KOLKATA,WEST_BENGAL,2025-04-19 00:00:00,,ACTIVE,375.06,True,False,False,False,False,False
MCH2408,"Kumar, Din and Sule",5999,MISC_RETAIL,SOLE_PROPRIETOR,BENGALURU,KARNATAKA,,,ACTIVE,,True,False,True,False,False,False
MCH9448,"Sant, Manda and Khurana",,GARMENTS,PARTNERSHIP,JALANDHAR,PUNJAB,,XXXX3103,INACTIVE,522.0,False,False,False,False,True,False
MCH9463,Boase and Sons,5942,BOOKS,PRIVATE_LIMITED,ASR,PUNJAB,2025-06-01 16:04:50,8867615299,ACTIVE,835.0,True,True,False,False,False,False
MCH5882,"Barad, Kara and Gokhale",MISC,PHONE_SERVICE,SOLE_PROPRIETOR,CHENNAI,TAMIL_NADU,2024-09-25 00:00:00,8200004171,INACTIVE,626.5,False,True,False,False,False,False
MCH5072,Shroff-Sangha,5999,RETAIL_OTHER,PRIVATE_LIMITED,JAIPUR,RAJASTHAN,2024-12-08 00:00:00,XXXX4443,ACTIVE,3955.29,True,False,False,False,False,False
MCH2817,Keer and Sons,5999,MISC_RETAIL,PRIVATE_LIMITED,LUDHIANA,PUNJAB,2025-05-19 00:00:00,XXXX7166,INACTIVE,2074.28,True,False,False,False,False,False
MCH7403,"Naik, Badami and Raj",5311,DEPARTMENT_STORE,SOLE_PROPRIETOR,POONA,MAHARASHTRA,,,ACTIVE,1191.42,True,False,False,False,False,False
MCH8984,Sharma Group,05812,FOOD,PRIVATE_LIMITED,LUDHIANA,PUNJAB,2023-06-21 00:00:00,,ACTIVE,590.58,False,False,False,False,False,False
MCH8915,Sur Ltd,5812,FOOD_SERVICES,INDIVIDUAL,MUMBAY,MAHARASHTRA,,2079428373,INACTIVE,665.18,True,True,False,False,True,False
MCH6109,Sampath Ltd,4814,TELECOM,INDIVIDUAL,LDH,PUNJAB,2026-01-15 23:34:00,6737069990,ACTIVE,399.08,True,True,False,False,False,False
MCH9193,Shroff Inc,5411,GROCERY_STORES,SOLE_PROPRIETOR,JALANDHAR,PUNJAB,2023-02-10 00:00:00,,ACTIVE,,True,False,True,False,False,False
MCH7548,Kalla LLC,,GROCERY,INDIVIDUAL,BANGALORE,KARNATAKA,2024-05-26 00:00:00,JVRD8475866858020,ACTIVE,3106.71,False,True,False,False,False,False
MCH7196,Kurian-Trivedi,4814,TELECOM,PARTNERSHIP,JAIPUR,RAJASTHAN,2023-06-09 00:00:00,,ACTIVE,1000.33,True,False,False,False,False,False
MCH5182,"kadakia, raman and badal",4131,TRANSPORT,SOLE_PROPRIETOR,ASR,PUNJAB,2023-07-15 00:00:00,5073008487,INACTIVE,932.0,True,True,False,False,False,False
MCH4839,Sura-Mall,MISC,TRANSPORTATION,PRIVATE_LIMITED,LUDHIANA,PUNJAB,2025-12-08 00:00:00,,ACTIVE,682.13,False,False,False,False,False,False
MCH4369,"Gupta,ManeandBhasin",5812,FOOD_SERVICES,INDIVIDUAL,HYDERABAD,TELANGANA,,,ACTIVE,950.76,True,False,False,False,True,False
MCH3333,Dada PLC,5999,MISCELLANEOUS,PRIVATE_LIMITED,MUMBAI,MAHARASHTRA,2024-03-18 00:00:00,,ACTIVE,668.0,True,False,False,False,False,False
MCH9278,Pant PLC,5942,STATIONERY,PARTNERSHIP,BANGALORE,KARNATAKA,2024-06-25 23:31:00,MCZF8391507084286,ACTIVE,822.0,True,True,False,False,False,False
MCH6315,PRABHAKAR-SOMAN,5942,BOOKS,PARTNERSHIP,MUMBAI,MAHARASHTRA,,XXXX3336,SUSPENDED,341.33,True,False,False,False,False,False
MCH7305,Iyer-Nagi,5699,APPAREL,INDIVIDUAL,MUMBAI,MAHARASHTRA,2023-08-23 00:00:00,,ACTIVE,1967.89,True,False,False,False,False,False
MCH6024,THAKKAR-KUNDA,5411,GROCERIES,SOLE_PROPRIETOR,CHENNAI,TAMIL_NADU,2025-05-14 00:00:00,,ACTIVE,,True,False,True,False,False,False
MCH7912,Sarma-Arya,5699,GARMENTS,PRIVATE_LIMITED,LUCKNOW,UTTAR_PRADESH,,ZNNS3870382152945,ACTIVE,1318.64,True,True,False,False,True,False
MCH6660,N0ri Gr0up,4814,TELECOM,SOLE_PROPRIETOR,CHENNAI,TAMIL_NADU,2023-05-26 00:00:00,XXXX4499,ACTIVE,3030.0,True,False,False,False,False,False
MCH8809,"Doshi, Ghose and Amble",5411,GROCERIES,INDIVIDUAL,MUMBAI,MAHARASHTRA,,,ACTIVE,3965.67,True,False,False,False,False,False
MCH7600,Panchal Ltd,05912,CHEMIST,INDIVIDUAL,LUCKNOW,UTTAR_PRADESH,2023-10-13 00:00:00,,ACTIVE,1148.2,False,False,False,False,False,False
MCH5498,"Gera, Narayan and Sankaran",5311,DEPARTMENT_STORE,PARTNERSHIP,CALCUTTA,WEST_BENGAL,,8296349363,ACTIVE,849.49,True,True,False,False,True,False
MCH5923,"Banik, Yogi and Seth",4814,MOBILE_RECHARGE,INDIVIDUAL,DELHI,DELHI,,CKTY3945451387681,INACTIVE,378.2,True,True,False,False,False,False
MCH6450,"Goel, Madan and Gola",5942,BOOKS,INDIVIDUAL,CHENNAI,TAMIL_NADU,2025-10-15 00:00:00,,SUSPENDED,855.0,True,False,False,False,False,False
MCH6822,"Sankar, Deol and Goswami",4814,TELECOM,SOLE_PROPRIETOR,JAIPUR,RAJASTHAN,2025-03-31 00:00:00,XXXX2270,INACTIVE,,True,False,True,False,False,False
MCH5995,Bassi Ltd,5812,EATING_PLACE,PRIVATE_LIMITED,LKO,UTTAR_PRADESH,2024-02-01 00:00:00,XXXX5294,ACTIVE,2631.68,True,False,False,False,False,False
MCH5879,"Sridhar, Sani and Ma11",04814,MOBILE_RECHARGE,INDIVIDUAL,HYD,TELANGANA,2025-12-30 20:57:31,XXXX4907,ACTIVE,,False,False,True,False,False,False
MCH4682,Chaudry LLC,4131,TRANSPORTATION,INDIVIDUAL,HYD,TELANGANA,2024-01-28 10:50:34,,ACTIVE,,True,False,True,False,False,False
MCH1261,"Cheema, Savant and Bakshi",5311,RETAIL,SOLE_PROPRIETOR,LUDHIANA,PUNJAB,2024-06-03 00:00:00,EXGQ1328686965867,INACTIVE,,True,True,False,False,False,False
MCH2964,Bala-Sarkar,4814,PHONE_SERVICE,INDIVIDUAL,JALANDAR,PUNJAB,2025-06-20 00:00:00,4343067882,ACTIVE,1298.45,True,True,False,False,False,False
MCH5362,"kunda, tiwari and nagi",5912,MEDICAL,PRIVATE_LIMITED,JPR,RAJASTHAN,2024-08-09 20:44:38,,INACTIVE,1922.99,True,False,False,False,False,False
MCH5285,"Yadav, Dhawan and Bahri",05311,RETAIL,INDIVIDUAL,BENGALURU,KARNATAKA,,XXXX3759,ACTIVE,220.0,False,False,False,False,True,False
MCH3998,"krish, tak and peri",4814,TELECOM,PARTNERSHIP,LUDHIANA,PUNJAB,2023-08-16 00:00:00,,ACTIVE,1019.25,True,False,False,False,False,False
MCH4926,Shankar Ltd,5812,RESTAURANT,INDIVIDUAL,HYDERABAD,TELANGANA,2024-12-28 03:14:33,6804229881,ACTIVE,,True,True,False,False,False,False
MCH9424,Sur-Bajaj,5311,DEPARTMENT_STORE,SOLE_PROPRIETOR,BLR,KARNATAKA,2025-04-18 00:00:00,XXXX3219,ACTIVE,1902.79,True,False,False,False,False,False
MCH7504,Balay PLC,7011,HOSPITALITY,INDIVIDUAL,CHENNAI,TAMIL_NADU,2025-10-24 10:34:44,1818420938,ACTIVE,1030.01,True,True,False,False,False,False
MCH9769,"Kota, Dara and Sarin",,TRAVEL,PARTNERSHIP,LUDHIANA,PUNJAB,2025-05-22 00:00:00,XXXX8418,ACTIVE,2120.25,False,False,False,False,False,False
MCH2504,Mittal Ltd,5999,RETAIL_OTHER,INDIVIDUAL,PUNE,MAHARASHTRA,2024-12-29 00:00:00,XXXX5857,INACTIVE,1689.96,True,False,False,False,False,False
MCH8484,"Grover, Swamy and Johal",5912,MEDICAL_STORE,PRIVATE_LIMITED,KOLKATA,WEST_BENGAL,2023-08-17 22:00:16,,SUSPENDED,1273.08,True,False,False,False,False,False
MCH3023,Arora LLC,7011,HOSPITALITY,INDIVIDUAL,BENGALURU,KARNATAKA,,,INACTIVE,1722.88,True,False,False,False,True,False
MCH4106,Dey and Sons,5411,KIRANA,PRIVATE_LIMITED,HYDERABAD,TELANGANA,2026-01-31 00:00:00,XXXX0072,ACTIVE,4216.77,True,False,False,False,False,False
MCH6059,Bhargava PLC,7011,HOTELS,PRIVATE_LIMITED,JAIPUR,RAJASTHAN,2025-07-16 00:00:00,XXXX7802,SUSPENDED,333.57,True,False,False,False,False,False
MCH4801,Bhargava-Basak,5311,RETAIL,SOLE_PROPRIETOR,LUCKNOW,UTTAR_PRADESH,2025-11-18 06:19:46,XXXX3111,ACTIVE,2920.36,True,False,False,False,False,False
MCH3418,Parsa-Parikh,5912,CHEMIST,PARTNERSHIP,HYDERABAD,TELANGANA,2024-07-15 00:00:00,CWGO5653761986608,ACTIVE,8725.31,True,True,False,False,False,False
MCH6448,Pal LLC,4814,TELECOM,PARTNERSHIP,MUMBAI,MAHARASHTRA,,XXXX5021,ACTIVE,1680.84,True,False,False,False,True,False
MCH6450,"Goel, Madan and Gola",5942,BOOKS,INDIVIDUAL,CHENNAI,TAMIL_NADU,2025-10-15 00:00:00,,ACTIVE,855.0,True,False,False,False,False,False
MCH6052,nayak-wadhwa,5912,PHARMACY,PRIVATE_LIMITED,JAIPUR,RAJASTHAN,2023-07-12 00:00:00,XXXX8602,ACTIVE,600.38,True,False,False,False,False,False
MCH6923,"kumar, hayre and grover",5942,BOOKS_STATIONERY,PARTNERSHIP,LKO,UTTAR_PRADESH,2024-03-12 00:00:00,RIOW5493044350343,INACTIVE,937.24,True,True,False,False,False,False
MCH1075,Lala PLC,4814,PHONE_SERVICE,INDIVIDUAL,PUNE,MAHARASHTRA,2024-06-01 00:00:00,IPNE1576095102770,SUSPENDED,1162.41,True,True,False,False,False,False
MCH7749,"dhaliwal, chaudhari and lad",4131,TRANSPRT,PRIVATE_LIMITED,LKO,UTTAR_PRADESH,2023-03-28 01:45:50,,ACTIVE,472.27,True,False,False,False,False,False
MCH7607,"vyas, ramakrishnan and narayanan",,BOOKS_STATIONERY,SOLE_PROPRIETOR,AMRITSAR,PUNJAB,2025-01-02 19:37:48,2925658717,ACTIVE,7039.03,False,True,False,False,False,False
MCH7832,More-Cherian,5311,RETAIL,SOLE_PROPRIETOR,AMRITSAR,PUNJAB,2024-12-21 00:00:00,,ACTIVE,1748.94,True,False,False,False,False,False
MCH4864,Date Ltd,5411,GROCERY,PRIVATE_LIMITED,BLR,KARNATAKA,,XXXX6587,ACTIVE,4042.64,True,False,False,False,True,False
MCH1843,Edwin and Sons,05999,MISCELLANEOUS,SOLE_PROPRIETOR,DILLI,DELHI,2024-09-19 00:00:00,,ACTIVE,,False,False,False,False,False,False
MCH2559,"Sastry, Dhar and Kibe",07011,HOTEL,PARTNERSHIP,PUNE,MAHARASHTRA,,0777710681,ACTIVE,1827.84,False,True,False,False,True,False
MCH5927,"Hayer, Palla and Ganesh",5699,GARMENTS,PRIVATE_LIMITED,LUCKNOW,UTTAR_PRADESH,2024-06-16 00:00:00,,ACTIVE,3764.09,True,False,False,False,False,False
MCH6105,upadhyay plc,7011,HOTELS,SOLE_PROPRIETOR,CALCUTTA,WEST_BENGAL,2024-02-07 00:26:26,,ACTIVE,527.81,True,False,False,False,False,False
MCH8782,SWAMY-KHURANA,5699,GARMENTS,SOLE_PROPRIETOR,ASR,PUNJAB,2025-04-29 00:00:00,,ACTIVE,1314.55,True,False,False,False,False,False
MCH7661,Mutti Group,5912,MEDICAL_STORE,SOLE_PROPRIETOR,LUDHIANA,PUNJAB,2023-12-19 19:07:43,,ACTIVE,1349.43,True,False,False,False,False,False
MCH1772,Grover Group,5311,DEPT_STORE,PARTNERSHIP,CALCUTTA,WEST_BENGAL,2023-03-18 13:57:00,0665098924,ACTIVE,1962.32,True,True,False,False,False,False
MCH5793,Hayre and Sons,4131,BUS_TAXI,INDIVIDUAL,AMRITSAR,PUNJAB,2023-10-23 00:00:00,XXXX4734,ACTIVE,2411.65,True,False,False,False,False,False
MCH8019,Chaudhry-Naidu,5942,BOOK_STORE,PRIVATE_LIMITED,JAIPUR,RAJASTHAN,,,ACTIVE,888.78,True,False,False,False,False,False
MCH6707,Chandra Group,4814,MOBILE_RECHARGE,PRIVATE_LIMITED,LDH,PUNJAB,2024-02-10 21:32:02,,ACTIVE,648.63,True,False,False,False,False,False
MCH4743,Ahluwalia-Bansal,,CHEMIST,PRIVATE_LIMITED,LUDHIANA,PUNJAB,2023-08-23 00:00:00,KIYE1462195754397,INACTIVE,486.29,False,True,False,False,False,False
MCH4277,"Lad, Krish and Lad",4131,TRANSPORT,PRIVATE_LIMITED,HYDERABAD,TELANGANA,2024-06-04 00:00:00,,ACTIVE,472.96,True,False,False,False,False,False
MCH6765,Handa PLC,5912,PHARMACY,INDIVIDUAL,KOLKATA,WEST_BENGAL,2023-10-30 00:00:00,,ACTIVE,,True,False,True,False,False,False
MCH4867,"Nath, Taneja and Dey",05812,EATING_PLACE,PARTNERSHIP,BANGALORE,KARNATAKA,,7096325090,ACTIVE,726.56,False,True,False,False,True,False
MCH6819,"ARYA, BASSI AND KAUR",,RETAIL_OTHER,PARTNERSHIP,AMRITSAR,PUNJAB,2025-11-19 00:00:00,,ACTIVE,2433.05,False,False,False,False,False,False
MCH4282,PINGLE LTD,5311,RETAIL,SOLE_PROPRIETOR,ASR,PUNJAB,2023-05-26 08:14:58,,ACTIVE,816.0,True,False,False,False,False,False
MCH5737,"Chaudhary, Raghavan and Brahmbhatt",5912,PHARMACIES,INDIVIDUAL,AMRITSAR,PUNJAB,2026-02-25 00:00:00,,ACTIVE,1419.52,True,False,False,False,False,False
MCH6519,Mane-Madan,05699,CLOTHING,PARTNERSHIP,LUDHIANA,PUNJAB,2024-12-25 00:00:00,,ACTIVE,978.4,False,False,False,False,False,False
MCH2902,"Narang, Varghese and Sur",4131,TRANSPRT,INDIVIDUAL,AMRITSAR,PUNJAB,,,ACTIVE,1675.0,True,False,False,False,True,False
MCH6692,"Mohan, Ravi and Sinha",7011,HOTEL_LODGING,PARTNERSHIP,JALANDHAR,PUNJAB,2023-05-10 00:00:00,UFCM4399349836488,ACTIVE,641.51,True,True,False,False,False,False
MCH8374,"KOHLI, CHAKRABORTY AND WALI",5942,BOOKS,SOLE_PROPRIETOR,LUCKNOW,UTTAR_PRADESH,2025-02-16 16:31:03,,ACTIVE,838.62,True,False,False,False,False,False
MCH2217,"Rai, Bala and Shenoy",5411,GROCERY_STORES,INDIVIDUAL,MUMBAY,MAHARASHTRA,2023-08-15 00:00:00,2506258510,ACTIVE,728.77,True,True,False,False,False,False
MCH4739,Karpe-Doshi,5411,GROCERY_STORES,INDIVIDUAL,LUCKNOW,UTTAR_PRADESH,2023-10-20 00:00:00,DQQT0527144866471,ACTIVE,,True,True,True,False,False,False
MCH1345,Bhat Inc,5311,DEPARTMENT_STORES,PRIVATE_LIMITED,HYD,TELANGANA,2025-01-28 00:00:00,XXXX9759,ACTIVE,1702.79,True,False,False,False,False,False
MCH2493,"Tella, Lata and Tripathi",4814,TELECOM,INDIVIDUAL,JAIPUR,RAJASTHAN,2023-10-28 00:00:00,ROFA2679305641354,ACTIVE,,True,True,True,False,False,False
MCH2471,Das Group,5942,BOOKS_STATIONERY,INDIVIDUAL,JALANDHAR,PUNJAB,2024-05-30 00:00:00,SVRE3169162150744,ACTIVE,3177.16,True,True,False,False,False,False
MCH8854,Kohli-Aurora,4131,BUS_TAXI,PRIVATE_LIMITED,MADRAS,TAMIL_NADU,,XXXX8113,ACTIVE,,True,False,True,False,True,False
MCH5056,subramaniam plc,05411,GROCERY_STORE,PARTNERSHIP,BLR,KARNATAKA,,WHRV5412713701234,SUSPENDED,473.92,False,True,False,False,False,False
MCH3259,Deep and Sons,05912,PHARMACIES,PARTNERSHIP,DELHI,DELHI,,7747336061,ACTIVE,308.57,False,True,False,False,False,False
MCH8225,Bedi-Date,MISC,OTHER,PRIVATE_LIMITED,POONA,MAHARASHTRA,2024-02-28 00:00:00,6820537783,ACTIVE,2289.3,False,True,False,False,False,False
MCH2118,Jani-Subramaniam,5942,STATIONERY,PARTNERSHIP,LUDHIANA,PUNJAB,2024-05-30 00:00:00,TOPO3167206929855,ACTIVE,1546.09,True,True,False,False,False,False
MCH6738,"Jain, Kothari and Subramanian",4814,TELECOM,INDIVIDUAL,DELHI,DELHI,2025-12-06 23:26:23,MCPW5267667383117,INACTIVE,1846.61,True,True,False,False,False,False
MCH7699,chakraborty llc,7011,HOSPITALITY,SOLE_PROPRIETOR,BLR,KARNATAKA,2023-01-29 00:00:00,,ACTIVE,145.86,True,False,False,False,False,False
MCH8299,Garde PLC,5812,FOOD,PARTNERSHIP,JAIPUR,RAJASTHAN,2023-01-06 00:00:00,,ACTIVE,1496.13,True,False,False,False,False,False
MCH8401,Pandey PLC,,HOSPITALITY,PARTNERSHIP,CHENNAI,TAMIL_NADU,,0328253862,INACTIVE,625.0,False,True,False,False,True,False
MCH4102,Pandya-Kapoor,,BOOK_STORE,SOLE_PROPRIETOR,ASR,PUNJAB,,SZIE5520167745590,ACTIVE,1618.63,False,True,False,False,True,False
MCH8730,"Bhasin, Mall and Sarraf",5999,MISC_RETAIL,PRIVATE_LIMITED,JALANDHAR,PUNJAB,2025-02-13 00:00:00,XXXX3406,ACTIVE,937.7,True,False,False,False,False,False
MCH3353,bhardwaj and sons,,CHEMIST,PARTNERSHIP,BENGALURU,KARNATAKA,2023-02-23 13:02:00,,SUSPENDED,4012.28,False,False,False,False,False,False
MCH8755,Guha-Dara,5999,MISCELLANEOUS,SOLE_PROPRIETOR,AMRITSAR,PUNJAB,2023-08-07 00:00:00,,ACTIVE,3411.15,True,False,False,False,False,False
MCH1375,"sahota, johal and shanker",5411,GROCERIES,INDIVIDUAL,JALANDHAR,PUNJAB,2025-03-02 00:00:00,PHOZ2706415438619,SUSPENDED,1836.94,True,True,False,False,False,False
MCH2655,"Brahmbhatt, Desai and Sangha",4814,TELECOM,SOLE_PROPRIETOR,AMRITSAR,PUNJAB,2026-01-04 00:00:00,4532869649,ACTIVE,3102.0,True,True,False,False,False,False
MCH5127,Sankar Group,7011,HOSPITALITY,PARTNERSHIP,NEW_DELHI,DELHI,,3303273399,ACTIVE,2034.47,True,True,False,False,True,False
MCH2676,Desai Ltd,04814,TELECOM,PRIVATE_LIMITED,LUDHIANA,PUNJAB,,,ACTIVE,399.5,False,False,False,False,True,False
MCH9304,Char Ltd,4814,MOBILE_RECHARGE,INDIVIDUAL,BLR,KARNATAKA,,,ACTIVE,531.14,True,False,False,False,True,False
MCH9888,"Majumdar, Sama and Narayanan",,MOBILE_RECHARGE,SOLE_PROPRIETOR,KOLKATA,WEST_BENGAL,2025-08-13 00:00:00,XXXX3073,INACTIVE,444.72,False,False,False,False,False,False
MCH8051,"saxena, kamdar and kannan",5942,BOOK_STORE,PARTNERSHIP,NEW_DELHI,DELHI,2024-10-17 00:00:00,,ACTIVE,598.72,True,False,False,False,False,False
MCH6016,Batta-Roy,5942,BOOK_STORE,PRIVATE_LIMITED,JALANDHAR,PUNJAB,,,ACTIVE,3694.66,True,False,False,False,True,False
MCH5231,Varghese-Rattan,,GROCERY,PARTNERSHIP,DELHI,DELHI,,,ACTIVE,692.04,False,False,False,False,True,False
MCH8453,Manne LLC,5699,GARMENTS,PRIVATE_LIMITED,AMRITSAR,PUNJAB,,,ACTIVE,397.0,True,False,False,False,False,False
MCH3674,Wason and Sons,5812,RESTAURANT,INDIVIDUAL,DELHI,DELHI,2025-07-19 21:11:25,6823891084,ACTIVE,,True,True,True,False,False,False
MCH3662,Dalal-Arora,UNKNOWN,TELECOM,SOLE_PROPRIETOR,KOLKATA,WEST_BENGAL,,,ACTIVE,4799.31,False,False,False,False,True,False
MCH7021,"dewan, banerjee and purohit",7011,HOTELS,SOLE_PROPRIETOR,BANGALORE,KARNATAKA,2024-07-01 00:00:00,XXXX8572,ACTIVE,969.81,True,False,False,False,False,False
MCH7490,datta ltd,5912,PHARMACY,SOLE_PROPRIETOR,CALCUTTA,WEST_BENGAL,2023-11-12 16:38:03,,ACTIVE,1590.69,True,False,False,False,False,False
MCH7430,Pingle-Lata,05311,DEPARTMENT_STORE,INDIVIDUAL,LUCKNOW,UTTAR_PRADESH,2024-09-07 13:29:37,XXXX3604,ACTIVE,2426.91,False,False,False,False,False,False
MCH4477,Edwin Group,5912,CHEMIST,PARTNERSHIP,POONA,MAHARASHTRA,2025-12-19 00:00:00,,ACTIVE,1145.96,True,False,False,False,False,False
MCH8724,"Ganesh, Sarin and Gera",5411,GROCERY_STORE,PARTNERSHIP,NEW_DELHI,DELHI,2024-11-20 00:00:00,8119568584,ACTIVE,639.73,True,True,False,False,False,False
MCH1772,"Thakur, Talwar and Chahal",05912,PHARMACIES,PARTNERSHIP,PUNE,MAHARASHTRA,2025-11-19 01:49:18,XXXX1519,ACTIVE,645.09,False,False,False,False,False,False
MCH1420,"Nath, Setty and Pai",7011,HOTEL,PARTNERSHIP,KOLKATA,WEST_BENGAL,,,INACTIVE,1986.0,True,False,False,False,True,False
MCH3070,"Patel, Sandal and Sinha",4814,TELECOM,INDIVIDUAL,HYDERABAD,TELANGANA,2025-09-18 00:00:00,XXXX6846,ACTIVE,1706.27,True,False,False,False,False,False
MCH3776,"Kapadia, Sathe and Shenoy",5311,DEPT_STORE,PARTNERSHIP,DELHI,DELHI,,2896927884,ACTIVE,1854.99,True,True,False,False,False,False
MCH4233,Parmar and Sons,5912,MEDICAL_STORE,SOLE_PROPRIETOR,BLR,KARNATAKA,2024-07-30 22:30:00,4132683121,INACTIVE,3068.07,True,True,False,False,False,False
MCH3523,"Khare, Radhakrishnan and Gala",5812,FOOD,INDIVIDUAL,JPR,RAJASTHAN,,,ACTIVE,,True,False,True,False,True,False
MCH5712,Goda-Kashyap,5942,BOOKS,PRIVATE_LIMITED,AMRITSAR,PUNJAB,2025-01-12 00:00:00,ILKC7960163227117,ACTIVE,,True,True,False,False,False,False
MCH3070,Agate-Chopra,5411,GROCERY_STORE,SOLE_PROPRIETOR,BOMBAY,MAHARASHTRA,2025-04-29 00:00:00,4174323514,ACTIVE,1355.0,True,True,False,False,False,False
MCH6061,nazareth plc,4131,TRANSPORT,SOLE_PROPRIETOR,POONA,MAHARASHTRA,2025-02-02 12:44:57,,SUSPENDED,1189.87,True,False,False,False,False,False
MCH4233,Padmanabhan and Sons,5999,MISC_RETAIL,SOLE_PROPRIETOR,LUDHIANA,PUNJAB,2025-02-04 00:00:00,4395615588,ACTIVE,1697.48,True,True,False,False,False,False
MCH8197,Virk-Venkataraman,5912,CHEMIST,SOLE_PROPRIETOR,KOLKATA,WEST_BENGAL,,,ACTIVE,964.03,True,False,False,False,True,False
MCH3085,"SARKAR, MEMON AND MAND",,BUS_TAXI,INDIVIDUAL,POONA,MAHARASHTRA,2025-07-16 00:00:00,,ACTIVE,,False,False,True,False,False,False
MCH8756,Warrior Inc,5699,FASHION,PRIVATE_LIMITED,JALANDAR,PUNJAB,,9910438985,ACTIVE,1476.03,True,True,False,False,True,False
MCH1863,Sachar-Gokhale,5942,BOOK_STORE,PRIVATE_LIMITED,HYDERABAD,TELANGANA,2024-03-24 16:08:37,XXXX8775,ACTIVE,760.42,True,False,False,False,False,False
MCH9494,"Wable, Warrior and Parmer",,TELECOM,INDIVIDUAL,PUNE,MAHARASHTRA,2024-05-27 00:00:00,,ACTIVE,455.01,False,False,False,False,False,False
MCH4729,deshpande inc,7011,HOTEL_LODGING,SOLE_PROPRIETOR,MUMBAI,MAHARASHTRA,,XXXX6726,INACTIVE,1506.61,True,False,False,False,False,False
MCH1836,"Nazareth, Bahl and Manda",5411,GROCERY_STORE,PRIVATE_LIMITED,HYDERABAD,TELANGANA,2023-11-15 00:00:00,IUQT6934618863943,ACTIVE,,True,True,False,False,False,False
MCH9918,"Jha, Kumer and Srivastava",5699,CLOTHS,SOLE_PROPRIETOR,BENGALURU,KARNATAKA,2024-01-16 02:34:09,UOAA2292690080709,INACTIVE,902.09,True,True,False,False,False,False
MCH7336,Krishnan and Sons,5812,EATING_PLACE,PARTNERSHIP,JALANDHAR,PUNJAB,2024-09-03 00:09:50,2456383296,ACTIVE,1122.92,True,True,False,False,False,False
MCH9307,"Bajwa, Dhawan and Guha",MISC,EATING_PLACE,SOLE_PROPRIETOR,JALANDAR,PUNJAB,,,ACTIVE,468.19,False,False,False,False,True,False
MCH8233,Patel Ltd,5411,GROCERIES,PARTNERSHIP,JALANDAR,PUNJAB,2024-12-28 17:57:00,,ACTIVE,1942.94,True,False,False,False,False,False
MCH6671,Chandran-Dada,5699,CLOTHING,PARTNERSHIP,AMRITSAR,PUNJAB,,6648722960,ACTIVE,2579.5,True,True,False,False,True,False
MCH9620,prakash group,5411,KIRANA,PARTNERSHIP,LUDHIANA,PUNJAB,2023-02-02 08:54:57,,ACTIVE,2975.01,True,False,False,False,False,False
MCH2769,sehgal plc,4814,TELECOM,PRIVATE_LIMITED,ASR,PUNJAB,2023-09-19 00:00:00,3613137952,ACTIVE,131.0,True,True,False,False,False,False
MCH3618,"Narang, Atwal and Merchant",UNKNOWN,MEDICAL,SOLE_PROPRIETOR,MUMBAI,MAHARASHTRA,2023-07-25 00:00:00,LZII0053942814377,ACTIVE,1728.22,False,True,False,False,False,False
MCH9149,Bandi Inc,5999,OTHER,PARTNERSHIP,JPR,RAJASTHAN,2025-03-15 00:00:00,,ACTIVE,2169.18,True,False,False,False,False,False
MCH2165,Venkataraman-Seshadri,05912,MEDICAL_STORE,SOLE_PROPRIETOR,PUNE,MAHARASHTRA,2024-06-26 00:00:00,,ACTIVE,137.68,False,False,False,False,False,False
MCH1832,Mistry-Chaudhary,05999,OTHER,INDIVIDUAL,HYD,TELANGANA,2024-12-11 00:06:45,,INACTIVE,448.33,False,False,False,False,False,False
MCH1640,Trivedi-Agrawal,5411,KIRANA,PRIVATE_LIMITED,JALANDHAR,PUNJAB,2025-01-25 11:29:34,WQQD1666405545072,ACTIVE,2316.65,True,True,False,False,False,False
MCH7314,Mahajan-B0rde,5999,RETAIL_OTHER,PARTNERSHIP,LUCKNOW,UTTAR_PRADESH,2023-01-05 09:53:50,3772469001,ACTIVE,1003.0,True,True,False,False,False,False
MCH4688,Hora PLC,,CHEMIST,INDIVIDUAL,LUDHIANA,PUNJAB,2024-05-18 00:00:00,XXXX6054,SUSPENDED,1146.0,False,False,False,False,False,False
MCH8612,KURIAN-GODA,5812,EATING_PLACE,SOLE_PROPRIETOR,BOMBAY,MAHARASHTRA,2023-07-18 06:11:37,XXXX5561,ACTIVE,1133.93,True,False,False,False,False,False
MCH7400,Chaudhari Ltd,,OTHER,INDIVIDUAL,DILLI,DELHI,,,SUSPENDED,1040.56,False,False,False,False,True,False
MCH4118,Upadhyay LLC,4131,TRANSPORTATION,PRIVATE_LIMITED,CALCUTTA,WEST_BENGAL,2024-03-16 00:00:00,,ACTIVE,,True,False,False,False,False,False
MCH1197,"Gaba, Wadhwa and Sahni",5411,GROCERY_STORES,PRIVATE_LIMITED,MUMBAI,MAHARASHTRA,,8143796682,ACTIVE,488.96,True,True,False,False,True,False
MCH1718,Wason-Vaidya,5311,RETAIL,PRIVATE_LIMITED,JALANDHAR,PUNJAB,,,ACTIVE,705.66,True,False,False,False,True,False
MCH9800,Dasgupta-Sathe,7011,HOTEL,PARTNERSHIP,LUDHIANA,PUNJAB,2024-06-13 13:22:14,4290574632,ACTIVE,,True,True,False,False,False,False
MCH2198,"Arya, Dalal and Keer",5812,RESTAURANT,PRIVATE_LIMITED,JAIPUR,RAJASTHAN,2023-09-08 16:05:16,,ACTIVE,2776.31,True,False,False,False,False,False
MCH3395,"Boase, Dutt and Sami",5912,PHARMACY,PARTNERSHIP,JAIPUR,RAJASTHAN,2024-07-22 00:00:00,,INACTIVE,619.0,True,False,False,False,False,False
MCH3547,RAMANATHAN-DADA,5812,FOOD,PRIVATE_LIMITED,DILLI,DELHI,2025-02-03 00:00:00,,ACTIVE,5262.6,True,False,False,False,False,False
MCH7837,Wali Group,,MISCELLANEOUS,INDIVIDUAL,KOLKATA,WEST_BENGAL,2023-06-03 00:00:00,,ACTIVE,803.03,False,False,False,False,False,False
MCH3890,Tata-Bal,UNKNOWN,CHEMIST,INDIVIDUAL,POONA,MAHARASHTRA,2026-02-22 00:00:00,,ACTIVE,668.0,False,False,False,False,False,False
MCH7218,Varghese-Arya,07011,HOSPITALITY,PRIVATE_LIMITED,LKO,UTTAR_PRADESH,2025-12-25 00:00:00,VAFX9362941506530,ACTIVE,2725.82,False,True,False,False,False,False
MCH2943,Kh0s1a LLC,5812,RESTAURANT,PRIVATE_LIMITED,MUMBAY,MAHARASHTRA,2024-03-29 00:00:00,XXXX8006,ACTIVE,2741.64,True,False,False,False,False,False
MCH2083,Patla-Basak,5912,MEDICAL_STORE,INDIVIDUAL,CALCUTTA,WEST_BENGAL,,,SUSPENDED,556.93,True,False,False,False,True,False
MCH3361,Sabharwal-Shah,MISC,TRANSPRT,PARTNERSHIP,JALANDHAR,PUNJAB,2024-01-06 00:00:00,KQNB2621280715561,INACTIVE,887.23,False,True,False,False,False,False
MCH1195,Cherian-Rana,4131,TRANSPORT,SOLE_PROPRIETOR,JALANDHAR,PUNJAB,2025-09-09 00:00:00,,ACTIVE,364.17,True,False,False,False,False,False
MCH6131,"Dhar, Dada and Bakshi",,CLOTHS,PARTNERSHIP,BANGALORE,KARNATAKA,2024-03-10 19:58:24,4600930161,ACTIVE,1921.0,False,True,False,False,False,False
MCH9996,Kala-Nadkarni,5699,APPAREL,PRIVATE_LIMITED,DILLI,DELHI,,XXXX7769,ACTIVE,628.11,True,False,False,False,True,False
MCH1164,Goda PLC,4131,TRANSPORT,PARTNERSHIP,LUDHIANA,PUNJAB,2025-10-27 00:00:00,,ACTIVE,953.0,True,False,False,False,False,False
MCH2384,"ATWAL, SAWHNEY AND MAGAR",05999,MISC_RETAIL,SOLE_PROPRIETOR,LUCKNOW,UTTAR_PRADESH,2023-01-20 23:37:00,,ACTIVE,638.0,False,False,False,False,False,False
MCH5186,"Iyer, Sarma and Issac",5311,DEPARTMENT_STORE,PRIVATE_LIMITED,JAIPUR,RAJASTHAN,2023-03-27 20:46:00,WHOY9873117052427,INACTIVE,830.18,True,True,False,False,False,False
MCH1956,Sodhi PLC,5912,PHARMACY,INDIVIDUAL,AMRITSAR,PUNJAB,2025-09-28 15:41:51,TLKU2109519549509,INACTIVE,1459.74,True,True,False,False,False,False
MCH8136,Bora Inc,7011,HOTEL,SOLE_PROPRIETOR,AMRITSAR,PUNJAB,2025-10-27 00:00:00,XXXX8920,INACTIVE,635.0,True,False,False,False,False,False
MCH5366,Bali Ltd,5311,DEPARTMENT_STORE,PRIVATE_LIMITED,LUCKNOW,UTTAR_PRADESH,2024-02-25 00:00:00,XXXX6307,INACTIVE,1551.58,True,False,False,False,False,False
MCH2870,"Loyal, Buch and Ghose",5812,RESTAURANTS,SOLE_PROPRIETOR,DELHI,DELHI,2025-05-27 02:11:43,,ACTIVE,2213.61,True,False,False,False,False,False
MCH5443,LOYAL-NARASIMHAN,7011,HOTELS,INDIVIDUAL,KOLKATA,WEST_BENGAL,2023-09-12 04:07:04,VCRF1570737200411,ACTIVE,1593.65,True,True,False,False,False,False
MCH1929,"Bahri,DaraandSaran",5942,BOOK_STORE,PRIVATE_LIMITED,JPR,RAJASTHAN,2025-12-26 09:06:43,XXXX4676,ACTIVE,,True,False,True,False,False,False
MCH7620,"Vaidya, Deshmukh and Cherian",5942,BOOK_STORE,INDIVIDUAL,PUNE,MAHARASHTRA,2024-10-20 02:51:25,SIIG8824885521026,SUSPENDED,1771.87,True,True,False,False,False,False
MCH7851,"Warrior, Hora and Dayal",4814,PHONE_SERVICE,INDIVIDUAL,JALANDAR,PUNJAB,,6337984791,ACTIVE,,True,True,False,False,True,False
MCH8407,Dey Group,4131,TRANSPORT,INDIVIDUAL,LUCKNOW,UTTAR_PRADESH,2024-07-10 00:00:00,,ACTIVE,2726.27,True,False,False,False,False,False
MCH4104,Sawhney-Suri,4814,TELECOM,INDIVIDUAL,HYD,TELANGANA,2023-12-15 00:00:00,8776394591,INACTIVE,295.0,True,True,False,False,False,False
MCH3907,"Andra, Chakrabarti and Khalsa",5311,DEPARTMENT_STORE,SOLE_PROPRIETOR,MUMBAI,MAHARASHTRA,,OAMS4252276899430,ACTIVE,1320.29,True,True,False,False,False,False
MCH5549,Bahri Ltd,5812,FOOD_SERVICES,PARTNERSHIP,MADRAS,TAMIL_NADU,2023-10-06 00:00:00,XXXX0036,ACTIVE,1045.04,True,False,False,False,False,False
MCH5092,Dubey-Gade,4814,TELECOM,PARTNERSHIP,KOLKATA,WEST_BENGAL,2023-07-01 00:00:00,,ACTIVE,730.73,True,False,False,False,False,False
MCH9492,Sahni-Ravel,5311,DEPT_STORE,INDIVIDUAL,LUCKNOW,UTTAR_PRADESH,2024-03-01 00:00:00,1939900223,ACTIVE,3080.63,True,True,False,False,False,False
MCH4630,MODI AND SONS,5699,GARMENTS,SOLE_PROPRIETOR,JALANDHAR,PUNJAB,2023-03-01 00:00:00,,ACTIVE,333.91,True,False,False,False,False,False
MCH4481,Nagi Inc,5699,CLOTHS,PARTNERSHIP,POONA,MAHARASHTRA,2023-11-28 12:44:00,,ACTIVE,2759.79,True,False,False,False,False,False
MCH6783,"Deep, Pall and Suri",5912,MEDICAL,INDIVIDUAL,LKO,UTTAR_PRADESH,2025-11-28 13:45:00,,ACTIVE,1131.0,True,False,False,False,False,False
MCH7896,Samra LLC,7011,HOSPITALITY,PRIVATE_LIMITED,CALCUTTA,WEST_BENGAL,2023-10-16 00:00:00,SGTY6881761008390,SUSPENDED,2276.65,True,True,False,False,False,False
MCH8600,"KALITA, BAINS AND GANDHI",05812,RESTAURANTS,SOLE_PROPRIETOR,DELHI,DELHI,2024-07-06 00:00:00,RRYJ6587686551997,ACTIVE,855.0,False,True,False,False,False,False
MCH9207,"JANI, MITTAL AND NARASIMHAN",5411,GROCERY,PARTNERSHIP,BENGALURU,KARNATAKA,2025-01-15 11:22:00,XJLY4559421802745,INACTIVE,1049.45,True,True,False,False,False,False
MCH8725,Gala Group,7011,HOTELS,PRIVATE_LIMITED,JPR,RAJASTHAN,2024-08-14 22:49:00,PIMP1040686768002,ACTIVE,7512.0,True,True,False,False,False,False
MCH2623,"Oak, Nadig and Doshi",5411,KIRANA,SOLE_PROPRIETOR,JALANDHAR,PUNJAB,2025-03-18 11:32:41,SGLM9352062021997,ACTIVE,1380.47,True,True,False,False,False,False
MCH3280,"Vohra, Bora and Vasa",5411,GROCERY_STORE,PRIVATE_LIMITED,PUNE,MAHARASHTRA,2023-10-16 16:01:00,,SUSPENDED,412.76,True,False,False,False,False,False
MCH6216,Agarwal Group,5812,FOOD_SERVICES,PRIVATE_LIMITED,AMRITSAR,PUNJAB,2024-03-28 00:00:00,XXXX1409,ACTIVE,1210.0,True,False,False,False,False,False
MCH4809,Viswanathan PLC,7011,HOTEL_LODGING,INDIVIDUAL,KOLKATA,WEST_BENGAL,2023-07-12 14:32:20,,ACTIVE,1713.6,True,False,False,False,False,False
MCH3327,Balay Ltd,5912,MEDICAL,PARTNERSHIP,ASR,PUNJAB,,4132109142,ACTIVE,799.92,True,True,False,False,True,False
MCH1984,"Lala, Wagle and Bal",5699,FASHION,PARTNERSHIP,MADRAS,TAMIL_NADU,,,ACTIVE,5244.88,True,False,False,False,True,False
MCH5944,Jayaraman-Bhattacharyya,4131,BUS_TAXI,PRIVATE_LIMITED,HYD,TELANGANA,,BTLX3994335719192,ACTIVE,545.7,True,True,False,False,True,False
MCH3824,Chand-Sarna,5812,FOOD_SERVICES,SOLE_PROPRIETOR,CALCUTTA,WEST_BENGAL,2025-08-24 00:00:00,,ACTIVE,733.85,True,False,False,False,False,False
MCH8598,Chanda-Parekh,,BOOKS,PARTNERSHIP,LUDHIANA,PUNJAB,,5300981765,ACTIVE,1205.19,False,True,False,False,False,False
MCH2846,"SHA, RAMANATHAN AND KOTA",5411,GROCERY,INDIVIDUAL,JAIPUR,RAJASTHAN,2025-09-30 00:00:00,2763596998,INACTIVE,2995.95,True,True,False,False,False,False
MCH2576,"Shan,SemandPau",05311,DEPARTMENT_STORES,PARTNERSHIP,HYDERABAD,TELANGANA,2023-12-03 00:00:00,3390811191,ACTIVE,472.21,False,True,False,False,False,False
MCH3841,"SANDHU, KHOSLA AND GUHA",5999,MISCELLANEOUS,PARTNERSHIP,BANGALORE,KARNATAKA,2024-09-16 00:00:00,7616513593,INACTIVE,2207.18,True,True,False,False,False,False
MCH3085,mander-mital,7011,HOTEL,PRIVATE_LIMITED,CHENNAI,TAMIL_NADU,2024-08-20 01:44:53,,ACTIVE,3842.0,True,False,False,False,False,False
MCH1952,Madan Inc,5942,BOOKS,PARTNERSHIP,CHENNAI,TAMIL_NADU,2024-06-28 00:00:00,7688662215,INACTIVE,1643.17,True,True,False,False,False,False
MCH4574,Cherian and Sons,5311,DEPARTMENT_STORE,INDIVIDUAL,LUCKNOW,UTTAR_PRADESH,2024-08-31 00:00:00,XXXX0148,ACTIVE,789.16,True,False,False,False,False,False
MCH5841,Nori Group,5912,MEDICAL,SOLE_PROPRIETOR,MUMBAI,MAHARASHTRA,,,ACTIVE,466.44,True,False,False,False,True,False
MCH4530,"BHANDARI, RAMAKRISHNAN AND SRINIVASAN",5812,FOOD_SERVICES,PARTNERSHIP,PUNE,MAHARASHTRA,,8219848716,ACTIVE,669.95,True,True,False,False,True,False
MCH5204,Sibal-Kanda,,BOOKS_STATIONERY,PRIVATE_LIMITED,LUDHIANA,PUNJAB,2025-06-20 00:00:00,3994262713,ACTIVE,,False,True,True,False,False,False
MCH5401,"Sama, Ar0ra and Mem0n",,BOOKS_STATIONERY,PRIVATE_LIMITED,KOLKATA,WEST_BENGAL,2023-07-23 00:00:00,,ACTIVE,,False,False,True,False,False,False
MCH1213,Ray LLC,5912,PHARMACIES,PARTNERSHIP,PUNE,MAHARASHTRA,2024-01-07 18:33:52,1805958295,ACTIVE,1556.0,True,True,False,False,False,False
MCH6206,"Sanghvi, Dugar and Rajagopal",4814,PHONE_SERVICE,INDIVIDUAL,CHENNAI,TAMIL_NADU,2025-03-31 00:00:00,5473942096,ACTIVE,683.76,True,True,False,False,False,False
MCH4043,Sodhi Group,5942,BOOKS_STATIONERY,PARTNERSHIP,LUDHIANA,PUNJAB,,QEIP6568462838668,INACTIVE,,True,True,True,False,False,False
MCH5608,raman-behl,5812,FOOD,INDIVIDUAL,ASR,PUNJAB,,,ACTIVE,251.88,True,False,False,False,True,False
MCH1159,Sabharwal-Gole,4814,TELECOM,PARTNERSHIP,HYD,TELANGANA,,XXXX4659,INACTIVE,790.13,True,False,False,False,False,False
MCH6388,pillai-subramaniam,5699,CLOTHING,SOLE_PROPRIETOR,JALANDAR,PUNJAB,2023-04-28 10:55:00,XXXX3833,INACTIVE,2418.46,True,False,False,False,False,False
MCH8876,Apte and Sons,5812,FOOD,PARTNERSHIP,KOLKATA,WEST_BENGAL,2024-02-03 09:35:16,,ACTIVE,2620.0,True,False,False,False,False,False
MCH3755,Hayer and Sons,5812,FOOD_SERVICES,PRIVATE_LIMITED,POONA,MAHARASHTRA,2025-08-02 17:59:03,1710186455,ACTIVE,1098.64,True,True,False,False,False,False
MCH8598,"Raghavan, Nadig and Karpe",05812,FOOD_SERVICES,SOLE_PROPRIETOR,PUNE,MAHARASHTRA,2024-06-16 14:32:56,XXXX2019,ACTIVE,1385.16,False,False,False,False,False,False
MCH4077,Din LLC,4131,TRANSPRT,SOLE_PROPRIETOR,JAIPUR,RAJASTHAN,2024-09-21 00:00:00,,ACTIVE,640.73,True,False,False,False,False,False
MCH4926,Shankar Ltd,5812,RESTAURANT,INDIVIDUAL,HYDERABAD,TELANGANA,2024-12-28 03:14:33,6804229881,ACTIVE,,True,True,False,False,False,False
MCH2719,"RANGANATHAN, MALL AND AGGARWAL",5812,FOOD_SERVICES,PARTNERSHIP,LUCKNOW,UTTAR_PRADESH,2024-05-24 21:02:58,,ACTIVE,2283.24,True,False,False,False,False,False
MCH1004,Pillai-Mohan,4131,TRAVEL,SOLE_PROPRIETOR,LKO,UTTAR_PRADESH,,3448414449,ACTIVE,342.7,True,True,False,False,True,False
MCH1275,Kata Group,7011,HOTEL_LODGING,PARTNERSHIP,LUCKNOW,UTTAR_PRADESH,,XXXX0284,ACTIVE,252.53,True,False,False,False,True,False
MCH6165,"Luthra, Bala and Khurana",UNKNOWN,HOSPITALITY,INDIVIDUAL,LUCKNOW,UTTAR_PRADESH,2025-01-29 00:00:00,XXXX9557,ACTIVE,1785.07,False,False,False,False,False,False
MCH7432,Agate PLC,5812,RESTAURANT,INDIVIDUAL,MADRAS,TAMIL_NADU,2024-06-11 00:00:00,OKRJ7586561022456,ACTIVE,88.41,True,True,False,False,False,False
MCH9377,"Badal, Mitter and Mitter",5912,MEDICAL,SOLE_PROPRIETOR,LKO,UTTAR_PRADESH,2024-08-22 00:00:00,USJW2353874844902,ACTIVE,,True,True,False,False,False,False
MCH8132,VENKATARAMAN-YADAV,5942,BOOKS,PARTNERSHIP,KOLKATA,WEST_BENGAL,2023-10-30 00:00:00,7864776232,INACTIVE,2105.69,True,True,False,False,False,False
MCH6039,Padmanabhan-Bora,4814,TELECOM,SOLE_PROPRIETOR,LUCKNOW,UTTAR_PRADESH,,,ACTIVE,6727.69,True,False,False,False,False,False
MCH5249,Tak Inc,7011,HOTEL_LODGING,PRIVATE_LIMITED,LUCKNOW,UTTAR_PRADESH,2025-03-10 00:00:00,,ACTIVE,,True,False,True,False,False,False
MCH7876,Yadav-Bansal,5942,STATIONERY,INDIVIDUAL,LUCKNOW,UTTAR_PRADESH,2024-09-22 00:00:00,,ACTIVE,,True,False,True,False,False,False
MCH2592,"mander, goel and soni",,TRANSPORT,INDIVIDUAL,BOMBAY,MAHARASHTRA,2023-04-25 00:01:00,,ACTIVE,1371.19,False,False,False,False,False,False
MCH1725,"Narayanan, Thaker and Sandhu",5999,RETAIL_OTHER,PARTNERSHIP,JPR,RAJASTHAN,2025-02-15 04:37:51,XXXX2721,ACTIVE,385.5,True,False,False,False,False,False
MCH6566,"Kala, Talwar and Keer",05311,DEPARTMENT_STORES,PRIVATE_LIMITED,CHENNAI,TAMIL_NADU,2024-02-15 00:00:00,2935227590,ACTIVE,,False,True,True,False,False,False
MCH7331,Kala-Loyal,5311,RETAIL,SOLE_PROPRIETOR,HYDERABAD,TELANGANA,2024-05-20 00:00:00,6553174901,ACTIVE,,True,True,False,False,False,False
MCH6165,"chandran, dey and dalal",,APPAREL,PRIVATE_LIMITED,DELHI,DELHI,2025-08-29 16:50:00,CFEB4939576870397,ACTIVE,1513.56,False,True,False,False,False,False
MCH8537,Sunder LLC,4131,TRAVEL,PRIVATE_LIMITED,CHENNAI,TAMIL_NADU,2025-09-16 00:00:00,FNGX1491502830694,ACTIVE,1072.34,True,True,False,False,False,False
MCH6218,chad-bhakta,5411,GROCERY,SOLE_PROPRIETOR,MADRAS,TAMIL_NADU,2023-12-23 00:00:00,TDSR2442651102267,ACTIVE,218.0,True,True,False,False,False,False
MCH9543,Khanna-Som,5942,BOOK_STORE,SOLE_PROPRIETOR,BENGALURU,KARNATAKA,2023-11-13 04:04:51,XXXX7044,ACTIVE,1143.19,True,False,False,False,False,False
MCH7050,CHAND AND SONS,5912,PHARMACY,PRIVATE_LIMITED,BENGALURU,KARNATAKA,2025-02-04 15:33:07,XXXX7630,ACTIVE,781.34,True,False,False,False,False,False
MCH6061,"Nadkarni, Tella and Padmanabhan",04131,BUS_TAXI,INDIVIDUAL,CHENNAI,TAMIL_NADU,2024-11-22 00:00:00,9827765407,ACTIVE,,False,True,False,False,False,False
MCH5701,"Lad, Thakkar and Nazareth",4131,BUS_TAXI,PRIVATE_LIMITED,CALCUTTA,WEST_BENGAL,,XXXX7572,ACTIVE,1254.73,True,False,False,False,False,False
MCH4287,"Kuruvilla, Chanda and Sood",4131,TRANSPORT,INDIVIDUAL,JALANDHAR,PUNJAB,2025-04-01 00:00:00,,ACTIVE,1244.04,True,False,False,False,False,False
MCH2525,NARAYAN-MALLICK,5912,MEDICAL_STORE,SOLE_PROPRIETOR,AMRITSAR,PUNJAB,2025-03-17 22:22:00,,ACTIVE,1084.48,True,False,False,False,False,False
MCH5842,"Dutt, Trivedi and Dhingra",05942,STATIONERY,PARTNERSHIP,AMRITSAR,PUNJAB,2024-01-21 11:32:28,XXXX5651,ACTIVE,182.55,False,False,False,False,False,False
MCH5213,Keer-Yadav,07011,HOTEL_LODGING,PRIVATE_LIMITED,JALANDHAR,PUNJAB,,NHOQ3812159504524,ACTIVE,2157.19,False,True,False,False,True,False
MCH9332,Gupta Inc,5912,PHARMACY,PRIVATE_LIMITED,PUNE,MAHARASHTRA,2023-09-24 00:00:00,,ACTIVE,1393.93,True,False,False,False,False,False
MCH6651,"CHOUDHRY, SARMA AND SESHADRI",07011,HOTEL,SOLE_PROPRIETOR,DELHI,DELHI,2024-10-05 13:55:27,SMUJ2866206053187,ACTIVE,2606.0,False,True,False,False,False,False
MCH7521,Boase PLC,4131,BUS_TAXI,SOLE_PROPRIETOR,CALCUTTA,WEST_BENGAL,2026-01-27 00:00:00,WKCL3458708850629,ACTIVE,880.0,True,True,False,False,False,False
MCH6240,"Dutta, Aggarwal and Devan",5812,EATING_PLACE,SOLE_PROPRIETOR,ASR,PUNJAB,2025-09-04 19:02:29,,ACTIVE,905.07,True,False,False,False,False,False
MCH7096,Saxena-Kara,5942,BOOKS,PARTNERSHIP,JAIPUR,RAJASTHAN,2025-01-25 02:10:00,,ACTIVE,1167.73,True,False,False,False,False,False
MCH2851,Minhas Group,5311,DEPARTMENT_STORES,SOLE_PROPRIETOR,HYDERABAD,TELANGANA,2023-01-25 00:00:00,XXXX8636,ACTIVE,1535.83,True,False,False,False,False,False
MCH9546,"Mohan, Tak and Dhingra",5999,RETAIL_OTHER,SOLE_PROPRIETOR,AMRITSAR,PUNJAB,2024-11-20 10:50:24,XXXX5350,ACTIVE,1645.26,True,False,False,False,False,False
MCH3612,Lal Inc,4814,MOBILE_RECHARGE,INDIVIDUAL,POONA,MAHARASHTRA,,XXXX1339,ACTIVE,354.59,True,False,False,False,True,False
MCH7095,SONI-DUBEY,5812,RESTAURANTS,INDIVIDUAL,MUMBAI,MAHARASHTRA,,,ACTIVE,589.1,True,False,False,False,True,False
MCH8889,"Mahal, Edwin and Dasgupta",5699,GARMENTS,SOLE_PROPRIETOR,POONA,MAHARASHTRA,2023-03-26 00:00:00,,SUSPENDED,,True,False,True,False,False,False
MCH4847,Dhillon-Pillay,7011,HOTELS,PRIVATE_LIMITED,LUCKNOW,UTTAR_PRADESH,,5738051147,ACTIVE,2178.15,True,True,False,False,True,False
MCH3237,Gaba Inc,5999,MISCELLANEOUS,SOLE_PROPRIETOR,DELHI,DELHI,,YPVB7296650386869,SUSPENDED,,True,True,False,False,True,False
MCH4319,"CHAUDHRY, RAJAN AND LAD",5812,EATING_PLACE,PRIVATE_LIMITED,JAIPUR,RAJASTHAN,2025-07-13 00:00:00,,SUSPENDED,1128.44,True,False,False,False,False,False
MCH2137,Saran and Sons,5699,CLOTHS,PRIVATE_LIMITED,DELHI,DELHI,,,ACTIVE,2376.86,True,False,False,False,True,False
MCH1109,Sinha-Bumb,4131,BUS_TAXI,PRIVATE_LIMITED,AMRITSAR,PUNJAB,,,ACTIVE,,True,False,True,False,True,False
MCH6939,"Memon, Gole and Pingle",5812,RESTAURANTS,PRIVATE_LIMITED,LUCKNOW,UTTAR_PRADESH,2023-09-13 00:00:00,VYGQ0383354923460,INACTIVE,1508.63,True,True,False,False,False,False
MCH6219,"Morar, Walla and Behl",5912,MEDICAL_STORE,PARTNERSHIP,DELHI,DELHI,2024-06-24 00:00:00,,ACTIVE,4347.57,True,False,False,False,False,False
MCH9624,Brar-Chad,5311,DEPT_STORE,INDIVIDUAL,AMRITSAR,PUNJAB,2025-02-04 00:00:00,XXXX6058,SUSPENDED,2595.66,True,False,False,False,False,False
MCH6299,Pathak-Mukherjee,5999,OTHER,INDIVIDUAL,DILLI,DELHI,,,ACTIVE,256.83,True,False,False,False,True,False
MCH6852,Swamy-Srinivas,4814,TELECOM,PRIVATE_LIMITED,MADRAS,TAMIL_NADU,,SOKG3294393943682,ACTIVE,,True,True,True,False,False,False
MCH7614,WaliLtd,5699,GARMENTS,INDIVIDUAL,MUMBAI,MAHARASHTRA,2023-07-03 00:00:00,BEBD9243619313229,ACTIVE,969.0,True,True,False,False,False,False
MCH2757,Chhabra-Dugar,5699,CLOTHING,SOLE_PROPRIETOR,KOLKATA,WEST_BENGAL,2025-11-16 00:00:00,XXXX2280,ACTIVE,1214.2,True,False,False,False,False,False
MCH4667,Kapur-Gara,5812,FOOD,PRIVATE_LIMITED,DELHI,DELHI,2025-10-30 17:47:05,9822186565,ACTIVE,1043.72,True,True,False,False,False,False
MCH1014,"Raghavan, Barad and Bahl",05812,FOOD,PARTNERSHIP,PUNE,MAHARASHTRA,2024-03-23 00:00:00,PDTL9868386773357,ACTIVE,,False,True,False,False,False,False
MCH8715,"Raju,LokeandVora",05999,RETAIL_OTHER,PARTNERSHIP,HYDERABAD,TELANGANA,2025-09-14 00:00:00,,ACTIVE,1332.26,False,False,False,False,False,False
MCH9964,Dua Inc,4131,TRANSPORTATION,SOLE_PROPRIETOR,MUMBAY,MAHARASHTRA,,,INACTIVE,794.67,True,False,False,False,True,False
MCH9790,Ganesh-La1,5999,OTHER,SOLE_PROPRIETOR,NEW_DELHI,DELHI,,XCKU8726264646953,ACTIVE,914.14,True,True,False,False,True,False
MCH5892,Mangat-Dutta,,STATIONERY,SOLE_PROPRIETOR,JAIPUR,RAJASTHAN,2023-10-08 00:00:00,3873887194,INACTIVE,2243.17,False,True,False,False,False,False
MCH1774,"chawla, luthra and kapur",04814,PHONE_SERVICE,SOLE_PROPRIETOR,AMRITSAR,PUNJAB,2024-08-09 00:00:00,MJXY1754643071882,ACTIVE,691.84,False,True,False,False,False,False
MCH5447,Chhabra-Bajaj,,GROCERY_STORE,SOLE_PROPRIETOR,HYDERABAD,TELANGANA,2025-04-08 02:41:21,3031826064,ACTIVE,363.53,False,True,False,False,False,False
MCH4928,"NARANG, BEDI AND SACHAR",5699,CLOTHS,PRIVATE_LIMITED,JALANDAR,PUNJAB,2025-09-25 00:00:00,,ACTIVE,3146.1,True,False,False,False,False,False
MCH4398,"BOSE, DHAR AND OZA",5812,RESTAURANT,INDIVIDUAL,JALANDHAR,PUNJAB,,VPBZ3389716321736,ACTIVE,580.38,True,True,False,False,True,False
MCH2997,Mohanty Ltd,7011,HOTEL_LODGING,INDIVIDUAL,BENGALURU,KARNATAKA,2024-10-16 00:00:00,AVZS8243524193975,ACTIVE,2948.35,True,True,False,False,False,False
MCH7098,Patla PLC,4131,BUS_TAXI,INDIVIDUAL,JAIPUR,RAJASTHAN,2024-11-14 15:07:19,,ACTIVE,926.0,True,False,False,False,False,False
MCH2435,"BADAL, CHADA AND NARANG",5699,FASHION,PRIVATE_LIMITED,LUDHIANA,PUNJAB,,0219895854,ACTIVE,2576.23,True,True,False,False,False,False
MCH6284,Grewal-Kulkarni,MISC,HOSPITALITY,PRIVATE_LIMITED,CHENNAI,TAMIL_NADU,2025-02-07 00:00:00,,ACTIVE,1068.79,False,False,False,False,False,False
MCH7360,RAJAN-SAHNI,,PHONE_SERVICE,PARTNERSHIP,KOLKATA,WEST_BENGAL,2023-11-05 00:00:00,HKWU3873449938871,INACTIVE,1218.43,False,True,False,False,False,False
MCH7790,Barman-Roy,5942,BOOK_STORE,SOLE_PROPRIETOR,CHENNAI,TAMIL_NADU,2025-05-28 00:00:00,3171421828,ACTIVE,1525.46,True,True,False,False,False,False
MCH1899,Subramaniam-Bedi,,BOOKS_STATIONERY,PRIVATE_LIMITED,LUDHIANA,PUNJAB,2025-09-27 00:00:00,XXXX4698,ACTIVE,,False,False,False,False,False,False
MCH7258,"om, swaminathan and ray",5699,APPAREL,PRIVATE_LIMITED,JAIPUR,RAJASTHAN,2024-07-16 08:10:14,ARZZ7929473227025,INACTIVE,472.89,True,True,False,False,False,False
MCH9180,RamaswamyPLC,5699,CLOTHS,INDIVIDUAL,PUNE,MAHARASHTRA,2025-08-08 00:00:00,,ACTIVE,,True,False,True,False,False,False
MCH3659,TANDON PLC,5411,KIRANA,INDIVIDUAL,LKO,UTTAR_PRADESH,2024-01-30 00:00:00,,SUSPENDED,1421.27,True,False,False,False,False,False
MCH6756,Mangal PLC,5812,RESTAURANTS,INDIVIDUAL,KOLKATA,WEST_BENGAL,2024-12-21 00:00:00,XXXX7752,ACTIVE,689.85,True,False,False,False,False,False
MCH4066,Swaminathan and Sons,5311,DEPT_STORE,PARTNERSHIP,HYDERABAD,TELANGANA,2025-05-24 14:56:00,,ACTIVE,972.63,True,False,False,False,False,False
MCH5972,Parmar-Ramanathan,4814,PHONE_SERVICE,SOLE_PROPRIETOR,MUMBAI,MAHARASHTRA,,,INACTIVE,3048.92,True,False,False,False,False,False
MCH5683,subramanian group,5311,DEPT_STORE,PRIVATE_LIMITED,LKO,UTTAR_PRADESH,2024-10-24 15:26:50,XUFZ9750077803623,ACTIVE,774.44,True,True,False,False,False,False
MCH3199,deshmukh-karnik,5311,DEPARTMENT_STORES,PARTNERSHIP,JAIPUR,RAJASTHAN,2023-08-10 00:00:00,GHWA0359999214011,ACTIVE,2251.19,True,True,False,False,False,False
MCH8369,"Vyas, Dutt and Ganesan",5912,PHARMACIES,INDIVIDUAL,KOLKATA,WEST_BENGAL,2023-09-15 22:56:57,0639952317,ACTIVE,410.34,True,True,False,False,False,False
MCH5135,kapoor ltd,5699,APPAREL,PARTNERSHIP,CHENNAI,TAMIL_NADU,2024-02-25 00:00:00,XXXX2733,ACTIVE,1221.22,True,False,False,False,False,False
MCH1894,Setty-Doshi,05812,RESTAURANT,PARTNERSHIP,BLR,KARNATAKA,2025-08-11 00:00:00,1742153273,ACTIVE,2961.06,False,True,False,False,False,False
MCH2757,Cherian-Parmer,5942,BOOK_STORE,SOLE_PROPRIETOR,CHENNAI,TAMIL_NADU,,9249178567,ACTIVE,1801.26,True,True,False,False,True,False
MCH9744,Walia Inc,5942,STATIONERY,SOLE_PROPRIETOR,BLR,KARNATAKA,2024-06-24 00:00:00,XXXX8765,SUSPENDED,574.28,True,False,False,False,False,False
MCH4325,choudhry llc,07011,HOTELS,PRIVATE_LIMITED,JAIPUR,RAJASTHAN,,,INACTIVE,,False,False,False,False,True,False
MCH9997,"Kalita, Dass and Balay",5999,MISC_RETAIL,INDIVIDUAL,LUDHIANA,PUNJAB,,XXXX2557,ACTIVE,2233.91,True,False,False,False,True,False
MCH3037,Gokhale PLC,5411,GROCERY,PARTNERSHIP,CALCUTTA,WEST_BENGAL,2024-12-13 00:00:00,XXXX1304,SUSPENDED,1146.48,True,False,False,False,False,False
MCH1353,Chada and Sons,4131,BUS_TAXI,PARTNERSHIP,JPR,RAJASTHAN,2023-11-25 07:19:00,,ACTIVE,2641.0,True,False,False,False,False,False
MCH6896,Padmanabhan-Purohit,4814,TELECOM,PRIVATE_LIMITED,CALCUTTA,WEST_BENGAL,,9931095643,ACTIVE,1862.46,True,True,False,False,True,False
MCH1106,"narang, wali and aurora",5411,KIRANA,SOLE_PROPRIETOR,JALANDHAR,PUNJAB,,XKBE4857491773438,ACTIVE,1853.84,True,True,False,False,True,False
MCH2623,ChokshiLtd,4131,BUS_TAXI,PARTNERSHIP,MADRAS,TAMIL_NADU,2023-05-17 00:00:00,,ACTIVE,,True,False,False,False,False,False
MCH7953,Deep Group,5411,GROCERY_STORES,SOLE_PROPRIETOR,MUMBAI,MAHARASHTRA,2025-08-07 00:00:00,4208218333,ACTIVE,1668.75,True,True,False,False,False,False
MCH4248,"Bahl, Prashad and Reddy",5311,DEPARTMENT_STORES,SOLE_PROPRIETOR,LUCKNOW,UTTAR_PRADESH,2025-06-30 00:00:00,,ACTIVE,4921.5,True,False,False,False,False,False
MCH3613,LAD-CHACKO,4814,MOBILE_RECHARGE,PRIVATE_LIMITED,JAIPUR,RAJASTHAN,,XXXX9897,ACTIVE,466.16,True,False,False,False,True,False
MCH2981,"PAREKH, ANAND AND NAGI",4131,TRAVEL,INDIVIDUAL,AMRITSAR,PUNJAB,,4706473579,ACTIVE,2350.58,True,True,False,False,False,False
MCH6188,"Batta, Choudhary and Bhalla",4131,TRANSPRT,PRIVATE_LIMITED,KOLKATA,WEST_BENGAL,,3109651401,ACTIVE,163.0,True,True,False,False,True,False
MCH5110,"anne, nayak and chada",5311,DEPT_STORE,PRIVATE_LIMITED,AMRITSAR,PUNJAB,2023-04-26 00:00:00,6381447674,ACTIVE,478.0,True,True,False,False,False,False
MCH3598,Kapur-Sahni,04814,PHONE_SERVICE,PRIVATE_LIMITED,BANGALORE,KARNATAKA,2024-12-07 15:58:25,0759983753,ACTIVE,7252.05,False,True,False,False,False,False
MCH3255,"Shah, Kala and Sarraf",7011,HOTELS,PRIVATE_LIMITED,JALANDHAR,PUNJAB,,XXXX8773,ACTIVE,807.0,True,False,False,False,True,False
MCH3684,Chahal-Reddy,MISC,GROCERY_STORE,PARTNERSHIP,DELHI,DELHI,,,ACTIVE,629.48,False,False,False,False,False,False
MCH9858,"Memon, Mohanty and Ghosh",4131,TRANSPORT,SOLE_PROPRIETOR,MUMBAI,MAHARASHTRA,2025-12-11 20:43:32,WBRG3053362542372,ACTIVE,911.0,True,True,False,False,False,False
MCH4023,"Dhaliwal, Dugar and Vasa",5942,STATIONERY,PARTNERSHIP,CHENNAI,TAMIL_NADU,2023-01-02 00:00:00,7015726404,ACTIVE,,True,True,True,False,False,False
MCH5017,"Datta, Sinha and Pat1a",7011,HOSPITALITY,SOLE_PROPRIETOR,KOLKATA,WEST_BENGAL,2024-11-25 00:00:00,6167636642,ACTIVE,617.0,True,True,False,False,False,False
MCH9109,"Som, Mittal and Wable",5699,CLOTHING,PARTNERSHIP,ASR,PUNJAB,,XXXX6670,ACTIVE,553.0,True,False,False,False,True,False
MCH2063,Bhavsar Gr0up,4131,TRANSPRT,PRIVATE_LIMITED,MADRAS,TAMIL_NADU,,,ACTIVE,2405.73,True,False,False,False,True,False
MCH7802,Venkatesh LLC,5912,MEDICAL,PARTNERSHIP,LUCKNOW,UTTAR_PRADESH,2024-04-12 13:06:25,5184855438,ACTIVE,1493.43,True,True,False,False,False,False
MCH4022,Varughese-Taneja,5699,APPAREL,INDIVIDUAL,BANGALORE,KARNATAKA,2025-12-12 06:48:08,SVSY3016666927119,SUSPENDED,724.48,True,True,False,False,False,False
MCH3662,"Mand, Walia and Bhalla",5411,GROCERY,PRIVATE_LIMITED,CHENNAI,TAMIL_NADU,,KFML5342009384721,ACTIVE,677.63,True,True,False,False,True,False
MCH6163,Mani Ltd,5942,BOOK_STORE,PARTNERSHIP,HYDERABAD,TELANGANA,2025-10-30 00:00:00,RJUA0543412555773,ACTIVE,2298.3,True,True,False,False,False,False
MCH1438,"Memon, Chaudhuri and Choudhry",5812,RESTAURANTS,SOLE_PROPRIETOR,AMRITSAR,PUNJAB,2024-05-17 00:00:00,,ACTIVE,2393.0,True,False,False,False,False,False
MCH3328,Jha-Chaha1,05311,RETAIL,INDIVIDUAL,KOLKATA,WEST_BENGAL,2023-04-13 00:00:00,VIVF5640000542857,ACTIVE,,False,True,False,False,False,False
MCH7794,Kalita PLC,5912,MEDICAL_STORE,PARTNERSHIP,DELHI,DELHI,,GLZI3360162189324,ACTIVE,622.63,True,True,False,False,True,False
MCH4947,M0han-Sah0ta,04131,TRANSPORT,INDIVIDUAL,MUMBAY,MAHARASHTRA,2025-04-22 00:00:00,QAWO0072726316755,ACTIVE,1906.18,False,True,False,False,False,False
MCH1990,Mitra PLC,7011,HOSPITALITY,PARTNERSHIP,AMRITSAR,PUNJAB,,5026245001,ACTIVE,1251.23,True,True,False,False,True,False
MCH2748,"Banerjee, Wason and Dyal",5812,RESTAURANT,PRIVATE_LIMITED,PUNE,MAHARASHTRA,2023-11-16 23:24:41,XXXX5034,ACTIVE,1037.44,True,False,False,False,False,False
MCH7651,Sur Inc,5912,MEDICAL,SOLE_PROPRIETOR,JALANDHAR,PUNJAB,2025-07-24 13:48:53,VAPP7301302357942,ACTIVE,1138.07,True,True,False,False,False,False
MCH3093,"DUBE, VENKATESH AND JHA",5999,RETAIL_OTHER,PRIVATE_LIMITED,KOLKATA,WEST_BENGAL,2024-10-22 10:22:00,PHHT2563139884519,ACTIVE,1107.0,True,True,False,False,False,False
MCH1494,Joshi-Bala,5311,RETAIL,SOLE_PROPRIETOR,MUMBAI,MAHARASHTRA,2023-12-07 00:00:00,QLRF2864130155210,ACTIVE,997.33,True,True,False,False,False,False
MCH2548,ANNE LLC,05812,RESTAURANT,PARTNERSHIP,KOLKATA,WEST_BENGAL,2024-03-28 00:00:00,,ACTIVE,2367.01,False,False,False,False,False,False
MCH7306,Devi-Narang,4131,TRANSPORTATION,INDIVIDUAL,NEW_DELHI,DELHI,2024-10-20 05:44:44,XXXX6412,ACTIVE,539.76,True,False,False,False,False,False
MCH3983,"Magar, Tara and Gera",5912,MEDICAL,SOLE_PROPRIETOR,AMRITSAR,PUNJAB,2024-12-15 02:44:24,XXXX1963,ACTIVE,511.0,True,False,False,False,False,False
MCH4587,Karnik and Sons,5311,RETAIL,PARTNERSHIP,JAIPUR,RAJASTHAN,,,ACTIVE,2493.1,True,False,False,False,True,False
MCH3555,Chaudhari-Dutta,5311,DEPT_STORE,PARTNERSHIP,CALCUTTA,WEST_BENGAL,2023-03-31 00:00:00,FYRB6292482908836,ACTIVE,712.21,True,True,False,False,False,False
MCH7127,"Thakur, Hayre and Kalla",5912,MEDICAL_STORE,INDIVIDUAL,CHENNAI,TAMIL_NADU,2023-07-15 00:00:00,,ACTIVE,1116.33,True,False,False,False,False,False
MCH8994,Shukla-Manne,,TELECOM,PARTNERSHIP,CALCUTTA,WEST_BENGAL,2025-11-22 15:26:14,AOKV6829664383303,ACTIVE,2951.22,False,True,False,False,False,False
MCH3240,"roy, dash and bobal",5411,GROCERY_STORE,PARTNERSHIP,PUNE,MAHARASHTRA,2023-11-13 00:00:00,CMDO7903517998811,ACTIVE,1077.02,True,True,False,False,False,False
MCH1417,"sekhon, parsa and bandi",4814,TELECOM,SOLE_PROPRIETOR,MUMBAY,MAHARASHTRA,2026-01-26 00:00:00,,ACTIVE,1501.66,True,False,False,False,False,False
MCH4322,Patla PLC,4814,TELECOM,PRIVATE_LIMITED,PUNE,MAHARASHTRA,2025-10-17 00:00:00,XXXX9948,ACTIVE,274.0,True,False,False,False,False,False
MCH1130,"K0thari, Singh and Sura",5311,DEPARTMENT_STORES,SOLE_PROPRIETOR,LDH,PUNJAB,2025-09-20 00:31:00,,ACTIVE,3514.91,True,False,False,False,False,False
MCH5559,Muni-Raval,05411,GROCERIES,PRIVATE_LIMITED,JALANDHAR,PUNJAB,2026-01-21 00:00:00,,ACTIVE,723.26,False,False,False,False,False,False
MCH5695,Divan Inc,5699,CLOTHS,INDIVIDUAL,HYDERABAD,TELANGANA,2025-08-20 19:03:23,6474425874,ACTIVE,,True,True,False,False,False,False
MCH4475,"Ray, Kulkarni and Suresh",5311,DEPT_STORE,PRIVATE_LIMITED,LUDHIANA,PUNJAB,2024-03-03 00:00:00,XXXX5127,ACTIVE,3417.23,True,False,False,False,False,False
MCH8410,Kade LLC,5411,GROCERY_STORES,PARTNERSHIP,LKO,UTTAR_PRADESH,2024-11-08 00:00:00,5959501337,ACTIVE,893.08,True,True,False,False,False,False
MCH5478,"Prashad, Tripathi and Bala",4814,TELECOM,PRIVATE_LIMITED,JPR,RAJASTHAN,2024-06-14 00:00:00,XXXX3083,ACTIVE,3789.33,True,False,False,False,False,False
MCH1616,"Suresh, Borra and Ganesh",4814,TELECOM,INDIVIDUAL,CHENNAI,TAMIL_NADU,2023-11-10 00:00:00,,ACTIVE,2818.0,True,False,False,False,False,False
MCH5237,Deep-Raja,5999,MISC_RETAIL,INDIVIDUAL,BOMBAY,MAHARASHTRA,2025-02-13 16:43:39,XXXX0515,ACTIVE,986.24,True,False,False,False,False,False
MCH1263,Krishnan-Venkataraman,,TELECOM,PARTNERSHIP,KOLKATA,WEST_BENGAL,,,ACTIVE,565.9,False,False,False,False,False,False
MCH4956,Kant-Setty,5411,GROCERY,SOLE_PROPRIETOR,JPR,RAJASTHAN,2025-01-22 00:00:00,DOXB7877644685999,ACTIVE,6450.59,True,True,False,False,False,False
MCH3966,NATH-DIXIT,05411,KIRANA,PARTNERSHIP,PUNE,MAHARASHTRA,2023-08-21 00:00:00,XXXX2614,ACTIVE,1005.47,False,False,False,False,False,False
MCH6331,Wagle-Sinha,5912,MEDICAL_STORE,SOLE_PROPRIETOR,BENGALURU,KARNATAKA,,IOKV1240109633121,ACTIVE,2605.3,True,True,False,False,True,False
MCH7185,agarwal plc,7011,HOTELS,INDIVIDUAL,PUNE,MAHARASHTRA,2025-08-26 00:00:00,,ACTIVE,1255.08,True,False,False,False,False,False
MCH9884,Sidhu Group,7011,HOTEL_LODGING,PARTNERSHIP,CHENNAI,TAMIL_NADU,2023-10-27 00:00:00,PILQ9149941231060,ACTIVE,1570.58,True,True,False,False,False,False
MCH7321,"Krishna, Saraf and Pant",UNKNOWN,MISCELLANEOUS,PARTNERSHIP,KOLKATA,WEST_BENGAL,2024-02-28 10:01:00,,ACTIVE,954.48,False,False,False,False,False,False
MCH6383,Shere-Mander,,BUS_TAXI,PRIVATE_LIMITED,NEW_DELHI,DELHI,2024-05-20 00:00:00,,SUSPENDED,1196.32,False,False,False,False,False,False
MCH8673,Goswami and Sons,05812,RESTAURANTS,PRIVATE_LIMITED,NEW_DELHI,DELHI,2026-02-25 00:00:00,1774013903,ACTIVE,979.86,False,True,False,False,False,False
MCH6919,Mander Ltd,5999,OTHER,PARTNERSHIP,JALANDHAR,PUNJAB,,6597659461,ACTIVE,2549.85,True,True,False,False,True,False
MCH4092,"Badami, Prabhakar and Grover",05942,BOOKS_STATIONERY,INDIVIDUAL,CHENNAI,TAMIL_NADU,2024-10-30 07:51:00,KNKS3499549207785,SUSPENDED,5822.31,False,True,False,False,False,False
MCH3389,Korpal-Hegde,,MEDICAL_STORE,INDIVIDUAL,LDH,PUNJAB,,,ACTIVE,,False,False,True,False,True,False
MCH7323,Koshy-Comar,5311,DEPT_STORE,SOLE_PROPRIETOR,CHENNAI,TAMIL_NADU,2026-02-15 00:00:00,,ACTIVE,973.0,True,False,False,False,False,False
MCH8037,Hans LLC,,HOTELS,SOLE_PROPRIETOR,KOLKATA,WEST_BENGAL,2024-08-09 00:00:00,CEOR0731906884915,ACTIVE,2212.52,False,True,False,False,False,False
MCH6837,Oommen-Thaker,,BOOKS_STATIONERY,INDIVIDUAL,JALANDHAR,PUNJAB,,6324216769,INACTIVE,1750.4,False,True,False,False,True,False
MCH2236,Yohannan-Chada,5311,DEPT_STORE,PRIVATE_LIMITED,KOLKATA,WEST_BENGAL,2023-01-24 08:58:43,3926948531,INACTIVE,5340.64,True,True,False,False,False,False
MCH8212,Taneja Ltd,05311,DEPARTMENT_STORE,PRIVATE_LIMITED,MADRAS,TAMIL_NADU,,,INACTIVE,2159.07,False,False,False,False,True,False
MCH4912,Devi Group,,GROCERY,SOLE_PROPRIETOR,CALCUTTA,WEST_BENGAL,2025-07-07 01:25:23,DTHN1330740328006,ACTIVE,1738.86,False,True,False,False,False,False
MCH6291,"Bal, Divan and Natt",7011,HOSPITALITY,PRIVATE_LIMITED,AMRITSAR,PUNJAB,2023-01-18 00:00:00,9816350407,ACTIVE,908.0,True,True,False,False,False,False
MCH2580,Rajag0pa1an-S0man,5812,EATING_PLACE,PRIVATE_LIMITED,JPR,RAJASTHAN,2023-07-17 00:00:00,XXXX4205,ACTIVE,7864.69,True,False,False,False,False,False
MCH8306,Magar-Gaba,4131,TRANSPORT,PRIVATE_LIMITED,DELHI,DELHI,2025-11-22 00:00:00,,INACTIVE,840.15,True,False,False,False,False,False
MCH9973,"Parsa, Loyal and Pai",4814,PHONE_SERVICE,PARTNERSHIP,LKO,UTTAR_PRADESH,2024-04-19 00:00:00,VRDN2962805644016,ACTIVE,1836.29,True,True,False,False,False,False
MCH6583,"Iyengar, Puri and Tiwari",5311,DEPARTMENT_STORE,PARTNERSHIP,JALANDHAR,PUNJAB,2025-07-20 00:00:00,OTYU4679169024065,INACTIVE,4193.64,True,True,False,False,False,False
MCH1567,Samra PLC,05699,CLOTHING,INDIVIDUAL,MUMBAI,MAHARASHTRA,2023-07-23 05:44:28,XXXX0316,INACTIVE,1417.9,False,False,False,False,False,False
MCH8125,Dar PLC,05311,DEPT_STORE,PARTNERSHIP,LUDHIANA,PUNJAB,2025-09-16 00:00:00,VZMM0683609991755,INACTIVE,176.19,False,True,False,False,False,False
MCH6600,raju inc,7011,HOTEL_LODGING,INDIVIDUAL,BANGALORE,KARNATAKA,2025-04-18 00:00:00,IHUG8298515768880,ACTIVE,484.58,True,True,False,False,False,False
MCH9319,LadInc,5699,GARMENTS,SOLE_PROPRIETOR,JALANDHAR,PUNJAB,2025-07-20 00:00:00,XXXX7774,INACTIVE,839.54,True,False,False,False,False,False
MCH5626,"Borah, Bedi and Khalsa",7011,HOTEL,SOLE_PROPRIETOR,HYDERABAD,TELANGANA,2026-02-25 00:00:00,,SUSPENDED,1422.38,True,False,False,False,False,False
MCH8570,Reddy Ltd,5942,BOOKS_STATIONERY,PARTNERSHIP,HYDERABAD,TELANGANA,2023-03-28 00:00:00,4219980172,ACTIVE,528.1,True,True,False,False,False,False
MCH9693,"Babu, Murty and Rao",5942,STATIONERY,SOLE_PROPRIETOR,PUNE,MAHARASHTRA,2023-07-25 19:48:00,SBLA0467817458024,ACTIVE,1260.07,True,True,False,False,False,False
MCH8744,Prashad LLC,5942,BOOK_STORE,INDIVIDUAL,JALANDAR,PUNJAB,2025-03-31 16:57:30,WWJH8069949347893,ACTIVE,3282.54,True,True,False,False,False,False
MCH6033,"Sama, Basak and Majumdar",5999,OTHER,PRIVATE_LIMITED,HYDERABAD,TELANGANA,2025-03-05 00:00:00,0665928024,ACTIVE,365.0,True,True,False,False,False,False
MCH6989,Raju LLC,5699,CLOTHING,INDIVIDUAL,JPR,RAJASTHAN,2023-11-03 00:00:00,4351608402,INACTIVE,1427.8,True,True,False,False,False,False
MCH7470,Venkatesh Ltd,MISC,GARMENTS,SOLE_PROPRIETOR,LUCKNOW,UTTAR_PRADESH,2025-04-29 13:49:33,DLXM0557851330372,ACTIVE,787.0,False,True,False,False,False,False
MCH7400,"Kunda, Ramachandran and Khurana",5942,BOOKS,PRIVATE_LIMITED,PUNE,MAHARASHTRA,,,INACTIVE,9167.75,True,False,False,False,True,False
MCH6449,Chakraborty-Hans,5812,FOOD_SERVICES,SOLE_PROPRIETOR,HYDERABAD,TELANGANA,2024-03-01 00:00:00,XXXX5646,ACTIVE,1506.6,True,False,False,False,False,False
MCH2081,Swaminathan and Sons,7011,HOTELS,INDIVIDUAL,JALANDAR,PUNJAB,2026-02-24 00:00:00,,ACTIVE,515.0,True,False,False,False,False,False
MCH7256,Arora-Raman,4131,TRANSPRT,SOLE_PROPRIETOR,LUCKNOW,UTTAR_PRADESH,2026-02-14 00:00:00,,ACTIVE,449.65,True,False,False,False,False,False
MCH5112,Agarwa1 Ltd,5311,RETAIL,PRIVATE_LIMITED,CHENNAI,TAMIL_NADU,2026-02-18 00:00:00,,ACTIVE,782.67,True,False,False,False,False,False
MCH3163,Dada-Kalita,05912,CHEMIST,PARTNERSHIP,HYD,TELANGANA,2026-01-16 00:00:00,,ACTIVE,963.91,False,False,False,False,False,False
MCH2589,Dhawan-Thaker,5311,DEPARTMENT_STORE,SOLE_PROPRIETOR,HYDERABAD,TELANGANA,2025-12-01 00:00:00,XXXX8775,INACTIVE,,True,False,True,False,False,False
MCH5959,nigam group,5942,BOOK_STORE,PRIVATE_LIMITED,BOMBAY,MAHARASHTRA,2025-06-14 00:00:00,TOMC3445782175803,INACTIVE,2495.0,True,True,False,False,False,False
MCH6061,nazareth plc,4131,TRANSPORT,SOLE_PROPRIETOR,POONA,MAHARASHTRA,2025-02-02 12:44:57,,ACTIVE,1189.87,True,False,False,False,False,False
MCH4556,Parmar and S0ns,MISC,HOSPITALITY,PRIVATE_LIMITED,JAIPUR,RAJASTHAN,2024-05-16 07:05:47,CXEA6616163600300,ACTIVE,,False,True,True,False,False,False
MCH2899,Sampath-Mannan,5812,EATING_PLACE,INDIVIDUAL,BANGALORE,KARNATAKA,2023-05-27 00:00:00,,ACTIVE,,True,False,True,False,False,False
MCH1465,"Shah, Solanki and Rajagopalan",5699,GARMENTS,INDIVIDUAL,LKO,UTTAR_PRADESH,,XXXX9396,SUSPENDED,725.72,True,False,False,False,True,False
MCH6377,"Sharma, Bedi and Pandya",5812,FOOD,PARTNERSHIP,HYD,TELANGANA,2023-10-03 00:00:00,,SUSPENDED,531.47,True,False,False,False,False,False
MCH7618,MUTTI-MOHAN,5942,BOOKS,INDIVIDUAL,HYD,TELANGANA,2023-03-14 00:00:00,XXXX5035,ACTIVE,664.0,True,False,False,False,False,False
MCH9824,Memon-Mistry,4814,PHONE_SERVICE,PARTNERSHIP,LUDHIANA,PUNJAB,2024-08-16 02:30:46,,SUSPENDED,837.47,True,False,False,False,False,False
MCH1828,Goel PLC,5699,CLOTHING,PRIVATE_LIMITED,CHENNAI,TAMIL_NADU,2025-10-15 00:00:00,XXXX2989,ACTIVE,4227.93,True,False,False,False,False,False
MCH7748,chhabra group,5812,FOOD_SERVICES,INDIVIDUAL,POONA,MAHARASHTRA,2025-12-26 00:00:00,0225226630,ACTIVE,1602.16,True,True,False,False,False,False
MCH8058,SEM-KAPOOR,,RETAIL,PARTNERSHIP,KOLKATA,WEST_BENGAL,,XXXX0797,ACTIVE,8700.14,False,False,False,False,True,False
MCH1199,Chad-Grewal,5812,EATING_PLACE,SOLE_PROPRIETOR,HYD,TELANGANA,2024-11-22 00:00:00,8520358001,ACTIVE,187.18,True,True,False,False,False,False
MCH5767,pandya inc,4814,TELECOM,INDIVIDUAL,JAIPUR,RAJASTHAN,2024-01-09 00:00:00,6172553008,ACTIVE,793.79,True,True,False,False,False,False
MCH8058,"Tripathi, Bhagat and Kala",5999,OTHER,PRIVATE_LIMITED,HYDERABAD,TELANGANA,2024-07-28 00:00:00,,ACTIVE,259.88,True,False,False,False,False,False
MCH3535,"Mammen, Patla and Kala",4131,TRAVEL,SOLE_PROPRIETOR,JAIPUR,RAJASTHAN,2025-08-08 00:00:00,,ACTIVE,1091.98,True,False,False,False,False,False
MCH2910,"Mall, Sankaran and Mittal",4131,BUS_TAXI,PRIVATE_LIMITED,DELHI,DELHI,2025-09-28 00:00:00,XXXX0107,ACTIVE,3631.28,True,False,False,False,False,False
MCH6263,"Bahri, Bajaj and Mander",5942,BOOKS,INDIVIDUAL,MADRAS,TAMIL_NADU,2025-09-10 00:00:00,,INACTIVE,667.85,True,False,False,False,False,False
MCH1270,Tiwari and Sons,5311,DEPARTMENT_STORE,PRIVATE_LIMITED,HYDERABAD,TELANGANA,2023-06-02 14:56:50,,ACTIVE,1107.02,True,False,False,False,False,False
MCH5559,"GANGULY, BAKSHI AND CHOPRA",,CLOTHING,INDIVIDUAL,JALANDHAR,PUNJAB,2023-11-14 13:22:00,,INACTIVE,,False,False,False,False,False,False
MCH1913,"Sandal, Srinivas and Lata",5912,PHARMACY,PARTNERSHIP,LKO,UTTAR_PRADESH,,3453698993,ACTIVE,468.17,True,True,False,False,True,False
MCH3765,Mohanty LLC,5311,DEPARTMENT_STORE,PARTNERSHIP,HYDERABAD,TELANGANA,2023-06-20 05:11:20,0770998127,ACTIVE,1911.75,True,True,False,False,False,False
MCH7639,Guha and Sons,UNKNOWN,CLOTHS,PRIVATE_LIMITED,JALANDHAR,PUNJAB,,CBVL9950272702158,ACTIVE,2082.39,False,True,False,False,True,False
MCH6737,Kohli Inc,5942,BOOKS_STATIONERY,PARTNERSHIP,LUDHIANA,PUNJAB,,7394942754,ACTIVE,675.29,True,True,False,False,True,False
MCH9749,"Vasa, Jha and Babu",7011,HOSPITALITY,SOLE_PROPRIETOR,CHENNAI,TAMIL_NADU,2025-04-08 00:00:00,KYLU7872860441516,ACTIVE,276.87,True,True,False,False,False,False
MCH3803,"Tara, Wali and Sachdev",5942,BOOK_STORE,INDIVIDUAL,LUCKNOW,UTTAR_PRADESH,2025-10-14 23:06:00,,ACTIVE,2461.72,True,False,False,False,False,False
MCH1645,Savant-Singha1,5942,BOOKS,SOLE_PROPRIETOR,MADRAS,TAMIL_NADU,2024-04-19 00:00:00,GUUE6743967074534,ACTIVE,337.0,True,True,False,False,False,False
MCH6441,Bhatia and Sons,7011,HOTEL,PARTNERSHIP,LUCKNOW,UTTAR_PRADESH,2025-12-20 07:37:00,,ACTIVE,995.16,True,False,False,False,False,False
MCH2650,Choudhary Ltd,05942,STATIONERY,INDIVIDUAL,NEW_DELHI,DELHI,2024-09-22 00:00:00,,INACTIVE,1197.2,False,False,False,False,False,False
MCH9883,"K0rpa1, Bera and Sachdeva",4814,PHONE_SERVICE,PARTNERSHIP,BLR,KARNATAKA,,,ACTIVE,1595.57,True,False,False,False,True,False
MCH8663,Khalsa Group,MISC,BOOK_STORE,PARTNERSHIP,JALANDHAR,PUNJAB,,CZSI5545012134696,INACTIVE,338.0,False,True,False,False,True,False
MCH1786,"Ganguly, Mammen and Babu",5411,GROCERIES,SOLE_PROPRIETOR,PUNE,MAHARASHTRA,2025-05-22 00:00:00,YNDF5378176701295,ACTIVE,1212.0,True,True,False,False,False,False
MCH6164,"Bir, Patil and Chahal",,PHARMACY,SOLE_PROPRIETOR,MUMBAY,MAHARASHTRA,,4503250362,ACTIVE,1451.0,False,True,False,False,True,False
MCH3997,Bhatia Inc,04814,PHONE_SERVICE,PARTNERSHIP,CALCUTTA,WEST_BENGAL,2025-01-19 14:57:11,XXXX8184,INACTIVE,,False,False,True,False,False,False
MCH6860,buch plc,5699,APPAREL,PRIVATE_LIMITED,CALCUTTA,WEST_BENGAL,2025-01-09 00:00:00,,ACTIVE,364.0,True,False,False,False,False,False
MCH8900,Nadkarni-Khare,5812,FOOD,INDIVIDUAL,LUCKNOW,UTTAR_PRADESH,2025-06-11 00:00:00,ORVR2313413068698,INACTIVE,1349.0,True,True,False,False,False,False
MCH2981,"RASTOGI, VARMA AND SARRAF",5999,MISC_RETAIL,PARTNERSHIP,LUCKNOW,UTTAR_PRADESH,,XXXX3025,ACTIVE,1266.61,True,False,False,False,True,False
MCH9554,Kale Ltd,4814,TELECOM,PARTNERSHIP,KOLKATA,WEST_BENGAL,,,SUSPENDED,696.0,True,False,False,False,True,False
MCH4383,"Sabharwal, Patla and Nagy",5812,FOOD,INDIVIDUAL,JAIPUR,RAJASTHAN,2024-12-13 00:00:00,,ACTIVE,4027.8,True,False,False,False,False,False
MCH2800,Raja-Naik,5311,DEPARTMENT_STORE,PRIVATE_LIMITED,BANGALORE,KARNATAKA,2024-04-18 00:00:00,9493307388,INACTIVE,1096.85,True,True,False,False,False,False
MCH5921,Saraf-Saraf,7011,HOTEL,INDIVIDUAL,JPR,RAJASTHAN,2025-05-31 15:14:51,XXXX9547,INACTIVE,352.95,True,False,False,False,False,False
MCH3384,GILL-BAKSHI,5999,MISC_RETAIL,PARTNERSHIP,KOLKATA,WEST_BENGAL,2023-06-27 00:00:00,8993037640,ACTIVE,1223.35,True,True,False,False,False,False
MCH6960,DAS-DHAWAN,MISC,FOOD_SERVICES,PARTNERSHIP,JAIPUR,RAJASTHAN,2023-01-22 00:00:00,,ACTIVE,1832.0,False,False,False,False,False,False
MCH3325,Varty-Vig,5912,PHARMACY,PARTNERSHIP,KOLKATA,WEST_BENGAL,2023-10-29 00:00:00,XXXX1753,ACTIVE,4212.0,True,False,False,False,False,False
MCH2575,Rast0gi-Verma,5912,PHARMACY,INDIVIDUAL,PUNE,MAHARASHTRA,2025-04-09 16:48:12,XXXX2986,ACTIVE,549.08,True,False,False,False,False,False
MCH3348,"Chauhan, Chowdhury and Dhillon",5942,STATIONERY,INDIVIDUAL,AMRITSAR,PUNJAB,2023-12-16 00:00:00,MCSB8481417353125,ACTIVE,,True,True,True,False,False,False
MCH8842,"Bala, Pillai and Kala",05999,OTHER,PARTNERSHIP,AMRITSAR,PUNJAB,2023-04-23 00:00:00,XXXX1658,SUSPENDED,,False,False,False,False,False,False
MCH1473,Lata-Khurana,,MEDICAL_STORE,PARTNERSHIP,HYDERABAD,TELANGANA,,,INACTIVE,326.76,False,False,False,False,False,False
MCH9995,ben-krish,,RETAIL,SOLE_PROPRIETOR,PUNE,MAHARASHTRA,,FLBG6350605755281,ACTIVE,2919.94,False,True,False,False,True,False
MCH9398,"Soman, Murthy and Mangat",5411,GROCERY,PARTNERSHIP,BENGALURU,KARNATAKA,2026-02-21 00:00:00,,ACTIVE,5429.9,True,False,False,False,False,False
MCH8505,Kamdar-Ghosh,5942,BOOK_STORE,PRIVATE_LIMITED,JAIPUR,RAJASTHAN,2023-08-02 00:00:00,XXXX4333,ACTIVE,517.98,True,False,False,False,False,False
MCH3780,HEGDE GROUP,5311,DEPT_STORE,PRIVATE_LIMITED,LUCKNOW,UTTAR_PRADESH,2026-02-27 20:38:00,XXXX3079,SUSPENDED,315.62,True,False,False,False,False,False
MCH5762,Hayre and Sons,5942,BOOKS_STATIONERY,SOLE_PROPRIETOR,CALCUTTA,WEST_BENGAL,2024-01-05 06:19:29,XXXX2767,ACTIVE,823.98,True,False,False,False,False,False
MCH6200,"Sen, Walla and Bath",5999,RETAIL_OTHER,PRIVATE_LIMITED,DELHI,DELHI,2024-01-29 20:38:00,,ACTIVE,,True,False,False,False,False,False
MCH7108,Krishnan Group,5411,GROCERY_STORES,SOLE_PROPRIETOR,DELHI,DELHI,2023-05-14 00:00:00,,ACTIVE,567.27,True,False,False,False,False,False
MCH6035,radhakrishnan-chad,5812,EATING_PLACE,PARTNERSHIP,NEW_DELHI,DELHI,2026-01-25 00:00:00,,ACTIVE,706.81,True,False,False,False,False,False
MCH4693,Dhingra-Bava,7011,HOTELS,PRIVATE_LIMITED,MUMBAI,MAHARASHTRA,2024-12-28 01:09:00,,ACTIVE,3445.16,True,False,False,False,False,False
MCH9456,"Rajagopalan, Luthra and Singh",,RETAIL_OTHER,INDIVIDUAL,DILLI,DELHI,2025-09-22 04:16:00,XXXX4617,ACTIVE,,False,False,False,False,False,False
MCH8928,Deo PLC,4131,TRANSPORT,PARTNERSHIP,CHENNAI,TAMIL_NADU,2024-10-18 05:30:00,XXXX5889,ACTIVE,1547.93,True,False,False,False,False,False
MCH2205,Mannan and Sons,5999,MISCELLANEOUS,SOLE_PROPRIETOR,LUDHIANA,PUNJAB,2023-07-23 00:00:00,XXXX7174,INACTIVE,490.97,True,False,False,False,False,False
MCH4033,Kota PLC,5699,FASHION,INDIVIDUAL,LUDHIANA,PUNJAB,2025-02-23 00:33:29,5691989399,ACTIVE,,True,True,True,False,False,False
MCH3154,Bhardwaj Ltd,4131,TRANSPORT,INDIVIDUAL,BOMBAY,MAHARASHTRA,2024-10-28 07:15:31,XXXX9089,INACTIVE,633.37,True,False,False,False,False,False
MCH3548,"Bhakta, Dhaliwal and Comar",4814,PHONE_SERVICE,INDIVIDUAL,JPR,RAJASTHAN,,VZDR7391504338268,ACTIVE,1931.09,True,True,False,False,False,False
MCH6354,"Gulati, Khosla and Peri",5812,RESTAURANTS,PARTNERSHIP,LUCKNOW,UTTAR_PRADESH,2025-08-14 00:00:00,,ACTIVE,122.8,True,False,False,False,False,False
MCH3611,"ratti, sunder and kapoor",4131,TRAVEL,PRIVATE_LIMITED,BLR,KARNATAKA,,XXXX2260,ACTIVE,787.19,True,False,False,False,False,False
MCH3886,Gandhi Inc,5812,EATING_PLACE,SOLE_PROPRIETOR,KOLKATA,WEST_BENGAL,2025-12-18 00:00:00,XXXX0009,ACTIVE,,True,False,True,False,False,False
MCH8272,Bava and Sons,,DEPT_STORE,SOLE_PROPRIETOR,BANGALORE,KARNATAKA,,1994793915,ACTIVE,,False,True,True,False,True,False
MCH4382,"Bahl, Ratta and Mann",05912,MEDICAL_STORE,INDIVIDUAL,MUMBAI,MAHARASHTRA,2023-07-18 20:54:40,,ACTIVE,1094.0,False,False,False,False,False,False
MCH2357,SHAN LTD,5999,RETAIL_OTHER,INDIVIDUAL,JALANDHAR,PUNJAB,2025-06-16 00:00:00,XXXX8144,ACTIVE,945.26,True,False,False,False,False,False
MCH1148,Deep-Manda,4131,BUS_TAXI,INDIVIDUAL,ASR,PUNJAB,2025-06-15 00:35:23,,ACTIVE,3461.0,True,False,False,False,False,False
MCH4026,NAGY LTD,5812,RESTAURANT,PRIVATE_LIMITED,CALCUTTA,WEST_BENGAL,,,ACTIVE,1027.0,True,False,False,False,False,False
MCH1522,Mody Inc,5912,PHARMACY,SOLE_PROPRIETOR,JAIPUR,RAJASTHAN,2024-08-04 00:00:00,,ACTIVE,631.57,True,False,False,False,False,False
MCH6144,Ravi-Dhingra,5912,CHEMIST,PRIVATE_LIMITED,HYDERABAD,TELANGANA,2023-04-28 00:00:00,,ACTIVE,2686.0,True,False,False,False,False,False
MCH6062,Kata PLC,5699,CLOTHING,SOLE_PROPRIETOR,MUMBAI,MAHARASHTRA,2025-09-10 00:00:00,3065314778,ACTIVE,9045.0,True,True,False,False,False,False
MCH6084,"Jaggi, Ganguly and Mall",5699,CLOTHS,PRIVATE_LIMITED,LUDHIANA,PUNJAB,2023-08-30 00:27:10,,ACTIVE,1089.53,True,False,False,False,False,False
MCH8929,Suri-Toor,,MISCELLANEOUS,INDIVIDUAL,HYDERABAD,TELANGANA,,,ACTIVE,447.0,False,False,False,False,False,False
MCH9506,"SAVANT, BAINS AND BALI",5912,MEDICAL,PARTNERSHIP,POONA,MAHARASHTRA,,XXXX0299,ACTIVE,353.01,True,False,False,False,True,False
MCH7605,Beh1-D’A1ia,5311,RETAIL,PARTNERSHIP,CHENNAI,TAMIL_NADU,,,ACTIVE,6345.68,True,False,False,False,True,False
MCH6594,Varkey-Bhatti,5411,GROCERY_STORE,PARTNERSHIP,POONA,MAHARASHTRA,2025-01-24 23:13:22,7425361686,ACTIVE,1271.0,True,True,False,False,False,False
MCH1154,"oommen, tata and randhawa",,HOTEL,PARTNERSHIP,KOLKATA,WEST_BENGAL,2025-04-18 00:00:00,RBFJ6015227406897,ACTIVE,655.3,False,True,False,False,False,False
MCH6013,Date Ltd,5699,APPAREL,INDIVIDUAL,MUMBAI,MAHARASHTRA,2025-11-12 09:48:09,9831248184,INACTIVE,138.89,True,True,False,False,False,False
MCH3122,Lala-Chaudhari,4814,PHONE_SERVICE,SOLE_PROPRIETOR,LDH,PUNJAB,,XXXX8953,ACTIVE,380.73,True,False,False,False,True,False
MCH8297,Natarajan-Gill,4814,MOBILE_RECHARGE,INDIVIDUAL,LKO,UTTAR_PRADESH,2024-05-14 00:00:00,BYTE1111357515501,ACTIVE,558.71,True,True,False,False,False,False
MCH3388,"Chaudhary, Patel and Bhatti",7011,HOTEL,PARTNERSHIP,DILLI,DELHI,2026-02-10 03:56:14,,INACTIVE,2198.14,True,False,False,False,False,False
MCH6155,Kari-Basu,5699,CLOTHS,SOLE_PROPRIETOR,HYDERABAD,TELANGANA,2023-06-20 00:00:00,,ACTIVE,,True,False,True,False,False,False
MCH6033,"Sama, Basak and Majumdar",5999,OTHER,PRIVATE_LIMITED,HYDERABAD,TELANGANA,2025-03-05 00:00:00,0665928024,ACTIVE,365.0,True,True,False,False,False,False
MCH2382,Parsa-Mandal,4814,TELECOM,INDIVIDUAL,JALANDHAR,PUNJAB,2026-01-30 05:50:43,,SUSPENDED,16892.62,True,False,False,False,False,False
MCH9975,Nadkarni-Sane,5999,MISC_RETAIL,SOLE_PROPRIETOR,NEW_DELHI,DELHI,2025-08-02 00:00:00,XXXX7415,ACTIVE,4465.19,True,False,False,False,False,False
MCH5316,Madan Ltd,5311,DEPARTMENT_STORES,INDIVIDUAL,KOLKATA,WEST_BENGAL,2023-05-11 17:42:55,,ACTIVE,706.61,True,False,False,False,False,False
MCH5881,"Bandi, Krishnamurthy and Saran",5411,GROCERY_STORES,PARTNERSHIP,AMRITSAR,PUNJAB,2025-12-13 00:00:00,XXXX6576,ACTIVE,345.76,True,False,False,False,False,False
MCH3594,Khalsa Inc,5999,MISC_RETAIL,PARTNERSHIP,CHENNAI,TAMIL_NADU,,7162144056,ACTIVE,381.0,True,True,False,False,False,False
MCH4583,Krish-Dar,5812,FOOD,SOLE_PROPRIETOR,MUMBAI,MAHARASHTRA,2025-11-23 00:00:00,5472564311,ACTIVE,4726.0,True,True,False,False,False,False
MCH6165,Sibal-Bora,7011,HOTEL_LODGING,SOLE_PROPRIETOR,JPR,RAJASTHAN,2024-06-17 04:49:02,XXXX5672,ACTIVE,,True,False,True,False,False,False
MCH3292,Murthy PLC,5942,STATIONERY,INDIVIDUAL,CHENNAI,TAMIL_NADU,2023-06-21 00:00:00,XXXX2688,INACTIVE,2151.78,True,False,False,False,False,False
MCH4417,Nair-Bhavsar,5942,BOOKS,PRIVATE_LIMITED,JALANDHAR,PUNJAB,2024-10-26 00:00:00,XXXX2826,ACTIVE,291.65,True,False,False,False,False,False
MCH5375,"Zacharia, Krishnamurthy and Talwar",5699,CLOTHS,INDIVIDUAL,PUNE,MAHARASHTRA,2023-02-04 11:37:21,6686840480,ACTIVE,,True,True,True,False,False,False
MCH8896,Yadav-Padmanabhan,4131,TRANSPORTATION,PRIVATE_LIMITED,HYDERABAD,TELANGANA,2024-02-05 00:00:00,XXXX8367,ACTIVE,1243.9,True,False,False,False,False,False
MCH7835,"DUGAR, DHAWAN AND DE",7011,HOSPITALITY,PRIVATE_LIMITED,LUCKNOW,UTTAR_PRADESH,2023-12-26 12:25:00,,SUSPENDED,1744.59,True,False,False,False,False,False
MCH8334,"Rai,BandiandJayaraman",,TRANSPORT,PARTNERSHIP,KOLKATA,WEST_BENGAL,2024-08-17 14:07:20,MJDT6229880746794,ACTIVE,3117.64,False,True,False,False,False,False
MCH3758,Dube Ltd,5999,MISC_RETAIL,SOLE_PROPRIETOR,DELHI,DELHI,2023-09-10 22:18:52,7052831071,ACTIVE,1607.42,True,True,False,False,False,False
MCH9406,Randhawa and Sons,,RESTAURANTS,INDIVIDUAL,LUCKNOW,UTTAR_PRADESH,2025-08-11 00:00:00,XXXX6795,ACTIVE,2159.94,False,False,False,False,False,False
MCH8412,Sachdeva-Mutti,5311,DEPARTMENT_STORE,PRIVATE_LIMITED,BENGALURU,KARNATAKA,2023-03-01 00:00:00,,ACTIVE,2327.41,True,False,False,False,False,False
MCH7582,Gola Ltd,4131,TRANSPRT,INDIVIDUAL,KOLKATA,WEST_BENGAL,2024-07-31 16:49:00,,ACTIVE,1056.25,True,False,False,False,False,False
MCH4815,"KARAN, BHATTACHARYYA AND SARAN",5912,PHARMACY,PRIVATE_LIMITED,KOLKATA,WEST_BENGAL,2025-04-10 08:18:32,4505912973,ACTIVE,1152.86,True,True,False,False,False,False
MCH4875,"Sangha, Sodhi and Banik",5999,RETAIL_OTHER,SOLE_PROPRIETOR,CALCUTTA,WEST_BENGAL,,,INACTIVE,303.18,True,False,False,False,True,False
MCH3184,"Sane, Dhawan and Prabhakar",4814,TELECOM,INDIVIDUAL,MUMBAI,MAHARASHTRA,,,ACTIVE,1192.54,True,False,False,False,True,False
MCH4930,Dasgupta-Dua,,FOOD,PARTNERSHIP,JAIPUR,RAJASTHAN,2025-06-25 14:06:00,,ACTIVE,,False,False,True,False,False,False
MCH7078,"Vasa, Gade and Viswanathan",5699,FASHION,INDIVIDUAL,MUMBAI,MAHARASHTRA,2025-08-17 00:00:00,XXXX5209,ACTIVE,660.73,True,False,False,False,False,False
MCH9226,Bhatnagar-Magar,05812,FOOD_SERVICES,PARTNERSHIP,CHENNAI,TAMIL_NADU,2024-11-27 00:00:00,CSVM1025081118272,SUSPENDED,500.21,False,True,False,False,False,False
MCH3593,"Kara,BrarandApte",4814,PHONE_SERVICE,PRIVATE_LIMITED,MUMBAI,MAHARASHTRA,2023-12-04 15:44:19,,ACTIVE,474.6,True,False,False,False,False,False
MCH8980,SIBAL AND SONS,5999,OTHER,SOLE_PROPRIETOR,CALCUTTA,WEST_BENGAL,,NSXF9069953614841,ACTIVE,,True,True,True,False,False,False
MCH2605,Gera-Karpe,5699,FASHION,INDIVIDUAL,BOMBAY,MAHARASHTRA,2026-02-25 00:00:00,ZUZI7142150561628,ACTIVE,1371.0,True,True,False,False,False,False
MCH8832,Gour Ltd,5942,BOOK_STORE,INDIVIDUAL,PUNE,MAHARASHTRA,2024-10-19 08:26:23,9524602047,ACTIVE,,True,True,False,False,False,False
MCH4577,"Acharya, Apte and Bajwa",,MISCELLANEOUS,SOLE_PROPRIETOR,CHENNAI,TAMIL_NADU,2025-09-14 00:00:00,XXXX2492,ACTIVE,461.44,False,False,False,False,False,False
MCH1035,Minhas-Khatri,5812,RESTAURANTS,SOLE_PROPRIETOR,MUMBAY,MAHARASHTRA,2024-01-24 00:00:00,LDCT0604920639781,ACTIVE,5777.68,True,True,False,False,False,False
MCH1458,Chatterjee-Saran,UNKNOWN,DEPARTMENT_STORES,SOLE_PROPRIETOR,JALANDAR,PUNJAB,,XXXX1187,INACTIVE,658.54,False,False,False,False,True,False
MCH3075,Setty Ltd,5411,GROCERY_STORES,PRIVATE_LIMITED,MUMBAY,MAHARASHTRA,,,ACTIVE,1370.51,True,False,False,False,False,False
MCH2108,Sankar-Desai,05912,CHEMIST,SOLE_PROPRIETOR,LUDHIANA,PUNJAB,2023-10-30 00:00:00,9695114754,SUSPENDED,1535.43,False,True,False,False,False,False
MCH6726,Boase-Chatterjee,7011,HOTELS,INDIVIDUAL,CHENNAI,TAMIL_NADU,2024-04-10 07:16:24,,SUSPENDED,1583.09,True,False,False,False,False,False
MCH6966,"Wali, Mand and Prabhakar",5942,BOOKS_STATIONERY,PARTNERSHIP,AMRITSAR,PUNJAB,2023-10-16 00:00:00,,ACTIVE,2789.87,True,False,False,False,False,False
MCH5370,Lala LLC,05311,DEPT_STORE,INDIVIDUAL,DILLI,DELHI,2025-05-07 03:36:09,,ACTIVE,1448.94,False,False,False,False,False,False
MCH7199,MANDA AND SONS,5942,BOOKS,SOLE_PROPRIETOR,DELHI,DELHI,,,ACTIVE,1077.86,True,False,False,False,True,False
MCH2528,Cherian Ltd,5999,MISCELLANEOUS,PRIVATE_LIMITED,JALANDHAR,PUNJAB,,,ACTIVE,830.85,True,False,False,False,True,False
MCH9160,Som Ltd,4814,MOBILE_RECHARGE,PARTNERSHIP,LUDHIANA,PUNJAB,2025-01-29 00:00:00,9756179537,ACTIVE,722.22,True,True,False,False,False,False
MCH5776,Varma-Bahri,5699,GARMENTS,INDIVIDUAL,MUMBAI,MAHARASHTRA,,0509545143,INACTIVE,807.85,True,True,False,False,True,False
MCH1854,"Sule, Prashad and Balay",,HOTELS,PARTNERSHIP,AMRITSAR,PUNJAB,2023-09-21 00:00:00,XXXX8005,ACTIVE,5318.31,False,False,False,False,False,False
MCH1936,"Batra, Ramanathan and Din",5912,PHARMACIES,SOLE_PROPRIETOR,HYDERABAD,TELANGANA,2024-07-16 00:00:00,XXXX3173,ACTIVE,143.98,True,False,False,False,False,False
MCH4261,Swaminathan Ltd,MISC,HOTEL_LODGING,PRIVATE_LIMITED,LUCKNOW,UTTAR_PRADESH,2025-06-08 20:07:40,XXXX1395,ACTIVE,965.51,False,False,False,False,False,False
MCH4486,"Bumb, Kibe and Saraf",4814,MOBILE_RECHARGE,PRIVATE_LIMITED,MADRAS,TAMIL_NADU,2026-02-14 00:00:00,XXXX9655,ACTIVE,2112.84,True,False,False,False,False,False
MCH3078,"gandhi, rout and sankaran",7011,HOTEL,SOLE_PROPRIETOR,BENGALURU,KARNATAKA,2023-07-10 04:10:18,,ACTIVE,752.09,True,False,False,False,False,False
MCH1234,Comar-Kari,4131,TRANSPRT,SOLE_PROPRIETOR,JALANDHAR,PUNJAB,,IUGP6821222732474,ACTIVE,1120.89,True,True,False,False,False,False
MCH8470,Munshi-Reddy,,TRANSPRT,SOLE_PROPRIETOR,PUNE,MAHARASHTRA,2025-12-29 00:00:00,,ACTIVE,1203.0,False,False,False,False,False,False
MCH9228,Ram Inc,05999,OTHER,INDIVIDUAL,HYDERABAD,TELANGANA,2025-10-19 16:20:00,XXXX4276,ACTIVE,1661.79,False,False,False,False,False,False
MCH4675,"MINHAS, NARAYAN AND BANDI",,BOOKS,SOLE_PROPRIETOR,JALANDHAR,PUNJAB,2023-06-15 10:04:37,,ACTIVE,,False,False,False,False,False,False
MCH8603,mane ltd,5812,RESTAURANT,SOLE_PROPRIETOR,LUDHIANA,PUNJAB,2023-04-01 16:26:07,9861979521,ACTIVE,258.46,True,True,False,False,False,False
MCH8245,"Dhillon, Saran and Kalita",7011,HOTEL_LODGING,PARTNERSHIP,LUDHIANA,PUNJAB,2025-09-06 00:00:00,,ACTIVE,2778.0,True,False,False,False,False,False
MCH9780,"Kibe, Setty and Kaul",05942,BOOK_STORE,PRIVATE_LIMITED,MUMBAI,MAHARASHTRA,2024-07-14 00:00:00,EUVJ9352599503304,ACTIVE,3251.18,False,True,False,False,False,False
MCH1020,Garg-Kale,4131,TRANSPRT,SOLE_PROPRIETOR,ASR,PUNJAB,,,ACTIVE,1015.68,True,False,False,False,True,False
MCH1990,Sawhney-Parekh,04814,MOBILE_RECHARGE,PRIVATE_LIMITED,JPR,RAJASTHAN,2026-01-26 00:00:00,,ACTIVE,507.78,False,False,False,False,False,False
MCH9814,Sekhon-Luthra,5411,GROCERY_STORE,INDIVIDUAL,HYDERABAD,TELANGANA,2023-06-12 00:00:00,,ACTIVE,2338.35,True,False,False,False,False,False
MCH8177,Soman Inc,5812,FOOD,PRIVATE_LIMITED,CALCUTTA,WEST_BENGAL,,XXXX3095,ACTIVE,2423.6,True,False,False,False,True,False
MCH8726,Rast0gi-Saini,5999,MISC_RETAIL,PARTNERSHIP,LUDHIANA,PUNJAB,,5579571324,ACTIVE,4900.29,True,True,False,False,False,False
MCH1378,Patil-Deshmukh,05311,DEPT_STORE,PRIVATE_LIMITED,MADRAS,TAMIL_NADU,,HYZE0588457086111,ACTIVE,387.99,False,True,False,False,True,False
MCH5154,Bhargava-Dey,5912,CHEMIST,PARTNERSHIP,JALANDAR,PUNJAB,2025-03-22 00:00:00,XPFJ2723277827453,ACTIVE,861.82,True,True,False,False,False,False
MCH4482,Sawhney-Raman,7011,HOTEL_LODGING,PRIVATE_LIMITED,LUDHIANA,PUNJAB,,8584867343,ACTIVE,246.88,True,True,False,False,False,False
MCH4363,BhagatInc,5912,PHARMACY,PRIVATE_LIMITED,JALANDAR,PUNJAB,2023-07-22 00:00:00,2625500394,ACTIVE,1657.41,True,True,False,False,False,False
MCH1422,Merchant and Sons,5912,PHARMACY,INDIVIDUAL,HYDERABAD,TELANGANA,2023-04-25 00:00:00,,ACTIVE,4074.0,True,False,False,False,False,False
MCH9251,"Venkatesh, Randhawa and Lal",4131,TRANSPRT,SOLE_PROPRIETOR,LUCKNOW,UTTAR_PRADESH,2026-01-02 09:37:10,6838955230,ACTIVE,621.25,True,True,False,False,False,False
MCH5829,BATTA LTD,5812,FOOD,SOLE_PROPRIETOR,JALANDHAR,PUNJAB,,SFSR8195478520780,SUSPENDED,690.13,True,True,False,False,True,False
MCH6920,"Bhagat, Nadkarni and Dyal",5311,DEPARTMENT_STORES,INDIVIDUAL,CALCUTTA,WEST_BENGAL,,JTIZ3629800274600,ACTIVE,410.54,True,True,False,False,True,False
MCH2078,Chada-Dubey,5311,DEPARTMENT_STORES,INDIVIDUAL,BENGALURU,KARNATAKA,2025-03-14 00:00:00,,ACTIVE,1915.85,True,False,False,False,False,False
MCH7870,Vyas Inc,,TELECOM,INDIVIDUAL,AMRITSAR,PUNJAB,2023-08-26 09:30:35,,ACTIVE,926.49,False,False,False,False,False,False
MCH8410,"Bhargava, Srinivasan and Desai",4131,TRANSPORTATION,PRIVATE_LIMITED,LKO,UTTAR_PRADESH,2024-01-20 00:00:00,XCHH9247596987516,ACTIVE,1024.56,True,True,False,False,False,False
MCH7546,Koshy LLC,5912,PHARMACIES,INDIVIDUAL,NEW_DELHI,DELHI,2024-11-17 00:00:00,XXXX1749,ACTIVE,356.0,True,False,False,False,False,False
MCH1904,Sandal Inc,4814,TELECOM,INDIVIDUAL,JALANDHAR,PUNJAB,2024-03-23 06:08:07,EZBT7024632751925,ACTIVE,1398.65,True,True,False,False,False,False
MCH7495,"Biswas, Mane and Hari",5311,DEPT_STORE,PRIVATE_LIMITED,DELHI,DELHI,,,ACTIVE,993.25,True,False,False,False,False,False
MCH4126,"WALI, MAHAL AND PRABHU",4131,TRANSPORTATION,INDIVIDUAL,HYDERABAD,TELANGANA,,RAIS4512083077234,ACTIVE,1593.0,True,True,False,False,True,False
MCH7222,Verma and Sons,4814,TELECOM,INDIVIDUAL,DILLI,DELHI,,,INACTIVE,,True,False,True,False,True,False
MCH2327,"Ganguly, Grover and Mutti",05999,RETAIL_OTHER,SOLE_PROPRIETOR,JAIPUR,RAJASTHAN,2025-01-24 00:00:00,XXXX8996,SUSPENDED,12565.25,False,False,False,False,False,False
MCH1977,Mukherjee-Menon,5311,DEPARTMENT_STORE,PARTNERSHIP,HYDERABAD,TELANGANA,2025-04-29 03:02:42,XXXX1090,ACTIVE,4221.17,True,False,False,False,False,False
MCH5799,Nagar Inc,7011,HOTEL,PRIVATE_LIMITED,JALANDHAR,PUNJAB,2026-02-16 00:00:00,RWJB2008792112548,ACTIVE,209.08,True,True,False,False,False,False
MCH4943,Sawhney-Dugar,7011,HOSPITALITY,SOLE_PROPRIETOR,CHENNAI,TAMIL_NADU,2023-07-16 00:00:00,,INACTIVE,470.52,True,False,False,False,False,False
MCH9471,Sarma Ltd,5699,FASHION,PARTNERSHIP,HYDERABAD,TELANGANA,2023-10-26 00:00:00,XXXX5808,ACTIVE,2136.82,True,False,False,False,False,False
MCH7978,K0rpa1-Bassi,4814,TELECOM,PRIVATE_LIMITED,JALANDHAR,PUNJAB,2025-10-26 14:25:48,,ACTIVE,4486.97,True,False,False,False,False,False
MCH9009,"Singhal, Patil and Brar",05311,RETAIL,PRIVATE_LIMITED,JALANDAR,PUNJAB,2026-02-20 19:57:40,7365281036,INACTIVE,1016.03,False,True,False,False,False,False
MCH1947,"Batra, Kar and Sodhi",5699,GARMENTS,PARTNERSHIP,BLR,KARNATAKA,2025-08-24 19:46:43,QPJE6965990436721,ACTIVE,3015.23,True,True,False,False,False,False
MCH9429,"Sachar, Borra and Raj",4814,TELECOM,PRIVATE_LIMITED,BENGALURU,KARNATAKA,,,ACTIVE,1031.66,True,False,False,False,False,False
MCH3742,"Mall, Sarma and Merchant",5999,MISCELLANEOUS,PARTNERSHIP,JALANDHAR,PUNJAB,2025-06-19 08:34:00,,ACTIVE,330.87,True,False,False,False,False,False
MCH6061,Basu and Sons,7011,HOSPITALITY,PRIVATE_LIMITED,AMRITSAR,PUNJAB,2023-01-29 00:00:00,XXXX6131,ACTIVE,,True,False,True,False,False,False
MCH4133,"NAYAK, PRABHU AND SOM",04131,TRANSPORT,INDIVIDUAL,MUMBAY,MAHARASHTRA,2023-12-20 07:08:02,,ACTIVE,570.23,False,False,False,False,False,False
MCH4581,"Tailor, Ganesh and Menon",5812,RESTAURANTS,PARTNERSHIP,BOMBAY,MAHARASHTRA,,,INACTIVE,1137.0,True,False,False,False,True,False
MCH9296,Bhakta-Sen,5699,GARMENTS,PRIVATE_LIMITED,DELHI,DELHI,2024-12-29 00:00:00,CFXN3327085441809,ACTIVE,453.57,True,True,False,False,False,False
MCH6818,"Bava, Badami and Sodhi",5311,DEPARTMENT_STORES,PARTNERSHIP,MUMBAI,MAHARASHTRA,2023-03-16 00:00:00,JOTB5244966377910,ACTIVE,,True,True,True,False,False,False
MCH3420,"Mani, Kota and Deol",4131,TRAVEL,INDIVIDUAL,JPR,RAJASTHAN,2024-01-18 11:43:00,,INACTIVE,453.43,True,False,False,False,False,False
MCH2451,"HALDER, KANNAN AND DIXIT",7011,HOTEL,PRIVATE_LIMITED,KOLKATA,WEST_BENGAL,2025-11-20 00:00:00,NIXX7228219214941,INACTIVE,610.7,True,True,False,False,False,False
MCH5892,Mangat-Dutta,,STATIONERY,SOLE_PROPRIETOR,JAIPUR,RAJASTHAN,2023-10-08 00:00:00,3873887194,ACTIVE,2243.17,False,True,False,False,False,False
MCH4419,Sankaran Inc,05912,MEDICAL_STORE,PARTNERSHIP,MADRAS,TAMIL_NADU,2023-08-04 00:00:00,,ACTIVE,291.65,False,False,False,False,False,False
MCH8753,"Bhandari, Trivedi and Bora",4131,TRAVEL,PARTNERSHIP,HYDERABAD,TELANGANA,2024-12-27 13:54:54,,INACTIVE,718.79,True,False,False,False,False,False
MCH3048,Kala Group,7011,HOTELS,PRIVATE_LIMITED,JAIPUR,RAJASTHAN,,,ACTIVE,613.58,True,False,False,False,True,False
MCH2533,Khatri-Devi,,GROCERY,SOLE_PROPRIETOR,JAIPUR,RAJASTHAN,2024-11-23 15:52:39,3534229147,ACTIVE,3147.37,False,True,False,False,False,False
MCH4080,Shenoy-Kashyap,4814,MOBILE_RECHARGE,PRIVATE_LIMITED,JAIPUR,RAJASTHAN,2025-10-04 03:56:06,YPYY3780350945436,ACTIVE,2043.03,True,True,False,False,False,False
MCH6770,CHAUDHARI-DEWAN,5942,BOOKS,SOLE_PROPRIETOR,JPR,RAJASTHAN,,,ACTIVE,1139.41,True,False,False,False,False,False
MCH5547,Chander-Menon,UNKNOWN,PHARMACY,PARTNERSHIP,POONA,MAHARASHTRA,2024-03-02 00:00:00,,SUSPENDED,1421.71,False,False,False,False,False,False
MCH5553,Sarna and Sons,5812,RESTAURANTS,PRIVATE_LIMITED,MUMBAY,MAHARASHTRA,2023-06-07 02:21:12,XXXX7273,INACTIVE,,True,False,True,False,False,False
MCH3837,Bhat Group,5311,DEPARTMENT_STORE,INDIVIDUAL,DELHI,DELHI,2026-01-17 00:00:00,XXXX7816,ACTIVE,,True,False,True,False,False,False
MCH4008,"deep, rajagopal and tandon",MISC,PHONE_SERVICE,PRIVATE_LIMITED,HYD,TELANGANA,2024-06-02 00:03:04,,ACTIVE,1196.0,False,False,False,False,False,False
MCH6764,rama-vora,4131,TRANSPRT,PARTNERSHIP,HYDERABAD,TELANGANA,2025-08-22 07:58:18,XXXX1624,ACTIVE,892.82,True,False,False,False,False,False
MCH7681,Kala PLC,4814,TELECOM,PRIVATE_LIMITED,HYD,TELANGANA,,,ACTIVE,2015.68,True,False,False,False,True,False
MCH2213,"Dash,SoniandPalla",7011,HOTEL,INDIVIDUAL,KOLKATA,WEST_BENGAL,2023-04-30 00:00:00,,ACTIVE,4392.08,True,False,False,False,False,False
MCH6637,Sagar Group,5311,RETAIL,SOLE_PROPRIETOR,JPR,RAJASTHAN,2023-08-16 00:00:00,,ACTIVE,,True,False,True,False,False,False
MCH9388,"mahajan, dixit and memon",7011,HOSPITALITY,PARTNERSHIP,CALCUTTA,WEST_BENGAL,2024-11-21 00:00:00,,ACTIVE,1507.31,True,False,False,False,False,False
MCH5077,"Chauhan, Thakur and Chacko",05411,GROCERIES,INDIVIDUAL,JPR,RAJASTHAN,2023-11-12 01:16:55,9740262322,INACTIVE,250.88,False,True,False,False,False,False
MCH8364,KataPLC,5912,CHEMIST,INDIVIDUAL,BOMBAY,MAHARASHTRA,2023-11-21 12:44:00,,ACTIVE,753.31,True,False,False,False,False,False
MCH5438,"Krishna, Vohra and Ghose",5912,CHEMIST,SOLE_PROPRIETOR,MADRAS,TAMIL_NADU,,XXXX0401,ACTIVE,1326.9,True,False,False,False,True,False
MCH4427,Deshpande LLC,5812,FOOD,PRIVATE_LIMITED,MUMBAI,MAHARASHTRA,2023-02-05 00:00:00,0253333340,ACTIVE,1587.13,True,True,False,False,False,False
MCH4462,"Koshy, Badal and Nayar",5699,CLOTHING,INDIVIDUAL,HYD,TELANGANA,2025-01-17 00:00:00,XXXX9292,ACTIVE,937.0,True,False,False,False,False,False
MCH3845,Hora-Bath,4131,TRANSPRT,INDIVIDUAL,BENGALURU,KARNATAKA,2024-08-16 14:46:25,8760940800,ACTIVE,2098.39,True,True,False,False,False,False
MCH8109,"Nadkarni, Sawhney and Singh",5912,CHEMIST,PARTNERSHIP,DELHI,DELHI,2024-04-28 00:00:00,0836014923,ACTIVE,5729.0,True,True,False,False,False,False
MCH3487,Mutti Inc,5699,GARMENTS,SOLE_PROPRIETOR,CALCUTTA,WEST_BENGAL,2023-07-24 00:00:00,,ACTIVE,,True,False,True,False,False,False
MCH1384,Naidu-Bhatti,5812,RESTAURANTS,INDIVIDUAL,LUDHIANA,PUNJAB,,,ACTIVE,3910.34,True,False,False,False,True,False
MCH8066,Sane-Shukla,5411,GROCERY_STORE,PARTNERSHIP,AMRITSAR,PUNJAB,,0222417187,ACTIVE,,True,True,True,False,True,False
MCH1226,Nadkarni Ltd,5912,MEDICAL_STORE,SOLE_PROPRIETOR,LUDHIANA,PUNJAB,,,ACTIVE,602.21,True,False,False,False,False,False
MCH6386,Mahajan Inc,5311,RETAIL,INDIVIDUAL,ASR,PUNJAB,,,ACTIVE,,True,False,False,False,True,False
MCH8380,Gola-Bal,4814,PHONE_SERVICE,INDIVIDUAL,HYDERABAD,TELANGANA,2025-10-14 05:29:06,XXXX2229,ACTIVE,,True,False,True,False,False,False
MCH6408,Gade and Sons,5942,BOOKS,SOLE_PROPRIETOR,CHENNAI,TAMIL_NADU,2024-06-11 00:00:00,,ACTIVE,4374.58,True,False,False,False,False,False
MCH1055,Dhingra-Kapoor,5311,RETAIL,PARTNERSHIP,BLR,KARNATAKA,2024-12-30 03:08:34,6794786904,ACTIVE,,True,True,True,False,False,False
MCH3788,"Divan, Kadakia and Kuruvilla",5311,RETAIL,PRIVATE_LIMITED,CHENNAI,TAMIL_NADU,2025-06-27 00:00:00,,ACTIVE,10161.82,True,False,False,False,False,False
MCH8512,Luthra-Bhasin,4131,TRANSPORTATION,SOLE_PROPRIETOR,LUCKNOW,UTTAR_PRADESH,2025-07-22 00:00:00,,ACTIVE,2579.73,True,False,False,False,False,False
MCH6635,Sehgal Inc,5812,EATING_PLACE,PRIVATE_LIMITED,BENGALURU,KARNATAKA,,,ACTIVE,1810.23,True,False,False,False,False,False
MCH4355,Sur-Pandit,05699,GARMENTS,PARTNERSHIP,LUCKNOW,UTTAR_PRADESH,2023-04-18 00:00:00,0234156737,ACTIVE,,False,True,False,False,False,False
MCH3266,"Lalla, Baral and Pau",5311,DEPARTMENT_STORE,PRIVATE_LIMITED,CHENNAI,TAMIL_NADU,2025-09-17 12:56:00,ZAAY3109374136824,ACTIVE,1627.34,True,True,False,False,False,False
MCH9745,"Datta, Kibe and Barad",,PHARMACY,SOLE_PROPRIETOR,LUDHIANA,PUNJAB,,UQJV3362810389691,INACTIVE,1003.0,False,True,False,False,True,False
MCH7780,Jain PLC,5912,MEDICAL_STORE,SOLE_PROPRIETOR,LUCKNOW,UTTAR_PRADESH,2025-07-19 13:23:49,,INACTIVE,,True,False,False,False,False,False
MCH9051,"Gara, Keer and Padmanabhan",4814,TELECOM,SOLE_PROPRIETOR,BENGALURU,KARNATAKA,2023-07-16 00:00:00,XXXX6304,ACTIVE,1715.14,True,False,False,False,False,False
MCH4681,"Raja, Ramanathan and Koshy",UNKNOWN,BOOK_STORE,SOLE_PROPRIETOR,BOMBAY,MAHARASHTRA,2023-09-13 00:00:00,,ACTIVE,554.63,False,False,False,False,False,False
MCH3296,Sampath-Chopra,5999,MISCELLANEOUS,INDIVIDUAL,BANGALORE,KARNATAKA,2025-11-18 00:00:00,XXXX2813,ACTIVE,1074.2,True,False,False,False,False,False
MCH4194,Srinivasan-Lala,4131,TRANSPORTATION,INDIVIDUAL,LDH,PUNJAB,2025-08-15 00:00:00,,ACTIVE,2059.54,True,False,False,False,False,False
MCH4708,Loke-Ganesan,5999,MISCELLANEOUS,SOLE_PROPRIETOR,JALANDAR,PUNJAB,2024-02-22 19:47:00,,ACTIVE,1266.56,True,False,False,False,False,False
MCH7027,"Vyas, Ghose and Narasimhan",05311,DEPARTMENT_STORE,SOLE_PROPRIETOR,HYDERABAD,TELANGANA,,GJGE7959201596190,ACTIVE,860.0,False,True,False,False,True,False
MCH7033,Mani and Sons,5699,APPAREL,PARTNERSHIP,MUMBAI,MAHARASHTRA,,,ACTIVE,2767.54,True,False,False,False,True,False
MCH7731,DalalPLC,7011,HOSPITALITY,INDIVIDUAL,CHENNAI,TAMIL_NADU,2024-05-25 00:00:00,,ACTIVE,2899.19,True,False,False,False,False,False
MCH5944,Arya Inc,5699,CLOTHS,PARTNERSHIP,JAIPUR,RAJASTHAN,2025-03-31 04:07:17,,ACTIVE,394.63,True,False,False,False,False,False
MCH4459,Agate-Majumdar,4131,TRANSPRT,SOLE_PROPRIETOR,MADRAS,TAMIL_NADU,2025-07-29 00:00:00,XXXX8386,ACTIVE,210.85,True,False,False,False,False,False
MCH6672,"Mittal, Bajwa and Guha",05812,RESTAURANTS,INDIVIDUAL,DELHI,DELHI,2023-08-09 00:00:00,XXXX4811,ACTIVE,3663.66,False,False,False,False,False,False
MCH1321,Borah-Dhaliwal,7011,HOSPITALITY,SOLE_PROPRIETOR,AMRITSAR,PUNJAB,2025-12-06 00:00:00,XXXX0908,ACTIVE,7973.89,True,False,False,False,False,False
MCH3030,"Sengupta, Bhagat and Kota",5942,STATIONERY,PRIVATE_LIMITED,CHENNAI,TAMIL_NADU,,,ACTIVE,194.19,True,False,False,False,True,False
MCH2654,saxena-sarkar,4814,TELECOM,SOLE_PROPRIETOR,PUNE,MAHARASHTRA,2026-01-10 00:00:00,,ACTIVE,3080.46,True,False,False,False,False,False
MCH5880,"Varty, Ratta and Venkataraman",5699,FASHION,SOLE_PROPRIETOR,ASR,PUNJAB,2023-06-11 00:00:00,0620802937,ACTIVE,1913.84,True,True,False,False,False,False
MCH2249,"Rout, Thaker and Pal",,DEPARTMENT_STORES,PARTNERSHIP,MUMBAY,MAHARASHTRA,2023-06-15 00:00:00,XXXX2277,ACTIVE,1367.02,False,False,False,False,False,False
MCH3987,"Dubey, Aggarwa1 and Mangat",5942,BOOKS_STATIONERY,INDIVIDUAL,HYDERABAD,TELANGANA,2024-04-20 00:00:00,OTRE9764440633575,ACTIVE,474.5,True,True,False,False,False,False
MCH7318,Keer-Rao,UNKNOWN,TELECOM,PARTNERSHIP,PUNE,MAHARASHTRA,2023-11-27 00:00:00,RIME5549722708025,ACTIVE,502.45,False,True,False,False,False,False
MCH8729,"Chowdhury, Krishnamurthy and Parekh",5942,STATIONERY,PRIVATE_LIMITED,KOLKATA,WEST_BENGAL,2024-02-07 00:00:00,7331970917,ACTIVE,870.42,True,True,False,False,False,False
MCH3737,Raval-Kurian,5812,RESTAURANTS,INDIVIDUAL,BOMBAY,MAHARASHTRA,2026-01-23 00:00:00,,ACTIVE,,True,False,True,False,False,False
MCH7885,Atwal-Jha,4131,BUS_TAXI,PRIVATE_LIMITED,JALANDHAR,PUNJAB,2023-08-15 00:00:00,XXXX1162,SUSPENDED,,True,False,False,False,False,False
MCH1227,"Nazareth, Zacharia and Swaminathan",05812,FOOD,PRIVATE_LIMITED,LUDHIANA,PUNJAB,2023-03-21 16:36:39,MUJQ0020831226650,ACTIVE,870.36,False,True,False,False,False,False
MCH5984,acharya-badal,5999,OTHER,SOLE_PROPRIETOR,KOLKATA,WEST_BENGAL,,,ACTIVE,515.0,True,False,False,False,True,False
MCH6639,Sandal Group,5812,EATING_PLACE,SOLE_PROPRIETOR,AMRITSAR,PUNJAB,2024-05-29 07:36:20,7230745501,ACTIVE,3334.16,True,True,False,False,False,False
MCH3917,CHOWDHURY-PANDIT,,FASHION,PRIVATE_LIMITED,HYD,TELANGANA,,XXXX2174,ACTIVE,,False,False,True,False,True,False
MCH9306,Zachariah-Anne,5942,STATIONERY,PARTNERSHIP,MUMBAI,MAHARASHTRA,,JLTB4031924458479,ACTIVE,1250.09,True,True,False,False,True,False
MCH3414,Sahota Ltd,4814,TELECOM,PRIVATE_LIMITED,AMRITSAR,PUNJAB,2025-12-29 00:00:00,4026065439,ACTIVE,1607.54,True,True,False,False,False,False
MCH3837,"Balakrishnan, Mane and Ranganathan",5812,FOOD_SERVICES,PARTNERSHIP,DELHI,DELHI,2025-03-22 23:37:10,XXXX2369,ACTIVE,866.44,True,False,False,False,False,False
MCH2120,"Yohannan, Patla and Parmer",7011,HOTEL_LODGING,PARTNERSHIP,DELHI,DELHI,2024-01-01 00:00:00,XXXX7380,ACTIVE,,True,False,True,False,False,False
MCH9104,Goel PLC,5311,DEPARTMENT_STORES,PRIVATE_LIMITED,BANGALORE,KARNATAKA,2025-06-30 21:37:07,,ACTIVE,2640.29,True,False,False,False,False,False
MCH3313,Comar-Sidhu,5311,DEPT_STORE,SOLE_PROPRIETOR,LUCKNOW,UTTAR_PRADESH,2023-07-30 00:00:00,GKCY1460435380907,INACTIVE,408.55,True,True,False,False,False,False
MCH8335,Bhatti-Keer,,RETAIL,SOLE_PROPRIETOR,HYDERABAD,TELANGANA,,,INACTIVE,1335.83,False,False,False,False,True,False
MCH2332,Toor Inc,07011,HOSPITALITY,INDIVIDUAL,LUDHIANA,PUNJAB,2023-04-20 08:12:00,PKCI7470482397105,ACTIVE,,False,True,True,False,False,False
MCH1592,AgateInc,05311,RETAIL,PRIVATE_LIMITED,HYDERABAD,TELANGANA,2025-01-30 02:00:41,GLPT6683638156046,SUSPENDED,1072.45,False,True,False,False,False,False
MCH7503,Dixit-Lala,7011,HOTELS,INDIVIDUAL,BOMBAY,MAHARASHTRA,,6328103560,ACTIVE,,True,True,True,False,True,False
MCH3805,Issac-Munshi,5999,MISC_RETAIL,PRIVATE_LIMITED,BENGALURU,KARNATAKA,2023-02-19 00:00:00,2364539164,ACTIVE,7651.0,True,True,False,False,False,False
MCH8562,Radhakrishnan-Apte,05812,FOOD,PRIVATE_LIMITED,CHENNAI,TAMIL_NADU,,,ACTIVE,1647.0,False,False,False,False,True,False
MCH4099,"Dewan, Rastogi and Jayaraman",,RETAIL,INDIVIDUAL,LDH,PUNJAB,2025-08-06 12:15:48,,ACTIVE,1926.0,False,False,False,False,False,False
MCH5696,Mittal Group,5411,GROCERY,PRIVATE_LIMITED,CHENNAI,TAMIL_NADU,2024-05-18 00:00:00,,ACTIVE,2595.13,True,False,False,False,False,False
MCH5573,Vora-Natarajan,4814,PHONE_SERVICE,INDIVIDUAL,NEW_DELHI,DELHI,,,INACTIVE,2579.11,True,False,False,False,False,False
MCH2886,"Kurian, Dash and Walla",7011,HOTEL,PRIVATE_LIMITED,BENGALURU,KARNATAKA,2023-05-25 01:14:00,XXXX6301,SUSPENDED,8233.35,True,False,False,False,False,False
MCH1793,Jaggi PLC,7011,HOTEL,SOLE_PROPRIETOR,DELHI,DELHI,2024-08-21 00:47:16,,ACTIVE,2705.89,True,False,False,False,False,False
MCH2135,"Singh, Talwar and Sur",5411,GROCERIES,PRIVATE_LIMITED,JALANDHAR,PUNJAB,2025-01-15 00:00:00,,SUSPENDED,704.34,True,False,False,False,False,False
MCH8705,"Sankar, Srinivas and Kanda",4814,TELECOM,PRIVATE_LIMITED,DELHI,DELHI,2024-02-05 00:00:00,7251156491,ACTIVE,,True,True,True,False,False,False
MCH7943,Chaudhary-Rana,5912,PHARMACIES,INDIVIDUAL,CALCUTTA,WEST_BENGAL,2024-12-27 00:00:00,IEWV4741965388466,ACTIVE,3927.63,True,True,False,False,False,False
MCH5917,"TARA, BHASIN AND SINGH",5912,PHARMACIES,SOLE_PROPRIETOR,PUNE,MAHARASHTRA,2023-08-26 00:00:00,6037353463,SUSPENDED,443.4,True,True,False,False,False,False
MCH4578,Khare-Warrior,5912,PHARMACIES,PRIVATE_LIMITED,AMRITSAR,PUNJAB,,4489355946,ACTIVE,504.9,True,True,False,False,True,False
MCH1474,"sami, sur and tank",04131,TRANSPORTATION,PRIVATE_LIMITED,PUNE,MAHARASHTRA,,XXXX6224,ACTIVE,1645.61,False,False,False,False,False,False
MCH4893,jani-verma,04131,TRANSPRT,PARTNERSHIP,JALANDAR,PUNJAB,2023-08-11 22:02:04,,ACTIVE,1601.52,False,False,False,False,False,False
MCH3292,Ravi-Keer,,RETAIL,PRIVATE_LIMITED,JALANDHAR,PUNJAB,2023-11-21 00:00:00,,ACTIVE,9611.45,False,False,False,False,False,False
MCH9591,BALI GROUP,05999,MISCELLANEOUS,SOLE_PROPRIETOR,LUDHIANA,PUNJAB,2026-01-14 00:00:00,,ACTIVE,3007.14,False,False,False,False,False,False
MCH4972,Seshadri-Dalal,5311,DEPARTMENT_STORES,PARTNERSHIP,POONA,MAHARASHTRA,2025-10-03 00:00:00,8465114405,ACTIVE,,True,True,True,False,False,False
MCH1789,Loke-Chanda,05942,BOOKS_STATIONERY,PARTNERSHIP,JAIPUR,RAJASTHAN,2023-02-25 00:00:00,,ACTIVE,15713.68,False,False,False,False,False,False
MCH2115,Modi-Kari,5912,CHEMIST,SOLE_PROPRIETOR,DELHI,DELHI,,XXXX4594,ACTIVE,1597.33,True,False,False,False,True,False
MCH5258,Kibe-Ramanathan,,BOOK_STORE,PARTNERSHIP,DILLI,DELHI,2024-08-15 00:00:00,IIKD1145736850427,ACTIVE,3143.33,False,True,False,False,False,False
MCH4805,JOSHI PLC,5999,OTHER,SOLE_PROPRIETOR,HYD,TELANGANA,2023-08-26 00:00:00,,ACTIVE,4206.25,True,False,False,False,False,False
MCH2861,Hayer Inc,5311,DEPARTMENT_STORES,PRIVATE_LIMITED,PUNE,MAHARASHTRA,2024-11-09 19:09:35,XXXX6916,ACTIVE,676.0,True,False,False,False,False,False
MCH8999,"BORDE, REDDY AND MITAL",4131,TRANSPRT,SOLE_PROPRIETOR,JALANDHAR,PUNJAB,2024-06-30 00:00:00,JAYY6619396625712,ACTIVE,,True,True,True,False,False,False
MCH3279,"Zachariah, Gill and Palla",5812,RESTAURANTS,INDIVIDUAL,PUNE,MAHARASHTRA,2025-12-25 00:00:00,,ACTIVE,,True,False,False,False,False,False
MCH1293,"Kohli, Rajan and Nair",5699,GARMENTS,SOLE_PROPRIETOR,JAIPUR,RAJASTHAN,,XXXX7079,ACTIVE,915.17,True,False,False,False,True,False
MCH1454,"Bali, Kurian and Garde",5812,RESTAURANT,PARTNERSHIP,LUCKNOW,UTTAR_PRADESH,2023-07-29 14:13:18,,ACTIVE,1592.02,True,False,False,False,False,False
MCH8912,Nagar PLC,5942,STATIONERY,PRIVATE_LIMITED,BOMBAY,MAHARASHTRA,2024-02-17 00:00:00,,ACTIVE,196.56,True,False,False,False,False,False
MCH9848,B0rde Inc,,RETAIL,PRIVATE_LIMITED,HYDERABAD,TELANGANA,,0308046800,ACTIVE,1173.29,False,True,False,False,True,False
MCH1296,Gaba-Rama,5912,MEDICAL_STORE,INDIVIDUAL,DELHI,DELHI,2023-01-16 00:00:00,6728414996,ACTIVE,2547.8,True,True,False,False,False,False
MCH9920,Oommen-Mitra,5411,KIRANA,PRIVATE_LIMITED,JAIPUR,RAJASTHAN,2024-01-17 00:00:00,7684049085,ACTIVE,767.57,True,True,False,False,False,False
MCH3438,Sodhi-Khosla,5311,DEPARTMENT_STORES,PRIVATE_LIMITED,AMRITSAR,PUNJAB,,XXXX2260,ACTIVE,,True,False,False,False,False,False
MCH8379,"B0rah, Kaur and Gera",5912,PHARMACY,INDIVIDUAL,JAIPUR,RAJASTHAN,,,ACTIVE,351.15,True,False,False,False,False,False
MCH8126,"SAXENA, MITRA AND CHADA",5912,CHEMIST,INDIVIDUAL,LUCKNOW,UTTAR_PRADESH,2025-03-12 00:00:00,XXXX5937,SUSPENDED,844.44,True,False,False,False,False,False
MCH8990,Konda-Comar,4131,TRANSPORT,PRIVATE_LIMITED,BENGALURU,KARNATAKA,2023-05-12 14:14:04,,ACTIVE,273.69,True,False,False,False,False,False
MCH1592,Cherian-Bhavsar,7011,HOTEL_LODGING,SOLE_PROPRIETOR,MUMBAI,MAHARASHTRA,,7646312300,ACTIVE,2941.81,True,True,False,False,True,False
MCH9952,Vig-Doctor,,TRAVEL,PRIVATE_LIMITED,LUCKNOW,UTTAR_PRADESH,2024-10-27 00:00:00,XXXX8487,ACTIVE,856.86,False,False,False,False,False,False
MCH6818,Kaur Ltd,,DEPARTMENT_STORES,INDIVIDUAL,LUDHIANA,PUNJAB,2024-02-23 00:00:00,,ACTIVE,333.34,False,False,False,False,False,False
MCH4936,Batra-Patla,4814,PHONE_SERVICE,INDIVIDUAL,BOMBAY,MAHARASHTRA,,9027629602,ACTIVE,2064.79,True,True,False,False,True,False
MCH6904,Master-Bhat,5311,DEPARTMENT_STORE,PARTNERSHIP,MUMBAI,MAHARASHTRA,2023-05-08 00:00:00,,ACTIVE,252.96,True,False,False,False,False,False
MCH2691,PATHAK AND SONS,MISC,HOTEL,PRIVATE_LIMITED,LUCKNOW,UTTAR_PRADESH,2024-09-06 00:00:00,,ACTIVE,5340.32,False,False,False,False,False,False
MCH5457,Deol PLC,5942,BOOK_STORE,SOLE_PROPRIETOR,JAIPUR,RAJASTHAN,2024-12-30 13:09:01,XXXX0292,ACTIVE,1085.1,True,False,False,False,False,False
MCH2187,Balan and Sons,5999,RETAIL_OTHER,SOLE_PROPRIETOR,BANGALORE,KARNATAKA,2024-10-22 00:00:00,,ACTIVE,1340.0,True,False,False,False,False,False
MCH7157,Bir Inc,,MOBILE_RECHARGE,PRIVATE_LIMITED,LUCKNOW,UTTAR_PRADESH,2023-04-16 00:00:00,,ACTIVE,906.12,False,False,False,False,False,False
MCH2265,"Bail, Gopal and Khare",UNKNOWN,PHARMACIES,PARTNERSHIP,LKO,UTTAR_PRADESH,,VZCP3787385327453,INACTIVE,,False,True,True,False,True,False
MCH6939,Sampath Ltd,5999,MISC_RETAIL,SOLE_PROPRIETOR,LKO,UTTAR_PRADESH,,XXXX8052,ACTIVE,2962.51,True,False,False,False,True,False
MCH9287,Sathe Group,4814,MOBILE_RECHARGE,PRIVATE_LIMITED,JPR,RAJASTHAN,2023-04-16 13:53:00,,INACTIVE,,True,False,True,False,False,False
MCH3539,"Korpal, Nair and Chana",5699,APPAREL,SOLE_PROPRIETOR,MUMBAI,MAHARASHTRA,2024-05-29 00:00:00,QRQK3185986773369,INACTIVE,2681.05,True,True,False,False,False,False
MCH9543,"G0ur, Raju and Dara",4131,TRAVEL,INDIVIDUAL,AMRITSAR,PUNJAB,2024-02-10 00:00:00,,ACTIVE,,True,False,True,False,False,False
MCH5704,RAVEL-TALWAR,04131,TRANSPORTATION,SOLE_PROPRIETOR,MADRAS,TAMIL_NADU,2025-09-25 08:00:41,7574908365,INACTIVE,,False,True,True,False,False,False
MCH4844,Trivedi-De01,7011,HOTEL,INDIVIDUAL,BENGALURU,KARNATAKA,2024-06-23 06:58:47,,ACTIVE,798.53,True,False,False,False,False,False
MCH7895,Pau PLC,,RETAIL_OTHER,INDIVIDUAL,AMRITSAR,PUNJAB,,,ACTIVE,583.0,False,False,False,False,True,False
MCH8159,Yogi Group,5699,FASHION,INDIVIDUAL,KOLKATA,WEST_BENGAL,,,SUSPENDED,8386.41,True,False,False,False,False,False
MCH4109,"Lal, Handa and Mammen",5942,BOOKS_STATIONERY,INDIVIDUAL,KOLKATA,WEST_BENGAL,,,ACTIVE,1181.07,True,False,False,False,True,False
MCH2201,"DATE, MUNI AND DASGUPTA",5999,MISCELLANEOUS,INDIVIDUAL,KOLKATA,WEST_BENGAL,,EYWQ3550445400883,ACTIVE,238.32,True,True,False,False,True,False
MCH3682,"Dash, Kashyap and Goda",5311,DEPARTMENT_STORES,PRIVATE_LIMITED,AMRITSAR,PUNJAB,,UMOT0203540180050,INACTIVE,1702.0,True,True,False,False,True,False
MCH7866,Mangal and Sons,4814,PHONE_SERVICE,SOLE_PROPRIETOR,AMRITSAR,PUNJAB,2024-10-21 00:00:00,XXXX2681,ACTIVE,8914.37,True,False,False,False,False,False
MCH7933,BaradInc,5812,FOOD,INDIVIDUAL,ASR,PUNJAB,2025-07-26 00:00:00,,INACTIVE,1177.0,True,False,False,False,False,False
MCH5176,"Samra,SampathandChaudhuri",4131,TRAVEL,INDIVIDUAL,JALANDHAR,PUNJAB,2025-03-18 00:00:00,,ACTIVE,905.0,True,False,False,False,False,False
MCH7105,"Banerjee, Kurian and Bhatt",5699,CLOTHS,SOLE_PROPRIETOR,ASR,PUNJAB,2025-03-24 02:31:11,EDVM3800952600806,ACTIVE,265.52,True,True,False,False,False,False
MCH5389,sem llc,4131,BUS_TAXI,PARTNERSHIP,JPR,RAJASTHAN,2024-06-16 06:06:18,XXXX3272,ACTIVE,342.38,True,False,False,False,False,False
MCH9956,Khatri Inc,7011,HOTEL,SOLE_PROPRIETOR,POONA,MAHARASHTRA,2023-05-19 18:45:01,5037831406,SUSPENDED,,True,True,True,False,False,False
MCH1439,Chawla Ltd,,BUS_TAXI,INDIVIDUAL,CHENNAI,TAMIL_NADU,2023-05-10 00:00:00,OYZO1535504454366,ACTIVE,6190.53,False,True,False,False,False,False
MCH6405,Jaggi Ltd,5411,GROCERIES,PARTNERSHIP,DELHI,DELHI,2024-01-26 06:23:00,XXXX6470,ACTIVE,4074.0,True,False,False,False,False,False
MCH4308,Natt Group,5912,MEDICAL,PARTNERSHIP,DELHI,DELHI,2023-01-16 00:00:00,3010499558,ACTIVE,2114.37,True,True,False,False,False,False
MCH1876,"Deol, Sandal and Nagi",5999,MISCELLANEOUS,PARTNERSHIP,BENGALURU,KARNATAKA,2024-04-29 00:00:00,KRVT6824787386581,ACTIVE,603.93,True,True,False,False,False,False
MCH1862,Puri Inc,4131,TRANSPORTATION,INDIVIDUAL,MUMBAY,MAHARASHTRA,2024-11-15 12:30:15,6516098644,ACTIVE,1444.68,True,True,False,False,False,False
MCH6979,Tiwari and Sons,5999,RETAIL_OTHER,SOLE_PROPRIETOR,MUMBAI,MAHARASHTRA,,XXXX1209,ACTIVE,2312.0,True,False,False,False,False,False
MCH8661,Kapoor and Sons,,TRANSPRT,PARTNERSHIP,MUMBAI,MAHARASHTRA,,,ACTIVE,1762.47,False,False,False,False,False,False
MCH9145,CHAD-KARPE,5699,FASHION,PARTNERSHIP,JPR,RAJASTHAN,,XQWX8871352480351,ACTIVE,359.12,True,True,False,False,True,False
MCH6948,"Kala,LokeandSinghal",4814,PHONE_SERVICE,INDIVIDUAL,BANGALORE,KARNATAKA,2025-07-16 00:00:00,,ACTIVE,,True,False,True,False,False,False
MCH9063,"Bhatt, Sabharwal and Devi",5699,CLOTHING,SOLE_PROPRIETOR,CALCUTTA,WEST_BENGAL,2023-09-10 00:00:00,XXXX6663,INACTIVE,,True,False,False,False,False,False
MCH3354,"Barad, Ahluwalia and Mahal",5942,BOOKS_STATIONERY,PARTNERSHIP,LUCKNOW,UTTAR_PRADESH,2026-02-06 09:23:45,XXXX7924,ACTIVE,906.14,True,False,False,False,False,False
MCH3440,"Sahni, Thakur and Kale",5411,GROCERY_STORE,PARTNERSHIP,HYDERABAD,TELANGANA,2024-10-14 11:53:00,SWXL8005196412661,ACTIVE,797.0,True,True,False,False,False,False
MCH6197,VIRK-VERMA,4131,BUS_TAXI,PARTNERSHIP,HYDERABAD,TELANGANA,,,ACTIVE,661.04,True,False,False,False,False,False
MCH5553,Salvi-Contractor,5411,GROCERIES,INDIVIDUAL,CALCUTTA,WEST_BENGAL,2024-03-21 00:00:00,,ACTIVE,3894.89,True,False,False,False,False,False
MCH9941,Bava and Sons,5999,OTHER,PRIVATE_LIMITED,HYD,TELANGANA,,8632655432,ACTIVE,,True,True,True,False,True,False
MCH1309,"Jhaveri, Dasgupta and Kata",5699,GARMENTS,INDIVIDUAL,MUMBAI,MAHARASHTRA,2023-09-20 00:00:00,XXXX1715,ACTIVE,929.23,True,False,False,False,False,False
MCH6206,"chander, bawa and setty",7011,HOSPITALITY,SOLE_PROPRIETOR,LUCKNOW,UTTAR_PRADESH,,,ACTIVE,1545.95,True,False,False,False,True,False
MCH5425,"Bora, Kibe and Yadav",4814,TELECOM,INDIVIDUAL,DILLI,DELHI,,3599725292,SUSPENDED,810.1,True,True,False,False,False,False
MCH7379,"Doctor, Dyal and Vaidya",5912,MEDICAL,PARTNERSHIP,JALANDHAR,PUNJAB,2023-03-07 00:00:00,XXXX4037,ACTIVE,198.46,True,False,False,False,False,False
MCH9447,Singh and Sons,07011,HOTEL_LODGING,PRIVATE_LIMITED,CHENNAI,TAMIL_NADU,2023-01-10 00:00:00,XXXX0990,ACTIVE,1158.32,False,False,False,False,False,False
MCH5787,Bassi Inc,7011,HOTEL_LODGING,SOLE_PROPRIETOR,BOMBAY,MAHARASHTRA,2025-06-24 00:00:00,XXXX0298,ACTIVE,555.97,True,False,False,False,False,False
MCH6903,sanghvi-suresh,5912,MEDICAL,SOLE_PROPRIETOR,PUNE,MAHARASHTRA,2024-12-01 00:00:00,XXXX6921,ACTIVE,3930.65,True,False,False,False,False,False
MCH9521,"soni, bal and thaman",5699,CLOTHING,PARTNERSHIP,LUDHIANA,PUNJAB,,,INACTIVE,155.0,True,False,False,False,True,False
MCH8255,Sastry Group,05912,PHARMACY,PARTNERSHIP,LUDHIANA,PUNJAB,2023-08-13 22:30:59,,ACTIVE,1386.59,False,False,False,False,False,False
MCH7967,Datta LLC,4814,MOBILE_RECHARGE,INDIVIDUAL,AMRITSAR,PUNJAB,,,ACTIVE,,True,False,False,False,True,False
MCH7146,"Brar, Chadha and Choudhary",5311,DEPT_STORE,PARTNERSHIP,HYDERABAD,TELANGANA,,,ACTIVE,573.35,True,False,False,False,True,False
MCH8409,"Dua, Naidu and Agate",4131,TRAVEL,INDIVIDUAL,MUMBAY,MAHARASHTRA,2024-09-05 14:57:07,,ACTIVE,1474.83,True,False,False,False,False,False
MCH2495,"sibal, shankar and malhotra",5699,APPAREL,INDIVIDUAL,BLR,KARNATAKA,2025-07-20 20:24:00,,ACTIVE,529.0,True,False,False,False,False,False
MCH8283,Nadkarni LLC,4131,TRAVEL,PRIVATE_LIMITED,KOLKATA,WEST_BENGAL,2023-10-26 00:00:00,XXXX9874,ACTIVE,731.97,True,False,False,False,False,False
MCH6155,"Mukhopadhyay, Doshi and Gopal",05411,GROCERY_STORES,SOLE_PROPRIETOR,JALANDHAR,PUNJAB,2025-10-03 00:00:00,XXXX5418,ACTIVE,,False,False,True,False,False,False
MCH3051,Hora-Mahajan,5699,GARMENTS,PRIVATE_LIMITED,JAIPUR,RAJASTHAN,,,ACTIVE,3699.21,True,False,False,False,True,False
MCH2463,Yogi-Dhar,4131,TRANSPORT,PRIVATE_LIMITED,MUMBAY,MAHARASHTRA,2023-10-20 20:24:00,2758552991,ACTIVE,4463.41,True,True,False,False,False,False
MCH8619,Salvi-Nazareth,5411,GROCERY,SOLE_PROPRIETOR,NEW_DELHI,DELHI,2024-07-25 00:00:00,,ACTIVE,860.21,True,False,False,False,False,False
MCH2494,Sane Ltd,5699,CLOTHING,PARTNERSHIP,AMRITSAR,PUNJAB,,8156434201,ACTIVE,582.0,True,True,False,False,False,False
MCH4963,AtwalLtd,5912,PHARMACY,SOLE_PROPRIETOR,HYDERABAD,TELANGANA,2024-09-17 15:34:47,,ACTIVE,,True,False,False,False,False,False
MCH2693,Tandon-Kaur,5311,RETAIL,INDIVIDUAL,CHENNAI,TAMIL_NADU,,3068123352,ACTIVE,1966.59,True,True,False,False,True,False
MCH8885,"Dhawan,DevanandChokshi",05699,FASHION,INDIVIDUAL,DELHI,DELHI,2025-09-12 04:35:13,,ACTIVE,,False,False,False,False,False,False
MCH8974,"Shukla, Gaba and Sani",5912,PHARMACY,SOLE_PROPRIETOR,NEW_DELHI,DELHI,2026-02-15 00:00:00,EPWM9547022186249,ACTIVE,438.78,True,True,False,False,False,False
MCH9992,Rajagopalan PLC,07011,HOTEL_LODGING,SOLE_PROPRIETOR,BENGALURU,KARNATAKA,2024-02-07 00:00:00,5652803993,ACTIVE,577.93,False,True,False,False,False,False
MCH8450,narayanan llc,5912,MEDICAL,SOLE_PROPRIETOR,LDH,PUNJAB,,XXXX4013,ACTIVE,,True,False,True,False,False,False
MCH5642,Ganguly-Kalla,5912,PHARMACY,PRIVATE_LIMITED,JALANDAR,PUNJAB,2025-11-19 00:00:00,9623880565,ACTIVE,,True,True,True,False,False,False
MCH6207,"Ganesan, Bajwa and Reddy",5912,PHARMACY,PARTNERSHIP,JPR,RAJASTHAN,2023-03-21 00:00:00,1318873894,ACTIVE,391.96,True,True,False,False,False,False
MCH8855,"Rau, Dua and Nadkarni",5411,GROCERIES,PRIVATE_LIMITED,LUDHIANA,PUNJAB,,5829674472,ACTIVE,2893.79,True,True,False,False,True,False
MCH3700,Nath-Chakrabarti,5812,FOOD_SERVICES,PARTNERSHIP,CHENNAI,TAMIL_NADU,2025-03-25 03:11:06,,ACTIVE,1733.0,True,False,False,False,False,False
MCH7324,Grover-Murty,5942,STATIONERY,PARTNERSHIP,JALANDAR,PUNJAB,2025-02-12 00:00:00,,SUSPENDED,1077.62,True,False,False,False,False,False
MCH4552,"Palla, Mutti and Jayaraman",4131,TRANSPORTATION,SOLE_PROPRIETOR,JAIPUR,RAJASTHAN,2025-07-21 01:20:00,ZNQK3499547364876,ACTIVE,912.53,True,True,False,False,False,False
MCH7589,"Mangat, Din and Chatterjee",7011,HOTEL,PARTNERSHIP,BOMBAY,MAHARASHTRA,2024-01-17 00:00:00,XXXX6278,ACTIVE,1692.13,True,False,False,False,False,False
MCH6918,Sant Ltd,4131,TRANSPORTATION,PRIVATE_LIMITED,CHENNAI,TAMIL_NADU,2023-01-15 00:00:00,,ACTIVE,472.0,True,False,False,False,False,False
MCH6228,"Kar, Agarwal and Karpe",5812,EATING_PLACE,PRIVATE_LIMITED,BENGALURU,KARNATAKA,2024-08-05 00:00:00,,ACTIVE,1145.75,True,False,False,False,False,False
MCH9688,choudhry llc,5942,BOOKS,SOLE_PROPRIETOR,BENGALURU,KARNATAKA,2023-10-18 00:00:00,,ACTIVE,825.43,True,False,False,False,False,False
MCH1811,Varkey Inc,5311,DEPARTMENT_STORE,SOLE_PROPRIETOR,BLR,KARNATAKA,2026-02-25 00:00:00,,ACTIVE,592.0,True,False,False,False,False,False
MCH3501,Chandran-Tripathi,5999,MISCELLANEOUS,PRIVATE_LIMITED,MUMBAI,MAHARASHTRA,,1873775978,ACTIVE,1658.21,True,True,False,False,False,False
MCH2218,"Upadhyay, Sharma and Kothari",7011,HOTEL_LODGING,PARTNERSHIP,LKO,UTTAR_PRADESH,2024-04-23 18:51:00,VZAG9844318169851,ACTIVE,,True,True,True,False,False,False
MCH3587,Sagar-Raval,7011,HOTEL_LODGING,PARTNERSHIP,JALANDAR,PUNJAB,2024-07-31 00:00:00,,ACTIVE,1064.25,True,False,False,False,False,False
MCH5269,"Lala, Raval and Sahni",5942,BOOKS_STATIONERY,PARTNERSHIP,JALANDHAR,PUNJAB,2024-10-21 00:00:00,1738664466,ACTIVE,873.0,True,True,False,False,False,False
MCH8750,"Bawa, Chatterjee and Sathe",7011,HOTEL_LODGING,INDIVIDUAL,LUDHIANA,PUNJAB,2025-11-30 21:13:53,2442042302,ACTIVE,3120.06,True,True,False,False,False,False
MCH6425,Pall-Kanda,5942,BOOKS_STATIONERY,SOLE_PROPRIETOR,NEW_DELHI,DELHI,,,ACTIVE,,True,False,True,False,False,False
MCH8325,"Kaul, Bumb and Bal",5411,GROCERY,SOLE_PROPRIETOR,ASR,PUNJAB,2025-03-19 00:00:00,,INACTIVE,183.98,True,False,False,False,False,False
MCH5780,"Kumar, Bedi and Borah",5942,STATIONERY,INDIVIDUAL,BANGALORE,KARNATAKA,,,INACTIVE,845.88,True,False,False,False,True,False
MCH2384,Dugar-Sathe,,TELECOM,PARTNERSHIP,LUDHIANA,PUNJAB,,9586840707,ACTIVE,7203.05,False,True,False,False,True,False
MCH7332,"Mutti, Reddy and Guha",5311,DEPARTMENT_STORES,PRIVATE_LIMITED,KOLKATA,WEST_BENGAL,2025-05-04 00:00:00,XXXX9186,ACTIVE,1708.81,True,False,False,False,False,False
MCH6332,Shuk1a-Hayre,5311,DEPARTMENT_STORE,SOLE_PROPRIETOR,LKO,UTTAR_PRADESH,,,ACTIVE,788.91,True,False,False,False,True,False
MCH1002,"Apte, Saha and Edwin",05812,FOOD,PRIVATE_LIMITED,BANGALORE,KARNATAKA,,XXXX8596,ACTIVE,1671.2,False,False,False,False,True,False
MCH7430,"Seshadri, Kakar and Sarin",05699,GARMENTS,SOLE_PROPRIETOR,ASR,PUNJAB,2024-08-07 00:00:00,BQCW3653569640830,ACTIVE,2698.18,False,True,False,False,False,False
MCH8451,setty inc,4814,TELECOM,PRIVATE_LIMITED,LUDHIANA,PUNJAB,2023-06-05 00:00:00,,ACTIVE,196.48,True,False,False,False,False,False
MCH9383,"Sekhon,PadmanabhanandRege",5942,BOOKS_STATIONERY,INDIVIDUAL,MADRAS,TAMIL_NADU,2026-01-24 02:02:00,4786143604,SUSPENDED,2841.0,True,True,False,False,False,False
MCH3875,natt ltd,5812,FOOD,PRIVATE_LIMITED,JALANDHAR,PUNJAB,,,ACTIVE,4372.03,True,False,False,False,True,False
MCH9956,"Sanghvi, Ghose and Din",05311,DEPARTMENT_STORES,PRIVATE_LIMITED,DELHI,DELHI,2025-11-29 16:15:00,,ACTIVE,2309.81,False,False,False,False,False,False
MCH3654,Ganesan Ltd,5812,RESTAURANTS,SOLE_PROPRIETOR,JALANDHAR,PUNJAB,2024-02-11 00:00:00,XXXX6762,ACTIVE,286.1,True,False,False,False,False,False
MCH1073,"Dasgupta,RayandDara",MISC,MEDICAL_STORE,PARTNERSHIP,LUCKNOW,UTTAR_PRADESH,2024-09-22 00:00:00,XXXX7293,SUSPENDED,1002.63,False,False,False,False,False,False
MCH4469,mane and sons,4131,TRANSPORTATION,PARTNERSHIP,HYDERABAD,TELANGANA,2025-05-18 16:24:00,ZELA9978143221753,ACTIVE,1447.11,True,True,False,False,False,False
MCH7630,"RAMA, KALITA AND JHA",4131,TRANSPRT,INDIVIDUAL,MUMBAI,MAHARASHTRA,2025-10-01 00:00:00,2315692507,ACTIVE,2393.0,True,True,False,False,False,False
MCH8761,Pal LLC,5999,MISCELLANEOUS,PRIVATE_LIMITED,LDH,PUNJAB,,,ACTIVE,759.79,True,False,False,False,False,False
MCH8672,"Ganguly, Sarin and Merchant",5311,RETAIL,INDIVIDUAL,JALANDHAR,PUNJAB,,3398230728,INACTIVE,1816.05,True,True,False,False,True,False
MCH6302,Gour-Rattan,04131,TRANSPRT,INDIVIDUAL,HYDERABAD,TELANGANA,2024-09-29 00:00:00,HNZM4152862016158,ACTIVE,966.01,False,True,False,False,False,False
MCH1081,Mistry Group,5812,FOOD_SERVICES,PRIVATE_LIMITED,MUMBAY,MAHARASHTRA,2025-05-27 00:00:00,XXXX5682,ACTIVE,2299.04,True,False,False,False,False,False
MCH8941,Iyer LLC,MISC,RETAIL_OTHER,SOLE_PROPRIETOR,LUDHIANA,PUNJAB,2023-01-24 23:45:00,EATG9868970979253,ACTIVE,2580.56,False,True,False,False,False,False
MCH7837,Wali Group,,MISCELLANEOUS,INDIVIDUAL,KOLKATA,WEST_BENGAL,2023-06-03 00:00:00,,INACTIVE,803.03,False,False,False,False,False,False
MCH7843,Rastogi-Das,05812,RESTAURANT,PARTNERSHIP,AMRITSAR,PUNJAB,2025-04-03 00:00:00,XXXX7401,ACTIVE,,False,False,True,False,False,False
MCH1234,"Shah, Pathak and Bera",UNKNOWN,HOSPITALITY,PARTNERSHIP,JPR,RAJASTHAN,,,ACTIVE,354.58,False,False,False,False,True,False
MCH3311,"Agarwal, Bhandari and Varma",5699,APPAREL,INDIVIDUAL,LUCKNOW,UTTAR_PRADESH,2023-10-16 00:00:00,6820052693,ACTIVE,1187.8,True,True,False,False,False,False
MCH5354,Datta-Vala,5812,RESTAURANT,PARTNERSHIP,LUDHIANA,PUNJAB,2023-02-16 01:25:53,XXXX9615,ACTIVE,2213.0,True,False,False,False,False,False
MCH7063,"Garg, Bawa and Hans",4814,TELECOM,PRIVATE_LIMITED,LKO,UTTAR_PRADESH,2025-12-28 00:00:00,,ACTIVE,2717.9,True,False,False,False,False,False
MCH6325,"Sathe, Seth and Varghese",5311,DEPARTMENT_STORES,PARTNERSHIP,DELHI,DELHI,2025-04-03 00:00:00,,INACTIVE,422.65,True,False,False,False,False,False
MCH6299,Pathak-Mukherjee,5999,OTHER,INDIVIDUAL,DILLI,DELHI,,,SUSPENDED,256.83,True,False,False,False,True,False
MCH8863,Sastry PLC,4814,TELECOM,INDIVIDUAL,PUNE,MAHARASHTRA,,,ACTIVE,,True,False,False,False,True,False
MCH5080,"Shere, Jha and Sarma",5912,MEDICAL,SOLE_PROPRIETOR,CALCUTTA,WEST_BENGAL,2025-02-22 20:56:00,,ACTIVE,2711.51,True,False,False,False,False,False
MCH6102,andra-sachar,5699,CLOTHS,SOLE_PROPRIETOR,JAIPUR,RAJASTHAN,,,ACTIVE,926.97,True,False,False,False,True,False
MCH5630,Srinivas-Doshi,7011,HOTELS,SOLE_PROPRIETOR,AMRITSAR,PUNJAB,2023-04-28 00:00:00,BCPS7283289501457,INACTIVE,2338.55,True,True,False,False,False,False
MCH2765,Buch LLC,4814,TELECOM,INDIVIDUAL,JAIPUR,RAJASTHAN,2024-12-27 22:16:28,,ACTIVE,132.32,True,False,False,False,False,False
MCH3533,Tiwari-Gulati,7011,HOTEL_LODGING,PRIVATE_LIMITED,MUMBAI,MAHARASHTRA,2025-10-07 00:00:00,SWEX6777199199579,ACTIVE,709.41,True,True,False,False,False,False
MCH1191,raval ltd,4814,PHONE_SERVICE,INDIVIDUAL,KOLKATA,WEST_BENGAL,2023-01-19 00:18:56,,INACTIVE,1670.52,True,False,False,False,False,False
MCH1007,"Sunder, Wason and Pau",05812,EATING_PLACE,PARTNERSHIP,JAIPUR,RAJASTHAN,2023-11-19 00:00:00,,ACTIVE,164.45,False,False,False,False,False,False
MCH7841,Manda Group,5942,BOOK_STORE,SOLE_PROPRIETOR,POONA,MAHARASHTRA,2024-10-01 00:00:00,8517196401,ACTIVE,14164.49,True,True,False,False,False,False
MCH6672,nagarajan inc,5812,FOOD_SERVICES,PARTNERSHIP,LUCKNOW,UTTAR_PRADESH,2024-10-11 00:00:00,,ACTIVE,9245.49,True,False,False,False,False,False
MCH6999,Solanki PLC,7011,HOTEL,PARTNERSHIP,MADRAS,TAMIL_NADU,2024-02-26 00:00:00,,ACTIVE,926.71,True,False,False,False,False,False
MCH7525,Char-Narayanan,5942,BOOK_STORE,INDIVIDUAL,LUCKNOW,UTTAR_PRADESH,2025-03-31 00:00:00,,ACTIVE,424.34,True,False,False,False,False,False
MCH9963,Mahajan and S0ns,5942,BOOK_STORE,PARTNERSHIP,JPR,RAJASTHAN,2025-01-19 07:33:36,7503956758,ACTIVE,7342.46,True,True,False,False,False,False
MCH2250,"Sachdev, Ma1h0tra and Saraf",4131,TRANSPORTATION,INDIVIDUAL,LDH,PUNJAB,2023-12-17 00:00:00,XXXX4502,INACTIVE,4090.25,True,False,False,False,False,False
MCH2886,"Kurian, Dash and Walla",7011,HOTEL,PRIVATE_LIMITED,BENGALURU,KARNATAKA,2023-05-25 01:14:00,XXXX6301,INACTIVE,8233.35,True,False,False,False,False,False
MCH7922,Dara LLC,,FOOD_SERVICES,PARTNERSHIP,BOMBAY,MAHARASHTRA,2024-05-13 00:00:00,4216494567,ACTIVE,1260.96,False,True,False,False,False,False
MCH8346,Sane-Ben,05999,MISC_RETAIL,PRIVATE_LIMITED,KOLKATA,WEST_BENGAL,2024-04-03 00:00:00,IXCA8152224460445,ACTIVE,2955.96,False,True,False,False,False,False
MCH8460,Luthra PLC,MISC,DEPT_STORE,PRIVATE_LIMITED,JPR,RAJASTHAN,2023-03-10 19:52:37,XXXX0930,ACTIVE,2927.81,False,False,False,False,False,False
MCH2926,Sule-Thaker,5942,STATIONERY,PARTNERSHIP,BENGALURU,KARNATAKA,2024-12-16 18:18:00,XXXX3557,ACTIVE,1590.53,True,False,False,False,False,False
MCH9839,Natarajan-Keer,5812,EATING_PLACE,INDIVIDUAL,DELHI,DELHI,2025-03-03 12:00:05,XXXX6434,ACTIVE,2189.15,True,False,False,False,False,False
MCH3292,Sehgal-Kapur,5912,MEDICAL,PRIVATE_LIMITED,JALANDHAR,PUNJAB,,,ACTIVE,751.44,True,False,False,False,True,False
MCH1711,"Sastry, Kota and Merchant",5411,KIRANA,SOLE_PROPRIETOR,LUDHIANA,PUNJAB,2023-12-17 08:04:00,NEUM7554192097058,ACTIVE,1991.22,True,True,False,False,False,False
MCH7479,"Wadhwa, Bhatia and Gade",5311,RETAIL,PARTNERSHIP,CHENNAI,TAMIL_NADU,2024-09-14 17:36:50,8868630340,ACTIVE,998.0,True,True,False,False,False,False
MCH7802,"Kapur, Sarna and Chandra",,BOOKS_STATIONERY,INDIVIDUAL,LDH,PUNJAB,2023-06-30 21:33:28,,INACTIVE,9218.28,False,False,False,False,False,False
MCH5483,Khare Inc,5311,RETAIL,SOLE_PROPRIETOR,JALANDHAR,PUNJAB,2025-04-28 14:52:17,5460112584,ACTIVE,827.39,True,True,False,False,False,False
MCH7476,Sundaram Ltd,5411,GROCERY,SOLE_PROPRIETOR,LDH,PUNJAB,2025-07-09 15:30:17,MKAI7735339239141,ACTIVE,1389.53,True,True,False,False,False,False
MCH3875,Kade and Sons,4814,MOBILE_RECHARGE,PRIVATE_LIMITED,PUNE,MAHARASHTRA,2024-01-12 14:12:35,,ACTIVE,3073.34,True,False,False,False,False,False
MCH3690,Aurora Inc,4131,TRAVEL,PARTNERSHIP,BLR,KARNATAKA,2025-04-26 00:00:00,XXXX3060,ACTIVE,915.55,True,False,False,False,False,False
MCH8530,Chopra-Khanna,5311,DEPARTMENT_STORES,PARTNERSHIP,HYDERABAD,TELANGANA,,,ACTIVE,442.28,True,False,False,False,False,False
MCH4577,"Atwal, Sura and Bhatti",5812,RESTAURANT,PARTNERSHIP,HYD,TELANGANA,,PWDW0230553443063,ACTIVE,316.9,True,True,False,False,True,False
MCH1134,"Sani, Uppal and Pillai",,PHARMACIES,PARTNERSHIP,KOLKATA,WEST_BENGAL,,,ACTIVE,6246.52,False,False,False,False,True,False
MCH1704,"Shukla, Hari and Chopra",4131,TRANSPRT,SOLE_PROPRIETOR,LUCKNOW,UTTAR_PRADESH,,,INACTIVE,2965.45,True,False,False,False,True,False
MCH3551,"Chaudry, Toor and Lala",4814,PHONE_SERVICE,SOLE_PROPRIETOR,BENGALURU,KARNATAKA,2023-12-15 17:19:51,,ACTIVE,941.64,True,False,False,False,False,False
MCH6118,"radhakrishnan, lala and devi",5311,DEPT_STORE,SOLE_PROPRIETOR,DILLI,DELHI,,6215610983,ACTIVE,11547.0,True,True,False,False,True,False
MCH9180,RamaswamyPLC,5699,CLOTHS,INDIVIDUAL,PUNE,MAHARASHTRA,2025-08-08 00:00:00,,SUSPENDED,,True,False,True,False,False,False
MCH3984,"wadhwa, sunder and bobal",7011,HOTEL_LODGING,PRIVATE_LIMITED,CHENNAI,TAMIL_NADU,,QUQR5120846966545,ACTIVE,1305.55,True,True,False,False,True,False
MCH1124,Andra Inc,7011,HOSPITALITY,PARTNERSHIP,LUCKNOW,UTTAR_PRADESH,,,ACTIVE,5664.0,True,False,False,False,True,False
MCH3723,wagle-dugar,5411,GROCERY,INDIVIDUAL,BENGALURU,KARNATAKA,2023-05-31 00:00:00,0970612973,ACTIVE,1906.51,True,True,False,False,False,False
MCH8903,Keer-Sagar,5411,KIRANA,PARTNERSHIP,LUCKNOW,UTTAR_PRADESH,2024-09-16 00:00:00,,ACTIVE,841.61,True,False,False,False,False,False
MCH3581,"Chadha, Sankaran and Pau",05699,CLOTHING,PARTNERSHIP,KOLKATA,WEST_BENGAL,,,ACTIVE,,False,False,False,False,True,False
MCH8215,"Brar, Ramesh and Kaul",5411,GROCERY_STORES,PARTNERSHIP,CHENNAI,TAMIL_NADU,2023-05-23 00:00:00,DOZI8655958280664,INACTIVE,1544.34,True,True,False,False,False,False
MCH6481,Kalita Inc,4131,TRANSPRT,PRIVATE_LIMITED,MUMBAI,MAHARASHTRA,2024-11-29 00:00:00,BFCN8370004846639,ACTIVE,1389.63,True,True,False,False,False,False
MCH1263,Memon-Choudhary,05912,CHEMIST,PRIVATE_LIMITED,HYD,TELANGANA,2025-11-27 22:51:46,,ACTIVE,1888.17,False,False,False,False,False,False
MCH7078,"Vasa, Gade and Viswanathan",5699,FASHION,INDIVIDUAL,MUMBAI,MAHARASHTRA,2025-08-17 00:00:00,XXXX5209,ACTIVE,660.73,True,False,False,False,False,False
MCH9718,"Trivedi, Yohannan and Garde",5411,GROCERY,SOLE_PROPRIETOR,PUNE,MAHARASHTRA,2025-06-14 14:04:26,6798429963,ACTIVE,1881.34,True,True,False,False,False,False
MCH2946,Divan Inc,4814,TELECOM,PRIVATE_LIMITED,JAIPUR,RAJASTHAN,2024-09-22 00:00:00,XXXX7575,ACTIVE,1246.97,True,False,False,False,False,False
MCH6782,Basu PLC,05812,FOOD_SERVICES,PRIVATE_LIMITED,DELHI,DELHI,2025-08-30 00:00:00,,ACTIVE,,False,False,True,False,False,False
MCH4168,"Jani, Khalsa and Minhas",05912,CHEMIST,INDIVIDUAL,JPR,RAJASTHAN,2023-05-28 00:00:00,,INACTIVE,,False,False,True,False,False,False
MCH4808,padmanabhan-pathak,5699,FASHION,SOLE_PROPRIETOR,LUCKNOW,UTTAR_PRADESH,,HSVX5052815662312,INACTIVE,,True,True,True,False,True,False
MCH2851,Kalla-Jain,7011,HOTEL_LODGING,INDIVIDUAL,MUMBAY,MAHARASHTRA,2025-11-29 00:00:00,XXXX3740,ACTIVE,3022.0,True,False,False,False,False,False
MCH9029,Hayre and Sons,5311,RETAIL,INDIVIDUAL,AMRITSAR,PUNJAB,2025-11-19 00:00:00,,ACTIVE,,True,False,False,False,False,False
MCH2529,Sheth-Pal,5942,BOOKS_STATIONERY,INDIVIDUAL,LUCKNOW,UTTAR_PRADESH,2023-08-23 00:00:00,2709901385,ACTIVE,1398.37,True,True,False,False,False,False
MCH5523,Behl Inc,05699,CLOTHS,INDIVIDUAL,LUCKNOW,UTTAR_PRADESH,2025-06-15 00:02:44,GIRV9312114208892,ACTIVE,2946.06,False,True,False,False,False,False
MCH2264,"Sule, Sarma and Sur",5311,RETAIL,INDIVIDUAL,NEW_DELHI,DELHI,2025-10-21 00:00:00,HGHS4575612385959,SUSPENDED,4017.0,True,True,False,False,False,False
MCH3592,"Sem, Chandran and Dara",5999,OTHER,SOLE_PROPRIETOR,DILLI,DELHI,2023-11-15 09:32:00,8281028913,INACTIVE,,True,True,True,False,False,False
MCH6121,"more, sandhu and dugar",,CLOTHS,PRIVATE_LIMITED,JALANDHAR,PUNJAB,2023-07-26 00:00:00,8169816022,ACTIVE,,False,True,True,False,False,False
MCH2917,Gole-Rau,05812,FOOD,SOLE_PROPRIETOR,MADRAS,TAMIL_NADU,2025-10-10 00:00:00,XXXX0356,INACTIVE,,False,False,True,False,False,False
MCH9566,Batra-Kaul,5311,DEPARTMENT_STORES,PRIVATE_LIMITED,DELHI,DELHI,2025-11-28 00:00:00,LYAO0984012362521,ACTIVE,1260.75,True,True,False,False,False,False
MCH8902,Sabharwal Ltd,5411,KIRANA,SOLE_PROPRIETOR,AMRITSAR,PUNJAB,2024-12-27 00:00:00,8958186574,ACTIVE,,True,True,True,False,False,False
MCH7635,Karpe Inc,04814,TELECOM,PARTNERSHIP,MUMBAI,MAHARASHTRA,2023-05-11 12:34:38,4808643996,SUSPENDED,6027.41,False,True,False,False,False,False
MCH2665,"Goswami, Savant and Kar",5311,DEPARTMENT_STORE,SOLE_PROPRIETOR,HYD,TELANGANA,2024-03-23 00:00:00,XXXX6615,ACTIVE,1516.75,True,False,False,False,False,False
MCH9349,Mahajan-Ghosh,5812,EATING_PLACE,INDIVIDUAL,CHENNAI,TAMIL_NADU,2023-02-21 00:00:00,,INACTIVE,3266.0,True,False,False,False,False,False
MCH4964,SARKAR-GODA,5311,DEPT_STORE,PRIVATE_LIMITED,POONA,MAHARASHTRA,2025-07-14 00:00:00,,SUSPENDED,1517.0,True,False,False,False,False,False
MCH1769,"Sekhon, Goswami and Rajan",4814,TELECOM,SOLE_PROPRIETOR,LUCKNOW,UTTAR_PRADESH,2025-06-28 07:25:18,DYOJ7653218721893,ACTIVE,1009.67,True,True,False,False,False,False
MCH9867,Loyal and Sons,05699,APPAREL,PARTNERSHIP,PUNE,MAHARASHTRA,2023-05-16 14:57:33,,ACTIVE,1984.39,False,False,False,False,False,False
MCH9910,"Karan, Ram and Sengupta",5311,DEPT_STORE,INDIVIDUAL,DELHI,DELHI,2025-10-14 00:00:00,IIRT4821012999661,ACTIVE,191.17,True,True,False,False,False,False
MCH3796,Mani-Saha,,FOOD,INDIVIDUAL,CHENNAI,TAMIL_NADU,2023-08-06 00:00:00,GQAE5409560780073,ACTIVE,860.72,False,True,False,False,False,False
MCH2346,Palla-Mannan,5699,GARMENTS,PARTNERSHIP,CHENNAI,TAMIL_NADU,2025-04-29 00:00:00,XXXX3607,ACTIVE,468.76,True,False,False,False,False,False
MCH1016,"Reddy, Amble and Parmar",4814,TELECOM,PARTNERSHIP,MADRAS,TAMIL_NADU,2023-03-10 00:00:00,,ACTIVE,517.37,True,False,False,False,False,False
MCH9725,Shan LLC,05699,CLOTHING,INDIVIDUAL,LUCKNOW,UTTAR_PRADESH,2024-12-20 00:00:00,4923079593,ACTIVE,2250.85,False,True,False,False,False,False
MCH8203,lad-suresh,,OTHER,PARTNERSHIP,LUDHIANA,PUNJAB,2024-10-16 00:00:00,YJQR4818378164787,ACTIVE,937.0,False,True,False,False,False,False
MCH2478,"Bala, Sane and Som",05699,CLOTHS,SOLE_PROPRIETOR,HYDERABAD,TELANGANA,2023-02-15 00:00:00,QRPZ8741280654685,ACTIVE,911.53,False,True,False,False,False,False
MCH3722,Upadhyay-Issac,5999,OTHER,PRIVATE_LIMITED,ASR,PUNJAB,2024-01-13 00:00:00,8162918072,SUSPENDED,2279.6,True,True,False,False,False,False
MCH2085,Chacko-Zachariah,04131,TRANSPORT,SOLE_PROPRIETOR,LKO,UTTAR_PRADESH,,,ACTIVE,472.37,False,False,False,False,False,False
MCH9921,"Datta, Chatterjee and Khalsa",04131,TRANSPORT,PRIVATE_LIMITED,BENGALURU,KARNATAKA,2024-02-22 00:00:00,XXXX9256,ACTIVE,2964.42,False,False,False,False,False,False
MCH1494,Dave LLC,5999,MISC_RETAIL,PRIVATE_LIMITED,HYD,TELANGANA,2023-08-23 00:00:00,,ACTIVE,14736.17,True,False,False,False,False,False
MCH8794,"Mandal, Dalal and Sane",4131,TRANSPRT,PARTNERSHIP,PUNE,MAHARASHTRA,2025-02-27 00:00:00,,INACTIVE,10132.54,True,False,False,False,False,False
MCH1005,SAGAR AND SONS,5912,MEDICAL_STORE,PARTNERSHIP,LUDHIANA,PUNJAB,,IPTY9767700049775,ACTIVE,967.53,True,True,False,False,True,False
MCH8820,"Sarkar, Arya and Chand",4131,BUS_TAXI,PRIVATE_LIMITED,LDH,PUNJAB,,XXXX8518,ACTIVE,3994.88,True,False,False,False,True,False
MCH1442,Wadhwa-Walla,7011,HOTEL,PRIVATE_LIMITED,PUNE,MAHARASHTRA,2025-12-13 00:00:00,,ACTIVE,1483.74,True,False,False,False,False,False
MCH8660,"Ben, Guha and Sabharwa1",5812,FOOD_SERVICES,SOLE_PROPRIETOR,LUCKNOW,UTTAR_PRADESH,2025-07-22 00:00:00,XXXX9591,ACTIVE,,True,False,False,False,False,False
MCH8091,"Kata, Mangat and Tiwari",5812,RESTAURANTS,PARTNERSHIP,AMRITSAR,PUNJAB,2023-09-18 00:00:00,XDJG1975759254930,INACTIVE,723.01,True,True,False,False,False,False
MCH9107,Apte-Pathak,5699,CLOTHS,PRIVATE_LIMITED,JALANDAR,PUNJAB,2023-05-25 21:09:31,,ACTIVE,4111.02,True,False,False,False,False,False
MCH4062,Rana Group,5999,RETAIL_OTHER,INDIVIDUAL,MUMBAY,MAHARASHTRA,2023-09-20 00:00:00,XXXX3317,INACTIVE,1544.23,True,False,False,False,False,False
MCH7880,Ben-Khare,04131,TRANSPORTATION,INDIVIDUAL,CHENNAI,TAMIL_NADU,2024-01-20 00:00:00,,ACTIVE,3857.41,False,False,False,False,False,False
MCH2791,"Rastogi, Mannan and Sabharwal",UNKNOWN,CHEMIST,SOLE_PROPRIETOR,DELHI,DELHI,2025-08-21 00:00:00,,ACTIVE,,False,False,False,False,False,False
MCH2988,"Mangal, Gokhale and Malhotra",5812,FOOD_SERVICES,SOLE_PROPRIETOR,MUMBAY,MAHARASHTRA,2023-10-10 10:11:05,,ACTIVE,3595.96,True,False,False,False,False,False
MCH8724,"GOLE, ROY AND KHURANA",5411,GROCERY_STORES,SOLE_PROPRIETOR,BANGALORE,KARNATAKA,2024-03-31 00:00:00,XXXX8526,ACTIVE,926.44,True,False,False,False,False,False
MCH7288,Sandhu Inc,5812,RESTAURANT,PARTNERSHIP,BANGALORE,KARNATAKA,2025-02-16 00:00:00,,ACTIVE,1887.15,True,False,False,False,False,False
MCH1277,Deol-Nayak,4131,TRANSPRT,INDIVIDUAL,BENGALURU,KARNATAKA,,,ACTIVE,1188.0,True,False,False,False,False,False
MCH7969,"Karan,BalandKhurana",4131,TRAVEL,INDIVIDUAL,LUCKNOW,UTTAR_PRADESH,2025-04-16 00:00:00,,ACTIVE,836.32,True,False,False,False,False,False
MCH4765,Baral Inc,4131,TRANSPRT,PRIVATE_LIMITED,LUDHIANA,PUNJAB,,,INACTIVE,2514.87,True,False,False,False,False,False
MCH2475,Bains-Sahota,5411,KIRANA,INDIVIDUAL,BANGALORE,KARNATAKA,2023-08-16 00:00:00,XXXX6630,ACTIVE,,True,False,True,False,False,False
MCH6429,Doshi Group,5699,APPAREL,SOLE_PROPRIETOR,AMRITSAR,PUNJAB,2025-10-15 00:00:00,YIYE8202990184325,ACTIVE,369.26,True,True,False,False,False,False
MCH9439,Dhingra Inc,5411,GROCERY_STORE,INDIVIDUAL,MUMBAY,MAHARASHTRA,2023-06-06 00:00:00,,INACTIVE,619.52,True,False,False,False,False,False
MCH7751,"Vig, Iyer and Andra",5311,RETAIL,PARTNERSHIP,PUNE,MAHARASHTRA,2024-06-28 00:00:00,6513543497,SUSPENDED,590.58,True,True,False,False,False,False
MCH8509,"Majumdar, Deshpande and Solanki",5311,DEPT_STORE,PARTNERSHIP,BLR,KARNATAKA,2024-09-17 00:00:00,XXXX5135,INACTIVE,,True,False,True,False,False,False
MCH4605,BARAD PLC,5942,STATIONERY,SOLE_PROPRIETOR,PUNE,MAHARASHTRA,2025-06-02 22:03:20,XXXX1001,ACTIVE,5165.18,True,False,False,False,False,False
MCH2212,Parmar Group,MISC,BUS_TAXI,PRIVATE_LIMITED,JALANDHAR,PUNJAB,,,ACTIVE,4432.56,False,False,False,False,True,False
MCH6016,Goda Inc,,BOOKS,SOLE_PROPRIETOR,CALCUTTA,WEST_BENGAL,2025-07-21 22:39:16,FWRQ5490581831729,ACTIVE,1254.1,False,True,False,False,False,False
MCH1530,"suresh, kadakia and iyer",5912,MEDICAL,PRIVATE_LIMITED,JALANDHAR,PUNJAB,2024-08-23 14:54:00,,ACTIVE,158.58,True,False,False,False,False,False
MCH4511,"Walla, Kala and Devi",4131,TRANSPORT,SOLE_PROPRIETOR,HYDERABAD,TELANGANA,2025-03-12 00:00:00,8103217288,ACTIVE,1448.32,True,True,False,False,False,False
MCH2313,gulati llc,5999,RETAIL_OTHER,PRIVATE_LIMITED,KOLKATA,WEST_BENGAL,2024-06-09 00:00:00,PWIA0473863869043,INACTIVE,,True,True,True,False,False,False
MCH7394,Brahmbhatt PLC,5812,FOOD_SERVICES,PRIVATE_LIMITED,DELHI,DELHI,2024-07-29 00:00:00,IKKI3369443713209,ACTIVE,3620.77,True,True,False,False,False,False
MCH8724,Sethi-Reddy,5411,KIRANA,PRIVATE_LIMITED,HYDERABAD,TELANGANA,2025-04-09 00:00:00,3785181664,INACTIVE,425.41,True,True,False,False,False,False
MCH7653,Mishra LLC,5699,FASHION,INDIVIDUAL,JALANDHAR,PUNJAB,2025-04-30 00:00:00,CZKM6825233537936,ACTIVE,7064.16,True,True,False,False,False,False
MCH6017,"Loyal, Sidhu and Balay",4814,TELECOM,SOLE_PROPRIETOR,AMRITSAR,PUNJAB,,,INACTIVE,985.33,True,False,False,False,True,False
MCH8950,Handa Inc,4131,TRAVEL,PARTNERSHIP,MUMBAI,MAHARASHTRA,2024-07-31 11:02:32,XXXX9807,ACTIVE,3860.38,True,False,False,False,False,False
MCH5137,Bath-Keer,4814,TELECOM,PRIVATE_LIMITED,BENGALURU,KARNATAKA,,XXXX5840,SUSPENDED,634.0,True,False,False,False,True,False
MCH2019,WALLA-RANGANATHAN,5999,MISC_RETAIL,PARTNERSHIP,BENGALURU,KARNATAKA,2024-05-22 00:00:00,,ACTIVE,1915.39,True,False,False,False,False,False
MCH4104,Sawhney-Suri,4814,TELECOM,INDIVIDUAL,HYD,TELANGANA,2023-12-15 00:00:00,8776394591,INACTIVE,295.0,True,True,False,False,False,False
MCH1221,"SASTRY, KAPOOR AND VARUGHESE",5812,EATING_PLACE,PARTNERSHIP,JALANDHAR,PUNJAB,2025-04-26 00:00:00,,INACTIVE,3430.0,True,False,False,False,False,False
MCH6200,"Sen, Walla and Bath",5999,RETAIL_OTHER,PRIVATE_LIMITED,DELHI,DELHI,2024-01-29 20:38:00,,INACTIVE,,True,False,False,False,False,False
MCH6161,Sura-Wadhwa,MISC,TELECOM,INDIVIDUAL,BENGALURU,KARNATAKA,2025-04-22 00:00:00,QWHT6526941757258,ACTIVE,490.18,False,True,False,False,False,False
MCH8509,merchant-kalita,5411,GROCERY,PRIVATE_LIMITED,HYDERABAD,TELANGANA,2025-02-11 00:00:00,5703041030,ACTIVE,329.11,True,True,False,False,False,False
MCH4530,"Mangal, Sehgal and Vohra",05942,BOOKS_STATIONERY,SOLE_PROPRIETOR,DILLI,DELHI,,,ACTIVE,4172.0,False,False,False,False,False,False
MCH4906,Gaba LLC,5812,FOOD_SERVICES,PRIVATE_LIMITED,JAIPUR,RAJASTHAN,2024-01-31 00:00:00,,ACTIVE,1902.8,True,False,False,False,False,False
MCH2022,Nagi-Gala,5999,MISC_RETAIL,INDIVIDUAL,CHENNAI,TAMIL_NADU,2024-04-08 00:00:00,,ACTIVE,3182.35,True,False,False,False,False,False
MCH5768,brar inc,5812,FOOD_SERVICES,SOLE_PROPRIETOR,HYDERABAD,TELANGANA,2023-04-04 00:00:00,PTPO3474925086916,ACTIVE,1354.3,True,True,False,False,False,False
MCH9100,Dey-Bandi,5999,MISC_RETAIL,SOLE_PROPRIETOR,MUMBAI,MAHARASHTRA,2023-01-23 11:38:30,XLOL4843036264872,ACTIVE,707.08,True,True,False,False,False,False
MCH7563,Anne and Sons,7011,HOTELS,PRIVATE_LIMITED,AMRITSAR,PUNJAB,2023-05-16 00:00:00,XXXX7430,ACTIVE,300.06,True,False,False,False,False,False
MCH4503,Sunder PLC,7011,HOTELS,PARTNERSHIP,MUMBAI,MAHARASHTRA,2024-01-03 00:00:00,MTQA2966873504692,ACTIVE,540.93,True,True,False,False,False,False
MCH4077,verma-dugar,5812,FOOD_SERVICES,PRIVATE_LIMITED,KOLKATA,WEST_BENGAL,2023-07-31 00:00:00,7415298015,ACTIVE,1359.17,True,True,False,False,False,False
MCH7316,TAK LTD,,STATIONERY,SOLE_PROPRIETOR,JAIPUR,RAJASTHAN,2024-05-26 00:00:00,AICM4314076152252,ACTIVE,688.43,False,True,False,False,False,False
MCH1936,"Batra, Ramanathan and Din",5912,PHARMACIES,SOLE_PROPRIETOR,HYDERABAD,TELANGANA,2024-07-16 00:00:00,XXXX3173,ACTIVE,143.98,True,False,False,False,False,False
MCH7030,Shan Ltd,5311,DEPT_STORE,INDIVIDUAL,LUDHIANA,PUNJAB,,,SUSPENDED,466.83,True,False,False,False,False,False
MCH2698,Purohit-Issac,,OTHER,INDIVIDUAL,LUDHIANA,PUNJAB,2023-04-15 00:00:00,1149607185,INACTIVE,798.99,False,True,False,False,False,False
MCH1813,Balan-Deo,5311,DEPARTMENT_STORES,PARTNERSHIP,POONA,MAHARASHTRA,2024-08-28 00:00:00,UAJB1335544875863,ACTIVE,,True,True,True,False,False,False
MCH9560,Kaul PLC,5942,BOOK_STORE,INDIVIDUAL,BLR,KARNATAKA,2024-10-24 00:00:00,XWSA3966243533864,INACTIVE,735.59,True,True,False,False,False,False
MCH9859,Mukherjee-Agate,5999,OTHER,SOLE_PROPRIETOR,JALANDAR,PUNJAB,,,ACTIVE,158.0,True,False,False,False,False,False
MCH3712,Narain-Vaidya,7011,HOTELS,INDIVIDUAL,HYDERABAD,TELANGANA,,PUJI3728932216325,ACTIVE,333.0,True,True,False,False,True,False
MCH1894,CHANDRA-KAPUR,5311,DEPARTMENT_STORE,PARTNERSHIP,JALANDHAR,PUNJAB,2023-02-22 00:00:00,,ACTIVE,3951.56,True,False,False,False,False,False
MCH9242,"Kadakia, Yadav and Seshadri",7011,HOTEL,PARTNERSHIP,HYD,TELANGANA,2023-03-10 00:00:00,XXXX4049,SUSPENDED,1024.36,True,False,False,False,False,False
MCH1651,Kumar Inc,5942,BOOKS_STATIONERY,SOLE_PROPRIETOR,MUMBAI,MAHARASHTRA,,XXXX7749,ACTIVE,1249.76,True,False,False,False,True,False
MCH7133,DinInc,5411,KIRANA,PRIVATE_LIMITED,PUNE,MAHARASHTRA,2023-05-05 02:26:09,,INACTIVE,,True,False,False,False,False,False
MCH6404,Tailor Group,5999,OTHER,PRIVATE_LIMITED,JAIPUR,RAJASTHAN,2026-02-04 15:32:58,,SUSPENDED,792.4,True,False,False,False,False,False
MCH5884,Raman and Sons,4131,BUS_TAXI,INDIVIDUAL,CHENNAI,TAMIL_NADU,,1966210053,ACTIVE,743.19,True,True,False,False,False,False
MCH7288,"LALLA, SANT AND MUTTI",5411,GROCERY_STORE,PRIVATE_LIMITED,DILLI,DELHI,2025-10-18 00:00:00,XXXX5071,ACTIVE,,True,False,False,False,False,False
MCH4904,"Vohra, Lanka and Bumb",4814,MOBILE_RECHARGE,PARTNERSHIP,CHENNAI,TAMIL_NADU,2023-09-25 03:37:00,XXXX8030,ACTIVE,1946.13,True,False,False,False,False,False
MCH4236,"Sinha, Shukla and Lad",5699,APPAREL,SOLE_PROPRIETOR,DELHI,DELHI,2025-07-08 12:08:37,OZWZ6142696689139,ACTIVE,844.0,True,True,False,False,False,False
MCH9261,Gupta-Manne,5812,EATING_PLACE,INDIVIDUAL,JAIPUR,RAJASTHAN,2025-07-10 09:04:41,,ACTIVE,2734.0,True,False,False,False,False,False
MCH8643,"Kota, Aurora and Dugal",5699,CLOTHS,SOLE_PROPRIETOR,DELHI,DELHI,2024-04-15 14:41:15,GITM5447907663864,ACTIVE,1011.23,True,True,False,False,False,False
MCH8286,"Chadha, Chaudhari and Edwin",5912,MEDICAL_STORE,PRIVATE_LIMITED,HYDERABAD,TELANGANA,2023-08-09 00:00:00,XXXX2952,ACTIVE,1828.46,True,False,False,False,False,False
MCH3398,Chaudhary Ltd,5699,APPAREL,SOLE_PROPRIETOR,CHENNAI,TAMIL_NADU,2023-11-18 08:31:43,5865246306,INACTIVE,1864.25,True,True,False,False,False,False
MCH5648,Morar and Sons,7011,HOSPITALITY,INDIVIDUAL,PUNE,MAHARASHTRA,,DHOL8937164342491,ACTIVE,,True,True,True,False,True,False
MCH7644,Mital PLC,7011,HOSPITALITY,SOLE_PROPRIETOR,CHENNAI,TAMIL_NADU,2024-03-07 00:00:00,,ACTIVE,602.59,True,False,False,False,False,False
MCH7430,Arya Group,5699,CLOTHING,INDIVIDUAL,KOLKATA,WEST_BENGAL,,,ACTIVE,1727.74,True,False,False,False,False,False
MCH5267,"Chandra, Som and Grewal",4131,TRANSPORTATION,INDIVIDUAL,HYDERABAD,TELANGANA,2025-11-30 22:52:00,2585843766,ACTIVE,999.83,True,True,False,False,False,False
MCH5288,"THAMAN, MUNI AND OM",5999,MISCELLANEOUS,SOLE_PROPRIETOR,PUNE,MAHARASHTRA,2023-07-08 00:00:00,7391241084,ACTIVE,1015.84,True,True,False,False,False,False
MCH7075,D’Alia Group,7011,HOTEL_LODGING,PARTNERSHIP,MADRAS,TAMIL_NADU,2024-05-03 20:19:30,1415999033,INACTIVE,1262.21,True,True,False,False,False,False
MCH4322,Khanna-Sarma,05311,DEPT_STORE,SOLE_PROPRIETOR,JALANDAR,PUNJAB,2025-05-02 00:00:00,,ACTIVE,575.07,False,False,False,False,False,False
MCH8423,Balasubramanian and Sons,05411,GROCERY_STORE,PRIVATE_LIMITED,BOMBAY,MAHARASHTRA,2025-01-26 00:00:00,5080169849,ACTIVE,1838.16,False,True,False,False,False,False
MCH7229,"Salvi, Kale and Sunder",4814,MOBILE_RECHARGE,PRIVATE_LIMITED,PUNE,MAHARASHTRA,2025-12-23 00:00:00,,ACTIVE,606.62,True,False,False,False,False,False
MCH4127,Subramaniam-Jhaveri,4131,BUS_TAXI,SOLE_PROPRIETOR,JPR,RAJASTHAN,2024-05-22 00:00:00,XXXX1628,SUSPENDED,5333.88,True,False,False,False,False,False
MCH8721,Bera-Chhabra,4131,TRAVEL,SOLE_PROPRIETOR,LKO,UTTAR_PRADESH,,,ACTIVE,2543.82,True,False,False,False,True,False
MCH8211,parekh-atwal,5411,GROCERY_STORE,PRIVATE_LIMITED,JAIPUR,RAJASTHAN,2025-05-22 00:00:00,9728363988,ACTIVE,,True,True,False,False,False,False
MCH8095,Saxena LLC,5699,CLOTHS,PRIVATE_LIMITED,JPR,RAJASTHAN,2024-08-16 00:00:00,7415423811,ACTIVE,304.22,True,True,False,False,False,False
MCH3656,"Sani, Rajagopalan and Sachar",5411,GROCERY_STORES,INDIVIDUAL,CHENNAI,TAMIL_NADU,2024-11-26 00:00:00,EFFS9159320721097,ACTIVE,901.19,True,True,False,False,False,False
MCH3324,Char-Gera,5699,GARMENTS,PARTNERSHIP,PUNE,MAHARASHTRA,2026-02-20 00:00:00,DLMI3626046968894,SUSPENDED,2076.73,True,True,False,False,False,False
MCH3927,Basak-Shukla,04814,MOBILE_RECHARGE,PRIVATE_LIMITED,JALANDAR,PUNJAB,2023-03-18 00:00:00,KBJY1537538735375,INACTIVE,980.64,False,True,False,False,False,False
MCH2459,Gala and Sons,4131,TRANSPORT,SOLE_PROPRIETOR,JAIPUR,RAJASTHAN,2025-04-16 00:00:00,OKFD4897091413997,ACTIVE,789.05,True,True,False,False,False,False
MCH9804,Bhasin-Peri,5311,DEPT_STORE,SOLE_PROPRIETOR,CHENNAI,TAMIL_NADU,2023-12-21 00:24:00,,SUSPENDED,962.52,True,False,False,False,False,False
MCH9632,KADE-SHERE,5311,DEPARTMENT_STORES,SOLE_PROPRIETOR,NEW_DELHI,DELHI,2025-11-28 00:00:00,,ACTIVE,895.55,True,False,False,False,False,False
MCH5896,Kale Group,5942,BOOK_STORE,INDIVIDUAL,HYDERABAD,TELANGANA,2023-07-21 00:00:00,3922466271,ACTIVE,533.74,True,True,False,False,False,False
MCH9583,"Borra, Mutti and Chaudhary",05812,RESTAURANTS,PRIVATE_LIMITED,LDH,PUNJAB,2023-05-13 01:02:41,3322589465,ACTIVE,1408.6,False,True,False,False,False,False
MCH6548,"Kaur, Puri and Agate",4814,TELECOM,PARTNERSHIP,HYD,TELANGANA,2023-09-24 18:14:00,0487365346,ACTIVE,1154.74,True,True,False,False,False,False
MCH4776,Bobal-Dutta,5411,GROCERY_STORES,INDIVIDUAL,HYD,TELANGANA,2026-02-26 11:47:00,1427903652,ACTIVE,831.82,True,True,False,False,False,False
MCH2137,DyalInc,4131,TRANSPORTATION,PARTNERSHIP,AMRITSAR,PUNJAB,2023-03-01 00:00:00,,ACTIVE,2285.47,True,False,False,False,False,False
MCH2726,"Shukla, Trivedi and Balan",5411,GROCERY_STORES,PRIVATE_LIMITED,AMRITSAR,PUNJAB,2023-04-04 00:00:00,DPXX2201328447445,ACTIVE,7491.26,True,True,False,False,False,False
MCH6284,Ta1war Ltd,7011,HOTELS,PARTNERSHIP,AMRITSAR,PUNJAB,2025-11-27 00:00:00,6681997576,ACTIVE,,True,True,True,False,False,False
MCH7698,Bhatnagar Inc,05999,MISC_RETAIL,INDIVIDUAL,LUCKNOW,UTTAR_PRADESH,2023-08-24 00:13:02,8131154936,ACTIVE,1276.92,False,True,False,False,False,False
MCH2628,Muni PLC,,DEPT_STORE,INDIVIDUAL,PUNE,MAHARASHTRA,2024-07-13 00:00:00,1524505804,ACTIVE,,False,True,True,False,False,False
MCH5518,Mannan Inc,5999,OTHER,PARTNERSHIP,HYD,TELANGANA,2024-03-28 22:25:18,,ACTIVE,1107.87,True,False,False,False,False,False
MCH3804,"Pingle, Choudhry and Sastry",05942,STATIONERY,SOLE_PROPRIETOR,DELHI,DELHI,2025-10-13 00:00:00,,ACTIVE,729.5,False,False,False,False,False,False
MCH8896,"Luthra, Kata and Bansal",5812,FOOD_SERVICES,PRIVATE_LIMITED,JAIPUR,RAJASTHAN,2025-09-18 00:00:00,,ACTIVE,,True,False,False,False,False,False
MCH8421,"KANNAN, NATH AND KALA",4131,TRANSPRT,PRIVATE_LIMITED,ASR,PUNJAB,2024-01-31 00:00:00,,SUSPENDED,612.51,True,False,False,False,False,False
MCH8427,"Hegde, Bajaj and Sura",5699,CLOTHING,PARTNERSHIP,JALANDAR,PUNJAB,2024-10-07 00:00:00,,ACTIVE,557.6,True,False,False,False,False,False
MCH9165,"Iyengar, Raja and Bhasin",5411,GROCERY,PRIVATE_LIMITED,LKO,UTTAR_PRADESH,2024-03-01 00:00:00,XXXX0194,ACTIVE,1898.13,True,False,False,False,False,False
MCH6545,"Chanda, Mittal and Venkatesh",5912,CHEMIST,INDIVIDUAL,KOLKATA,WEST_BENGAL,,0281511993,ACTIVE,909.37,True,True,False,False,False,False
MCH6870,Basak Group,4814,PHONE_SERVICE,SOLE_PROPRIETOR,POONA,MAHARASHTRA,2025-04-03 00:00:00,5001363774,ACTIVE,2497.95,True,True,False,False,False,False
MCH3955,"Dutta, Boase and Jha",5812,FOOD_SERVICES,PARTNERSHIP,JAIPUR,RAJASTHAN,,7839475828,ACTIVE,935.24,True,True,False,False,False,False
MCH7206,srivastava and sons,5411,KIRANA,PRIVATE_LIMITED,LUCKNOW,UTTAR_PRADESH,2025-08-18 00:00:00,1550287427,ACTIVE,1434.41,True,True,False,False,False,False
MCH5734,BALAN INC,5311,DEPARTMENT_STORE,PRIVATE_LIMITED,JALANDHAR,PUNJAB,2025-05-20 00:00:00,,ACTIVE,2000.53,True,False,False,False,False,False
MCH2384,Sarkar-Aur0ra,5912,CHEMIST,SOLE_PROPRIETOR,JAIPUR,RAJASTHAN,2025-01-22 04:54:23,,ACTIVE,4909.55,True,False,False,False,False,False
MCH4227,Panchal PLC,5999,OTHER,SOLE_PROPRIETOR,KOLKATA,WEST_BENGAL,2025-01-09 00:00:00,,ACTIVE,1533.36,True,False,False,False,False,False
MCH3301,REDDY AND SONS,5942,BOOKS,PARTNERSHIP,JPR,RAJASTHAN,2023-06-25 03:39:00,5060880178,ACTIVE,2571.65,True,True,False,False,False,False
MCH5269,Swaminathan-Barman,UNKNOWN,BOOK_STORE,SOLE_PROPRIETOR,PUNE,MAHARASHTRA,,ZNGO2188869689395,ACTIVE,526.0,False,True,False,False,True,False
MCH6314,Tella-Sachdeva,4131,TRANSPORTATION,SOLE_PROPRIETOR,LUCKNOW,UTTAR_PRADESH,2023-01-22 00:00:00,,ACTIVE,2661.98,True,False,False,False,False,False
MCH6481,"Virk, Shan and Chopra",5812,FOOD_SERVICES,INDIVIDUAL,PUNE,MAHARASHTRA,2024-08-07 14:41:31,3425983900,ACTIVE,2726.92,True,True,False,False,False,False
MCH1294,Rajagopalan Group,05912,MEDICAL,INDIVIDUAL,AMRITSAR,PUNJAB,2024-08-29 05:38:00,XXXX1888,ACTIVE,539.82,False,False,False,False,False,False
MCH8297,Rai and Sons,5942,BOOK_STORE,PARTNERSHIP,CHENNAI,TAMIL_NADU,2024-07-20 05:48:00,EMJO2764357164899,ACTIVE,618.85,True,True,False,False,False,False
MCH1383,dubey group,MISC,GROCERY,INDIVIDUAL,HYDERABAD,TELANGANA,,JDGO5125225131187,ACTIVE,,False,True,False,False,True,False
MCH3214,Dubey Inc,4131,TRANSPRT,INDIVIDUAL,BANGALORE,KARNATAKA,2024-07-24 00:45:00,1238686450,ACTIVE,2052.0,True,True,False,False,False,False
MCH3641,"khurana, barman and suresh",5699,FASHION,INDIVIDUAL,DELHI,DELHI,,XXXX0826,ACTIVE,2224.44,True,False,False,False,True,False
MCH6273,"Dubey, Narula and Jhaveri",5311,DEPARTMENT_STORE,PRIVATE_LIMITED,PUNE,MAHARASHTRA,2025-05-06 00:00:00,,ACTIVE,754.63,True,False,False,False,False,False
MCH8400,Banerjee Inc,5812,RESTAURANTS,SOLE_PROPRIETOR,LUCKNOW,UTTAR_PRADESH,,,ACTIVE,,True,False,False,False,False,False
MCH5793,Pathak Group,4131,BUS_TAXI,INDIVIDUAL,MUMBAI,MAHARASHTRA,2025-04-27 00:00:00,5675595225,ACTIVE,1570.7,True,True,False,False,False,False
MCH5745,"Bahri, Dutta and Narang",4131,TRANSPRT,INDIVIDUAL,BENGALURU,KARNATAKA,2024-03-27 07:33:00,GWGG2673614762721,ACTIVE,955.1,True,True,False,False,False,False
MCH4246,Rama-Dasgupta,5311,RETAIL,INDIVIDUAL,AMRITSAR,PUNJAB,,,ACTIVE,2336.28,True,False,False,False,True,False
MCH6806,Badal-Bhasin,5411,GROCERY_STORE,INDIVIDUAL,HYDERABAD,TELANGANA,2025-12-05 00:00:00,,ACTIVE,23208.4,True,False,False,False,False,False
MCH6818,"Halder, Tata and Chand",7011,HOTELS,SOLE_PROPRIETOR,KOLKATA,WEST_BENGAL,2025-04-20 00:00:00,,ACTIVE,233.0,True,False,False,False,False,False
MCH5378,Chaudhari Inc,7011,HOSPITALITY,INDIVIDUAL,BENGALURU,KARNATAKA,2023-12-12 00:00:00,XXXX0207,ACTIVE,,True,False,False,False,False,False
MCH4904,"Verma, Tak and Morar",04814,PHONE_SERVICE,PARTNERSHIP,MUMBAI,MAHARASHTRA,,,ACTIVE,457.36,False,False,False,False,False,False
MCH3561,Kumar LLC,05812,FOOD,PARTNERSHIP,MADRAS,TAMIL_NADU,2025-10-18 00:00:00,9204267445,ACTIVE,715.0,False,True,False,False,False,False
MCH2945,Agarwa1-Cherian,UNKNOWN,MOBILE_RECHARGE,SOLE_PROPRIETOR,JALANDAR,PUNJAB,2025-10-06 00:00:00,XXXX2889,INACTIVE,1759.15,False,False,False,False,False,False
MCH8656,Singh PLC,,BOOK_STORE,INDIVIDUAL,BANGALORE,KARNATAKA,,RQTA6882310547982,ACTIVE,9885.11,False,True,False,False,True,False
MCH3442,Choudhry-Ravi,05699,CLOTHING,PARTNERSHIP,BOMBAY,MAHARASHTRA,2025-09-09 00:00:00,XXXX0565,ACTIVE,3189.0,False,False,False,False,False,False
MCH4733,Sankar Inc,5411,GROCERY_STORE,SOLE_PROPRIETOR,JAIPUR,RAJASTHAN,2023-01-25 00:00:00,XXXX7201,ACTIVE,1176.53,True,False,False,False,False,False
MCH5303,walla inc,5311,DEPARTMENT_STORES,PRIVATE_LIMITED,MADRAS,TAMIL_NADU,,,ACTIVE,1019.0,True,False,False,False,False,False
MCH8536,Boase PLC,UNKNOWN,TELECOM,PARTNERSHIP,BOMBAY,MAHARASHTRA,2024-10-23 00:00:00,,ACTIVE,3149.45,False,False,False,False,False,False
MCH5410,Ganesh LLC,7011,HOTEL,PARTNERSHIP,DELHI,DELHI,2023-01-13 16:09:00,,ACTIVE,1114.19,True,False,False,False,False,False
MCH1138,"Shan,BuchandTank",5942,BOOKS_STATIONERY,SOLE_PROPRIETOR,BANGALORE,KARNATAKA,,XXXX0724,ACTIVE,1369.64,True,False,False,False,True,False
MCH1652,Tripathi-Vasa,05311,DEPT_STORE,PRIVATE_LIMITED,AMRITSAR,PUNJAB,,7462856821,INACTIVE,1419.63,False,True,False,False,True,False
MCH4604,"Som, Kalla and Dada",05699,CLOTHS,SOLE_PROPRIETOR,CHENNAI,TAMIL_NADU,2024-07-02 15:25:30,,ACTIVE,1478.97,False,False,False,False,False,False
MCH9380,CHAKRABARTI GROUP,5812,FOOD_SERVICES,PRIVATE_LIMITED,LUDHIANA,PUNJAB,2023-11-23 00:00:00,ECMM7078142170981,ACTIVE,199.0,True,True,False,False,False,False
MCH1015,Mannan-Subramaniam,7011,HOTELS,INDIVIDUAL,HYD,TELANGANA,2024-05-19 00:00:00,,ACTIVE,,True,False,True,False,False,False
MCH8053,CHHABRA INC,04814,TELECOM,INDIVIDUAL,HYDERABAD,TELANGANA,2023-03-29 01:53:59,XXXX7777,ACTIVE,1235.44,False,False,False,False,False,False
MCH8033,"Kala, Mahal and Dash",5311,DEPARTMENT_STORE,INDIVIDUAL,HYDERABAD,TELANGANA,,XXXX2251,SUSPENDED,1390.13,True,False,False,False,True,False
MCH7260,Kunda Inc,7011,HOSPITALITY,PRIVATE_LIMITED,JALANDHAR,PUNJAB,2024-06-20 00:00:00,,ACTIVE,391.11,True,False,False,False,False,False
MCH8713,"Shere, Loke and Butala",4814,PHONE_SERVICE,PRIVATE_LIMITED,DELHI,DELHI,,,INACTIVE,,True,False,True,False,False,False
MCH6001,Murthy-Batra,7011,HOTELS,SOLE_PROPRIETOR,JALANDAR,PUNJAB,2024-08-31 00:00:00,DRAQ5734718978671,ACTIVE,1116.47,True,True,False,False,False,False
MCH1792,Palan-Naidu,5699,CLOTHS,PARTNERSHIP,BENGALURU,KARNATAKA,2023-01-28 00:00:00,JXLM1363091809821,ACTIVE,443.5,True,True,False,False,False,False
MCH8129,"Devan, Ramesh and 0ak",5311,DEPARTMENT_STORES,INDIVIDUAL,KOLKATA,WEST_BENGAL,2025-03-22 13:11:16,XXXX5824,ACTIVE,2940.0,True,False,False,False,False,False
MCH1775,Karnik Inc,5411,GROCERY_STORE,PRIVATE_LIMITED,LUCKNOW,UTTAR_PRADESH,2023-04-13 08:51:51,MCRQ9864671908344,ACTIVE,313.0,True,True,False,False,False,False
MCH6593,"Thakur, V0hra and Kar",5411,KIRANA,PRIVATE_LIMITED,HYDERABAD,TELANGANA,2025-05-26 00:00:00,,ACTIVE,5861.0,True,False,False,False,False,False
MCH5556,Pau-Kale,5912,MEDICAL_STORE,PRIVATE_LIMITED,MUMBAI,MAHARASHTRA,2023-10-31 04:23:01,FLTM9160494360696,ACTIVE,513.95,True,True,False,False,False,False
MCH2024,"Ram, Manda and Chopra",4131,TRANSPORTATION,SOLE_PROPRIETOR,PUNE,MAHARASHTRA,2025-07-24 00:00:00,,ACTIVE,,True,False,True,False,False,False
MCH8932,"Venkatesh, Nayak and Ravel",,OTHER,PRIVATE_LIMITED,LUCKNOW,UTTAR_PRADESH,,STLO0893921270298,ACTIVE,1585.03,False,True,False,False,True,False
MCH4419,Gill-Ratta,5912,MEDICAL_STORE,SOLE_PROPRIETOR,JPR,RAJASTHAN,2024-09-15 14:40:00,ETZF4377515836271,ACTIVE,1442.51,True,True,False,False,False,False
MCH5856,"WASON, SAVANT AND BAHL",UNKNOWN,MISCELLANEOUS,INDIVIDUAL,MUMBAI,MAHARASHTRA,,,ACTIVE,944.06,False,False,False,False,True,False
MCH1060,Goda and Sons,5311,DEPT_STORE,SOLE_PROPRIETOR,MADRAS,TAMIL_NADU,2023-05-18 00:00:00,2862334269,INACTIVE,2371.8,True,True,False,False,False,False
MCH4433,"PATIL, SUBRAMANIAN AND MADAN",7011,HOSPITALITY,PARTNERSHIP,CALCUTTA,WEST_BENGAL,2023-01-23 00:00:00,KNSD2742017347383,ACTIVE,830.16,True,True,False,False,False,False
MCH9401,Ravi LLC,07011,HOTELS,SOLE_PROPRIETOR,PUNE,MAHARASHTRA,2025-11-14 00:00:00,1215375647,ACTIVE,1824.72,False,True,False,False,False,False
MCH8098,"Babu, Gupta and Bir",5812,RESTAURANTS,PARTNERSHIP,LKO,UTTAR_PRADESH,,FYXA2708849715447,ACTIVE,320.71,True,True,False,False,False,False
MCH7564,"Mahal, Thaman and Dani",,BOOKS_STATIONERY,SOLE_PROPRIETOR,JALANDHAR,PUNJAB,2023-12-23 00:00:00,7935535958,ACTIVE,503.13,False,True,False,False,False,False
MCH7063,"THAKER, GROVER AND MOHANTY",,MISC_RETAIL,INDIVIDUAL,NEW_DELHI,DELHI,2024-01-19 00:00:00,,INACTIVE,,False,False,False,False,False,False
MCH3040,"Dhar, Kunda and Desai",05411,GROCERY_STORE,PARTNERSHIP,JAIPUR,RAJASTHAN,2025-03-05 00:00:00,,ACTIVE,267.0,False,False,False,False,False,False
MCH1237,Agarwal-Kibe,07011,HOSPITALITY,PARTNERSHIP,MUMBAY,MAHARASHTRA,2023-03-30 00:00:00,CKEI2680343648784,ACTIVE,750.84,False,True,False,False,False,False
MCH2014,Bali-Mani,7011,HOTELS,INDIVIDUAL,PUNE,MAHARASHTRA,2023-08-01 09:32:25,ARLE1914445816062,ACTIVE,8107.98,True,True,False,False,False,False
MCH5251,Sehgal-Yadav,5411,GROCERIES,SOLE_PROPRIETOR,BENGALURU,KARNATAKA,2024-11-18 00:00:00,XUHW6533831586352,ACTIVE,625.43,True,True,False,False,False,False
MCH8967,Kade-Sama,05699,CLOTHS,PARTNERSHIP,DELHI,DELHI,2023-02-18 00:00:00,,ACTIVE,,False,False,False,False,False,False
MCH2350,Tata-Palla,5699,CLOTHS,PRIVATE_LIMITED,JAIPUR,RAJASTHAN,2025-01-29 00:00:00,,ACTIVE,1391.95,True,False,False,False,False,False
MCH3093,"B0ba1, Madan and Narain",,MISCELLANEOUS,INDIVIDUAL,JALANDHAR,PUNJAB,2025-06-12 00:00:00,6552427779,INACTIVE,2015.86,False,True,False,False,False,False
MCH8331,Yogi Inc,5999,RETAIL_OTHER,SOLE_PROPRIETOR,BLR,KARNATAKA,2025-05-07 00:00:00,,INACTIVE,1372.86,True,False,False,False,False,False
MCH2236,Yohannan-Chada,5311,DEPT_STORE,PRIVATE_LIMITED,KOLKATA,WEST_BENGAL,2023-01-24 08:58:43,3926948531,INACTIVE,5340.64,True,True,False,False,False,False
MCH3005,"Saxena, Narain and Mander",5699,APPAREL,PRIVATE_LIMITED,KOLKATA,WEST_BENGAL,2024-03-25 00:00:00,RIGO9314848159457,INACTIVE,1149.79,True,True,False,False,False,False
MCH5957,Bose PLC,5942,BOOKS_STATIONERY,PARTNERSHIP,JAIPUR,RAJASTHAN,2023-09-22 00:00:00,,INACTIVE,1309.17,True,False,False,False,False,False
MCH1320,Babu-Khatri,5699,FASHION,INDIVIDUAL,KOLKATA,WEST_BENGAL,2023-11-24 10:52:12,XXXX8923,SUSPENDED,,True,False,False,False,False,False
MCH9984,"Dash, Radhakrishnan and Singh",4131,TRANSPORT,SOLE_PROPRIETOR,ASR,PUNJAB,2025-11-01 00:00:00,4065235597,ACTIVE,956.87,True,True,False,False,False,False
MCH5293,PINGLE PLC,5999,MISCELLANEOUS,INDIVIDUAL,DELHI,DELHI,,XXXX2228,ACTIVE,1088.29,True,False,False,False,True,False
MCH2133,Bose-Saraf,5999,MISC_RETAIL,SOLE_PROPRIETOR,MUMBAI,MAHARASHTRA,2024-09-19 00:00:00,6035698626,ACTIVE,,True,True,True,False,False,False
MCH3470,CHOPRA-GARDE,4814,TELECOM,INDIVIDUAL,BANGALORE,KARNATAKA,,,ACTIVE,509.62,True,False,False,False,True,False
MCH1420,Aggarwal-Garde,4131,BUS_TAXI,SOLE_PROPRIETOR,MUMBAI,MAHARASHTRA,2024-03-18 00:00:00,XXXX4337,ACTIVE,830.85,True,False,False,False,False,False
MCH1340,Pingle-Lad,5999,MISC_RETAIL,INDIVIDUAL,CHENNAI,TAMIL_NADU,,,ACTIVE,,True,False,False,False,True,False
MCH1786,"Ganguly, Mammen and Babu",5411,GROCERIES,SOLE_PROPRIETOR,PUNE,MAHARASHTRA,2025-05-22 00:00:00,YNDF5378176701295,ACTIVE,1212.0,True,True,False,False,False,False
MCH5671,Bava-Arya,5699,FASHION,PRIVATE_LIMITED,HYDERABAD,TELANGANA,2023-11-18 22:06:00,SNRX5730951285773,ACTIVE,2123.47,True,True,False,False,False,False
MCH2681,Upadhyay-Bava,7011,HOSPITALITY,INDIVIDUAL,PUNE,MAHARASHTRA,2024-02-16 00:00:00,YHMW6591611383032,ACTIVE,230.72,True,True,False,False,False,False
MCH6745,Chaudry PLC,7011,HOSPITALITY,INDIVIDUAL,LUCKNOW,UTTAR_PRADESH,2023-05-16 00:00:00,,INACTIVE,2605.91,True,False,False,False,False,False
MCH1647,NARULA LLC,5699,FASHION,INDIVIDUAL,LUDHIANA,PUNJAB,,5628842369,SUSPENDED,1898.14,True,True,False,False,True,False
MCH4578,"Pancha1, Ch0pra and Ma11",5942,BOOK_STORE,PRIVATE_LIMITED,CHENNAI,TAMIL_NADU,2023-07-22 00:00:00,IFCV0550743259811,INACTIVE,2039.12,True,True,False,False,False,False
MCH3341,Ramesh Inc,5912,PHARMACY,INDIVIDUAL,MUMBAY,MAHARASHTRA,2024-11-15 02:33:00,,ACTIVE,1745.15,True,False,False,False,False,False
MCH1333,Sastry PLC,4814,PHONE_SERVICE,INDIVIDUAL,AMRITSAR,PUNJAB,2025-09-18 18:25:49,DIOZ5944277163234,INACTIVE,1548.51,True,True,False,False,False,False
MCH1174,Mander-Kari,05411,GROCERIES,PARTNERSHIP,JALANDAR,PUNJAB,,,ACTIVE,1013.97,False,False,False,False,True,False
MCH8784,"Iyengar, Savant and Sehgal",4131,TRANSPRT,PRIVATE_LIMITED,BOMBAY,MAHARASHTRA,2024-01-12 00:00:00,,ACTIVE,575.0,True,False,False,False,False,False
MCH6017,Hayer Group,5812,RESTAURANTS,PRIVATE_LIMITED,MUMBAI,MAHARASHTRA,2024-11-24 00:00:00,,ACTIVE,,True,False,True,False,False,False
MCH9763,Bhatnagar-Ramesh,5699,CLOTHS,INDIVIDUAL,BENGALURU,KARNATAKA,2023-03-24 10:13:00,FAWR8699456284349,ACTIVE,2954.71,True,True,False,False,False,False
MCH4909,"Sharaf, Lalla and Rattan",,BOOKS,SOLE_PROPRIETOR,CALCUTTA,WEST_BENGAL,2025-02-16 20:04:00,5725440715,SUSPENDED,650.04,False,True,False,False,False,False
MCH6982,Manda and Sons,4814,MOBILE_RECHARGE,PARTNERSHIP,DELHI,DELHI,2024-01-30 20:46:00,UKBI1493589511002,INACTIVE,,True,True,True,False,False,False
MCH4221,"Rastogi, Goda and Naidu",5999,RETAIL_OTHER,INDIVIDUAL,JALANDHAR,PUNJAB,,,ACTIVE,745.75,True,False,False,False,False,False
MCH1934,"Deol,DugarandParmer",5942,STATIONERY,PRIVATE_LIMITED,MADRAS,TAMIL_NADU,2025-06-26 13:50:54,,ACTIVE,2520.96,True,False,False,False,False,False
MCH7600,"Karnik, Thakur and Palla",5912,MEDICAL,SOLE_PROPRIETOR,HYDERABAD,TELANGANA,2023-04-24 05:46:43,,ACTIVE,1154.91,True,False,False,False,False,False
MCH9745,Chaudhuri PLC,MISC,CLOTHS,SOLE_PROPRIETOR,PUNE,MAHARASHTRA,2025-05-26 00:00:00,LAJQ5592021482333,INACTIVE,475.31,False,True,False,False,False,False
MCH4421,natarajan-borah,5999,MISCELLANEOUS,SOLE_PROPRIETOR,MUMBAI,MAHARASHTRA,2024-11-21 00:00:00,,ACTIVE,1261.07,True,False,False,False,False,False
MCH3490,Sachdev-Din,5411,KIRANA,INDIVIDUAL,DELHI,DELHI,2023-02-21 00:00:00,VNMY8994386086089,SUSPENDED,570.0,True,True,False,False,False,False
MCH8264,"Hayer, Pant and Suresh",4131,BUS_TAXI,PRIVATE_LIMITED,JPR,RAJASTHAN,,WKHI8476650778332,ACTIVE,2906.17,True,True,False,False,True,False
MCH7567,badal-tripathi,5699,GARMENTS,PARTNERSHIP,DELHI,DELHI,2023-01-23 14:11:00,,ACTIVE,581.85,True,False,False,False,False,False
MCH6419,"Bhalla, Dubey and Salvi",,MEDICAL,SOLE_PROPRIETOR,JAIPUR,RAJASTHAN,2024-01-15 01:23:00,,ACTIVE,3881.01,False,False,False,False,False,False
MCH6143,"MURTHY, KALA AND MANGAT",5812,EATING_PLACE,INDIVIDUAL,HYD,TELANGANA,2023-03-26 16:00:36,3144502115,ACTIVE,,True,True,True,False,False,False
MCH7681,"Aggarwal, Raj and Mand",5311,RETAIL,INDIVIDUAL,AMRITSAR,PUNJAB,2023-07-26 00:00:00,6309524938,ACTIVE,148.0,True,True,False,False,False,False
MCH4141,Sarkar and Sons,4814,MOBILE_RECHARGE,PARTNERSHIP,BANGALORE,KARNATAKA,,,ACTIVE,1485.34,True,False,False,False,True,False
MCH8571,"Sahni, Arya and Guha",4131,BUS_TAXI,PRIVATE_LIMITED,KOLKATA,WEST_BENGAL,,XXXX6085,ACTIVE,1192.48,True,False,False,False,False,False
MCH6697,"Chanda, Chakraborty and Mand",4814,TELECOM,INDIVIDUAL,PUNE,MAHARASHTRA,2025-09-29 15:02:00,4744924569,ACTIVE,706.35,True,True,False,False,False,False
MCH1881,"Bawa, Ganesan and Oak",5912,MEDICAL,PARTNERSHIP,CHENNAI,TAMIL_NADU,2023-12-14 00:00:00,,SUSPENDED,,True,False,True,False,False,False
MCH7586,RandhawaInc,05812,EATING_PLACE,PARTNERSHIP,CHENNAI,TAMIL_NADU,2025-06-21 00:00:00,,INACTIVE,629.75,False,False,False,False,False,False
MCH8374,nadig-batra,5699,FASHION,PARTNERSHIP,ASR,PUNJAB,2024-02-21 17:20:06,VELJ0567478440820,ACTIVE,831.77,True,True,False,False,False,False
MCH1553,basu-varma,5942,BOOK_STORE,SOLE_PROPRIETOR,CALCUTTA,WEST_BENGAL,,,ACTIVE,1630.0,True,False,False,False,False,False
MCH7957,Keer-Khalsa,,RETAIL,SOLE_PROPRIETOR,AMRITSAR,PUNJAB,2025-11-21 00:00:00,,ACTIVE,1690.94,False,False,False,False,False,False
MCH2250,Borra and Sons,5942,BOOKS,INDIVIDUAL,HYDERABAD,TELANGANA,2024-07-18 18:37:00,XXXX4935,ACTIVE,,True,False,False,False,False,False
MCH7023,Mannan-Mallick,5999,MISC_RETAIL,INDIVIDUAL,HYDERABAD,TELANGANA,,BQNS1502974429250,ACTIVE,1891.27,True,True,False,False,False,False
MCH5546,B0rde Inc,5311,RETAIL,INDIVIDUAL,LUDHIANA,PUNJAB,2024-09-27 00:00:00,JPIE0555435223526,ACTIVE,1430.97,True,True,False,False,False,False
MCH5494,raja ltd,05942,STATIONERY,PARTNERSHIP,LUDHIANA,PUNJAB,2025-07-19 00:00:00,XXXX2189,ACTIVE,209.91,False,False,False,False,False,False
MCH9714,Issac-Pall,5912,PHARMACIES,PRIVATE_LIMITED,MADRAS,TAMIL_NADU,2024-07-06 12:33:24,,INACTIVE,925.43,True,False,False,False,False,False
MCH2532,Chad Inc,05999,RETAIL_OTHER,PARTNERSHIP,JPR,RAJASTHAN,,SDKV0929160095786,INACTIVE,351.38,False,True,False,False,True,False
MCH6776,"Khanna, Kadakia and Hans",5942,BOOKS_STATIONERY,PARTNERSHIP,JALANDAR,PUNJAB,2024-12-16 14:27:00,,ACTIVE,7527.28,True,False,False,False,False,False
MCH9208,Lala-Tiwari,05942,BOOKS_STATIONERY,PARTNERSHIP,ASR,PUNJAB,2023-05-17 00:00:00,,INACTIVE,338.09,False,False,False,False,False,False
MCH3930,Kashyap-Rastogi,5699,APPAREL,INDIVIDUAL,LKO,UTTAR_PRADESH,,XXXX4709,ACTIVE,510.04,True,False,False,False,False,False
MCH7618,"Thaman, Parikh and Dubey",7011,HOTEL_LODGING,PRIVATE_LIMITED,DELHI,DELHI,2025-11-22 00:00:00,SGHB3691205385794,ACTIVE,244.24,True,True,False,False,False,False
MCH7621,"Sankaran, Sur and Panchal",5812,RESTAURANTS,INDIVIDUAL,JAIPUR,RAJASTHAN,2023-01-03 00:00:00,XXXX7790,ACTIVE,1992.6,True,False,False,False,False,False
MCH4589,"Sathe, Bumb and Shankar",5699,GARMENTS,SOLE_PROPRIETOR,AMRITSAR,PUNJAB,2024-10-27 01:28:39,XXXX1983,ACTIVE,76.99,True,False,False,False,False,False
MCH2191,"CHOUDHRY, RAI AND CHOKSHI",,BOOK_STORE,PRIVATE_LIMITED,CHENNAI,TAMIL_NADU,2025-04-14 00:00:00,,ACTIVE,3020.11,False,False,False,False,False,False
MCH8955,"Gade, Venkatesh and Bedi",,MISCELLANEOUS,SOLE_PROPRIETOR,BLR,KARNATAKA,2023-05-13 13:02:00,LWFG7573237346886,ACTIVE,455.69,False,True,False,False,False,False
MCH3591,"Panchal, Balasubramanian and Dey",05942,STATIONERY,PRIVATE_LIMITED,KOLKATA,WEST_BENGAL,2025-03-15 00:00:00,9832386733,ACTIVE,2193.61,False,True,False,False,False,False
MCH8221,Kala-Bajaj,5942,BOOK_STORE,SOLE_PROPRIETOR,BENGALURU,KARNATAKA,,5133526509,INACTIVE,1133.63,True,True,False,False,False,False
MCH2552,"Saran, Dyal and Wable",4814,PHONE_SERVICE,PARTNERSHIP,HYDERABAD,TELANGANA,2023-10-19 00:00:00,XXXX2290,ACTIVE,1588.96,True,False,False,False,False,False
MCH7784,dave-babu,5912,MEDICAL,PARTNERSHIP,LUDHIANA,PUNJAB,2023-03-16 00:00:00,XXXX3111,ACTIVE,643.0,True,False,False,False,False,False
MCH1853,Narayanan-Chander,4131,TRANSPORT,SOLE_PROPRIETOR,ASR,PUNJAB,,GGYD8312524893538,ACTIVE,13872.38,True,True,False,False,True,False
MCH9201,Ramachandran PLC,4814,PHONE_SERVICE,PRIVATE_LIMITED,JPR,RAJASTHAN,2024-10-02 18:21:00,,ACTIVE,1064.13,True,False,False,False,False,False
MCH3439,"PALAN, BORA AND PURI",5411,KIRANA,PRIVATE_LIMITED,LUDHIANA,PUNJAB,,AHWJ3061043363701,ACTIVE,1840.58,True,True,False,False,True,False
MCH8163,"Sama, Pant and Tara",UNKNOWN,BOOKS_STATIONERY,PRIVATE_LIMITED,LUCKNOW,UTTAR_PRADESH,2025-06-13 00:00:00,,ACTIVE,,False,False,True,False,False,False
MCH4090,DubeGroup,5311,DEPARTMENT_STORE,INDIVIDUAL,JAIPUR,RAJASTHAN,,NPEH3410333318653,ACTIVE,5497.54,True,True,False,False,True,False
MCH6751,Jhaveri-Rege,5942,BOOK_STORE,PRIVATE_LIMITED,JALANDHAR,PUNJAB,2023-07-30 00:00:00,,ACTIVE,1649.91,True,False,False,False,False,False
MCH2770,Nagi PLC,5999,RETAIL_OTHER,INDIVIDUAL,JAIPUR,RAJASTHAN,2024-05-06 13:56:02,,SUSPENDED,,True,False,True,False,False,False
MCH2274,kade-wadhwa,5699,CLOTHING,PARTNERSHIP,DELHI,DELHI,,,ACTIVE,,True,False,False,False,False,False
MCH4275,RAVAL-BORA,5812,RESTAURANT,SOLE_PROPRIETOR,JPR,RAJASTHAN,2024-04-18 04:43:05,3945076989,ACTIVE,1335.0,True,True,False,False,False,False
MCH5458,"Korpal, Venkatesh and Choudhary",7011,HOTEL,INDIVIDUAL,JPR,RAJASTHAN,2024-03-17 02:49:02,,ACTIVE,,True,False,False,False,False,False
MCH5997,"Kothari,BasuandKothari",5912,MEDICAL,SOLE_PROPRIETOR,DELHI,DELHI,2025-09-07 16:46:16,4059468429,INACTIVE,2459.46,True,True,False,False,False,False
MCH2675,Venkataraman-Rastogi,5942,BOOK_STORE,PRIVATE_LIMITED,ASR,PUNJAB,2025-06-23 00:00:00,YXGI4135701284971,ACTIVE,877.85,True,True,False,False,False,False
MCH5239,Saha Inc,5999,RETAIL_OTHER,INDIVIDUAL,LKO,UTTAR_PRADESH,2025-09-29 00:00:00,,ACTIVE,6907.0,True,False,False,False,False,False
MCH3907,"oza, sachdev and sarkar",5812,FOOD_SERVICES,PRIVATE_LIMITED,JALANDHAR,PUNJAB,,XXXX6224,ACTIVE,2184.56,True,False,False,False,False,False
MCH6009,"Nagar, Chowdhury and Raghavan",UNKNOWN,STATIONERY,PRIVATE_LIMITED,PUNE,MAHARASHTRA,,XXXX6864,ACTIVE,1266.03,False,False,False,False,False,False
MCH8861,Prashad and Sons,5999,RETAIL_OTHER,INDIVIDUAL,CHENNAI,TAMIL_NADU,,XXXX5366,ACTIVE,,True,False,False,False,False,False
MCH2383,Dewan-Misra,4814,MOBILE_RECHARGE,SOLE_PROPRIETOR,LDH,PUNJAB,,,ACTIVE,923.06,True,False,False,False,True,False
MCH5141,Sinha Ltd,,APPAREL,SOLE_PROPRIETOR,JPR,RAJASTHAN,2025-07-27 00:03:05,XXXX0376,INACTIVE,764.85,False,False,False,False,False,False
MCH5037,"SEKHON, DHILLON AND BATH",5812,RESTAURANT,PARTNERSHIP,DELHI,DELHI,,8639611595,SUSPENDED,,True,True,False,False,True,False
MCH7074,Lalla-Iyengar,,PHARMACIES,INDIVIDUAL,JALANDHAR,PUNJAB,,9351816139,ACTIVE,732.21,False,True,False,False,True,False
MCH6137,"Sidhu, Ahuja and Kumar",5812,FOOD,PARTNERSHIP,BENGALURU,KARNATAKA,,0510702134,ACTIVE,1574.67,True,True,False,False,False,False
MCH2115,Kohli-Doshi,4131,TRAVEL,SOLE_PROPRIETOR,CHENNAI,TAMIL_NADU,2024-05-24 11:16:59,XXXX7245,ACTIVE,8526.65,True,False,False,False,False,False
MCH8177,"Ghose, Om and Dada",5912,CHEMIST,INDIVIDUAL,JAIPUR,RAJASTHAN,2023-01-25 03:52:09,VAWO9622110634974,ACTIVE,578.46,True,True,False,False,False,False
MCH2946,Nagy-Jani,4131,BUS_TAXI,SOLE_PROPRIETOR,MUMBAI,MAHARASHTRA,,1929586448,ACTIVE,316.0,True,True,False,False,False,False
MCH1973,Sastry Ltd,5699,CLOTHS,SOLE_PROPRIETOR,MADRAS,TAMIL_NADU,2024-12-23 00:00:00,,ACTIVE,1479.74,True,False,False,False,False,False
MCH7544,NARAYAN-OOMMEN,4814,TELECOM,INDIVIDUAL,JALANDAR,PUNJAB,2023-06-29 00:00:00,RSLP3867431498538,INACTIVE,1478.06,True,True,False,False,False,False
MCH8393,Salvi LLC,7011,HOTELS,PARTNERSHIP,JALANDHAR,PUNJAB,2024-10-18 00:00:00,XXXX4953,ACTIVE,1230.0,True,False,False,False,False,False
MCH9393,"Sehgal, Chawla and Korpal",5812,RESTAURANT,INDIVIDUAL,AMRITSAR,PUNJAB,,XXXX8440,ACTIVE,896.96,True,False,False,False,True,False
MCH2205,Parmer-Lad,5311,DEPARTMENT_STORE,INDIVIDUAL,DELHI,DELHI,2023-07-01 18:11:38,QDLE8658067283923,ACTIVE,986.0,True,True,False,False,False,False
MCH3908,Kanda LLC,5999,RETAIL_OTHER,SOLE_PROPRIETOR,PUNE,MAHARASHTRA,,2653904246,ACTIVE,,True,True,True,False,True,False
MCH4560,Shankar Ltd,4814,TELECOM,INDIVIDUAL,BLR,KARNATAKA,,,ACTIVE,1403.88,True,False,False,False,True,False
MCH7311,Jhaveri-Hans,7011,HOTEL_LODGING,SOLE_PROPRIETOR,MUMBAI,MAHARASHTRA,,RZUE2319491323812,ACTIVE,1009.0,True,True,False,False,True,False
MCH5472,Dua Group,5942,BOOKS_STATIONERY,PRIVATE_LIMITED,LUDHIANA,PUNJAB,2024-09-23 00:00:00,2328427852,ACTIVE,778.0,True,True,False,False,False,False
MCH8851,"Kanda, Kohli and Thaman",5812,RESTAURANT,SOLE_PROPRIETOR,JALANDHAR,PUNJAB,,,SUSPENDED,5573.07,True,False,False,False,False,False
MCH9681,Bawa PLC,05699,CLOTHING,PRIVATE_LIMITED,PUNE,MAHARASHTRA,2024-01-09 03:45:47,,ACTIVE,1913.04,False,False,False,False,False,False
MCH8641,Rai and Sons,4131,TRAVEL,INDIVIDUAL,LDH,PUNJAB,,,ACTIVE,,True,False,False,False,True,False
MCH6468,Golla-Murty,04131,TRANSPORTATION,PARTNERSHIP,HYDERABAD,TELANGANA,2024-06-20 00:00:00,,ACTIVE,,False,False,False,False,False,False
MCH8995,MAHAJAN GROUP,5999,RETAIL_OTHER,PARTNERSHIP,JALANDAR,PUNJAB,2023-09-12 00:00:00,XXXX2606,ACTIVE,2967.0,True,False,False,False,False,False
MCH1827,Saha Ltd,5999,OTHER,PARTNERSHIP,PUNE,MAHARASHTRA,2026-01-12 00:00:00,GFSK2439344528128,ACTIVE,790.89,True,True,False,False,False,False
MCH1529,"Sangha,BanerjeeandSengupta",7011,HOSPITALITY,PRIVATE_LIMITED,LUDHIANA,PUNJAB,2023-02-06 00:00:00,,INACTIVE,1257.59,True,False,False,False,False,False
MCH8923,Raja-Sur,4131,TRAVEL,INDIVIDUAL,HYDERABAD,TELANGANA,2023-05-29 00:00:00,,ACTIVE,1033.58,True,False,False,False,False,False
MCH8464,"Kapadia, Sarin and Bhargava",5411,GROCERY,SOLE_PROPRIETOR,LUDHIANA,PUNJAB,2024-07-19 17:44:00,,ACTIVE,1536.1,True,False,False,False,False,False
MCH8749,"Tara, Parmer and Walla",04131,TRAVEL,PRIVATE_LIMITED,KOLKATA,WEST_BENGAL,2025-06-19 00:00:00,BWRP8229942592433,INACTIVE,584.1,False,True,False,False,False,False
MCH4298,Jain Group,4814,MOBILE_RECHARGE,PRIVATE_LIMITED,NEW_DELHI,DELHI,,6571920723,INACTIVE,316.99,True,True,False,False,True,False
MCH8552,"Manne, Manda and Toor",4131,TRAVEL,SOLE_PROPRIETOR,PUNE,MAHARASHTRA,2023-08-19 00:00:00,,ACTIVE,,True,False,False,False,False,False
MCH5227,Gala PLC,7011,HOTEL,PARTNERSHIP,KOLKATA,WEST_BENGAL,2026-01-21 00:00:00,,ACTIVE,,True,False,False,False,False,False
MCH3323,Dey PLC,4814,TELECOM,SOLE_PROPRIETOR,JPR,RAJASTHAN,2024-12-24 05:37:48,XXXX2284,INACTIVE,559.08,True,False,False,False,False,False
MCH9199,Goda-Patel,4814,PHONE_SERVICE,PARTNERSHIP,LUCKNOW,UTTAR_PRADESH,2024-12-23 00:00:00,3404405124,ACTIVE,992.24,True,True,False,False,False,False
MCH4745,Divan-Rao,5311,DEPT_STORE,SOLE_PROPRIETOR,JALANDHAR,PUNJAB,,9446528330,ACTIVE,778.92,True,True,False,False,True,False
MCH4463,"KANT, VARMA AND MADAN",5411,KIRANA,INDIVIDUAL,ASR,PUNJAB,2023-01-26 00:00:00,XXXX8058,INACTIVE,703.89,True,False,False,False,False,False
MCH8296,D’Alia-Kannan,,MISC_RETAIL,PARTNERSHIP,MUMBAI,MAHARASHTRA,2023-07-29 00:00:00,,ACTIVE,659.86,False,False,False,False,False,False
MCH2585,ROY LLC,MISC,GROCERY,SOLE_PROPRIETOR,JPR,RAJASTHAN,2025-10-13 00:00:00,2320667701,ACTIVE,2233.97,False,True,False,False,False,False
MCH6427,Bose Inc,05999,MISC_RETAIL,PRIVATE_LIMITED,LUDHIANA,PUNJAB,,UHFS8061607261976,INACTIVE,1949.7,False,True,False,False,True,False
MCH7176,"SACHAR, WALI AND SAHA",04131,TRAVEL,INDIVIDUAL,KOLKATA,WEST_BENGAL,2026-02-13 00:00:00,7683191787,ACTIVE,980.72,False,True,False,False,False,False
MCH7679,Sodhi-Dugal,5411,GROCERY_STORE,INDIVIDUAL,JALANDAR,PUNJAB,2023-01-23 00:00:00,8562313994,ACTIVE,975.38,True,True,False,False,False,False
MCH6829,"Natarajan, Thaker and Aggarwal",5912,MEDICAL_STORE,SOLE_PROPRIETOR,MUMBAI,MAHARASHTRA,2024-01-24 00:00:00,,ACTIVE,1746.05,True,False,False,False,False,False
MCH4180,"Iyer, Saha and Kumar",7011,HOTELS,PARTNERSHIP,LKO,UTTAR_PRADESH,2025-04-16 00:00:00,2796320001,ACTIVE,3864.5,True,True,False,False,False,False
MCH4080,Jhaveri-Andra,5311,DEPARTMENT_STORE,SOLE_PROPRIETOR,JALANDHAR,PUNJAB,2024-06-18 00:00:00,,ACTIVE,4912.37,True,False,False,False,False,False
MCH8537,Sunder LLC,4131,TRAVEL,PRIVATE_LIMITED,CHENNAI,TAMIL_NADU,2025-09-16 00:00:00,FNGX1491502830694,INACTIVE,1072.34,True,True,False,False,False,False
MCH2639,Sunder-Keer,5411,GROCERY_STORES,PARTNERSHIP,JAIPUR,RAJASTHAN,2025-04-19 00:00:00,,ACTIVE,,True,False,True,False,False,False
MCH9697,Walla Ltd,,TELECOM,INDIVIDUAL,BANGALORE,KARNATAKA,2025-07-21 00:00:00,,ACTIVE,1081.86,False,False,False,False,False,False
MCH6643,"BALA, PALLA AND SRINIVAS",5942,STATIONERY,PRIVATE_LIMITED,JALANDAR,PUNJAB,2023-06-13 10:35:36,3868687292,ACTIVE,1698.35,True,True,False,False,False,False
MCH6208,Tak-Parmar,04814,TELECOM,PRIVATE_LIMITED,LKO,UTTAR_PRADESH,2024-03-16 00:00:00,XXXX8227,SUSPENDED,,False,False,False,False,False,False
MCH8639,"SODHI, KALA AND RAMASWAMY",5411,KIRANA,PARTNERSHIP,PUNE,MAHARASHTRA,2023-09-18 00:00:00,,ACTIVE,1544.0,True,False,False,False,False,False
MCH6574,"Thaman, Gupta and Barad",4814,PHONE_SERVICE,PRIVATE_LIMITED,PUNE,MAHARASHTRA,2024-03-03 13:31:25,2887690427,ACTIVE,1371.71,True,True,False,False,False,False
MCH4980,Batra LLC,5411,KIRANA,INDIVIDUAL,PUNE,MAHARASHTRA,,XXXX6176,ACTIVE,2806.42,True,False,False,False,False,False
MCH8046,Muni LLC,,PHARMACY,PARTNERSHIP,MUMBAI,MAHARASHTRA,,GNMM4947998232253,ACTIVE,401.9,False,True,False,False,True,False
MCH5190,"Saini,RanaandAggarwal",5411,GROCERY,SOLE_PROPRIETOR,MUMBAI,MAHARASHTRA,,4016367368,ACTIVE,1844.01,True,True,False,False,False,False
MCH2577,Dua Inc,05812,RESTAURANTS,SOLE_PROPRIETOR,BLR,KARNATAKA,2023-11-23 00:00:00,,ACTIVE,23536.65,False,False,False,False,False,False
MCH6034,Sane Inc,05912,MEDICAL_STORE,PRIVATE_LIMITED,JAIPUR,RAJASTHAN,2025-10-18 00:00:00,5791425986,ACTIVE,1353.34,False,True,False,False,False,False
MCH4083,"Loyal, Dara and Sharaf",4814,PHONE_SERVICE,INDIVIDUAL,CHENNAI,TAMIL_NADU,2024-02-15 01:01:36,,ACTIVE,1752.1,True,False,False,False,False,False
MCH8390,"Thakkar, Babu and Nagi",4131,TRANSPRT,PRIVATE_LIMITED,HYD,TELANGANA,2024-03-25 00:00:00,XXXX7354,ACTIVE,2159.57,True,False,False,False,False,False
MCH9016,Upadhyay-Sethi,4814,TELECOM,PARTNERSHIP,MUMBAY,MAHARASHTRA,2025-07-27 08:59:26,XXXX7823,ACTIVE,764.46,True,False,False,False,False,False
MCH6780,"Bhatia, Dalal and Kapur",5999,RETAIL_OTHER,PRIVATE_LIMITED,JALANDHAR,PUNJAB,2025-05-24 00:31:32,,ACTIVE,,True,False,True,False,False,False
MCH3201,BAHL AND SONS,05942,BOOK_STORE,SOLE_PROPRIETOR,ASR,PUNJAB,2024-05-27 00:00:00,4264935431,ACTIVE,576.96,False,True,False,False,False,False
MCH9352,Chaudhary-Munshi,,HOSPITALITY,SOLE_PROPRIETOR,HYDERABAD,TELANGANA,2025-12-27 00:00:00,1982708228,INACTIVE,295.19,False,True,False,False,False,False
MCH6091,Ratti-Kalita,5942,STATIONERY,SOLE_PROPRIETOR,LUDHIANA,PUNJAB,,XXXX4886,ACTIVE,458.92,True,False,False,False,True,False
MCH3491,"Chawla, Tella and Madan",,MOBILE_RECHARGE,SOLE_PROPRIETOR,LKO,UTTAR_PRADESH,2025-05-23 00:00:00,,ACTIVE,1044.7,False,False,False,False,False,False
MCH3426,"Morar, Dar and Raja",5311,DEPT_STORE,INDIVIDUAL,JALANDAR,PUNJAB,2023-10-25 00:00:00,XXXX0393,INACTIVE,1252.0,True,False,False,False,False,False
MCH2395,Sathe-Dixit,4131,BUS_TAXI,PRIVATE_LIMITED,CHENNAI,TAMIL_NADU,2023-12-24 00:00:00,,ACTIVE,941.52,True,False,False,False,False,False
MCH8330,trivedi-shan,,FOOD,PARTNERSHIP,HYDERABAD,TELANGANA,,2548494928,ACTIVE,4115.86,False,True,False,False,True,False
MCH7978,"Ganesan, Kohli and Savant",5999,MISC_RETAIL,INDIVIDUAL,JAIPUR,RAJASTHAN,2023-02-15 00:00:00,XXXX8648,ACTIVE,2414.03,True,False,False,False,False,False
MCH8826,Mallick-Dasgupta,5311,DEPT_STORE,PRIVATE_LIMITED,JALANDHAR,PUNJAB,2023-02-09 07:13:10,2382228031,ACTIVE,1719.24,True,True,False,False,False,False
MCH3593,"Kara,BrarandApte",4814,PHONE_SERVICE,PRIVATE_LIMITED,MUMBAI,MAHARASHTRA,2023-12-04 15:44:19,,SUSPENDED,474.6,True,False,False,False,False,False
MCH9888,"Contractor, Mohanty and Devi",5912,PHARMACY,SOLE_PROPRIETOR,MADRAS,TAMIL_NADU,2025-09-23 23:00:00,XXXX3253,ACTIVE,1367.96,True,False,False,False,False,False
MCH5154,Chauhan Inc,,PHONE_SERVICE,PARTNERSHIP,JALANDHAR,PUNJAB,2023-02-18 00:00:00,,ACTIVE,1206.43,False,False,False,False,False,False
MCH3371,Bath PLC,,PHONE_SERVICE,PRIVATE_LIMITED,CHENNAI,TAMIL_NADU,2024-06-16 00:00:00,XXXX9871,ACTIVE,1557.07,False,False,False,False,False,False
MCH1909,murthy and sons,5942,BOOKS,SOLE_PROPRIETOR,POONA,MAHARASHTRA,2023-11-25 00:00:00,6570869272,ACTIVE,823.0,True,True,False,False,False,False
MCH6152,Dasgupta-Das,5942,BOOKS_STATIONERY,PRIVATE_LIMITED,JPR,RAJASTHAN,2024-10-26 00:00:00,XXXX8744,ACTIVE,344.11,True,False,False,False,False,False
MCH4375,"Mani, Pillai and Soman",05311,DEPARTMENT_STORES,SOLE_PROPRIETOR,LUCKNOW,UTTAR_PRADESH,,,ACTIVE,1050.41,False,False,False,False,True,False
MCH7380,"Gour, Jani and Mital",5999,MISC_RETAIL,INDIVIDUAL,CHENNAI,TAMIL_NADU,2024-11-06 00:00:00,,INACTIVE,688.41,True,False,False,False,False,False
MCH4305,Padmanabhan-Thaker,4131,TRANSPORTATION,INDIVIDUAL,LUDHIANA,PUNJAB,2024-10-17 00:00:00,,ACTIVE,572.69,True,False,False,False,False,False
MCH7198,Rama and Sons,5912,PHARMACIES,PARTNERSHIP,JAIPUR,RAJASTHAN,2023-02-15 00:00:00,6060043689,ACTIVE,1594.96,True,True,False,False,False,False
MCH1298,"Raghavan,ReddyandSangha",5942,STATIONERY,SOLE_PROPRIETOR,HYDERABAD,TELANGANA,2025-04-28 00:00:00,XXXX0353,ACTIVE,364.92,True,False,False,False,False,False
MCH9510,Warri0r-Thakkar,4131,TRANSPRT,SOLE_PROPRIETOR,BANGALORE,KARNATAKA,2024-09-15 00:00:00,,ACTIVE,1261.0,True,False,False,False,False,False
MCH8799,"Dada, Ramaswamy and Dugal",5942,BOOKS,PRIVATE_LIMITED,HYD,TELANGANA,,STYQ1453146869201,SUSPENDED,2080.34,True,True,False,False,True,False
MCH3453,"Sangha, Minhas and Patil",7011,HOSPITALITY,PRIVATE_LIMITED,JAIPUR,RAJASTHAN,2023-11-15 00:00:00,5047749653,ACTIVE,,True,True,True,False,False,False
MCH6333,"kumer, butala and sawhney",05699,GARMENTS,INDIVIDUAL,CHENNAI,TAMIL_NADU,2024-09-08 02:04:48,HRFV9386173143650,ACTIVE,831.77,False,True,False,False,False,False
MCH1255,La1a and S0ns,4814,TELECOM,PARTNERSHIP,KOLKATA,WEST_BENGAL,2023-07-19 00:00:00,8344362943,INACTIVE,772.22,True,True,False,False,False,False
MCH8379,Deep Group,5942,BOOKS,PRIVATE_LIMITED,KOLKATA,WEST_BENGAL,2026-01-29 00:00:00,XXXX9737,SUSPENDED,469.0,True,False,False,False,False,False
MCH3147,Acharya-Uppal,4131,TRAVEL,INDIVIDUAL,MADRAS,TAMIL_NADU,,1420771239,ACTIVE,343.0,True,True,False,False,True,False
MCH4236,Arora PLC,5942,STATIONERY,PARTNERSHIP,AMRITSAR,PUNJAB,2024-09-20 00:00:00,,ACTIVE,1427.88,True,False,False,False,False,False
MCH1675,"sarma, saxena and chandran",MISC,DEPARTMENT_STORES,PRIVATE_LIMITED,JAIPUR,RAJASTHAN,,,SUSPENDED,1777.8,False,False,False,False,True,False
MCH6498,Peri-Saran,,MISC_RETAIL,PRIVATE_LIMITED,CALCUTTA,WEST_BENGAL,2025-01-08 22:53:50,XXXX0646,ACTIVE,7077.96,False,False,False,False,False,False
MCH9849,Jayaraman Inc,5942,BOOKS_STATIONERY,INDIVIDUAL,KOLKATA,WEST_BENGAL,2026-02-11 02:12:30,8602198402,ACTIVE,1659.94,True,True,False,False,False,False
MCH8659,sha ltd,7011,HOTELS,PARTNERSHIP,MUMBAY,MAHARASHTRA,2024-10-23 00:00:00,6929887204,ACTIVE,,True,True,False,False,False,False
MCH5707,De01 Gr0up,5411,KIRANA,PARTNERSHIP,HYDERABAD,TELANGANA,2023-09-19 00:00:00,NRWL7844875974966,ACTIVE,666.58,True,True,False,False,False,False
MCH8553,"Sane, Chaudhari and Rai",4814,PHONE_SERVICE,PRIVATE_LIMITED,LUCKNOW,UTTAR_PRADESH,2025-01-05 00:00:00,,INACTIVE,375.66,True,False,False,False,False,False
MCH9390,"Minhas,PauandNarayanan",4131,TRAVEL,INDIVIDUAL,LUDHIANA,PUNJAB,,,ACTIVE,2246.12,True,False,False,False,False,False
MCH9945,"Pant, Hayre and Pathak",4814,TELECOM,PRIVATE_LIMITED,JALANDHAR,PUNJAB,2025-07-14 00:56:49,XXXX5088,ACTIVE,789.57,True,False,False,False,False,False
MCH9412,NAYAK-GUHA,4131,TRANSPORT,INDIVIDUAL,AMRITSAR,PUNJAB,,XXXX5639,ACTIVE,2887.33,True,False,False,False,False,False
MCH1106,"Agrawal, Ganguly and Kalla",5411,GROCERY_STORES,PRIVATE_LIMITED,DELHI,DELHI,2024-08-25 00:00:00,ZKGK4764088745020,ACTIVE,1100.28,True,True,False,False,False,False
MCH6940,Koshy Inc,4131,TRANSPORT,PRIVATE_LIMITED,CHENNAI,TAMIL_NADU,2024-06-25 00:00:00,,ACTIVE,5556.5,True,False,False,False,False,False
MCH9834,"Gill, Varghese and Ganesh",5912,MEDICAL_STORE,PRIVATE_LIMITED,KOLKATA,WEST_BENGAL,2023-03-26 00:00:00,,ACTIVE,1416.0,True,False,False,False,False,False
MCH8235,Konda-Pillai,5942,STATIONERY,PRIVATE_LIMITED,MADRAS,TAMIL_NADU,2025-08-29 19:03:00,XXXX2371,ACTIVE,,True,False,True,False,False,False
MCH9684,Bhasin Inc,5912,PHARMACIES,PRIVATE_LIMITED,DELHI,DELHI,2025-01-20 00:00:00,XXXX1695,INACTIVE,2227.2,True,False,False,False,False,False
MCH4122,"Lata, Magar and Savant",5999,RETAIL_OTHER,PARTNERSHIP,BLR,KARNATAKA,2025-12-03 23:29:42,7547242898,ACTIVE,3699.77,True,True,False,False,False,False
MCH1772,Grover Group,5311,DEPT_STORE,PARTNERSHIP,CALCUTTA,WEST_BENGAL,2023-03-18 13:57:00,0665098924,ACTIVE,1962.32,True,True,False,False,False,False
MCH3267,"Dara, Rama and Ben",4814,PHONE_SERVICE,PARTNERSHIP,LUDHIANA,PUNJAB,2024-11-02 02:35:26,,ACTIVE,471.18,True,False,False,False,False,False
MCH6084,"Jaggi, Ganguly and Mall",5699,CLOTHS,PRIVATE_LIMITED,LUDHIANA,PUNJAB,2023-08-30 00:27:10,,INACTIVE,1089.53,True,False,False,False,False,False
MCH7430,"gill, mutti and nagy",4814,MOBILE_RECHARGE,SOLE_PROPRIETOR,DELHI,DELHI,,,ACTIVE,298.83,True,False,False,False,True,False
MCH8949,"Srinivasan,SaxenaandKant",5942,BOOKS,PRIVATE_LIMITED,BANGALORE,KARNATAKA,,XXXX6857,INACTIVE,1726.82,True,False,False,False,False,False
MCH3822,Anne and Sons,5411,GROCERY,PRIVATE_LIMITED,AMRITSAR,PUNJAB,2026-01-21 20:10:57,,ACTIVE,2115.91,True,False,False,False,False,False
MCH7687,Devan Inc,5699,FASHION,INDIVIDUAL,LUCKNOW,UTTAR_PRADESH,2024-11-25 18:59:00,,ACTIVE,2148.82,True,False,False,False,False,False
MCH8377,"Agate, Suresh and Bahri",5311,DEPARTMENT_STORES,INDIVIDUAL,HYDERABAD,TELANGANA,,XXXX2261,ACTIVE,1519.49,True,False,False,False,True,False
MCH1039,Palan-Mody,4814,PHONE_SERVICE,INDIVIDUAL,HYD,TELANGANA,2023-07-14 00:00:00,,ACTIVE,,True,False,True,False,False,False
MCH4233,Shankar and Sons,5411,GROCERY_STORES,SOLE_PROPRIETOR,JALANDHAR,PUNJAB,,4534914137,INACTIVE,2257.76,True,True,False,False,True,False
MCH9444,NarainandSons,5812,FOOD,PRIVATE_LIMITED,HYDERABAD,TELANGANA,,XXXX4479,SUSPENDED,1056.16,True,False,False,False,True,False
MCH5119,Raghavan-Shere,05812,FOOD,SOLE_PROPRIETOR,CHENNAI,TAMIL_NADU,2025-09-14 00:00:00,,ACTIVE,1149.0,False,False,False,False,False,False
MCH4097,Nori PLC,5912,MEDICAL,PRIVATE_LIMITED,PUNE,MAHARASHTRA,,,ACTIVE,930.77,True,False,False,False,False,False
MCH8693,"Chawla, Goyal and Pau",7011,HOTELS,INDIVIDUAL,MUMBAI,MAHARASHTRA,2024-01-22 00:00:00,,ACTIVE,818.0,True,False,False,False,False,False
MCH1207,"pillai, oak and barman",5812,FOOD,INDIVIDUAL,DELHI,DELHI,,,ACTIVE,1280.08,True,False,False,False,True,False
MCH9049,Babu-Bali,5812,EATING_PLACE,INDIVIDUAL,BENGALURU,KARNATAKA,,4401897773,ACTIVE,2337.3,True,True,False,False,True,False
MCH6708,Wali LLC,7011,HOTEL,SOLE_PROPRIETOR,AMRITSAR,PUNJAB,,1946521583,ACTIVE,469.66,True,True,False,False,True,False
MCH3206,Ray Inc,7011,HOTELS,INDIVIDUAL,KOLKATA,WEST_BENGAL,2024-08-27 09:49:12,QOEA8761018728907,ACTIVE,490.27,True,True,False,False,False,False
MCH3845,Barad-Hayre,5999,RETAIL_OTHER,PRIVATE_LIMITED,HYDERABAD,TELANGANA,,7981739720,INACTIVE,,True,True,True,False,False,False
MCH6892,Chacko-Gaba,5912,PHARMACIES,SOLE_PROPRIETOR,BENGALURU,KARNATAKA,2025-05-07 00:00:00,XXXX0824,ACTIVE,684.73,True,False,False,False,False,False
MCH1260,KOTHARI-NADKARNI,5699,CLOTHING,PRIVATE_LIMITED,LUCKNOW,UTTAR_PRADESH,2026-01-15 00:00:00,6850024093,ACTIVE,2375.4,True,True,False,False,False,False
MCH3736,"Chanda, Bandi and Pandya",4814,TELECOM,PARTNERSHIP,HYDERABAD,TELANGANA,2023-04-25 00:48:36,,ACTIVE,812.06,True,False,False,False,False,False
MCH1641,bali llc,5999,OTHER,SOLE_PROPRIETOR,DELHI,DELHI,,,ACTIVE,,True,False,True,False,False,False
MCH9955,Bumb Ltd,MISC,CHEMIST,INDIVIDUAL,BANGALORE,KARNATAKA,2024-02-20 00:00:00,,INACTIVE,5375.4,False,False,False,False,False,False
MCH2838,BOSE-BIR,4814,TELECOM,SOLE_PROPRIETOR,CHENNAI,TAMIL_NADU,2024-07-25 00:00:00,,ACTIVE,3409.39,True,False,False,False,False,False
MCH2981,Sami-Sura,5942,STATIONERY,INDIVIDUAL,KOLKATA,WEST_BENGAL,2023-01-27 00:00:00,,ACTIVE,512.85,True,False,False,False,False,False
MCH7215,"Kau1, Pur0hit and Ar0ra",5311,RETAIL,PRIVATE_LIMITED,HYDERABAD,TELANGANA,,8944621322,ACTIVE,2403.84,True,True,False,False,True,False
MCH3299,"Varghese, Tripathi and Ganesh",5999,RETAIL_OTHER,SOLE_PROPRIETOR,BENGALURU,KARNATAKA,2023-07-12 00:00:00,,INACTIVE,2177.34,True,False,False,False,False,False
MCH8845,Varkey-Jha,,OTHER,PARTNERSHIP,KOLKATA,WEST_BENGAL,,,ACTIVE,5630.04,False,False,False,False,True,False
MCH1255,"Bose, Memon and Luthra",05942,BOOK_STORE,PARTNERSHIP,PUNE,MAHARASHTRA,2023-05-27 08:30:18,XXXX6249,ACTIVE,1129.38,False,False,False,False,False,False
MCH7339,"PUROHIT, DHINGRA AND BARMAN",5411,GROCERY_STORES,INDIVIDUAL,CHENNAI,TAMIL_NADU,2023-08-16 22:55:00,IUQD2113343232449,ACTIVE,2247.46,True,True,False,False,False,False
MCH2552,"MUKHERJEE, IYENGAR AND DEO",5942,STATIONERY,PARTNERSHIP,PUNE,MAHARASHTRA,2025-03-15 00:00:00,ZRKN1235329280179,ACTIVE,3414.98,True,True,False,False,False,False
MCH1667,Prashad-Samra,05812,RESTAURANT,PRIVATE_LIMITED,DILLI,DELHI,2025-10-20 03:57:00,XXXX1144,ACTIVE,7788.38,False,False,False,False,False,False
MCH5970,Babu and Sons,5699,CLOTHING,PRIVATE_LIMITED,AMRITSAR,PUNJAB,2025-01-14 00:00:00,,INACTIVE,2060.67,True,False,False,False,False,False
MCH9396,"Solanki, Kara and Saha",7011,HOTEL_LODGING,SOLE_PROPRIETOR,BANGALORE,KARNATAKA,2024-07-08 07:13:36,XXXX6974,ACTIVE,1428.59,True,False,False,False,False,False
MCH3683,Mander Group,5411,GROCERY_STORES,INDIVIDUAL,MUMBAI,MAHARASHTRA,,3019047562,ACTIVE,4247.99,True,True,False,False,True,False
MCH8592,Rajagopal-Nagarajan,5912,CHEMIST,INDIVIDUAL,HYDERABAD,TELANGANA,2023-11-20 00:23:03,,ACTIVE,1002.86,True,False,False,False,False,False
MCH8281,Kakar and S0ns,4814,PHONE_SERVICE,INDIVIDUAL,HYD,TELANGANA,,,ACTIVE,968.0,True,False,False,False,True,False
MCH9790,YOHANNAN-NARANG,7011,HOTELS,PRIVATE_LIMITED,LUCKNOW,UTTAR_PRADESH,2023-01-17 00:00:00,UQCA1861995078274,ACTIVE,1704.7,True,True,False,False,False,False
MCH4367,"wason, chanda and panchal",5411,KIRANA,SOLE_PROPRIETOR,LKO,UTTAR_PRADESH,2023-09-29 00:00:00,QEDA5086052954128,ACTIVE,1778.0,True,True,False,False,False,False
MCH3679,Kumer LLC,4814,TELECOM,PRIVATE_LIMITED,HYD,TELANGANA,2025-12-15 00:00:00,1741377762,ACTIVE,587.47,True,True,False,False,False,False
MCH7568,Kumer-Gandhi,7011,HOTELS,SOLE_PROPRIETOR,MUMBAI,MAHARASHTRA,2025-05-23 00:00:00,,ACTIVE,1278.0,True,False,False,False,False,False
MCH4699,Setty Inc,7011,HOTEL_LODGING,PRIVATE_LIMITED,PUNE,MAHARASHTRA,2025-06-04 00:00:00,XXXX2833,ACTIVE,632.27,True,False,False,False,False,False
MCH4769,BARAL-PERI,5699,APPAREL,INDIVIDUAL,JAIPUR,RAJASTHAN,2024-01-14 00:00:00,,ACTIVE,,True,False,True,False,False,False
MCH6743,"mistry, acharya and rau",MISC,MISC_RETAIL,PRIVATE_LIMITED,KOLKATA,WEST_BENGAL,2025-07-25 00:00:00,XXXX9521,ACTIVE,,False,False,True,False,False,False
MCH1856,"Sem, Dhawan and Bakshi",,GROCERIES,SOLE_PROPRIETOR,BANGALORE,KARNATAKA,2023-07-27 00:00:00,9292167540,SUSPENDED,2232.22,False,True,False,False,False,False
MCH4050,"Sur, N0ri and G011a",05699,APPAREL,SOLE_PROPRIETOR,MUMBAI,MAHARASHTRA,,PQHJ7829698736069,ACTIVE,577.94,False,True,False,False,True,False
MCH5237,"Dave, Sani and Swaminathan",,PHARMACY,PARTNERSHIP,DELHI,DELHI,2026-02-09 00:00:00,5721792105,SUSPENDED,1955.24,False,True,False,False,False,False
MCH7087,Prashad LLC,5311,DEPARTMENT_STORE,PARTNERSHIP,CHENNAI,TAMIL_NADU,2023-05-29 00:00:00,,ACTIVE,955.0,True,False,False,False,False,False
MCH4510,Bora Ltd,4814,MOBILE_RECHARGE,INDIVIDUAL,CHENNAI,TAMIL_NADU,2024-04-16 11:39:00,XXXX0375,ACTIVE,1583.66,True,False,False,False,False,False
MCH8880,Bava Group,UNKNOWN,HOTEL_LODGING,SOLE_PROPRIETOR,BLR,KARNATAKA,,,INACTIVE,3216.0,False,False,False,False,True,False
MCH4716,Ahuja-Konda,5411,GROCERIES,PRIVATE_LIMITED,HYDERABAD,TELANGANA,2025-05-05 09:10:35,UWUR7932224500135,ACTIVE,1206.68,True,True,False,False,False,False
MCH4841,"Soman, Chhabra and Rau",5812,FOOD,INDIVIDUAL,HYDERABAD,TELANGANA,,7481277314,ACTIVE,611.25,True,True,False,False,True,False
MCH5381,Jaggi and Sons,5311,DEPARTMENT_STORE,PRIVATE_LIMITED,DELHI,DELHI,2025-06-11 00:00:00,,ACTIVE,550.97,True,False,False,False,False,False
MCH2120,Vohra-Kashyap,4814,TELECOM,INDIVIDUAL,JAIPUR,RAJASTHAN,2023-02-23 03:10:46,5716928716,ACTIVE,2514.21,True,True,False,False,False,False
MCH2183,Savant LLC,4131,TRAVEL,SOLE_PROPRIETOR,DILLI,DELHI,,XXXX8842,ACTIVE,,True,False,True,False,False,False
MCH6722,bhagat llc,5999,MISC_RETAIL,SOLE_PROPRIETOR,BOMBAY,MAHARASHTRA,2023-05-13 00:00:00,,ACTIVE,211.13,True,False,False,False,False,False
MCH4876,"Dugar, Prasad and Pal",5812,FOOD,PARTNERSHIP,CHENNAI,TAMIL_NADU,2023-09-09 00:00:00,XXXX5946,ACTIVE,1346.64,True,False,False,False,False,False
MCH5902,"Iyer, Pal and Kaur",5311,DEPARTMENT_STORE,PRIVATE_LIMITED,PUNE,MAHARASHTRA,2024-08-14 00:00:00,,ACTIVE,441.19,True,False,False,False,False,False
MCH4113,"Anand,ChoudharyandContractor",5912,PHARMACY,INDIVIDUAL,CHENNAI,TAMIL_NADU,,6952372771,ACTIVE,,True,True,True,False,True,False
MCH3357,"Batta, Kannan and Srinivas",4814,TELECOM,PARTNERSHIP,DELHI,DELHI,2023-10-27 00:00:00,,ACTIVE,2454.25,True,False,False,False,False,False
MCH4278,Thakkar-Gupta,5311,DEPARTMENT_STORES,PRIVATE_LIMITED,ASR,PUNJAB,2025-05-31 00:00:00,,INACTIVE,703.48,True,False,False,False,False,False
MCH4184,SACHDEVA-KARA,5812,FOOD_SERVICES,PARTNERSHIP,JAIPUR,RAJASTHAN,,,ACTIVE,704.96,True,False,False,False,True,False
MCH3846,Nagi-Chacko,5411,KIRANA,PRIVATE_LIMITED,HYD,TELANGANA,2024-08-21 00:00:00,EAUK5999855393021,ACTIVE,1055.18,True,True,False,False,False,False
MCH7877,Bajwa Ltd,5942,BOOKS_STATIONERY,PARTNERSHIP,CHENNAI,TAMIL_NADU,,2144271582,ACTIVE,565.69,True,True,False,False,False,False
MCH6840,saini group,5411,GROCERY,PRIVATE_LIMITED,BENGALURU,KARNATAKA,2024-09-15 00:00:00,4326022170,ACTIVE,,True,True,True,False,False,False
MCH6197,"Koshy, Shah and Ratta",4131,TRANSPRT,PARTNERSHIP,BENGALURU,KARNATAKA,2024-03-20 00:00:00,AGMV2642641861544,ACTIVE,1491.79,True,True,False,False,False,False
MCH9418,Dixit-Ranganathan,5912,MEDICAL_STORE,PARTNERSHIP,DILLI,DELHI,2024-02-24 00:00:00,,ACTIVE,1164.23,True,False,False,False,False,False
MCH7398,Bhavsar and Sons,05311,DEPT_STORE,SOLE_PROPRIETOR,CHENNAI,TAMIL_NADU,2025-04-24 00:00:00,,ACTIVE,6060.9,False,False,False,False,False,False
MCH5892,"Dara, Goswami and Purohit",05812,RESTAURANTS,INDIVIDUAL,BANGALORE,KARNATAKA,2025-02-21 11:15:43,,ACTIVE,1175.0,False,False,False,False,False,False
MCH9546,"Mohan, Tak and Dhingra",5999,RETAIL_OTHER,SOLE_PROPRIETOR,AMRITSAR,PUNJAB,2024-11-20 10:50:24,XXXX5350,ACTIVE,1645.26,True,False,False,False,False,False
MCH6122,Som-Seth,4131,TRANSPRT,INDIVIDUAL,AMRITSAR,PUNJAB,2023-09-15 17:43:52,,ACTIVE,1086.57,True,False,False,False,False,False
MCH6986,Shetty Group,04814,TELECOM,PRIVATE_LIMITED,BENGALURU,KARNATAKA,2024-09-13 00:00:00,,ACTIVE,547.81,False,False,False,False,False,False
MCH2750,Rao-Narayanan,5942,BOOKS,INDIVIDUAL,LDH,PUNJAB,2024-05-13 00:00:00,,ACTIVE,,True,False,True,False,False,False
MCH4688,venkatesh group,5942,STATIONERY,SOLE_PROPRIETOR,DELHI,DELHI,2024-08-24 14:22:22,TBOZ2931559768114,SUSPENDED,2933.52,True,True,False,False,False,False
MCH7197,Raval-Chadha,5812,FOOD,INDIVIDUAL,BOMBAY,MAHARASHTRA,2023-09-25 00:19:22,,ACTIVE,218.4,True,False,False,False,False,False
MCH6440,Taneja-Mahajan,5311,DEPT_STORE,INDIVIDUAL,JALANDHAR,PUNJAB,2025-04-17 00:00:00,2419488462,ACTIVE,6682.66,True,True,False,False,False,False
MCH6152,Mukhopadhyay PLC,05942,STATIONERY,INDIVIDUAL,JPR,RAJASTHAN,2025-12-20 00:00:00,OXKW4550087815999,ACTIVE,1642.16,False,True,False,False,False,False
MCH1227,"Madan, More and Pal",5411,GROCERY_STORE,SOLE_PROPRIETOR,HYD,TELANGANA,,3802553962,ACTIVE,1078.83,True,True,False,False,True,False
MCH7974,Kari Inc,5699,CLOTHS,INDIVIDUAL,DELHI,DELHI,2023-05-19 00:00:00,QWIC4307587311546,ACTIVE,4305.95,True,True,False,False,False,False
MCH4770,Mahal-Sood,5411,GROCERY_STORE,SOLE_PROPRIETOR,JAIPUR,RAJASTHAN,2024-12-17 00:00:00,5162215595,INACTIVE,489.82,True,True,False,False,False,False
MCH7062,"Karpe, Sekhon and Memon",5999,MISCELLANEOUS,PARTNERSHIP,MADRAS,TAMIL_NADU,2024-07-18 00:00:00,ERAF1958847105569,INACTIVE,2267.0,True,True,False,False,False,False
MCH9949,Lanka Ltd,4131,TRAVEL,SOLE_PROPRIETOR,LUDHIANA,PUNJAB,,,ACTIVE,4386.14,True,False,False,False,True,False
MCH5569,"Thaman, Kar and Dass",5999,MISC_RETAIL,SOLE_PROPRIETOR,MUMBAI,MAHARASHTRA,2026-01-27 00:00:00,3302815921,INACTIVE,3592.34,True,True,False,False,False,False
MCH5603,Saha-Sahota,,RESTAURANTS,PARTNERSHIP,MUMBAI,MAHARASHTRA,2025-09-12 13:03:44,XXXX8202,ACTIVE,1242.85,False,False,False,False,False,False
MCH2284,Nayak Group,5699,APPAREL,PRIVATE_LIMITED,MUMBAI,MAHARASHTRA,2025-10-01 04:44:36,XXXX8146,SUSPENDED,998.2,True,False,False,False,False,False
MCH2727,"viswanathan, kamdar and raman",4814,TELECOM,PARTNERSHIP,JAIPUR,RAJASTHAN,2026-01-22 00:00:00,,ACTIVE,2886.2,True,False,False,False,False,False
MCH9255,"Hegde, Dass and Sehgal",5699,GARMENTS,PRIVATE_LIMITED,AMRITSAR,PUNJAB,2023-07-19 10:19:06,,ACTIVE,1054.61,True,False,False,False,False,False
MCH2752,Palla LLC,4131,TRAVEL,SOLE_PROPRIETOR,LUCKNOW,UTTAR_PRADESH,2023-01-13 21:44:09,XXXX1787,ACTIVE,69.28,True,False,False,False,False,False
MCH1216,Mani Ltd,5999,MISC_RETAIL,SOLE_PROPRIETOR,AMRITSAR,PUNJAB,2025-04-05 19:50:02,WWHE9096090604868,ACTIVE,228.0,True,True,False,False,False,False
MCH2550,"Basu, Madan and Chaudry",5999,MISCELLANEOUS,PRIVATE_LIMITED,PUNE,MAHARASHTRA,2024-10-23 11:38:00,,ACTIVE,1412.55,True,False,False,False,False,False
MCH7627,Lata-Ray,4131,TRANSPORT,INDIVIDUAL,MUMBAI,MAHARASHTRA,2025-05-17 00:00:00,3611125475,ACTIVE,1169.55,True,True,False,False,False,False
MCH5992,"Anne, Gole and Bhatnagar",05912,CHEMIST,PRIVATE_LIMITED,LUDHIANA,PUNJAB,2025-12-31 00:00:00,QOVD2358529671548,ACTIVE,1637.97,False,True,False,False,False,False
MCH1747,Ray Inc,5812,EATING_PLACE,SOLE_PROPRIETOR,POONA,MAHARASHTRA,,YGJM1546623351510,ACTIVE,115.81,True,True,False,False,True,False
MCH9223,D’Alia-Hans,5699,GARMENTS,PARTNERSHIP,MADRAS,TAMIL_NADU,2024-12-09 02:24:19,IGRU6773049024506,ACTIVE,376.0,True,True,False,False,False,False
MCH4678,"Yogi, Goel and Chaudry",5912,CHEMIST,SOLE_PROPRIETOR,AMRITSAR,PUNJAB,2025-10-11 23:31:36,8030844375,ACTIVE,1363.28,True,True,False,False,False,False
MCH6170,Gh0se-Mann,5999,MISCELLANEOUS,PRIVATE_LIMITED,LKO,UTTAR_PRADESH,2023-09-05 00:00:00,5980501724,ACTIVE,1120.12,True,True,False,False,False,False
MCH4639,Chaudhry-Bath,5912,MEDICAL,PARTNERSHIP,JALANDHAR,PUNJAB,2023-05-11 10:36:23,XXXX7667,ACTIVE,295.45,True,False,False,False,False,False
MCH1792,"Suresh, Chada and Mahal",5311,DEPT_STORE,SOLE_PROPRIETOR,CALCUTTA,WEST_BENGAL,2025-03-24 00:00:00,XXXX6459,ACTIVE,,True,False,False,False,False,False
MCH8952,"varghese, korpal and dora",5912,MEDICAL,SOLE_PROPRIETOR,MADRAS,TAMIL_NADU,2024-08-10 00:00:00,,ACTIVE,987.96,True,False,False,False,False,False
MCH3888,"Gandhi, Cherian and Chhabra",4814,PHONE_SERVICE,PARTNERSHIP,HYDERABAD,TELANGANA,2025-02-27 00:00:00,8744798624,ACTIVE,,True,True,True,False,False,False
MCH5488,Chaudry-Garde,05411,KIRANA,INDIVIDUAL,KOLKATA,WEST_BENGAL,2023-03-31 00:00:00,,ACTIVE,405.0,False,False,False,False,False,False
MCH6184,Peri-R0ut,4131,BUS_TAXI,SOLE_PROPRIETOR,MUMBAI,MAHARASHTRA,,XXXX1239,ACTIVE,1637.73,True,False,False,False,False,False
MCH2535,Pall-Dugar,5942,BOOKS,PRIVATE_LIMITED,MUMBAI,MAHARASHTRA,2024-08-29 00:00:00,4792112625,ACTIVE,978.69,True,True,False,False,False,False
MCH5766,Varkey-Datta,4814,TELECOM,PRIVATE_LIMITED,MUMBAI,MAHARASHTRA,2024-02-18 00:00:00,,ACTIVE,,True,False,True,False,False,False
MCH5019,Parikh Group,4814,TELECOM,PARTNERSHIP,HYD,TELANGANA,2023-05-07 05:57:41,,ACTIVE,1075.9,True,False,False,False,False,False
MCH9718,Raval and Sons,5812,EATING_PLACE,INDIVIDUAL,BENGALURU,KARNATAKA,2026-01-04 00:00:00,6381850074,ACTIVE,3311.57,True,True,False,False,False,False
MCH5845,Buch PLC,5311,RETAIL,SOLE_PROPRIETOR,LUDHIANA,PUNJAB,2025-09-25 00:00:00,8892986940,ACTIVE,1603.87,True,True,False,False,False,False
MCH1195,Parekh-Patla,5942,BOOKS_STATIONERY,PARTNERSHIP,LUDHIANA,PUNJAB,2023-06-27 00:00:00,,ACTIVE,741.86,True,False,False,False,False,False
MCH9216,AMBLE-THAMAN,UNKNOWN,CHEMIST,PARTNERSHIP,LUDHIANA,PUNJAB,2025-02-10 00:00:00,TRSX1584484080188,ACTIVE,2329.15,False,True,False,False,False,False
MCH4451,Bansal-Tak,7011,HOSPITALITY,INDIVIDUAL,AMRITSAR,PUNJAB,,,ACTIVE,,True,False,False,False,False,False
MCH1153,"Oommen, Sastry and Varty",5311,DEPARTMENT_STORE,PRIVATE_LIMITED,ASR,PUNJAB,2024-06-17 00:00:00,XXXX3616,ACTIVE,873.51,True,False,False,False,False,False
MCH1661,kothari-dara,05912,MEDICAL_STORE,PARTNERSHIP,HYDERABAD,TELANGANA,2026-01-16 22:10:04,XXXX7371,ACTIVE,,False,False,False,False,False,False
MCH6866,Gill-Shere,,BOOKS_STATIONERY,INDIVIDUAL,CALCUTTA,WEST_BENGAL,,XXXX3682,ACTIVE,4194.0,False,False,False,False,True,False
MCH6392,Golla-Pau,,OTHER,PRIVATE_LIMITED,DILLI,DELHI,2025-01-04 07:52:24,TXWK8189724291317,ACTIVE,471.06,False,True,False,False,False,False
MCH8766,Shanker Ltd,5912,MEDICAL_STORE,SOLE_PROPRIETOR,CHENNAI,TAMIL_NADU,2025-07-02 00:00:00,LBCS6149751072464,ACTIVE,801.0,True,True,False,False,False,False
MCH7724,Kapoor-Parmar,05311,RETAIL,INDIVIDUAL,HYD,TELANGANA,2025-11-30 00:00:00,ULOQ5236477246986,ACTIVE,431.71,False,True,False,False,False,False
MCH9519,Shere-Banik,5699,CLOTHS,SOLE_PROPRIETOR,LUCKNOW,UTTAR_PRADESH,,,ACTIVE,889.4,True,False,False,False,True,False
MCH8427,Sankaran-Rai,5942,BOOKS,SOLE_PROPRIETOR,HYD,TELANGANA,2023-10-17 00:00:00,ZQGR3907039607264,ACTIVE,302.0,True,True,False,False,False,False
MCH5442,Sarkar-Prabhu,5311,DEPARTMENT_STORES,PRIVATE_LIMITED,LDH,PUNJAB,2023-12-19 20:53:00,,ACTIVE,3121.0,True,False,False,False,False,False
MCH6306,"RAMESH, VISWANATHAN AND KALITA",04131,TRANSPORT,PRIVATE_LIMITED,CHENNAI,TAMIL_NADU,,XXXX8991,ACTIVE,302.6,False,False,False,False,True,False
MCH7661,Pal-Atwal,7011,HOTEL_LODGING,PARTNERSHIP,KOLKATA,WEST_BENGAL,2024-06-20 00:00:00,LQAC5434478012412,ACTIVE,1304.11,True,True,False,False,False,False
MCH7371,"Ghose, Handa and Golla",5912,MEDICAL_STORE,INDIVIDUAL,CHENNAI,TAMIL_NADU,2025-04-08 00:00:00,DGYJ0066359514769,ACTIVE,456.21,True,True,False,False,False,False
MCH3753,"Raj, Gole and Bansal",5411,GROCERY_STORES,PRIVATE_LIMITED,JALANDHAR,PUNJAB,2024-12-02 00:00:00,XXXX3925,ACTIVE,2699.51,True,False,False,False,False,False
MCH1336,"Zachariah, Bhattacharyya and Hegde",5699,APPAREL,SOLE_PROPRIETOR,BLR,KARNATAKA,2024-08-30 12:55:19,DKKL1392349779906,ACTIVE,919.0,True,True,False,False,False,False
MCH1714,Sampath LLC,5699,FASHION,PARTNERSHIP,LKO,UTTAR_PRADESH,2026-02-17 00:00:00,6074080748,ACTIVE,585.92,True,True,False,False,False,False
MCH2214,Varkey-Seshadri,4131,TRANSPORT,PARTNERSHIP,NEW_DELHI,DELHI,2024-12-18 00:00:00,9016212995,ACTIVE,,True,True,True,False,False,False
MCH7094,"D’Alia, Talwar and Mukherjee",5942,BOOKS,INDIVIDUAL,ASR,PUNJAB,2023-02-02 00:00:00,,ACTIVE,577.91,True,False,False,False,False,False
MCH5442,"ray, bajaj and shetty",5411,GROCERY_STORES,INDIVIDUAL,PUNE,MAHARASHTRA,,9826997670,ACTIVE,448.9,True,True,False,False,True,False
MCH5915,"Solanki, Banik and Badal",04131,TRANSPORT,INDIVIDUAL,JALANDHAR,PUNJAB,2024-10-22 00:00:00,XXXX8472,ACTIVE,1488.9,False,False,False,False,False,False
MCH6183,"Goel, Swaminathan and Padmanabhan",5411,GROCERY,PRIVATE_LIMITED,ASR,PUNJAB,2025-06-03 00:00:00,4104440790,ACTIVE,817.0,True,True,False,False,False,False
MCH1625,HandaLLC,5912,MEDICAL_STORE,PRIVATE_LIMITED,LUDHIANA,PUNJAB,2024-07-27 00:00:00,,INACTIVE,4123.17,True,False,False,False,False,False
MCH8817,SawhneyLtd,7011,HOTEL_LODGING,INDIVIDUAL,POONA,MAHARASHTRA,,,INACTIVE,495.07,True,False,False,False,False,False
MCH2423,"lad, kibe and bora",7011,HOTEL_LODGING,INDIVIDUAL,PUNE,MAHARASHTRA,2023-10-25 07:48:35,,INACTIVE,2425.0,True,False,False,False,False,False
MCH2435,"Devi, Baral and Chander",05942,BOOK_STORE,SOLE_PROPRIETOR,MUMBAI,MAHARASHTRA,,5760758509,ACTIVE,717.95,False,True,False,False,False,False
MCH1653,Mitra Inc,7011,HOTEL_LODGING,SOLE_PROPRIETOR,CHENNAI,TAMIL_NADU,,XXXX9573,ACTIVE,1669.53,True,False,False,False,False,False
MCH3608,"Raj, Sarin and Sibal",4814,TELECOM,PARTNERSHIP,JPR,RAJASTHAN,2024-12-08 00:00:00,XXXX8045,INACTIVE,1956.65,True,False,False,False,False,False
MCH4184,Dua-Agate,UNKNOWN,HOTEL_LODGING,PARTNERSHIP,CALCUTTA,WEST_BENGAL,2023-03-24 00:00:00,4629473198,INACTIVE,1198.31,False,True,False,False,False,False
MCH4802,Jain Inc,5411,GROCERY_STORE,INDIVIDUAL,MUMBAY,MAHARASHTRA,,WAKX1731194726020,SUSPENDED,1158.19,True,True,False,False,False,False
MCH1740,"Dhaliwal, Boase and Walla",7011,HOSPITALITY,PARTNERSHIP,POONA,MAHARASHTRA,,LCLK0132407508023,ACTIVE,903.0,True,True,False,False,True,False
MCH1169,Dey-Gupta,5812,EATING_PLACE,INDIVIDUAL,BLR,KARNATAKA,2023-03-17 00:00:00,0295503532,ACTIVE,1427.7,True,True,False,False,False,False
MCH5288,"THAMAN, MUNI AND OM",5999,MISCELLANEOUS,SOLE_PROPRIETOR,PUNE,MAHARASHTRA,2023-07-08 00:00:00,7391241084,ACTIVE,1015.84,True,True,False,False,False,False
MCH6542,Saraf-Dhingra,5311,RETAIL,SOLE_PROPRIETOR,MUMBAI,MAHARASHTRA,2023-12-16 00:00:00,UBFA1146451633512,ACTIVE,321.72,True,True,False,False,False,False
MCH7044,"Anne, Som and Ganesan",7011,HOTELS,INDIVIDUAL,JALANDHAR,PUNJAB,2025-08-08 00:00:00,XCXH2265403585911,ACTIVE,,True,True,False,False,False,False
MCH7062,"upadhyay, sethi and tella",5812,RESTAURANT,PARTNERSHIP,AMRITSAR,PUNJAB,,,ACTIVE,84.66,True,False,False,False,True,False
MCH1260,OOMMEN-JHA,5411,GROCERY_STORE,INDIVIDUAL,DELHI,DELHI,,XXXX3006,ACTIVE,1093.23,True,False,False,False,False,False
MCH3659,REGE-RAJA,5942,STATIONERY,INDIVIDUAL,AMRITSAR,PUNJAB,2024-12-27 00:00:00,XXXX6878,ACTIVE,,True,False,True,False,False,False
MCH3176,Gera Inc,4814,PHONE_SERVICE,PRIVATE_LIMITED,LUCKNOW,UTTAR_PRADESH,,RGRY9601657474373,ACTIVE,1047.58,True,True,False,False,True,False
MCH6116,KEER-SHUKLA,4131,TRANSPORT,INDIVIDUAL,DELHI,DELHI,2025-02-18 00:00:00,5115475557,ACTIVE,3651.0,True,True,False,False,False,False
MCH4934,Gill LLC,5812,RESTAURANT,PRIVATE_LIMITED,LDH,PUNJAB,2024-07-29 00:00:00,7355149958,ACTIVE,,True,True,False,False,False,False
MCH7864,"Joshi, Warrior and Guha",,GARMENTS,SOLE_PROPRIETOR,JALANDHAR,PUNJAB,2023-10-18 00:00:00,,ACTIVE,785.07,False,False,False,False,False,False
MCH7842,J0ha1 Ltd,5812,RESTAURANTS,PRIVATE_LIMITED,KOLKATA,WEST_BENGAL,,XXXX0929,INACTIVE,1856.0,True,False,False,False,True,False
MCH4485,NazarethInc,5999,RETAIL_OTHER,INDIVIDUAL,POONA,MAHARASHTRA,2023-11-07 18:34:59,6008302979,SUSPENDED,1928.18,True,True,False,False,False,False
MCH8023,CHAR-GALA,5699,GARMENTS,INDIVIDUAL,CHENNAI,TAMIL_NADU,2024-04-04 00:00:00,PWFC1818550515264,ACTIVE,837.35,True,True,False,False,False,False
MCH9068,Rege-Rao,UNKNOWN,HOTELS,PRIVATE_LIMITED,NEW_DELHI,DELHI,2023-03-09 00:00:00,XKVL5640811556536,ACTIVE,,False,True,False,False,False,False
MCH8385,Thaker-Hegde,5812,EATING_PLACE,PARTNERSHIP,AMRITSAR,PUNJAB,2024-05-14 00:00:00,,ACTIVE,2913.48,True,False,False,False,False,False
MCH7413,Uppal-Chaudhry,,DEPT_STORE,PRIVATE_LIMITED,BENGALURU,KARNATAKA,2024-09-13 00:00:00,3706152456,ACTIVE,3645.54,False,True,False,False,False,False
MCH5386,"Hari, Handa and Madan",4814,MOBILE_RECHARGE,PRIVATE_LIMITED,BENGALURU,KARNATAKA,2023-09-27 00:00:00,,ACTIVE,682.57,True,False,False,False,False,False
MCH3699,borra and sons,5942,STATIONERY,PRIVATE_LIMITED,POONA,MAHARASHTRA,2025-12-17 22:31:06,,INACTIVE,790.7,True,False,False,False,False,False
MCH3856,"Sankaran, Anne and Buch",5812,FOOD,INDIVIDUAL,KOLKATA,WEST_BENGAL,2025-05-06 17:56:20,XXXX0835,ACTIVE,454.0,True,False,False,False,False,False
MCH4487,Subramanian-Kannan,4814,PHONE_SERVICE,PRIVATE_LIMITED,JAIPUR,RAJASTHAN,2023-03-31 00:00:00,GTMT5663658393677,ACTIVE,259.0,True,True,False,False,False,False
MCH4983,"Magar, Ratta and Choudhary",05411,GROCERY,PARTNERSHIP,LUDHIANA,PUNJAB,,ZMSE7382357273196,ACTIVE,617.98,False,True,False,False,True,False
MCH1034,DEVI-CHAUDHARI,7011,HOSPITALITY,PRIVATE_LIMITED,DELHI,DELHI,2024-06-17 22:15:00,XXXX9097,ACTIVE,243.38,True,False,False,False,False,False
MCH9909,CHAR-MOHANTY,5999,RETAIL_OTHER,PARTNERSHIP,DELHI,DELHI,2023-02-18 05:54:00,4229797435,ACTIVE,1739.69,True,True,False,False,False,False
MCH9104,Parmar and Sons,5411,GROCERIES,SOLE_PROPRIETOR,POONA,MAHARASHTRA,,DUAU1962867484687,ACTIVE,1913.35,True,True,False,False,False,False
MCH1739,keer group,5999,MISC_RETAIL,INDIVIDUAL,KOLKATA,WEST_BENGAL,,,ACTIVE,2619.15,True,False,False,False,True,False
MCH5870,Deol Group,04131,TRANSPRT,SOLE_PROPRIETOR,MADRAS,TAMIL_NADU,,,SUSPENDED,1911.31,False,False,False,False,True,False
MCH3274,Sen-Chawla,5311,DEPT_STORE,PRIVATE_LIMITED,CHENNAI,TAMIL_NADU,2023-02-25 00:00:00,8919947096,ACTIVE,,True,True,True,False,False,False
MCH8065,Gandhi-Shanker,4131,BUS_TAXI,INDIVIDUAL,LUCKNOW,UTTAR_PRADESH,2024-07-19 12:29:00,9755596598,INACTIVE,674.4,True,True,False,False,False,False
MCH7622,Banerjee-Raman,5812,FOOD,SOLE_PROPRIETOR,PUNE,MAHARASHTRA,2023-11-24 00:00:00,,ACTIVE,1374.5,True,False,False,False,False,False
MCH5270,"Kannan, Goda and Kade",7011,HOTEL_LODGING,INDIVIDUAL,LUCKNOW,UTTAR_PRADESH,2023-10-13 12:44:32,,INACTIVE,469.0,True,False,False,False,False,False
MCH3835,"Pillai, Ratti and Chaudhuri",4814,MOBILE_RECHARGE,PARTNERSHIP,LUDHIANA,PUNJAB,2023-01-15 10:05:00,4590776710,INACTIVE,6901.65,True,True,False,False,False,False
MCH9322,"Khosla, Walia and Deep",5311,DEPARTMENT_STORE,PARTNERSHIP,KOLKATA,WEST_BENGAL,2024-07-15 00:00:00,BPNH2377464616036,ACTIVE,1060.15,True,True,False,False,False,False
MCH3218,"KEER, SONI AND DESHPANDE",5912,CHEMIST,SOLE_PROPRIETOR,BOMBAY,MAHARASHTRA,,8214766650,ACTIVE,3727.56,True,True,False,False,True,False
MCH6944,"Ghosh, Hayre and Seth",5699,APPAREL,INDIVIDUAL,JAIPUR,RAJASTHAN,2024-06-29 00:00:00,,INACTIVE,,True,False,False,False,False,False
MCH7195,Som and Sons,5999,MISCELLANEOUS,SOLE_PROPRIETOR,CHENNAI,TAMIL_NADU,2024-10-15 14:41:16,,ACTIVE,1440.74,True,False,False,False,False,False
MCH8558,"JHA, BHAT AND SWAMINATHAN",MISC,MOBILE_RECHARGE,SOLE_PROPRIETOR,BENGALURU,KARNATAKA,2024-11-13 00:00:00,,ACTIVE,2933.92,False,False,False,False,False,False
MCH5974,Padmanabhan LLC,5812,FOOD,INDIVIDUAL,LUCKNOW,UTTAR_PRADESH,2023-03-11 10:03:46,XXXX9484,ACTIVE,1194.0,True,False,False,False,False,False
MCH6783,"Deep, Pall and Suri",5912,MEDICAL,INDIVIDUAL,LKO,UTTAR_PRADESH,2025-11-28 13:45:00,,ACTIVE,1131.0,True,False,False,False,False,False
MCH5745,"Mahal, Gokhale and Shah",5699,CLOTHS,SOLE_PROPRIETOR,LKO,UTTAR_PRADESH,2023-05-04 02:35:30,XXXX1251,ACTIVE,1104.0,True,False,False,False,False,False
MCH5576,oza plc,4131,TRANSPORTATION,SOLE_PROPRIETOR,BENGALURU,KARNATAKA,2024-07-27 00:00:00,XXXX6114,ACTIVE,,True,False,False,False,False,False
MCH2503,Ravel PLC,4814,MOBILE_RECHARGE,INDIVIDUAL,KOLKATA,WEST_BENGAL,2025-03-10 00:00:00,5029689598,ACTIVE,858.0,True,True,False,False,False,False
MCH2102,"Mand, Bobal and Saini",5812,RESTAURANT,INDIVIDUAL,LUDHIANA,PUNJAB,2024-04-25 00:00:00,,ACTIVE,,True,False,True,False,False,False
MCH7089,"Reddy, Dua and Trivedi",5912,MEDICAL,PRIVATE_LIMITED,KOLKATA,WEST_BENGAL,2023-08-03 14:43:57,LAWF4141310421548,INACTIVE,819.59,True,True,False,False,False,False
MCH1077,Mitter and Sons,5812,RESTAURANT,INDIVIDUAL,CHENNAI,TAMIL_NADU,2026-01-12 00:00:00,,INACTIVE,606.84,True,False,False,False,False,False
MCH8150,Hegde-Doctor,5912,PHARMACY,PARTNERSHIP,POONA,MAHARASHTRA,,MNHK7085418913677,ACTIVE,1430.0,True,True,False,False,True,False
MCH4102,Om Ltd,4814,PHONE_SERVICE,PRIVATE_LIMITED,BENGALURU,KARNATAKA,2023-03-20 00:00:00,,ACTIVE,1056.57,True,False,False,False,False,False
MCH7750,"Rama, Garde and Ravi",UNKNOWN,TRAVEL,PARTNERSHIP,BENGALURU,KARNATAKA,2025-01-22 00:00:00,XXXX7708,ACTIVE,1271.38,False,False,False,False,False,False
MCH8614,Basu-Gola,4131,TRAVEL,PARTNERSHIP,POONA,MAHARASHTRA,,XXXX7777,ACTIVE,1454.86,True,False,False,False,True,False
MCH3081,"Anne, Choudhry and Nanda",5912,MEDICAL_STORE,PARTNERSHIP,HYDERABAD,TELANGANA,2024-12-23 00:00:00,4317690840,ACTIVE,590.0,True,True,False,False,False,False
MCH9125,"mallick, walia and kanda",5311,DEPARTMENT_STORES,PARTNERSHIP,CHENNAI,TAMIL_NADU,2023-10-21 19:24:00,,ACTIVE,3007.21,True,False,False,False,False,False
MCH6641,Sunder-Taneja,5411,KIRANA,INDIVIDUAL,KOLKATA,WEST_BENGAL,2025-12-24 23:48:00,,ACTIVE,126.11,True,False,False,False,False,False
MCH1750,RAVI-DHAR,04814,TELECOM,SOLE_PROPRIETOR,LDH,PUNJAB,2023-10-12 03:27:30,,ACTIVE,,False,False,True,False,False,False
MCH6743,"mistry, acharya and rau",MISC,MISC_RETAIL,PRIVATE_LIMITED,KOLKATA,WEST_BENGAL,2025-07-25 00:00:00,XXXX9521,INACTIVE,,False,False,True,False,False,False
MCH4230,Jha Group,5912,PHARMACY,PRIVATE_LIMITED,JPR,RAJASTHAN,,XXXX6774,ACTIVE,911.06,True,False,False,False,False,False
MCH3761,"Bal,MittalandPrabhakar",5999,OTHER,PRIVATE_LIMITED,POONA,MAHARASHTRA,2025-06-11 00:00:00,,ACTIVE,6900.33,True,False,False,False,False,False
MCH1839,Krish Group,05411,GROCERY_STORES,SOLE_PROPRIETOR,JALANDHAR,PUNJAB,2024-01-29 20:47:00,,ACTIVE,1503.47,False,False,False,False,False,False
MCH6959,"Agrawal, Bhatt and Babu",7011,HOTELS,PARTNERSHIP,LUCKNOW,UTTAR_PRADESH,2024-05-24 03:34:51,,ACTIVE,611.31,True,False,False,False,False,False
MCH7383,Mannan Ltd,5999,MISC_RETAIL,INDIVIDUAL,JALANDAR,PUNJAB,,,ACTIVE,2867.55,True,False,False,False,False,False
MCH8770,Mani-Mutti,5999,OTHER,SOLE_PROPRIETOR,NEW_DELHI,DELHI,2023-04-07 00:00:00,XXXX8061,ACTIVE,379.0,True,False,False,False,False,False
MCH8755,"Biswas, Divan and Sachdeva",7011,HOTEL_LODGING,PRIVATE_LIMITED,CHENNAI,TAMIL_NADU,2025-07-25 09:26:00,1014752136,SUSPENDED,2277.32,True,True,False,False,False,False
MCH5370,Shenoy Ltd,5912,MEDICAL_STORE,PRIVATE_LIMITED,HYDERABAD,TELANGANA,2023-06-26 00:00:00,XXXX5771,ACTIVE,1465.66,True,False,False,False,False,False
MCH8490,SEKHON-CHADHA,05699,GARMENTS,SOLE_PROPRIETOR,DILLI,DELHI,2024-06-28 00:00:00,XXXX6195,INACTIVE,,False,False,True,False,False,False
MCH8645,"Desai, Agarwal and Handa",4814,MOBILE_RECHARGE,INDIVIDUAL,LUDHIANA,PUNJAB,2024-03-31 00:00:00,,ACTIVE,1177.09,True,False,False,False,False,False
MCH1706,Merchant-Dhar,5942,BOOKS,PRIVATE_LIMITED,AMRITSAR,PUNJAB,2023-05-25 00:00:00,,ACTIVE,954.61,True,False,False,False,False,False
MCH3395,Merchant-Johal,4131,BUS_TAXI,INDIVIDUAL,LUCKNOW,UTTAR_PRADESH,,MDBK0638673035972,ACTIVE,2176.33,True,True,False,False,False,False
MCH1430,"Bhavsar, Dora and Singh",5812,RESTAURANT,PRIVATE_LIMITED,DILLI,DELHI,2024-03-07 00:00:00,,ACTIVE,238.76,True,False,False,False,False,False
MCH8037,Srinivas Ltd,4131,TRANSPRT,INDIVIDUAL,PUNE,MAHARASHTRA,2023-01-14 16:19:08,,SUSPENDED,671.2,True,False,False,False,False,False
MCH2384,Dugar-Sathe,,TELECOM,PARTNERSHIP,LUDHIANA,PUNJAB,,9586840707,ACTIVE,7203.05,False,True,False,False,True,False
MCH3701,Mand-Bhat,5999,RETAIL_OTHER,SOLE_PROPRIETOR,LKO,UTTAR_PRADESH,2024-05-07 00:00:00,3078444164,INACTIVE,231.29,True,True,False,False,False,False
MCH3869,HEGDE LTD,,DEPARTMENT_STORE,PARTNERSHIP,PUNE,MAHARASHTRA,2026-01-28 22:35:06,,ACTIVE,,False,False,True,False,False,False
MCH4621,Ravel-Chaudhuri,5942,STATIONERY,PRIVATE_LIMITED,DELHI,DELHI,2024-08-04 00:00:00,RGWL4221508668071,ACTIVE,,True,True,True,False,False,False
MCH5676,Kohli-Bir,4814,MOBILE_RECHARGE,PRIVATE_LIMITED,LKO,UTTAR_PRADESH,2024-04-29 20:08:00,XXXX1129,ACTIVE,,True,False,True,False,False,False
MCH5390,"Choudhry, Dube and Morar",,BUS_TAXI,PARTNERSHIP,LUDHIANA,PUNJAB,2024-08-26 00:00:00,,ACTIVE,420.78,False,False,False,False,False,False
MCH2704,Sengupta-Sarin,5699,CLOTHS,PRIVATE_LIMITED,POONA,MAHARASHTRA,2023-03-08 07:11:36,TSWF3138170868556,ACTIVE,2593.67,True,True,False,False,False,False
MCH1479,"Mandal, Barad and Srinivasan",5942,BOOKS,PARTNERSHIP,KOLKATA,WEST_BENGAL,2025-07-27 00:00:00,XXXX4686,ACTIVE,,True,False,False,False,False,False
MCH3449,"Sundaram, Dasgupta and Dutt",5999,MISCELLANEOUS,INDIVIDUAL,CHENNAI,TAMIL_NADU,2025-06-14 00:00:00,9645543739,INACTIVE,436.0,True,True,False,False,False,False
MCH9416,Kulkarni and Sons,5411,GROCERY_STORES,PARTNERSHIP,BOMBAY,MAHARASHTRA,2024-12-13 22:23:48,0558936473,ACTIVE,755.0,True,True,False,False,False,False
MCH4747,issac plc,4131,TRAVEL,PRIVATE_LIMITED,MUMBAI,MAHARASHTRA,2023-07-07 09:40:00,3874952784,INACTIVE,,True,True,False,False,False,False
MCH7003,"Dutt, Sachdeva and Sridhar",5999,RETAIL_OTHER,INDIVIDUAL,LUCKNOW,UTTAR_PRADESH,2025-04-30 00:00:00,7336401497,INACTIVE,418.71,True,True,False,False,False,False
MCH3123,"Hegde, Bahl and Comar",,TRAVEL,PRIVATE_LIMITED,NEW_DELHI,DELHI,2023-06-01 00:00:00,0540867962,ACTIVE,2133.64,False,True,False,False,False,False
MCH5905,"Hayer, Char and Jain",5999,RETAIL_OTHER,PRIVATE_LIMITED,POONA,MAHARASHTRA,,,ACTIVE,2191.84,True,False,False,False,True,False
MCH5737,Ben Inc,05699,APPAREL,INDIVIDUAL,LDH,PUNJAB,2023-06-13 00:00:00,3336843959,INACTIVE,,False,True,True,False,False,False
MCH8076,"Sani, Sanghvi and Butala",05311,DEPT_STORE,INDIVIDUAL,LDH,PUNJAB,2024-07-02 00:00:00,9096281984,ACTIVE,470.52,False,True,False,False,False,False
MCH4691,"Deshmukh, Pant and Garg",7011,HOTELS,SOLE_PROPRIETOR,BENGALURU,KARNATAKA,2025-05-10 00:00:00,,ACTIVE,2116.48,True,False,False,False,False,False
MCH9092,Mall-Deshpande,7011,HOSPITALITY,PARTNERSHIP,DELHI,DELHI,2025-12-26 00:00:00,JMDU2866891583451,INACTIVE,1485.1,True,True,False,False,False,False
MCH9857,Mitra-Bala,5311,DEPARTMENT_STORE,PARTNERSHIP,BENGALURU,KARNATAKA,2024-01-15 00:21:39,7322976024,ACTIVE,507.74,True,True,False,False,False,False
MCH9056,"Misra, Kalita and Kapur",5942,BOOKS,PRIVATE_LIMITED,LKO,UTTAR_PRADESH,2023-06-17 00:00:00,0830352688,ACTIVE,497.59,True,True,False,False,False,False
MCH9733,SATHE-HARI,04131,TRANSPORT,PARTNERSHIP,BENGALURU,KARNATAKA,2025-09-24 05:50:29,,ACTIVE,1033.79,False,False,False,False,False,False
MCH7489,Sridhar PLC,5999,MISC_RETAIL,INDIVIDUAL,BLR,KARNATAKA,2024-09-15 00:00:00,,ACTIVE,990.64,True,False,False,False,False,False
MCH8297,Ghose PLC,4131,TRAVEL,PARTNERSHIP,KOLKATA,WEST_BENGAL,,XXXX1368,ACTIVE,1408.64,True,False,False,False,True,False
MCH3733,Ramakrishnan-Chaudhuri,7011,HOTELS,SOLE_PROPRIETOR,AMRITSAR,PUNJAB,2025-03-15 00:00:00,,ACTIVE,1213.25,True,False,False,False,False,False
MCH9940,"Thakur, Chokshi and Char",5699,GARMENTS,SOLE_PROPRIETOR,JALANDHAR,PUNJAB,2023-01-16 00:00:00,,ACTIVE,1656.0,True,False,False,False,False,False
MCH3284,Lal and Sons,,MOBILE_RECHARGE,PRIVATE_LIMITED,LUDHIANA,PUNJAB,2024-02-18 00:00:00,XXXX5805,INACTIVE,3943.29,False,False,False,False,False,False
MCH4068,Balakrishnan Inc,4814,TELECOM,INDIVIDUAL,JALANDHAR,PUNJAB,2024-11-23 00:00:00,,ACTIVE,1322.89,True,False,False,False,False,False
MCH5938,Prabhu LLC,05999,OTHER,SOLE_PROPRIETOR,JALANDAR,PUNJAB,2024-10-16 00:00:00,,ACTIVE,590.79,False,False,False,False,False,False
MCH4968,Choudhry Inc,4814,MOBILE_RECHARGE,PARTNERSHIP,JAIPUR,RAJASTHAN,,7588932286,ACTIVE,1122.44,True,True,False,False,False,False
MCH8844,"Lad, Walia and Raj",5912,CHEMIST,INDIVIDUAL,LUDHIANA,PUNJAB,2025-11-26 00:00:00,5044649266,ACTIVE,,True,True,False,False,False,False
MCH8312,"Ramanathan, Andra and Sarma",5912,MEDICAL,PARTNERSHIP,LKO,UTTAR_PRADESH,2023-02-20 00:00:00,XXXX8360,ACTIVE,,True,False,True,False,False,False
MCH5968,"SOMAN, ISSAC AND GOSWAMI",5311,DEPT_STORE,PRIVATE_LIMITED,JALANDHAR,PUNJAB,2025-10-16 00:00:00,2039525092,ACTIVE,5598.75,True,True,False,False,False,False
MCH9004,Vaidya-Subramanian,,CHEMIST,PRIVATE_LIMITED,LDH,PUNJAB,,UZFO1636955430005,SUSPENDED,,False,True,True,False,True,False
MCH6044,Narain-Srivastava,7011,HOSPITALITY,SOLE_PROPRIETOR,HYDERABAD,TELANGANA,,,ACTIVE,141.65,True,False,False,False,True,False
MCH4413,"Parekh,KadeandTalwar",5699,CLOTHS,SOLE_PROPRIETOR,LKO,UTTAR_PRADESH,2025-12-11 00:00:00,9207485110,ACTIVE,,True,True,False,False,False,False
MCH3779,aggarwal-hans,05311,DEPARTMENT_STORES,PRIVATE_LIMITED,CALCUTTA,WEST_BENGAL,2024-12-04 08:30:32,VKLU5024337304270,ACTIVE,,False,True,True,False,False,False
MCH8198,Buch-Sengupta,5311,DEPARTMENT_STORES,INDIVIDUAL,KOLKATA,WEST_BENGAL,2023-01-18 00:00:00,,INACTIVE,2004.67,True,False,False,False,False,False
MCH4133,Buch-Hayre,5912,PHARMACY,PARTNERSHIP,KOLKATA,WEST_BENGAL,2024-02-16 00:00:00,,SUSPENDED,,True,False,True,False,False,False
MCH6816,Muni-Bakshi,,BOOK_STORE,PRIVATE_LIMITED,MUMBAI,MAHARASHTRA,2025-10-19 19:36:20,3427916602,SUSPENDED,1412.92,False,True,False,False,False,False
MCH1142,MORAR LLC,5999,MISC_RETAIL,SOLE_PROPRIETOR,JALANDHAR,PUNJAB,,,ACTIVE,,True,False,False,False,False,False
MCH7568,"CHOKSHI, LALL AND SUBRAMANIAM",4131,TRANSPORT,INDIVIDUAL,AMRITSAR,PUNJAB,2025-11-15 23:29:00,XXXX4056,ACTIVE,,True,False,False,False,False,False
MCH6970,Mani-Sankaran,5411,GROCERY_STORES,PARTNERSHIP,DELHI,DELHI,2024-09-25 00:00:00,8930276730,ACTIVE,511.17,True,True,False,False,False,False
MCH8338,Basu Ltd,5812,FOOD,PRIVATE_LIMITED,PUNE,MAHARASHTRA,2025-06-21 00:00:00,XXXX2977,ACTIVE,279.5,True,False,False,False,False,False
MCH8189,BAJAJ-SURA,4131,BUS_TAXI,SOLE_PROPRIETOR,DELHI,DELHI,2023-01-31 11:30:49,,ACTIVE,1010.26,True,False,False,False,False,False
MCH6551,Kala LLC,4131,TRANSPORT,PRIVATE_LIMITED,JPR,RAJASTHAN,,,ACTIVE,,True,False,False,False,True,False
MCH8823,SUBRAMANIAN INC,5699,CLOTHING,PARTNERSHIP,MUMBAI,MAHARASHTRA,2024-01-31 00:00:00,XXXX6614,SUSPENDED,523.43,True,False,False,False,False,False
MCH8140,"Chokshi, Johal and Sachdeva",5812,FOOD,SOLE_PROPRIETOR,CALCUTTA,WEST_BENGAL,2024-08-24 20:09:39,,ACTIVE,1136.04,True,False,False,False,False,False
MCH7688,"Kata, Bobal and Basu",5912,MEDICAL_STORE,SOLE_PROPRIETOR,LDH,PUNJAB,2025-07-29 00:00:00,7749062073,ACTIVE,3346.0,True,True,False,False,False,False
MCH8673,"Bahl, Chopra and Jaggi",5942,STATIONERY,SOLE_PROPRIETOR,AMRITSAR,PUNJAB,2024-11-16 00:00:00,,ACTIVE,1166.72,True,False,False,False,False,False
MCH3393,"PANCHAL, MISTRY AND SAWHNEY",,GROCERY,SOLE_PROPRIETOR,AMRITSAR,PUNJAB,,,ACTIVE,612.0,False,False,False,False,False,False
MCH2923,bahri plc,5912,PHARMACIES,SOLE_PROPRIETOR,BENGALURU,KARNATAKA,2024-11-11 00:00:00,,ACTIVE,1195.19,True,False,False,False,False,False
MCH2887,Rau-Saha,5699,CLOTHING,SOLE_PROPRIETOR,DELHI,DELHI,2023-08-17 00:00:00,XXXX7555,ACTIVE,,True,False,False,False,False,False
MCH1973,"Walia, Khatri and Saha",5942,BOOKS_STATIONERY,SOLE_PROPRIETOR,LKO,UTTAR_PRADESH,2025-11-16 00:00:00,2944514975,ACTIVE,,True,True,False,False,False,False
MCH6729,Sharma and Sons,5311,RETAIL,PARTNERSHIP,AMRITSAR,PUNJAB,2023-01-27 00:00:00,,ACTIVE,442.47,True,False,False,False,False,False
MCH3652,Varghese PLC,,OTHER,PARTNERSHIP,LDH,PUNJAB,,,ACTIVE,2254.0,False,False,False,False,False,False
MCH6741,PARIKH-BHATT,7011,HOTEL,PARTNERSHIP,DELHI,DELHI,2025-06-20 00:00:00,,SUSPENDED,664.53,True,False,False,False,False,False
MCH9450,"Bahl, Varughese and Char",04814,TELECOM,PARTNERSHIP,PUNE,MAHARASHTRA,2023-06-22 16:33:28,RGOX3327381847596,ACTIVE,260.0,False,True,False,False,False,False
MCH8066,Bandi-Zacharia,MISC,TELECOM,INDIVIDUAL,PUNE,MAHARASHTRA,,2423721940,ACTIVE,10687.04,False,True,False,False,False,False
MCH2910,"Anand, Bhatia and Bora",05942,BOOKS_STATIONERY,PARTNERSHIP,PUNE,MAHARASHTRA,2024-07-27 19:48:30,,ACTIVE,759.28,False,False,False,False,False,False
MCH6656,uppal llc,5812,FOOD_SERVICES,INDIVIDUAL,LDH,PUNJAB,2023-10-11 00:00:00,XXXX4591,ACTIVE,488.8,True,False,False,False,False,False
MCH5674,"Chhabra, Samra and Ghosh",04131,TRANSPRT,PARTNERSHIP,MUMBAI,MAHARASHTRA,,,ACTIVE,1727.77,False,False,False,False,False,False
MCH3563,Devi-Dasgupta,4131,BUS_TAXI,PARTNERSHIP,JALANDHAR,PUNJAB,,,ACTIVE,418.41,True,False,False,False,True,False
MCH4712,"Gulati, Koshy and Purohit",5812,FOOD,INDIVIDUAL,LUCKNOW,UTTAR_PRADESH,2023-06-13 19:51:00,,SUSPENDED,576.59,True,False,False,False,False,False
MCH9371,Mand-Oommen,,KIRANA,PRIVATE_LIMITED,MADRAS,TAMIL_NADU,2023-11-11 00:00:00,,ACTIVE,284.42,False,False,False,False,False,False
MCH1227,Shah and Sons,5699,CLOTHING,PRIVATE_LIMITED,LKO,UTTAR_PRADESH,2023-07-01 00:00:00,,ACTIVE,1660.63,True,False,False,False,False,False
MCH7443,chander-manda,4131,TRANSPRT,PRIVATE_LIMITED,DILLI,DELHI,2024-03-27 00:00:00,,ACTIVE,1371.0,True,False,False,False,False,False
MCH3896,"Bansal, Thakkar and Dar",5942,BOOKS,SOLE_PROPRIETOR,BANGALORE,KARNATAKA,2023-04-20 00:00:00,HRLW3110428710394,ACTIVE,,True,True,False,False,False,False
MCH3659,Samra Inc,5812,RESTAURANTS,INDIVIDUAL,MADRAS,TAMIL_NADU,,3971816049,ACTIVE,2958.27,True,True,False,False,True,False
MCH4836,"Sidhu, Krish and Wadhwa",5812,FOOD_SERVICES,INDIVIDUAL,POONA,MAHARASHTRA,2025-11-15 20:13:55,OUBF1585452700403,ACTIVE,431.0,True,True,False,False,False,False
MCH1349,Verma-Rastogi,5942,BOOKS_STATIONERY,PARTNERSHIP,BOMBAY,MAHARASHTRA,2024-12-30 09:34:19,0030472757,SUSPENDED,1183.3,True,True,False,False,False,False
MCH6062,"Suresh, Kibe and Sa1vi",,DEPARTMENT_STORE,PRIVATE_LIMITED,AMRITSAR,PUNJAB,2023-11-27 01:28:22,XXXX9135,ACTIVE,3660.19,False,False,False,False,False,False
MCH9176,Jayaraman PLC,5311,DEPARTMENT_STORE,PRIVATE_LIMITED,JALANDAR,PUNJAB,2025-08-16 00:00:00,,SUSPENDED,609.42,True,False,False,False,False,False
MCH1395,Venkatesh LLC,5812,RESTAURANT,PARTNERSHIP,LUCKNOW,UTTAR_PRADESH,2023-04-16 01:21:59,2640758547,ACTIVE,641.0,True,True,False,False,False,False
MCH3907,"Goswami, Chaudhary and Nanda",4814,PHONE_SERVICE,INDIVIDUAL,LUDHIANA,PUNJAB,2025-06-13 00:00:00,,ACTIVE,552.22,True,False,False,False,False,False
MCH6598,"Sachar, Thakkar and Sachar",5699,CLOTHS,PRIVATE_LIMITED,ASR,PUNJAB,2024-01-26 00:00:00,FGUE5705085368360,ACTIVE,421.0,True,True,False,False,False,False
MCH8869,Tella-Roy,5912,MEDICAL_STORE,SOLE_PROPRIETOR,LDH,PUNJAB,2025-05-17 00:00:00,3757131975,ACTIVE,618.72,True,True,False,False,False,False
MCH9037,Varty-Vaidya,04131,TRANSPORTATION,PRIVATE_LIMITED,JALANDHAR,PUNJAB,2023-04-17 21:34:00,XXXX4749,ACTIVE,2383.02,False,False,False,False,False,False
MCH8210,"Dave, Bath and Cherian",4131,TRAVEL,SOLE_PROPRIETOR,HYDERABAD,TELANGANA,,2958672318,ACTIVE,3204.47,True,True,False,False,True,False
MCH5850,Virk-Loke,5699,CLOTHS,PARTNERSHIP,MUMBAY,MAHARASHTRA,,QOYF2667573006038,ACTIVE,3558.0,True,True,False,False,False,False
MCH8945,"Deol, Pant and Parekh",4814,TELECOM,SOLE_PROPRIETOR,AMRITSAR,PUNJAB,2026-01-18 00:00:00,,ACTIVE,707.94,True,False,False,False,False,False
MCH9402,Vyas-Nath,5812,RESTAURANT,PRIVATE_LIMITED,LKO,UTTAR_PRADESH,2023-09-18 00:00:00,,ACTIVE,,True,False,True,False,False,False
MCH1769,"Jha, Samra and Jhaveri",5311,DEPT_STORE,PRIVATE_LIMITED,MUMBAI,MAHARASHTRA,2023-10-20 00:00:00,XXXX5444,ACTIVE,522.35,True,False,False,False,False,False
MCH1011,Wable and Sons,5411,GROCERIES,PRIVATE_LIMITED,LUDHIANA,PUNJAB,,,ACTIVE,6536.07,True,False,False,False,True,False
MCH2875,Chander-Parmer,5311,DEPARTMENT_STORE,PARTNERSHIP,LUDHIANA,PUNJAB,,XXXX0207,ACTIVE,351.55,True,False,False,False,True,False
MCH4097,Venkataraman PLC,5912,PHARMACY,SOLE_PROPRIETOR,BANGALORE,KARNATAKA,2025-05-25 04:58:00,,ACTIVE,405.21,True,False,False,False,False,False
MCH5648,Jain-Bera,5912,CHEMIST,SOLE_PROPRIETOR,LUDHIANA,PUNJAB,,,ACTIVE,1745.3,True,False,False,False,False,False
MCH2229,Maharaj Group,5999,MISC_RETAIL,PRIVATE_LIMITED,HYDERABAD,TELANGANA,2025-12-12 00:00:00,,ACTIVE,289.57,True,False,False,False,False,False
MCH8455,Chauhan-Raju,5311,DEPT_STORE,PRIVATE_LIMITED,POONA,MAHARASHTRA,2023-03-29 00:00:00,5585488676,ACTIVE,1832.78,True,True,False,False,False,False
MCH7020,Dalal LLC,5311,DEPARTMENT_STORE,PARTNERSHIP,CHENNAI,TAMIL_NADU,2023-10-01 13:17:54,,ACTIVE,1105.4,True,False,False,False,False,False
MCH6783,Raju Group,5812,FOOD_SERVICES,INDIVIDUAL,MUMBAY,MAHARASHTRA,2025-05-17 11:49:22,XXXX7297,ACTIVE,,True,False,False,False,False,False
MCH8029,"Gokhale, Varughese and Dube",5311,RETAIL,SOLE_PROPRIETOR,HYD,TELANGANA,2025-12-21 00:00:00,GRPS2021500015035,ACTIVE,973.0,True,True,False,False,False,False
MCH2309,TripathiPLC,,GROCERIES,INDIVIDUAL,JPR,RAJASTHAN,2025-12-22 22:12:34,5026901266,ACTIVE,869.28,False,True,False,False,False,False
MCH7239,"Trivedi, Ramesh and Prabhakar",,APPAREL,SOLE_PROPRIETOR,LKO,UTTAR_PRADESH,2026-02-23 22:14:44,,ACTIVE,,False,False,True,False,False,False
MCH9957,"Choudhury, Doctor and Das",5942,BOOKS,PARTNERSHIP,JALANDHAR,PUNJAB,2023-03-15 00:00:00,XXXX1369,ACTIVE,,True,False,False,False,False,False
MCH7266,Sule PLC,5812,EATING_PLACE,PARTNERSHIP,JAIPUR,RAJASTHAN,2025-08-30 12:28:51,XXXX3283,ACTIVE,,True,False,False,False,False,False
MCH1971,"Batta, Lal and Wason",05699,CLOTHING,PRIVATE_LIMITED,MUMBAI,MAHARASHTRA,2025-10-12 12:05:04,,ACTIVE,854.92,False,False,False,False,False,False
MCH7912,"dewan, tak and subramanian",5912,PHARMACIES,PARTNERSHIP,CHENNAI,TAMIL_NADU,2025-01-17 15:12:23,XOLJ5859104474839,ACTIVE,,True,True,False,False,False,False
MCH7639,Dewan-Ravi,05699,GARMENTS,PARTNERSHIP,CALCUTTA,WEST_BENGAL,2023-07-31 00:00:00,XXXX1970,ACTIVE,,False,False,True,False,False,False
MCH2045,Nadig-Bal,5699,CLOTHS,PRIVATE_LIMITED,PUNE,MAHARASHTRA,,,ACTIVE,,True,False,True,False,True,False
MCH6755,Subramaniam Inc,7011,HOSPITALITY,PARTNERSHIP,DELHI,DELHI,2024-03-23 00:00:00,,ACTIVE,1535.05,True,False,False,False,False,False
MCH3675,Grewal and Sons,4814,PHONE_SERVICE,PRIVATE_LIMITED,PUNE,MAHARASHTRA,2025-10-19 00:00:00,YCGE0713459513460,INACTIVE,263.38,True,True,False,False,False,False
MCH9458,"Basak, Natarajan and Golla",4814,MOBILE_RECHARGE,INDIVIDUAL,MUMBAI,MAHARASHTRA,,ROVV3982446480189,ACTIVE,1528.67,True,True,False,False,True,False
MCH5953,"Sandhu, Srinivas and Thakur",5699,GARMENTS,PRIVATE_LIMITED,AMRITSAR,PUNJAB,,TMUQ0408880729796,ACTIVE,3101.03,True,True,False,False,True,False
MCH2726,"Chawla, Tata and Chander",5699,CLOTHING,PARTNERSHIP,CHENNAI,TAMIL_NADU,2025-10-11 02:35:19,XXXX2870,INACTIVE,2102.32,True,False,False,False,False,False
MCH6720,"dhingra, shukla and edwin",5912,MEDICAL,PARTNERSHIP,AMRITSAR,PUNJAB,,XXXX5057,ACTIVE,638.0,True,False,False,False,True,False
MCH6148,"Sem, Aggarwa1 and Uppa1",5311,DEPT_STORE,SOLE_PROPRIETOR,LKO,UTTAR_PRADESH,2025-11-29 06:29:00,8892638195,INACTIVE,3148.18,True,True,False,False,False,False
MCH6477,Gopal-Dewan,5699,CLOTHING,SOLE_PROPRIETOR,MUMBAI,MAHARASHTRA,2025-12-20 00:00:00,GNKM1008209861483,ACTIVE,1828.26,True,True,False,False,False,False
MCH2535,MODY-GREWAL,5699,GARMENTS,SOLE_PROPRIETOR,MUMBAI,MAHARASHTRA,,XXXX4471,ACTIVE,1997.41,True,False,False,False,True,False
MCH8055,Sankaran-Sachar,5999,MISCELLANEOUS,PRIVATE_LIMITED,LUDHIANA,PUNJAB,2023-11-11 00:00:00,UKDK6406633609762,ACTIVE,1036.97,True,True,False,False,False,False
MCH5070,krishnan group,,MOBILE_RECHARGE,PARTNERSHIP,NEW_DELHI,DELHI,2024-06-18 16:41:00,,ACTIVE,1597.64,False,False,False,False,False,False
MCH8693,Mukhopadhyay-Rama,,GROCERY_STORES,INDIVIDUAL,LUCKNOW,UTTAR_PRADESH,2024-10-07 22:23:22,XXXX9284,ACTIVE,406.79,False,False,False,False,False,False
MCH6152,"Hayer, Jha and Tata",5411,GROCERY_STORE,PRIVATE_LIMITED,LKO,UTTAR_PRADESH,2025-06-23 08:59:29,6225747550,ACTIVE,2396.0,True,True,False,False,False,False
MCH5780,Tara-Palan,5699,CLOTHS,INDIVIDUAL,BANGALORE,KARNATAKA,,,ACTIVE,1736.15,True,False,False,False,True,False
MCH6392,Thaman Ltd,07011,HOTEL_LODGING,PARTNERSHIP,CALCUTTA,WEST_BENGAL,2023-08-03 00:00:00,1989029067,ACTIVE,691.37,False,True,False,False,False,False
MCH6107,PILLAY LLC,5999,OTHER,SOLE_PROPRIETOR,JALANDHAR,PUNJAB,2024-06-27 00:00:00,COEO9019476576214,ACTIVE,1844.34,True,True,False,False,False,False
MCH7627,CHANDA-MURTY,5812,EATING_PLACE,PARTNERSHIP,JPR,RAJASTHAN,2024-10-15 00:00:00,,ACTIVE,3236.88,True,False,False,False,False,False
MCH4822,SAMA-KEER,4131,TRANSPORTATION,PRIVATE_LIMITED,HYD,TELANGANA,,,ACTIVE,736.6,True,False,False,False,True,False
MCH7868,Ah1uwa1ia Inc,5812,FOOD,PRIVATE_LIMITED,HYDERABAD,TELANGANA,2023-02-24 00:00:00,AZWU9148172427914,INACTIVE,,True,True,True,False,False,False
MCH8384,"Tella, Batra and Baral",5311,DEPARTMENT_STORES,INDIVIDUAL,JALANDAR,PUNJAB,,,ACTIVE,,True,False,False,False,True,False
MCH8344,Purohit-Ravi,5311,DEPARTMENT_STORE,PRIVATE_LIMITED,PUNE,MAHARASHTRA,2023-09-04 21:29:50,,ACTIVE,337.58,True,False,False,False,False,False
MCH5599,Peri-Bhatti,05942,BOOK_STORE,INDIVIDUAL,MUMBAY,MAHARASHTRA,,,ACTIVE,8103.17,False,False,False,False,True,False
MCH7767,Nadkarni-Pathak,7011,HOSPITALITY,INDIVIDUAL,CHENNAI,TAMIL_NADU,,,ACTIVE,3595.48,True,False,False,False,True,False
MCH7024,gandhi-kunda,5942,BOOKS_STATIONERY,PRIVATE_LIMITED,LKO,UTTAR_PRADESH,2024-04-22 00:00:00,,ACTIVE,184.56,True,False,False,False,False,False
MCH4361,Shukla-Venkatesh,5699,CLOTHS,PARTNERSHIP,PUNE,MAHARASHTRA,2023-08-31 10:30:03,,ACTIVE,714.55,True,False,False,False,False,False
MCH2814,"SANI, KHARE AND RAMACHANDRAN",5912,MEDICAL_STORE,PARTNERSHIP,JALANDHAR,PUNJAB,2024-02-24 00:00:00,XXXX1070,ACTIVE,1581.52,True,False,False,False,False,False
MCH3659,Ch0udhary-Sama,5912,PHARMACIES,SOLE_PROPRIETOR,CHENNAI,TAMIL_NADU,2024-06-13 05:48:52,XXXX0305,INACTIVE,1376.76,True,False,False,False,False,False
MCH7162,"SANKAR, MUNI AND MANDAL",,STATIONERY,SOLE_PROPRIETOR,JALANDHAR,PUNJAB,2023-01-14 06:07:30,TTSV7753870906383,ACTIVE,4267.24,False,True,False,False,False,False
MCH4163,Kamdar-Jhaveri,7011,HOTEL,SOLE_PROPRIETOR,JALANDHAR,PUNJAB,,,ACTIVE,390.74,True,False,False,False,False,False
MCH1262,CharInc,04814,TELECOM,INDIVIDUAL,PUNE,MAHARASHTRA,2025-06-28 00:00:00,4484109203,ACTIVE,489.52,False,True,False,False,False,False
MCH6441,"Konda, Swaminathan and Patel",4814,MOBILE_RECHARGE,INDIVIDUAL,LKO,UTTAR_PRADESH,2025-01-30 00:00:00,6182390542,ACTIVE,,True,True,True,False,False,False
MCH1563,Mandal-Biswas,4814,TELECOM,PARTNERSHIP,JAIPUR,RAJASTHAN,,5466191568,SUSPENDED,,True,True,True,False,True,False
MCH7635,Pant and Sons,7011,HOTEL_LODGING,INDIVIDUAL,JALANDHAR,PUNJAB,2023-03-04 20:51:37,7323981612,ACTIVE,4941.43,True,True,False,False,False,False
MCH4021,"BALAKRISHNAN, MISTRY AND VIG",5912,PHARMACY,INDIVIDUAL,HYD,TELANGANA,,4335587264,ACTIVE,1395.91,True,True,False,False,True,False
MCH9036,CHERIAN LLC,5699,APPAREL,SOLE_PROPRIETOR,LUDHIANA,PUNJAB,2023-05-17 18:31:08,XXXX5926,ACTIVE,928.81,True,False,False,False,False,False
MCH7366,"Shetty, Pa11 and Pi11ay",5699,CLOTHS,PARTNERSHIP,NEW_DELHI,DELHI,2024-01-14 00:00:00,,ACTIVE,,True,False,False,False,False,False
MCH6947,Sen LLC,5912,MEDICAL,INDIVIDUAL,HYDERABAD,TELANGANA,2025-05-29 00:00:00,0155753762,ACTIVE,820.37,True,True,False,False,False,False
MCH2463,"Pillai, Tank and Das",7011,HOSPITALITY,SOLE_PROPRIETOR,CHENNAI,TAMIL_NADU,2025-08-13 00:00:00,1687933229,ACTIVE,1834.3,True,True,False,False,False,False
MCH2157,"Ramaswamy, Sundaram and Sachdev",4131,TRANSPRT,INDIVIDUAL,HYDERABAD,TELANGANA,2023-05-25 00:00:00,,ACTIVE,1899.0,True,False,False,False,False,False
MCH2829,Narain Ltd,5999,RETAIL_OTHER,SOLE_PROPRIETOR,BANGALORE,KARNATAKA,2023-02-15 14:46:04,,ACTIVE,1912.36,True,False,False,False,False,False
MCH9237,GOKHALE INC,5912,MEDICAL_STORE,PRIVATE_LIMITED,LDH,PUNJAB,2025-09-28 00:00:00,LPZT4038353121229,ACTIVE,1901.54,True,True,False,False,False,False
MCH8365,"Luthra, Kota and Choudhary",5311,RETAIL,PRIVATE_LIMITED,AMRITSAR,PUNJAB,2024-10-17 00:00:00,,INACTIVE,,True,False,False,False,False,False
MCH6832,"Chaudry, Barman and Patla",5812,RESTAURANT,SOLE_PROPRIETOR,LUCKNOW,UTTAR_PRADESH,2024-09-03 00:00:00,3762925357,INACTIVE,617.14,True,True,False,False,False,False
MCH6512,"Sagar, Deep and Rao",,MOBILE_RECHARGE,SOLE_PROPRIETOR,HYDERABAD,TELANGANA,,1702999144,ACTIVE,,False,True,False,False,True,False
MCH1630,Yogi-Agate,5942,BOOK_STORE,PARTNERSHIP,KOLKATA,WEST_BENGAL,2023-10-31 00:00:00,XXXX1041,ACTIVE,444.27,True,False,False,False,False,False
MCH4191,"Mangal, Seshadri and Kakar",5699,GARMENTS,PRIVATE_LIMITED,PUNE,MAHARASHTRA,2024-01-26 00:00:00,,ACTIVE,1192.21,True,False,False,False,False,False
MCH6854,Singh-Pandya,5942,BOOKS_STATIONERY,PARTNERSHIP,AMRITSAR,PUNJAB,2023-07-22 14:48:37,,ACTIVE,353.0,True,False,False,False,False,False
MCH3893,Dhingra-Chaudhuri,5912,MEDICAL_STORE,SOLE_PROPRIETOR,CHENNAI,TAMIL_NADU,2025-08-03 00:00:00,XXXX2466,ACTIVE,2445.5,True,False,False,False,False,False
MCH9728,"Dass, Sengupta and Halder",5411,GROCERIES,SOLE_PROPRIETOR,CHENNAI,TAMIL_NADU,2024-10-29 12:12:00,,ACTIVE,6287.55,True,False,False,False,False,False
MCH7951,Peri Group,7011,HOTEL_LODGING,SOLE_PROPRIETOR,JAIPUR,RAJASTHAN,2024-02-21 00:00:00,,ACTIVE,,True,False,True,False,False,False
MCH7600,Bora Inc,5999,RETAIL_OTHER,PRIVATE_LIMITED,JALANDAR,PUNJAB,,,ACTIVE,582.46,True,False,False,False,True,False
MCH8832,"Korpal, Dugar and Grover",5411,KIRANA,INDIVIDUAL,LUDHIANA,PUNJAB,2025-10-27 07:47:00,XXXX3528,ACTIVE,2140.7,True,False,False,False,False,False
MCH9979,"Bandi, Gupta and Sarma",4131,TRANSPORTATION,PRIVATE_LIMITED,LUDHIANA,PUNJAB,2023-04-13 00:00:00,,SUSPENDED,,True,False,True,False,False,False
MCH9514,Prakash Gr0up,5912,PHARMACIES,PARTNERSHIP,LKO,UTTAR_PRADESH,2024-10-06 00:00:00,XXXX7878,INACTIVE,2338.36,True,False,False,False,False,False
MCH1540,mohan-hegde,05912,PHARMACY,INDIVIDUAL,MUMBAY,MAHARASHTRA,2023-02-15 20:52:03,,INACTIVE,2002.37,False,False,False,False,False,False
MCH8838,"KALA, SIDHU AND KURUVILLA",5912,PHARMACY,PARTNERSHIP,CHENNAI,TAMIL_NADU,2023-02-11 00:00:00,,INACTIVE,593.62,True,False,False,False,False,False
MCH5980,MISRA-GANGULY,4131,TRANSPRT,INDIVIDUAL,CALCUTTA,WEST_BENGAL,2025-08-13 00:00:00,XXXX2799,ACTIVE,2762.0,True,False,False,False,False,False
MCH4261,"Kar, Krishnan and Nadig",5411,KIRANA,PARTNERSHIP,MUMBAI,MAHARASHTRA,2024-10-07 08:24:11,,ACTIVE,1395.9,True,False,False,False,False,False
MCH1439,Chawla Ltd,,BUS_TAXI,INDIVIDUAL,CHENNAI,TAMIL_NADU,2023-05-10 00:00:00,OYZO1535504454366,ACTIVE,6190.53,False,True,False,False,False,False
MCH9128,"Vig, Menon and Prabhakar",5942,STATIONERY,SOLE_PROPRIETOR,NEW_DELHI,DELHI,2023-08-30 06:57:00,ROAG7230893964425,ACTIVE,594.0,True,True,False,False,False,False
MCH4781,Pillai Group,MISC,RETAIL,INDIVIDUAL,JALANDHAR,PUNJAB,2023-03-20 00:00:00,,ACTIVE,541.83,False,False,False,False,False,False
MCH8545,Taneja and Sons,5411,KIRANA,PRIVATE_LIMITED,JAIPUR,RAJASTHAN,2025-07-06 00:00:00,,ACTIVE,1926.0,True,False,False,False,False,False
MCH9584,Kakar PLC,,FOOD_SERVICES,INDIVIDUAL,PUNE,MAHARASHTRA,2024-05-13 06:31:00,FJCP5342966624704,INACTIVE,653.19,False,True,False,False,False,False
MCH8048,"kaul, master and deo",4814,MOBILE_RECHARGE,INDIVIDUAL,HYDERABAD,TELANGANA,2025-02-15 00:00:00,XXXX6691,ACTIVE,2683.93,True,False,False,False,False,False
MCH9803,Rastogi Ltd,MISC,BOOKS_STATIONERY,PARTNERSHIP,JAIPUR,RAJASTHAN,2025-01-29 05:08:38,,ACTIVE,3135.89,False,False,False,False,False,False
MCH6361,"Saran, Dhar and Chaudhry",7011,HOTEL,SOLE_PROPRIETOR,NEW_DELHI,DELHI,2023-04-18 22:29:15,9705258117,ACTIVE,701.89,True,True,False,False,False,False
MCH5594,ANNE LTD,4814,PHONE_SERVICE,PRIVATE_LIMITED,HYDERABAD,TELANGANA,2024-03-16 00:00:00,7934234539,ACTIVE,1557.37,True,True,False,False,False,False
MCH7687,Pant-Mukherjee,5999,RETAIL_OTHER,PARTNERSHIP,HYDERABAD,TELANGANA,2023-08-15 00:00:00,0561782434,ACTIVE,,True,True,False,False,False,False
MCH7279,das plc,5999,RETAIL_OTHER,PARTNERSHIP,JAIPUR,RAJASTHAN,,WTVS1342257023005,ACTIVE,1157.26,True,True,False,False,False,False
MCH9609,"Taneja, Parsa and Chaudhry",4814,MOBILE_RECHARGE,PRIVATE_LIMITED,MUMBAI,MAHARASHTRA,2024-09-15 00:00:00,,ACTIVE,501.49,True,False,False,False,False,False
MCH2753,"Karan, Ganguly and Desai",5999,MISC_RETAIL,PRIVATE_LIMITED,AMRITSAR,PUNJAB,2023-03-31 00:00:00,,ACTIVE,1254.6,True,False,False,False,False,False
MCH3955,"Dutta, Boase and Jha",5812,FOOD_SERVICES,PARTNERSHIP,JAIPUR,RAJASTHAN,,7839475828,INACTIVE,935.24,True,True,False,False,False,False
MCH1380,Mahal-Khare,5999,MISCELLANEOUS,PRIVATE_LIMITED,MUMBAI,MAHARASHTRA,2025-02-23 00:44:00,TLPQ4078335945068,ACTIVE,3004.0,True,True,False,False,False,False
MCH5898,Virk-Mani,5699,CLOTHS,PARTNERSHIP,DELHI,DELHI,2025-08-23 00:00:00,1987474945,ACTIVE,2502.05,True,True,False,False,False,False
MCH5900,Sarraf-Nagar,5912,PHARMACY,SOLE_PROPRIETOR,KOLKATA,WEST_BENGAL,2024-03-23 06:41:25,0859371893,ACTIVE,380.94,True,True,False,False,False,False
MCH6718,Chaudry-Ramachandran,4814,PHONE_SERVICE,INDIVIDUAL,LUCKNOW,UTTAR_PRADESH,2024-07-19 00:00:00,XXXX5658,ACTIVE,1635.83,True,False,False,False,False,False
MCH9002,MANNE LTD,,DEPARTMENT_STORE,PARTNERSHIP,ASR,PUNJAB,2023-04-11 00:00:00,XXXX2471,ACTIVE,2336.66,False,False,False,False,False,False
MCH9732,Pal-Kaur,5699,CLOTHING,INDIVIDUAL,JALANDAR,PUNJAB,2023-06-25 00:00:00,2545195064,ACTIVE,1508.45,True,True,False,False,False,False
MCH4706,GHOSH-TAILOR,05912,PHARMACY,PARTNERSHIP,CHENNAI,TAMIL_NADU,2025-07-17 00:00:00,,ACTIVE,418.32,False,False,False,False,False,False
MCH3219,Aggarwal Group,5311,DEPARTMENT_STORE,PARTNERSHIP,LKO,UTTAR_PRADESH,2025-08-29 00:00:00,RNPG2912069741191,ACTIVE,1058.64,True,True,False,False,False,False
MCH4330,"Viswanathan, Morar and Barad",4131,TRANSPRT,INDIVIDUAL,JALANDHAR,PUNJAB,,,ACTIVE,151.73,True,False,False,False,True,False
MCH2842,ANNE LTD,5699,CLOTHS,PARTNERSHIP,DELHI,DELHI,2023-03-04 00:00:00,,ACTIVE,1642.14,True,False,False,False,False,False
MCH2684,Barad-Jaggi,5942,BOOK_STORE,SOLE_PROPRIETOR,NEW_DELHI,DELHI,2024-04-13 01:13:00,VFSV6228720846838,ACTIVE,518.0,True,True,False,False,False,False
MCH4223,"Bajwa, Khurana and Sinha",MISC,RETAIL,SOLE_PROPRIETOR,BENGALURU,KARNATAKA,2025-03-15 00:00:00,,ACTIVE,585.1,False,False,False,False,False,False
MCH7470,"Din,GuptaandRatti",5311,DEPARTMENT_STORE,PARTNERSHIP,DELHI,DELHI,2023-09-21 00:00:00,UMQY7730271159180,INACTIVE,684.47,True,True,False,False,False,False
MCH2596,Vasa PLC,4131,TRANSPORT,SOLE_PROPRIETOR,HYDERABAD,TELANGANA,2025-08-20 22:49:00,,ACTIVE,,True,False,True,False,False,False
MCH8272,"Kaur, Barad and Sengupta",5411,KIRANA,PARTNERSHIP,AMRITSAR,PUNJAB,,5098196386,ACTIVE,2250.0,True,True,False,False,True,False
MCH5785,Vohra Inc,5699,CLOTHS,PARTNERSHIP,MUMBAI,MAHARASHTRA,2023-06-25 00:00:00,6460565959,ACTIVE,1694.59,True,True,False,False,False,False
MCH5567,"Kibe, Halder and Saraf",5912,CHEMIST,SOLE_PROPRIETOR,BLR,KARNATAKA,2023-01-28 02:44:29,IXRG4736294294938,ACTIVE,1983.35,True,True,False,False,False,False
MCH9835,Mahajan-Pingle,07011,HOTEL_LODGING,PRIVATE_LIMITED,JAIPUR,RAJASTHAN,2025-09-22 00:00:00,,ACTIVE,2477.71,False,False,False,False,False,False
MCH8730,Banerjee-Kapoor,5942,STATIONERY,SOLE_PROPRIETOR,ASR,PUNJAB,,CQGQ8537716696051,ACTIVE,2386.59,True,True,False,False,False,False
MCH8435,Bajwa-Sandhu,5699,GARMENTS,INDIVIDUAL,JAIPUR,RAJASTHAN,2024-08-11 00:00:00,XRHA7493996842867,ACTIVE,,True,True,True,False,False,False
MCH3739,Murty Ltd,5311,DEPARTMENT_STORE,PRIVATE_LIMITED,MADRAS,TAMIL_NADU,2025-09-15 00:00:00,XXXX2052,ACTIVE,571.15,True,False,False,False,False,False
MCH4765,madan-pandey,5699,CLOTHING,SOLE_PROPRIETOR,HYDERABAD,TELANGANA,,XXXX6725,ACTIVE,1004.95,True,False,False,False,True,False
MCH9291,"Mukhopadhyay, Dua and Dada",5699,CLOTHING,SOLE_PROPRIETOR,DILLI,DELHI,2023-12-24 00:00:00,4794994318,ACTIVE,875.0,True,True,False,False,False,False
MCH3837,Bhat Group,5311,DEPARTMENT_STORE,INDIVIDUAL,DELHI,DELHI,2026-01-17 00:00:00,XXXX7816,SUSPENDED,,True,False,True,False,False,False
MCH9152,KARA-PARIKH,4814,TELECOM,SOLE_PROPRIETOR,LUCKNOW,UTTAR_PRADESH,,,ACTIVE,5009.29,True,False,False,False,True,False
MCH2020,Prabhu-Kar,5699,CLOTHS,PRIVATE_LIMITED,JALANDHAR,PUNJAB,2025-03-15 21:17:00,XXXX1985,SUSPENDED,2649.5,True,False,False,False,False,False
MCH7712,Sehgal Ltd,5411,KIRANA,PARTNERSHIP,LUCKNOW,UTTAR_PRADESH,,XXXX7167,ACTIVE,2215.59,True,False,False,False,False,False
MCH2310,Char-Singhal,5942,BOOK_STORE,INDIVIDUAL,JPR,RAJASTHAN,2025-09-08 00:00:00,,ACTIVE,,True,False,True,False,False,False
MCH3837,"Char, Naik and Sachdev",5999,OTHER,PRIVATE_LIMITED,NEW_DELHI,DELHI,2026-01-25 00:00:00,XXXX8517,ACTIVE,5233.0,True,False,False,False,False,False
MCH7403,"Raval, Hari and Khurana",5942,BOOK_STORE,INDIVIDUAL,CHENNAI,TAMIL_NADU,2023-07-12 00:00:00,,ACTIVE,697.8,True,False,False,False,False,False
MCH7839,Mahajan-Bhasin,5699,APPAREL,PARTNERSHIP,AMRITSAR,PUNJAB,2023-06-03 00:00:00,XXXX8814,ACTIVE,4413.06,True,False,False,False,False,False
MCH7864,"Saini, Yohannan and Tank",5942,BOOK_STORE,INDIVIDUAL,LUDHIANA,PUNJAB,,9857461455,ACTIVE,1130.3,True,True,False,False,False,False
MCH6903,Gu1ati-Thaker,05812,RESTAURANT,PARTNERSHIP,CHENNAI,TAMIL_NADU,,,ACTIVE,,False,False,False,False,True,False
MCH8210,Kannan Inc,5311,DEPT_STORE,PARTNERSHIP,LDH,PUNJAB,2025-02-04 00:00:00,,SUSPENDED,370.0,True,False,False,False,False,False
MCH2032,"Doshi, Sur and Sarna",,FOOD_SERVICES,PRIVATE_LIMITED,PUNE,MAHARASHTRA,2023-07-15 00:00:00,,ACTIVE,771.07,False,False,False,False,False,False
MCH1788,"Dass, Rajagopal and Madan",,MOBILE_RECHARGE,PRIVATE_LIMITED,PUNE,MAHARASHTRA,,,SUSPENDED,1479.46,False,False,False,False,True,False
MCH1044,"Jha, Salvi and Setty",5311,RETAIL,PARTNERSHIP,HYDERABAD,TELANGANA,2024-10-28 00:00:00,VZSQ7155957356020,ACTIVE,1084.93,True,True,False,False,False,False
MCH9583,Khurana-Johal,5411,GROCERY,PARTNERSHIP,DELHI,DELHI,2024-04-30 09:32:52,9658176597,ACTIVE,5627.6,True,True,False,False,False,False
MCH9207,"Gola, Prabhu and Sood",5311,DEPT_STORE,PRIVATE_LIMITED,CALCUTTA,WEST_BENGAL,2025-02-14 20:21:36,YDIJ7187856499079,ACTIVE,1107.16,True,True,False,False,False,False
MCH5753,Zachariah-Rai,5812,FOOD_SERVICES,PRIVATE_LIMITED,HYDERABAD,TELANGANA,2023-12-01 00:00:00,,ACTIVE,3163.49,True,False,False,False,False,False
MCH4249,"NARASIMHAN, NATT AND CHADA",7011,HOTEL,SOLE_PROPRIETOR,PUNE,MAHARASHTRA,2023-12-28 07:11:47,8565095769,ACTIVE,1048.88,True,True,False,False,False,False
MCH8820,Mistry Group,5812,RESTAURANT,PARTNERSHIP,KOLKATA,WEST_BENGAL,2025-10-19 00:00:00,VDFR2877623309973,ACTIVE,1132.45,True,True,False,False,False,False
MCH6448,"Kara, Mahal and Borah",5699,GARMENTS,INDIVIDUAL,CHENNAI,TAMIL_NADU,,2311602120,SUSPENDED,2308.59,True,True,False,False,True,False
MCH9764,More-Bhavsar,5912,CHEMIST,SOLE_PROPRIETOR,PUNE,MAHARASHTRA,2024-09-06 22:28:13,XXXX9274,ACTIVE,3514.68,True,False,False,False,False,False
MCH5587,"Parmar,BobalandBatra",5912,PHARMACY,PRIVATE_LIMITED,BENGALURU,KARNATAKA,2024-06-25 00:00:00,,ACTIVE,996.25,True,False,False,False,False,False
MCH9354,"SRINIVASAN, BHARGAVA AND SATHE",7011,HOTEL,PRIVATE_LIMITED,PUNE,MAHARASHTRA,2025-12-26 03:14:06,MCIS2962837592027,ACTIVE,272.4,True,True,False,False,False,False
MCH3024,Kade-Bhatia,5812,EATING_PLACE,PARTNERSHIP,NEW_DELHI,DELHI,2025-09-22 17:31:43,,ACTIVE,2093.0,True,False,False,False,False,False
MCH4980,Gaba-Sankaran,MISC,MEDICAL,SOLE_PROPRIETOR,AMRITSAR,PUNJAB,,,INACTIVE,857.86,False,False,False,False,False,False
MCH8137,G0pa1-Mahajan,04131,TRAVEL,PARTNERSHIP,BLR,KARNATAKA,2024-01-30 00:00:00,XXXX2908,ACTIVE,561.1,False,False,False,False,False,False
MCH8741,Swaminathan-Kakar,4814,TELECOM,SOLE_PROPRIETOR,KOLKATA,WEST_BENGAL,2024-08-17 15:49:00,7135208273,ACTIVE,8897.16,True,True,False,False,False,False
MCH6352,ChadhaGroup,,KIRANA,PRIVATE_LIMITED,CHENNAI,TAMIL_NADU,2024-05-19 14:55:03,QWFC2198127321151,SUSPENDED,419.41,False,True,False,False,False,False
MCH8436,Kapoor Inc,7011,HOTEL,INDIVIDUAL,BANGALORE,KARNATAKA,2025-07-27 00:00:00,4749660100,ACTIVE,7117.0,True,True,False,False,False,False
MCH2579,More Inc,,BOOK_STORE,PARTNERSHIP,JAIPUR,RAJASTHAN,,,ACTIVE,4068.74,False,False,False,False,True,False
MCH8845,Varkey-Jha,,OTHER,PARTNERSHIP,KOLKATA,WEST_BENGAL,,,ACTIVE,5630.04,False,False,False,False,True,False
MCH5938,RAMA-PANDEY,4131,TRANSPORT,INDIVIDUAL,JAIPUR,RAJASTHAN,2024-02-12 12:51:22,,ACTIVE,712.0,True,False,False,False,False,False
MCH8919,Parmar Ltd,,TRANSPORT,PRIVATE_LIMITED,BANGALORE,KARNATAKA,2023-12-24 00:00:00,,ACTIVE,2228.63,False,False,False,False,False,False
MCH9927,"lall, bali and varughese",05812,FOOD,SOLE_PROPRIETOR,LUCKNOW,UTTAR_PRADESH,,IDZP0771497763313,ACTIVE,1410.0,False,True,False,False,True,False
MCH6326,"Barad,MurtyandTella",5942,BOOKS_STATIONERY,PRIVATE_LIMITED,CHENNAI,TAMIL_NADU,2024-06-22 18:08:00,LQXK9607455160094,ACTIVE,,True,True,True,False,False,False
MCH4643,Barad and Sons,5942,BOOKS,INDIVIDUAL,LUDHIANA,PUNJAB,2025-05-18 00:00:00,5063903908,SUSPENDED,3490.79,True,True,False,False,False,False
MCH3596,"S01anki, Singha1 and S0man",5699,APPAREL,INDIVIDUAL,JPR,RAJASTHAN,2023-04-03 00:00:00,,INACTIVE,330.41,True,False,False,False,False,False
MCH2411,SARAF-GOLA,4131,TRANSPORT,INDIVIDUAL,JPR,RAJASTHAN,2023-02-09 06:15:13,,ACTIVE,2300.71,True,False,False,False,False,False
MCH1722,Patel-Warrior,07011,HOTEL_LODGING,INDIVIDUAL,CALCUTTA,WEST_BENGAL,2025-03-15 00:00:00,XXXX3839,ACTIVE,420.0,False,False,False,False,False,False
MCH6328,"Ray, Pandit and Bala",4814,PHONE_SERVICE,PRIVATE_LIMITED,CHENNAI,TAMIL_NADU,2025-11-27 00:31:00,GCWI4729638964155,ACTIVE,644.89,True,True,False,False,False,False
MCH3268,Kadakia-Rajan,5699,CLOTHING,SOLE_PROPRIETOR,PUNE,MAHARASHTRA,2024-11-16 14:24:23,,ACTIVE,2055.32,True,False,False,False,False,False
MCH8561,"Swaminathan, Sa1vi and Kant",05699,CLOTHING,PRIVATE_LIMITED,BOMBAY,MAHARASHTRA,2025-04-19 00:00:00,PNGX7339881598856,ACTIVE,4447.81,False,True,False,False,False,False
MCH4030,Nayar PLC,,BOOKS,PRIVATE_LIMITED,ASR,PUNJAB,,,ACTIVE,1079.32,False,False,False,False,True,False
MCH3925,Rana-Sehga1,5912,PHARMACY,INDIVIDUAL,CHENNAI,TAMIL_NADU,,IFJH9817043350326,SUSPENDED,,True,True,True,False,False,False
MCH1626,"Pau, Iyengar and Khare",5999,MISC_RETAIL,SOLE_PROPRIETOR,DELHI,DELHI,2025-07-12 00:00:00,XXXX6353,ACTIVE,550.42,True,False,False,False,False,False
MCH1272,Garg Inc,4131,TRANSPORTATION,PARTNERSHIP,JPR,RAJASTHAN,2023-05-28 22:37:00,7553237450,ACTIVE,549.87,True,True,False,False,False,False
MCH9897,Modi PLC,05699,FASHION,INDIVIDUAL,NEW_DELHI,DELHI,,,ACTIVE,,False,False,True,False,True,False
MCH6670,SAWHNEY INC,5411,GROCERY_STORES,INDIVIDUAL,BLR,KARNATAKA,2026-01-17 00:00:00,XXXX5717,ACTIVE,,True,False,True,False,False,False
MCH5292,Nori-Dugal,5999,OTHER,SOLE_PROPRIETOR,POONA,MAHARASHTRA,,DLCF1511984552623,INACTIVE,542.0,True,True,False,False,False,False
MCH2648,Batta LLC,5999,RETAIL_OTHER,PARTNERSHIP,JAIPUR,RAJASTHAN,,,ACTIVE,416.94,True,False,False,False,True,False
MCH9114,Tiwari-0ak,4814,TELECOM,INDIVIDUAL,PUNE,MAHARASHTRA,2026-01-16 00:00:00,,ACTIVE,7090.63,True,False,False,False,False,False
MCH5154,DHINGRA-SUNDER,5999,MISC_RETAIL,SOLE_PROPRIETOR,POONA,MAHARASHTRA,2025-06-14 00:00:00,1153641874,ACTIVE,2001.0,True,True,False,False,False,False
MCH6060,Chacko-Sundaram,4131,TRANSPORTATION,INDIVIDUAL,JPR,RAJASTHAN,2023-03-25 00:00:00,XXXX2924,INACTIVE,2026.75,True,False,False,False,False,False
MCH6100,"PILLAY, MERCHANT AND SEM",5942,BOOKS_STATIONERY,PRIVATE_LIMITED,JALANDHAR,PUNJAB,,0672030590,ACTIVE,1374.95,True,True,False,False,True,False
MCH9866,Sane-Dar,4814,PHONE_SERVICE,PARTNERSHIP,LKO,UTTAR_PRADESH,2024-04-11 00:00:00,,ACTIVE,910.27,True,False,False,False,False,False
MCH2627,SHANKER PLC,5311,RETAIL,INDIVIDUAL,LUCKNOW,UTTAR_PRADESH,2024-10-16 00:00:00,0834395040,ACTIVE,427.05,True,True,False,False,False,False
MCH5722,Kant-Gara,7011,HOSPITALITY,PARTNERSHIP,LUCKNOW,UTTAR_PRADESH,2024-12-16 00:00:00,3048409027,ACTIVE,1451.76,True,True,False,False,False,False
MCH7558,Nair-Tandon,7011,HOTEL_LODGING,INDIVIDUAL,DELHI,DELHI,2025-09-24 00:00:00,WDIO8859498666425,ACTIVE,2209.65,True,True,False,False,False,False
MCH1429,Pal Ltd,5411,GROCERY,INDIVIDUAL,JAIPUR,RAJASTHAN,2024-10-13 00:00:00,YBSQ5701995451285,ACTIVE,258.0,True,True,False,False,False,False
MCH7094,Narasimhan and Sons,5411,GROCERIES,PARTNERSHIP,LUCKNOW,UTTAR_PRADESH,,5172263250,ACTIVE,,True,True,True,False,True,False
MCH3847,Nair PLC,5311,RETAIL,SOLE_PROPRIETOR,POONA,MAHARASHTRA,,,ACTIVE,660.47,True,False,False,False,False,False
MCH8529,Pradhan PLC,5942,STATIONERY,SOLE_PROPRIETOR,DILLI,DELHI,2025-07-13 03:13:00,,ACTIVE,476.91,True,False,False,False,False,False
MCH9623,Mangat PLC,4814,TELECOM,SOLE_PROPRIETOR,LKO,UTTAR_PRADESH,2024-03-26 15:39:33,,ACTIVE,457.6,True,False,False,False,False,False
MCH2287,Baral Inc,5912,MEDICAL,INDIVIDUAL,DELHI,DELHI,,,ACTIVE,920.82,True,False,False,False,True,False
MCH6677,"DESHMUKH, CHOUDHRY AND LAD",5912,MEDICAL_STORE,PRIVATE_LIMITED,JALANDHAR,PUNJAB,2024-12-05 00:00:00,,INACTIVE,2949.0,True,False,False,False,False,False
MCH2417,"Reddy, Patel and Manda",5912,PHARMACY,INDIVIDUAL,BENGALURU,KARNATAKA,2025-03-13 00:00:00,XXXX5551,ACTIVE,1553.29,True,False,False,False,False,False
MCH7870,Sahota-Chand,5311,DEPARTMENT_STORES,SOLE_PROPRIETOR,DELHI,DELHI,2024-06-12 00:00:00,2012661045,ACTIVE,1123.31,True,True,False,False,False,False
MCH7323,Mital Inc,5812,EATING_PLACE,INDIVIDUAL,LUCKNOW,UTTAR_PRADESH,,1221388018,ACTIVE,1194.36,True,True,False,False,True,False
MCH3289,Tripathi-Mandal,4814,TELECOM,INDIVIDUAL,CHENNAI,TAMIL_NADU,2024-12-29 00:00:00,XXXX2012,ACTIVE,1368.37,True,False,False,False,False,False
MCH7681,"Bal, Kakar and Pillai",,TRANSPORTATION,PRIVATE_LIMITED,PUNE,MAHARASHTRA,2024-11-15 00:00:00,2915378010,ACTIVE,1955.63,False,True,False,False,False,False
MCH2601,"Mangal, Lalla and Desai",4131,TRANSPORTATION,PRIVATE_LIMITED,LUDHIANA,PUNJAB,2025-02-19 00:00:00,XXXX7238,ACTIVE,1601.46,True,False,False,False,False,False
MCH5287,Sachdeva PLC,4131,TRAVEL,PARTNERSHIP,HYDERABAD,TELANGANA,2024-02-06 00:00:00,XXXX8293,ACTIVE,823.34,True,False,False,False,False,False
MCH8024,Banik PLC,5411,GROCERY_STORES,INDIVIDUAL,JALANDHAR,PUNJAB,2026-02-02 22:13:43,OAOZ8994715452448,ACTIVE,1100.96,True,True,False,False,False,False
MCH4476,Parikh Group,5912,MEDICAL,PARTNERSHIP,KOLKATA,WEST_BENGAL,2025-09-10 00:24:37,,ACTIVE,,True,False,False,False,False,False
MCH3736,"Chanda, Bandi and Pandya",4814,TELECOM,PARTNERSHIP,HYDERABAD,TELANGANA,2023-04-25 00:48:36,,SUSPENDED,812.06,True,False,False,False,False,False
MCH4738,Jha PLC,,RETAIL_OTHER,SOLE_PROPRIETOR,BENGALURU,KARNATAKA,2024-05-24 22:20:53,,INACTIVE,1636.42,False,False,False,False,False,False
MCH7849,Lal-Wagle,5311,DEPT_STORE,SOLE_PROPRIETOR,JAIPUR,RAJASTHAN,,XXXX0377,ACTIVE,4061.65,True,False,False,False,True,False
MCH5801,"Narasimhan, Grewal and Vora",4131,TRANSPORTATION,PRIVATE_LIMITED,DILLI,DELHI,2023-08-08 00:00:00,,ACTIVE,1697.55,True,False,False,False,False,False
MCH8775,Bakshi-Shah,5699,APPAREL,PARTNERSHIP,NEW_DELHI,DELHI,2025-07-09 07:17:12,,ACTIVE,480.13,True,False,False,False,False,False
MCH8380,"kar, patil and karan",4131,TRAVEL,INDIVIDUAL,JALANDHAR,PUNJAB,2024-01-22 00:00:00,5690092544,ACTIVE,9540.15,True,True,False,False,False,False
MCH5114,Lal Group,05411,KIRANA,PRIVATE_LIMITED,BANGALORE,KARNATAKA,2024-06-23 01:46:15,XXXX3035,ACTIVE,1143.5,False,False,False,False,False,False
MCH5999,NORI INC,5999,OTHER,PRIVATE_LIMITED,JALANDHAR,PUNJAB,2026-01-02 22:34:56,XXXX4498,ACTIVE,629.41,True,False,False,False,False,False
MCH1726,RAJA AND SONS,4131,TRANSPORTATION,PRIVATE_LIMITED,NEW_DELHI,DELHI,2025-12-13 00:00:00,,ACTIVE,639.24,True,False,False,False,False,False
MCH8910,"Sinha, Sen and Mander",4814,TELECOM,PRIVATE_LIMITED,DELHI,DELHI,,,ACTIVE,,True,False,False,False,True,False
MCH6296,"Goyal, Vora and Loke",5411,GROCERY_STORE,PRIVATE_LIMITED,LUCKNOW,UTTAR_PRADESH,,,ACTIVE,538.0,True,False,False,False,False,False
MCH3431,Ghosh and Sons,,EATING_PLACE,SOLE_PROPRIETOR,MUMBAI,MAHARASHTRA,2025-11-24 00:00:00,LTDQ5015892785519,SUSPENDED,1904.92,False,True,False,False,False,False
MCH2696,"Dave, Chaudhari and Bhatti",5411,GROCERIES,INDIVIDUAL,DELHI,DELHI,2024-11-25 00:00:00,XXXX0248,ACTIVE,,True,False,True,False,False,False
MCH3244,Murthy Group,5912,MEDICAL_STORE,PRIVATE_LIMITED,JALANDAR,PUNJAB,2025-03-07 05:29:26,,ACTIVE,3366.47,True,False,False,False,False,False
MCH1887,Peri Inc,5311,DEPARTMENT_STORES,PRIVATE_LIMITED,BANGALORE,KARNATAKA,2023-02-26 00:00:00,,ACTIVE,2706.7,True,False,False,False,False,False
MCH2186,Venkatesh and Sons,5912,MEDICAL,SOLE_PROPRIETOR,LKO,UTTAR_PRADESH,2025-11-23 00:00:00,,ACTIVE,661.82,True,False,False,False,False,False
MCH5905,KARNIK LTD,5812,RESTAURANTS,INDIVIDUAL,POONA,MAHARASHTRA,,XXXX6996,ACTIVE,653.53,True,False,False,False,True,False
MCH8033,"Kala, Mahal and Dash",5311,DEPARTMENT_STORE,INDIVIDUAL,HYDERABAD,TELANGANA,,XXXX2251,ACTIVE,1390.13,True,False,False,False,True,False
MCH3725,Balan Inc,5912,MEDICAL,SOLE_PROPRIETOR,CALCUTTA,WEST_BENGAL,,XXXX4682,ACTIVE,2579.6,True,False,False,False,True,False
MCH4739,Karpe-Doshi,5411,GROCERY_STORES,INDIVIDUAL,LUCKNOW,UTTAR_PRADESH,2023-10-20 00:00:00,DQQT0527144866471,SUSPENDED,,True,True,True,False,False,False
MCH1222,Dass-Dugar,5411,GROCERY_STORE,SOLE_PROPRIETOR,KOLKATA,WEST_BENGAL,2023-11-07 18:19:21,,ACTIVE,,True,False,False,False,False,False
MCH6383,Char PLC,4814,MOBILE_RECHARGE,SOLE_PROPRIETOR,BANGALORE,KARNATAKA,2023-10-28 04:05:00,,ACTIVE,266.0,True,False,False,False,False,False
MCH8174,"banerjee, brahmbhatt and dave",7011,HOSPITALITY,INDIVIDUAL,JAIPUR,RAJASTHAN,2024-09-09 00:00:00,XXXX7104,ACTIVE,,True,False,False,False,False,False
MCH5753,Handa Inc,5812,RESTAURANTS,SOLE_PROPRIETOR,HYDERABAD,TELANGANA,2025-11-04 23:27:50,XXXX3053,ACTIVE,3518.1,True,False,False,False,False,False
MCH6465,Mody Ltd,5699,FASHION,SOLE_PROPRIETOR,MADRAS,TAMIL_NADU,2025-03-01 00:00:00,,SUSPENDED,307.0,True,False,False,False,False,False
MCH7201,"patil, mahajan and issac",5999,MISCELLANEOUS,PRIVATE_LIMITED,MUMBAI,MAHARASHTRA,2025-03-16 00:00:00,0796859598,ACTIVE,282.54,True,True,False,False,False,False
MCH4958,Saini LLC,,TRANSPRT,PRIVATE_LIMITED,HYDERABAD,TELANGANA,2023-06-24 00:00:00,,ACTIVE,440.09,False,False,False,False,False,False
MCH2169,"Munshi, Srinivas and Ramanathan",5942,BOOKS_STATIONERY,PARTNERSHIP,CHENNAI,TAMIL_NADU,,,ACTIVE,351.61,True,False,False,False,True,False
MCH8692,Singhal-Mane,5999,MISC_RETAIL,PARTNERSHIP,JALANDHAR,PUNJAB,2025-07-24 00:00:00,1479687132,ACTIVE,1884.81,True,True,False,False,False,False
MCH5312,Choudhary Inc,05411,GROCERY,PARTNERSHIP,KOLKATA,WEST_BENGAL,2023-07-27 00:00:00,,ACTIVE,1438.2,False,False,False,False,False,False
MCH2299,Ahluwalia Inc,4131,TRAVEL,PARTNERSHIP,LUDHIANA,PUNJAB,,,ACTIVE,2936.54,True,False,False,False,True,False
MCH7870,"Kalla,MoreandSwamy",5912,PHARMACIES,PRIVATE_LIMITED,JAIPUR,RAJASTHAN,2025-03-04 00:00:00,JRSV4497187312439,ACTIVE,681.25,True,True,False,False,False,False
MCH3880,Sankaran-M0dy,4131,TRANSPORTATION,SOLE_PROPRIETOR,HYDERABAD,TELANGANA,2026-02-26 18:34:00,XXXX4851,ACTIVE,794.44,True,False,False,False,False,False
MCH3780,HEGDE GROUP,5311,DEPT_STORE,PRIVATE_LIMITED,LUCKNOW,UTTAR_PRADESH,2026-02-27 20:38:00,XXXX3079,ACTIVE,315.62,True,False,False,False,False,False
MCH1101,Mangal Inc,5912,MEDICAL,INDIVIDUAL,MADRAS,TAMIL_NADU,2023-06-19 00:00:00,XXXX7862,ACTIVE,2025.16,True,False,False,False,False,False
MCH1292,Gera-Nayak,7011,HOTEL_LODGING,SOLE_PROPRIETOR,CHENNAI,TAMIL_NADU,2023-09-25 00:00:00,,ACTIVE,267.0,True,False,False,False,False,False
MCH7162,Ranganathan-Chakraborty,5699,GARMENTS,PRIVATE_LIMITED,POONA,MAHARASHTRA,2025-02-17 00:00:00,LGPC8265918729531,ACTIVE,1830.64,True,True,False,False,False,False
MCH5110,"deshpande, verma and shenoy",5942,BOOK_STORE,PRIVATE_LIMITED,PUNE,MAHARASHTRA,2024-11-11 00:00:00,,INACTIVE,,True,False,True,False,False,False
MCH8104,CHACKO GROUP,7011,HOTEL,PRIVATE_LIMITED,BANGALORE,KARNATAKA,2024-01-02 09:22:31,4591497253,ACTIVE,,True,True,False,False,False,False
MCH9640,Basu Group,,DEPARTMENT_STORE,SOLE_PROPRIETOR,BENGALURU,KARNATAKA,2025-05-21 00:00:00,,ACTIVE,8379.99,False,False,False,False,False,False
MCH2445,Khare-Sane,,RETAIL_OTHER,SOLE_PROPRIETOR,JPR,RAJASTHAN,2023-12-05 19:25:57,3925528828,ACTIVE,6063.97,False,True,False,False,False,False
MCH9185,Om Ltd,5812,RESTAURANTS,PARTNERSHIP,KOLKATA,WEST_BENGAL,2025-09-22 00:00:00,RKEJ2980134292377,INACTIVE,311.59,True,True,False,False,False,False
MCH1133,Shere Ltd,5912,PHARMACIES,PARTNERSHIP,BENGALURU,KARNATAKA,,,ACTIVE,11501.53,True,False,False,False,True,False
MCH4227,Bora-Sood,5999,RETAIL_OTHER,PARTNERSHIP,JAIPUR,RAJASTHAN,2023-02-11 00:00:00,,ACTIVE,1928.46,True,False,False,False,False,False
MCH7411,"Bhasin, Soman and Savant",4814,MOBILE_RECHARGE,SOLE_PROPRIETOR,CHENNAI,TAMIL_NADU,,,ACTIVE,2298.88,True,False,False,False,False,False
MCH6101,Rout-Barman,5812,FOOD_SERVICES,SOLE_PROPRIETOR,KOLKATA,WEST_BENGAL,2024-10-11 00:00:00,,ACTIVE,2918.42,True,False,False,False,False,False
MCH9290,"Gole, Viswanathan and Brahmbhatt",7011,HOSPITALITY,PARTNERSHIP,LDH,PUNJAB,,,INACTIVE,1704.51,True,False,False,False,False,False
MCH8926,Roy-Nagarajan,UNKNOWN,FASHION,SOLE_PROPRIETOR,PUNE,MAHARASHTRA,,,INACTIVE,217.41,False,False,False,False,True,False
MCH7829,Hora Ltd,4131,TRAVEL,PARTNERSHIP,JPR,RAJASTHAN,2025-05-06 00:00:00,XXXX7292,ACTIVE,422.0,True,False,False,False,False,False
MCH9523,"Tank, Uppal and Malhotra",5912,PHARMACIES,PARTNERSHIP,PUNE,MAHARASHTRA,2025-10-25 00:00:00,,ACTIVE,5060.01,True,False,False,False,False,False
MCH5493,"Choudhury, Nayak and Hayer",MISC,CLOTHING,INDIVIDUAL,JALANDHAR,PUNJAB,,CMBW9456641489708,ACTIVE,954.13,False,True,False,False,False,False
MCH7295,Palan-Ray,7011,HOSPITALITY,PARTNERSHIP,BANGALORE,KARNATAKA,,,ACTIVE,1161.77,True,False,False,False,True,False
MCH1628,"rao, buch and kala",5912,PHARMACY,INDIVIDUAL,LKO,UTTAR_PRADESH,2025-01-08 16:04:25,,ACTIVE,789.95,True,False,False,False,False,False
MCH4416,Raju and S0ns,5999,MISCELLANEOUS,INDIVIDUAL,BENGALURU,KARNATAKA,,6909361511,INACTIVE,3955.0,True,True,False,False,True,False
MCH5021,Dora Group,MISC,HOTEL,PARTNERSHIP,JPR,RAJASTHAN,,2704643767,ACTIVE,843.0,False,True,False,False,True,False
MCH4687,GOEL LLC,5942,BOOK_STORE,INDIVIDUAL,LUCKNOW,UTTAR_PRADESH,2023-01-30 00:00:00,BTTJ6615272024781,ACTIVE,820.0,True,True,False,False,False,False
MCH4284,Chawla LLC,4131,TRAVEL,SOLE_PROPRIETOR,LDH,PUNJAB,2026-02-13 00:00:00,XXXX7941,ACTIVE,385.0,True,False,False,False,False,False
MCH8896,Savant PLC,05411,GROCERY,INDIVIDUAL,LUDHIANA,PUNJAB,2023-08-20 12:44:00,UQGT6646060473971,ACTIVE,2636.98,False,True,False,False,False,False
MCH8518,Srivastava-Parsa,5699,FASHION,INDIVIDUAL,JAIPUR,RAJASTHAN,2024-09-11 00:00:00,,ACTIVE,191.84,True,False,False,False,False,False
MCH9753,Chowdhury and Sons,4814,TELECOM,INDIVIDUAL,BOMBAY,MAHARASHTRA,,XRQC4173107226583,ACTIVE,559.33,True,True,False,False,True,False
MCH2951,"THAKUR, SUBRAMANIAM AND AGRAWAL",7011,HOTEL,PARTNERSHIP,MUMBAI,MAHARASHTRA,,0506591392,ACTIVE,,True,True,True,False,True,False
MCH8878,Kashyap-Behl,7011,HOTELS,SOLE_PROPRIETOR,CALCUTTA,WEST_BENGAL,2023-07-21 00:00:00,,ACTIVE,228.35,True,False,False,False,False,False
MCH1136,"bahri, kanda and seth",5942,BOOK_STORE,PRIVATE_LIMITED,MADRAS,TAMIL_NADU,2023-07-17 00:00:00,XXXX4885,ACTIVE,896.84,True,False,False,False,False,False
MCH1665,Salvi Group,5699,CLOTHING,INDIVIDUAL,BANGALORE,KARNATAKA,2025-11-30 00:00:00,KSUI6181238646481,ACTIVE,946.53,True,True,False,False,False,False
MCH6519,"Dhar, Morar and Malhotra",5699,CLOTHS,PRIVATE_LIMITED,PUNE,MAHARASHTRA,2023-05-15 00:27:02,XXXX0332,ACTIVE,445.06,True,False,False,False,False,False
MCH2742,"Vasa, Devan and Tandon",5699,FASHION,INDIVIDUAL,MUMBAY,MAHARASHTRA,2023-11-13 00:00:00,XXXX3213,ACTIVE,541.72,True,False,False,False,False,False
MCH4888,Saha-Jani,4814,PHONE_SERVICE,SOLE_PROPRIETOR,LUDHIANA,PUNJAB,2025-11-20 00:00:00,,ACTIVE,308.77,True,False,False,False,False,False
MCH1986,Brahmbhatt Inc,5999,RETAIL_OTHER,PARTNERSHIP,MUMBAI,MAHARASHTRA,2023-11-23 00:00:00,,ACTIVE,,True,False,True,False,False,False
MCH8422,Kakar-Bera,5699,GARMENTS,SOLE_PROPRIETOR,AMRITSAR,PUNJAB,,XXXX1336,ACTIVE,661.76,True,False,False,False,True,False
MCH7113,"Jain,BhattiandSha",5942,BOOKS_STATIONERY,PARTNERSHIP,MADRAS,TAMIL_NADU,2025-07-30 15:17:22,XXXX9585,SUSPENDED,1921.99,True,False,False,False,False,False
MCH5023,CHATTERJEE-KALLA,5912,PHARMACIES,PARTNERSHIP,BOMBAY,MAHARASHTRA,2024-12-31 00:00:00,XXXX9987,ACTIVE,,True,False,True,False,False,False
MCH7795,Prakash LLC,4131,TRAVEL,SOLE_PROPRIETOR,JPR,RAJASTHAN,2025-06-28 04:41:24,,ACTIVE,956.79,True,False,False,False,False,False
MCH3980,Chadha-Raval,5699,APPAREL,PARTNERSHIP,BENGALURU,KARNATAKA,2023-04-14 00:00:00,XXXX9643,ACTIVE,1323.06,True,False,False,False,False,False
MCH7356,"Divan, Rastogi and Prabhu",5942,BOOKS_STATIONERY,PARTNERSHIP,LUCKNOW,UTTAR_PRADESH,2025-07-22 00:00:00,8041409071,ACTIVE,,True,True,True,False,False,False
MCH5451,Divan LLC,5411,GROCERY_STORE,PARTNERSHIP,JPR,RAJASTHAN,2025-05-14 00:00:00,,ACTIVE,2492.35,True,False,False,False,False,False
MCH7252,"Krishnamurthy, Pandit and Mukherjee",5942,BOOK_STORE,SOLE_PROPRIETOR,HYD,TELANGANA,,0285621980,ACTIVE,1234.51,True,True,False,False,True,False
MCH1438,Pandit-Menon,5999,OTHER,PARTNERSHIP,BANGALORE,KARNATAKA,2023-11-22 00:00:00,ZQNR3407194415594,ACTIVE,409.59,True,True,False,False,False,False
MCH3917,CHOWDHURY-PANDIT,,FASHION,PRIVATE_LIMITED,HYD,TELANGANA,,XXXX2174,INACTIVE,,False,False,True,False,True,False
MCH7955,Sura Gr0up,5812,FOOD,INDIVIDUAL,AMRITSAR,PUNJAB,,FIJI5501070753851,ACTIVE,833.11,True,True,False,False,False,False
MCH9125,Raghavan PLC,,MISCELLANEOUS,INDIVIDUAL,JPR,RAJASTHAN,2024-10-10 00:00:00,,ACTIVE,1723.08,False,False,False,False,False,False
MCH2111,Dubey-Oommen,07011,HOTELS,INDIVIDUAL,LUDHIANA,PUNJAB,2023-07-26 08:03:00,,ACTIVE,5111.16,False,False,False,False,False,False
MCH2370,Mutti-Sarma,5699,FASHION,INDIVIDUAL,DELHI,DELHI,,,ACTIVE,6053.56,True,False,False,False,True,False
MCH2533,"Chhabra, Shah and Tella",5912,MEDICAL,SOLE_PROPRIETOR,JPR,RAJASTHAN,,,ACTIVE,2439.28,True,False,False,False,True,False
MCH6019,Chatterjee Ltd,UNKNOWN,FOOD,PRIVATE_LIMITED,DILLI,DELHI,2026-01-25 00:00:00,UFWO7733965180914,ACTIVE,100.27,False,True,False,False,False,False
MCH5477,Mahajan Ltd,5699,CLOTHS,INDIVIDUAL,BENGALURU,KARNATAKA,2025-09-01 00:00:00,CBRP2025489889025,ACTIVE,3690.89,True,True,False,False,False,False
MCH9460,"Oza, Balakrishnan and Kapoor",5942,STATIONERY,INDIVIDUAL,MADRAS,TAMIL_NADU,,XXXX5842,ACTIVE,481.26,True,False,False,False,False,False
MCH4077,"Khalsa, Jaggi and Bumb",5812,RESTAURANTS,SOLE_PROPRIETOR,JAIPUR,RAJASTHAN,2023-10-26 00:00:00,,ACTIVE,583.76,True,False,False,False,False,False
MCH7737,"Sarma, Tripathi and Chandra",4131,TRANSPRT,SOLE_PROPRIETOR,MUMBAI,MAHARASHTRA,2023-09-19 00:00:00,9889598730,ACTIVE,,True,True,True,False,False,False
MCH7985,"Ba1ay, Mammen and Raman",05812,RESTAURANTS,PARTNERSHIP,LKO,UTTAR_PRADESH,2023-12-16 19:17:00,,ACTIVE,2429.67,False,False,False,False,False,False
MCH2299,Ahluwalia Inc,4131,TRAVEL,PARTNERSHIP,LUDHIANA,PUNJAB,,,ACTIVE,2936.54,True,False,False,False,True,False
MCH2613,"Grewal, Gade and Bhattacharyya",4814,MOBILE_RECHARGE,PRIVATE_LIMITED,KOLKATA,WEST_BENGAL,2023-06-04 01:02:27,,SUSPENDED,1066.15,True,False,False,False,False,False
MCH4424,"Date, Soman and Lall",05311,DEPARTMENT_STORE,PRIVATE_LIMITED,CHENNAI,TAMIL_NADU,2024-02-01 22:21:10,GBLD6739471452450,ACTIVE,,False,True,True,False,False,False
MCH7353,"Tara, Rajag0pa1an and Ramanathan",05311,DEPARTMENT_STORE,PARTNERSHIP,MUMBAI,MAHARASHTRA,2024-10-16 00:00:00,6926383860,ACTIVE,840.14,False,True,False,False,False,False
MCH3203,Randhawa-Pant,5311,RETAIL,PARTNERSHIP,JAIPUR,RAJASTHAN,2024-12-16 07:20:41,XXXX9443,ACTIVE,,True,False,False,False,False,False
MCH4669,"Sidhu, Subramanian and Chakraborty",07011,HOSPITALITY,PRIVATE_LIMITED,BANGALORE,KARNATAKA,2023-03-20 14:14:52,,ACTIVE,,False,False,False,False,False,False
MCH4478,Shenoy Inc,4131,TRANSPORT,PRIVATE_LIMITED,PUNE,MAHARASHTRA,2024-04-19 20:17:16,,ACTIVE,3749.72,True,False,False,False,False,False
MCH8306,"Wason, Saraf and Dube",,HOSPITALITY,PARTNERSHIP,BLR,KARNATAKA,2025-02-15 00:00:00,2587742511,ACTIVE,67.35,False,True,False,False,False,False
MCH2801,"Khurana, Oza and Divan",4814,MOBILE_RECHARGE,PRIVATE_LIMITED,NEW_DELHI,DELHI,2025-10-14 00:00:00,,ACTIVE,406.76,True,False,False,False,False,False
MCH8972,VIG INC,5411,GROCERY_STORES,PARTNERSHIP,CALCUTTA,WEST_BENGAL,2024-08-17 00:00:00,,ACTIVE,835.08,True,False,False,False,False,False
MCH7982,De0 Ltd,5311,DEPT_STORE,PARTNERSHIP,LDH,PUNJAB,2023-01-14 04:48:22,KDBH6204467913349,ACTIVE,579.0,True,True,False,False,False,False
MCH6069,Krish-Joshi,,FASHION,PRIVATE_LIMITED,ASR,PUNJAB,2024-07-30 00:00:00,XXXX1701,ACTIVE,252.19,False,False,False,False,False,False
MCH5488,Pradhan-Nagy,4814,TELECOM,PRIVATE_LIMITED,LUCKNOW,UTTAR_PRADESH,,,ACTIVE,1893.0,True,False,False,False,False,False
MCH6650,Reddy LLC,,GROCERY_STORE,SOLE_PROPRIETOR,PUNE,MAHARASHTRA,2024-02-28 00:00:00,XXXX5775,ACTIVE,3251.25,False,False,False,False,False,False
MCH4209,Bahri-Kari,4131,BUS_TAXI,INDIVIDUAL,JPR,RAJASTHAN,2025-12-29 00:00:00,,ACTIVE,1717.86,True,False,False,False,False,False
MCH8899,bedi and sons,5699,GARMENTS,PRIVATE_LIMITED,KOLKATA,WEST_BENGAL,2025-02-25 00:00:00,XXXX6442,SUSPENDED,,True,False,False,False,False,False
MCH6061,Anand-Savant,5411,GROCERY_STORE,SOLE_PROPRIETOR,AMRITSAR,PUNJAB,2026-02-08 12:13:00,,ACTIVE,,True,False,True,False,False,False
MCH4587,Karnik and Sons,5311,RETAIL,PARTNERSHIP,JAIPUR,RAJASTHAN,,,INACTIVE,2493.1,True,False,False,False,True,False
MCH8467,"Tara, Nagi and Keer",,GROCERY_STORES,SOLE_PROPRIETOR,CHENNAI,TAMIL_NADU,,YVFX0584692360896,INACTIVE,3292.09,False,True,False,False,True,False
MCH9196,"Dani, Palla and Ramachandran",07011,HOTELS,SOLE_PROPRIETOR,HYD,TELANGANA,,5171234438,ACTIVE,403.86,False,True,False,False,True,False
MCH3669,"Dutta, Banerjee and Saini",5999,MISC_RETAIL,PRIVATE_LIMITED,LUCKNOW,UTTAR_PRADESH,2024-09-03 00:00:00,9041253658,ACTIVE,2883.4,True,True,False,False,False,False
MCH9375,"Bhalla, Koshy and Sule",,BOOKS,INDIVIDUAL,LDH,PUNJAB,2023-07-28 23:16:10,XXXX7795,INACTIVE,924.32,False,False,False,False,False,False
MCH7331,"Bakshi,PillaiandDhaliwal",5812,RESTAURANT,SOLE_PROPRIETOR,LUCKNOW,UTTAR_PRADESH,,2802277765,INACTIVE,490.55,True,True,False,False,False,False
MCH5503,Suri Ltd,4131,TRANSPRT,PRIVATE_LIMITED,KOLKATA,WEST_BENGAL,2024-08-30 18:32:00,,ACTIVE,2446.68,True,False,False,False,False,False
MCH3788,Kuruvilla Ltd,5411,GROCERY_STORES,SOLE_PROPRIETOR,HYDERABAD,TELANGANA,2024-10-03 00:00:00,,ACTIVE,4329.09,True,False,False,False,False,False
MCH9386,Shankar Ltd,4131,TRANSPORT,INDIVIDUAL,AMRITSAR,PUNJAB,2023-10-23 00:00:00,XXXX6796,ACTIVE,,True,False,True,False,False,False
MCH3856,"MUKHOPADHYAY, LOYAL AND PARSA",05812,EATING_PLACE,SOLE_PROPRIETOR,NEW_DELHI,DELHI,,,ACTIVE,9442.27,False,False,False,False,True,False
MCH1679,"Chawla, Sura and Pal",4131,BUS_TAXI,INDIVIDUAL,LKO,UTTAR_PRADESH,2026-01-30 14:56:48,XXXX9878,SUSPENDED,1030.0,True,False,False,False,False,False
MCH4716,Goda-Agate,5411,GROCERIES,SOLE_PROPRIETOR,DILLI,DELHI,,5226052062,ACTIVE,1438.61,True,True,False,False,True,False
MCH3837,"Sankar, Dass and Sarna",7011,HOTEL,SOLE_PROPRIETOR,LKO,UTTAR_PRADESH,,,ACTIVE,568.41,True,False,False,False,True,False
MCH9129,"sinha, chauhan and sathe",5411,GROCERY,PARTNERSHIP,CALCUTTA,WEST_BENGAL,2025-07-06 00:00:00,VXNZ5598805748177,ACTIVE,914.12,True,True,False,False,False,False
MCH9234,"Jhaveri, Chandran and Shukla",7011,HOSPITALITY,PARTNERSHIP,LUCKNOW,UTTAR_PRADESH,2024-07-26 00:00:00,XXXX3221,ACTIVE,762.04,True,False,False,False,False,False
MCH7880,TIWARI-DUA,4131,BUS_TAXI,SOLE_PROPRIETOR,LUDHIANA,PUNJAB,,XXXX1699,ACTIVE,12814.22,True,False,False,False,False,False
MCH5108,bora llc,5411,GROCERIES,PRIVATE_LIMITED,JALANDHAR,PUNJAB,2025-03-16 12:39:17,DLNH5334244521006,ACTIVE,,True,True,False,False,False,False
MCH7983,Karpe-Raval,5311,DEPT_STORE,INDIVIDUAL,LUCKNOW,UTTAR_PRADESH,2024-01-11 00:00:00,XXXX7464,ACTIVE,3843.3,True,False,False,False,False,False
MCH7096,Mukhopadhyay-Din,5812,FOOD_SERVICES,PRIVATE_LIMITED,DELHI,DELHI,2023-09-21 00:00:00,8048297168,ACTIVE,616.51,True,True,False,False,False,False
MCH8325,Sarin Inc,5999,MISCELLANEOUS,INDIVIDUAL,AMRITSAR,PUNJAB,2025-03-19 00:00:00,1450425498,ACTIVE,1640.03,True,True,False,False,False,False
MCH1744,"Mani, Tara and Mane",4131,TRAVEL,SOLE_PROPRIETOR,LUDHIANA,PUNJAB,2023-03-20 16:42:33,,INACTIVE,466.22,True,False,False,False,False,False
MCH2442,Gole PLC,5812,EATING_PLACE,PARTNERSHIP,MUMBAI,MAHARASHTRA,2024-08-28 00:00:00,7767111670,ACTIVE,625.13,True,True,False,False,False,False
MCH9050,Bali Ltd,4131,BUS_TAXI,INDIVIDUAL,JALANDHAR,PUNJAB,,8040024958,SUSPENDED,847.23,True,True,False,False,True,False
MCH1211,"Munshi, Pai and Sibal",5311,RETAIL,SOLE_PROPRIETOR,DELHI,DELHI,2023-01-04 00:00:00,NHYW6672789857023,ACTIVE,296.16,True,True,False,False,False,False
MCH7779,"Mane, Bassi and Samra",5699,CLOTHING,PARTNERSHIP,LKO,UTTAR_PRADESH,,UAHK2726212156650,ACTIVE,,True,True,False,False,True,False
MCH7341,VARUGHESE INC,7011,HOTEL_LODGING,PARTNERSHIP,KOLKATA,WEST_BENGAL,2023-04-24 02:30:00,,ACTIVE,,True,False,True,False,False,False
MCH2636,Rau PLC,5311,DEPARTMENT_STORE,PARTNERSHIP,DELHI,DELHI,2024-04-06 14:07:44,,ACTIVE,5739.27,True,False,False,False,False,False
MCH5433,Subramanian PLC,5699,GARMENTS,PARTNERSHIP,LDH,PUNJAB,,XXXX5051,ACTIVE,673.68,True,False,False,False,True,False
MCH7127,"Chhabra, Dayal and Sood",5699,APPAREL,INDIVIDUAL,AMRITSAR,PUNJAB,2024-06-05 00:00:00,7467986775,ACTIVE,1738.0,True,True,False,False,False,False
MCH6010,"Tak, Sani and Jaggi",5912,PHARMACIES,INDIVIDUAL,JPR,RAJASTHAN,2024-01-20 00:00:00,TXCH9949373918886,ACTIVE,1022.54,True,True,False,False,False,False
MCH3810,Mallick-Lall,5411,KIRANA,PRIVATE_LIMITED,LUCKNOW,UTTAR_PRADESH,,XXXX7137,SUSPENDED,630.92,True,False,False,False,True,False
MCH9478,"desai, borah and dugar",,OTHER,PRIVATE_LIMITED,KOLKATA,WEST_BENGAL,,,SUSPENDED,1333.54,False,False,False,False,False,False
MCH1856,"Sem, Dhawan and Bakshi",,GROCERIES,SOLE_PROPRIETOR,BANGALORE,KARNATAKA,2023-07-27 00:00:00,9292167540,INACTIVE,2232.22,False,True,False,False,False,False
MCH5741,Uppal Group,,BOOKS,INDIVIDUAL,BOMBAY,MAHARASHTRA,2023-05-30 00:00:00,SZOY5586957641724,ACTIVE,,False,True,False,False,False,False
MCH2551,Nagarajan and Sons,,FOOD_SERVICES,SOLE_PROPRIETOR,BENGALURU,KARNATAKA,,NFIY9606847093350,ACTIVE,7900.0,False,True,False,False,False,False
MCH4934,Shroff Inc,5912,PHARMACY,PRIVATE_LIMITED,ASR,PUNJAB,,OBRZ2207838983000,ACTIVE,1471.24,True,True,False,False,True,False
MCH7586,"Hayer, Savant and Tiwari",5311,DEPARTMENT_STORE,PARTNERSHIP,PUNE,MAHARASHTRA,2024-03-31 00:00:00,ODJU9409130463225,ACTIVE,765.1,True,True,False,False,False,False
MCH7202,UPPAL PLC,4131,TRANSPORTATION,INDIVIDUAL,JAIPUR,RAJASTHAN,,INKB4884883910397,INACTIVE,,True,True,True,False,True,False
MCH1445,Wali PLC,5411,GROCERIES,SOLE_PROPRIETOR,HYD,TELANGANA,2023-11-09 17:23:59,8128323198,ACTIVE,1200.0,True,True,False,False,False,False
MCH1551,malhotra-subramanian,5812,EATING_PLACE,PARTNERSHIP,PUNE,MAHARASHTRA,2024-06-13 00:00:00,,ACTIVE,1909.07,True,False,False,False,False,False
MCH2356,"Vyas, Chhabra and Kala",,HOTEL_LODGING,PRIVATE_LIMITED,CHENNAI,TAMIL_NADU,2024-08-07 00:00:00,,ACTIVE,2064.97,False,False,False,False,False,False
MCH6090,Nigam-Balakrishnan,5942,STATIONERY,PARTNERSHIP,JALANDHAR,PUNJAB,2024-07-14 00:00:00,KPZR0795458662994,ACTIVE,3151.0,True,True,False,False,False,False
MCH9762,Kara LLC,5999,RETAIL_OTHER,INDIVIDUAL,DILLI,DELHI,,9982880458,ACTIVE,413.17,True,True,False,False,False,False
MCH6603,Atwal PLC,7011,HOTELS,SOLE_PROPRIETOR,JAIPUR,RAJASTHAN,2024-08-20 00:00:00,GWCP5106034968553,ACTIVE,694.88,True,True,False,False,False,False
MCH9349,"Bhat, Suri and Khalsa",05999,RETAIL_OTHER,INDIVIDUAL,HYDERABAD,TELANGANA,2023-07-15 00:00:00,7591595714,ACTIVE,2394.34,False,True,False,False,False,False
MCH6176,"TANDON, BADAL AND NATARAJAN",04131,TRAVEL,PRIVATE_LIMITED,HYDERABAD,TELANGANA,,XXXX9488,ACTIVE,2925.84,False,False,False,False,True,False
MCH4685,Mukhopadhyay-Cheema,,BOOKS,PRIVATE_LIMITED,CHENNAI,TAMIL_NADU,2023-07-22 11:31:48,3857368814,SUSPENDED,,False,True,False,False,False,False
MCH2738,Yadav Group,5999,OTHER,INDIVIDUAL,PUNE,MAHARASHTRA,2024-11-03 22:47:58,8802607832,ACTIVE,1282.34,True,True,False,False,False,False
MCH2981,Sami-Sura,5942,STATIONERY,INDIVIDUAL,KOLKATA,WEST_BENGAL,2023-01-27 00:00:00,,ACTIVE,512.85,True,False,False,False,False,False
MCH1168,"Seshadri, Borah and Sachdeva",MISC,CHEMIST,INDIVIDUAL,PUNE,MAHARASHTRA,2026-01-04 03:19:25,CWXA5916653675162,ACTIVE,4780.41,False,True,False,False,False,False
MCH4475,"Ray, Kulkarni and Suresh",5311,DEPT_STORE,PRIVATE_LIMITED,LUDHIANA,PUNJAB,2024-03-03 00:00:00,XXXX5127,ACTIVE,3417.23,True,False,False,False,False,False
MCH5308,Shukla-Trivedi,,FOOD,INDIVIDUAL,JAIPUR,RAJASTHAN,,7037226511,ACTIVE,,False,True,False,False,True,False
MCH5780,Oak-Mody,5999,RETAIL_OTHER,PARTNERSHIP,PUNE,MAHARASHTRA,,XXXX4121,INACTIVE,,True,False,False,False,True,False
MCH7679,"Bal, Ganesh and Malhotra",5942,STATIONERY,PRIVATE_LIMITED,MUMBAI,MAHARASHTRA,2025-12-15 23:24:32,OOXS0496924835573,ACTIVE,3308.0,True,True,False,False,False,False
MCH3725,Puri PLC,5812,RESTAURANTS,SOLE_PROPRIETOR,AMRITSAR,PUNJAB,2023-01-23 00:00:00,XXXX0142,ACTIVE,6457.0,True,False,False,False,False,False
MCH9338,D’Alia-Mitter,UNKNOWN,BOOKS,PARTNERSHIP,MUMBAI,MAHARASHTRA,,,ACTIVE,604.36,False,False,False,False,True,False
MCH9586,Ghose PLC,7011,HOTELS,PRIVATE_LIMITED,CHENNAI,TAMIL_NADU,2023-03-30 00:00:00,,ACTIVE,2522.89,True,False,False,False,False,False
MCH7282,chopra llc,05411,KIRANA,PARTNERSHIP,AMRITSAR,PUNJAB,2025-12-14 09:02:00,XXXX9513,ACTIVE,1111.0,False,False,False,False,False,False
MCH2274,D’Alia Group,4131,TRANSPRT,SOLE_PROPRIETOR,LDH,PUNJAB,2024-04-26 00:00:00,VFBL8074058900545,SUSPENDED,,True,True,False,False,False,False
MCH8639,Samra-Behl,7011,HOSPITALITY,PRIVATE_LIMITED,BENGALURU,KARNATAKA,2024-06-30 11:58:00,,INACTIVE,2557.45,True,False,False,False,False,False
MCH9410,Sagar-Chawla,05699,FASHION,INDIVIDUAL,JALANDHAR,PUNJAB,2026-01-24 00:00:00,XXXX0534,ACTIVE,820.0,False,False,False,False,False,False
MCH4168,"Chad, Dyal and Golla",5999,RETAIL_OTHER,PARTNERSHIP,PUNE,MAHARASHTRA,2023-06-10 10:22:54,XXXX8341,ACTIVE,1194.41,True,False,False,False,False,False
MCH5660,Goda-Goda,5812,RESTAURANTS,PARTNERSHIP,LUDHIANA,PUNJAB,,XXXX9971,ACTIVE,,True,False,True,False,False,False
MCH6612,sule-pillay,5812,RESTAURANT,PARTNERSHIP,PUNE,MAHARASHTRA,2025-09-09 00:00:00,ATSN3885757440400,ACTIVE,2010.07,True,True,False,False,False,False
MCH1250,Ben-Thaman,5411,GROCERY_STORE,SOLE_PROPRIETOR,BENGALURU,KARNATAKA,,BWCW6486975518274,SUSPENDED,1524.37,True,True,False,False,False,False
MCH6748,Sathe Inc,5411,GROCERY_STORES,SOLE_PROPRIETOR,KOLKATA,WEST_BENGAL,,,INACTIVE,1451.17,True,False,False,False,True,False
MCH3595,"SRIVASTAVA, MERCHANT AND KOTA",5311,RETAIL,PRIVATE_LIMITED,LUDHIANA,PUNJAB,,3018831600,INACTIVE,1153.0,True,True,False,False,True,False
MCH5736,Agate LLC,4131,TRANSPRT,SOLE_PROPRIETOR,DELHI,DELHI,2023-04-16 00:00:00,XXXX7731,ACTIVE,3557.14,True,False,False,False,False,False
MCH1646,Golla and Sons,UNKNOWN,GROCERIES,INDIVIDUAL,MUMBAI,MAHARASHTRA,2024-09-23 00:00:00,,INACTIVE,,False,False,True,False,False,False
MCH1618,Muni Ltd,5812,RESTAURANT,INDIVIDUAL,DELHI,DELHI,2023-11-01 18:31:16,,ACTIVE,1051.73,True,False,False,False,False,False
MCH8421,"Wali, Chowdhury and Barman",5812,RESTAURANT,PRIVATE_LIMITED,BENGALURU,KARNATAKA,,7007867420,ACTIVE,966.94,True,True,False,False,True,False
MCH6446,upadhyay-upadhyay,5812,EATING_PLACE,PARTNERSHIP,JALANDHAR,PUNJAB,,,ACTIVE,,True,False,True,False,True,False
MCH8164,"Devan, Basu and Buch",5812,FOOD,PRIVATE_LIMITED,DELHI,DELHI,2023-04-26 00:00:00,KRTZ4526793978232,ACTIVE,3036.35,True,True,False,False,False,False
MCH2786,Gola Inc,05699,CLOTHING,PARTNERSHIP,CHENNAI,TAMIL_NADU,2024-12-19 14:34:15,XXXX8423,ACTIVE,576.47,False,False,False,False,False,False
MCH9861,"Mukherjee, Murthy and Jani",4131,TRANSPORT,PRIVATE_LIMITED,LUDHIANA,PUNJAB,2025-06-22 00:00:00,,ACTIVE,719.77,True,False,False,False,False,False
MCH4624,"krishnamurthy, mandal and luthra",5999,MISCELLANEOUS,INDIVIDUAL,CHENNAI,TAMIL_NADU,,5143404041,ACTIVE,784.01,True,True,False,False,True,False
MCH1323,DHAR AND SONS,5942,BOOKS,PARTNERSHIP,AMRITSAR,PUNJAB,,BGGB6995281283064,ACTIVE,,True,True,True,False,False,False
MCH6291,Sheth-Anne,5311,RETAIL,PARTNERSHIP,DELHI,DELHI,2025-10-15 00:00:00,5416820526,SUSPENDED,,True,True,True,False,False,False
MCH7355,"rastogi, ahluwalia and tata",5311,DEPT_STORE,PRIVATE_LIMITED,MUMBAI,MAHARASHTRA,,XJBM2228557617179,ACTIVE,2172.0,True,True,False,False,False,False
MCH7244,Nadig-Kata,,TRANSPORT,PARTNERSHIP,BANGALORE,KARNATAKA,2024-08-02 04:15:28,1173278568,ACTIVE,1686.67,False,True,False,False,False,False
MCH2202,"dass, vala and goda",5912,PHARMACY,PRIVATE_LIMITED,HYD,TELANGANA,2023-06-19 00:00:00,EGTB4563622891580,SUSPENDED,,True,True,True,False,False,False
MCH4651,Bhat-Kamdar,5999,OTHER,SOLE_PROPRIETOR,HYD,TELANGANA,2024-06-05 00:00:00,9030856078,ACTIVE,718.3,True,True,False,False,False,False
MCH8014,Mukherjee Inc,5912,PHARMACIES,SOLE_PROPRIETOR,JAIPUR,RAJASTHAN,2026-01-25 00:00:00,,ACTIVE,702.0,True,False,False,False,False,False
MCH3726,Varughese PLC,4814,PHONE_SERVICE,INDIVIDUAL,LUCKNOW,UTTAR_PRADESH,2024-11-13 08:40:19,,ACTIVE,3572.06,True,False,False,False,False,False
MCH1147,Dayal-Sabharwal,4814,PHONE_SERVICE,INDIVIDUAL,KOLKATA,WEST_BENGAL,2023-11-23 00:00:00,XXXX2380,INACTIVE,939.97,True,False,False,False,False,False
MCH6205,Munshi Inc,4814,TELECOM,SOLE_PROPRIETOR,LDH,PUNJAB,,JWPM8696907638772,ACTIVE,230.73,True,True,False,False,True,False
MCH5103,"MORAR, KANNAN AND PUROHIT",7011,HOTEL,INDIVIDUAL,LKO,UTTAR_PRADESH,,8919993904,SUSPENDED,,True,True,False,False,True,False
MCH6474,Dewan-Khatri,,TRANSPORTATION,PARTNERSHIP,LUCKNOW,UTTAR_PRADESH,2023-02-09 22:28:51,,ACTIVE,,False,False,True,False,False,False
MCH1001,Anand-Kothari,MISC,KIRANA,PARTNERSHIP,PUNE,MAHARASHTRA,2026-02-17 06:54:00,7962506762,ACTIVE,332.55,False,True,False,False,False,False
MCH8805,bose inc,5699,CLOTHS,INDIVIDUAL,LDH,PUNJAB,,,ACTIVE,6022.98,True,False,False,False,True,False
MCH6507,"Ba1akrishnan, Shr0ff and Tank",4131,BUS_TAXI,INDIVIDUAL,LUDHIANA,PUNJAB,2024-10-28 12:41:00,XEKQ6062690527278,ACTIVE,1269.14,True,True,False,False,False,False
MCH2710,Kohli Group,05699,APPAREL,PARTNERSHIP,NEW_DELHI,DELHI,2025-05-29 00:00:00,,ACTIVE,2106.0,False,False,False,False,False,False
MCH2841,"Memon, Samra and Rajagopal",5942,BOOK_STORE,SOLE_PROPRIETOR,MUMBAI,MAHARASHTRA,2024-06-13 00:00:00,,ACTIVE,,True,False,False,False,False,False
MCH6105,upadhyay plc,7011,HOTELS,SOLE_PROPRIETOR,CALCUTTA,WEST_BENGAL,2024-02-07 00:26:26,,SUSPENDED,527.81,True,False,False,False,False,False
MCH6365,Bora-Sood,5311,DEPARTMENT_STORES,INDIVIDUAL,PUNE,MAHARASHTRA,2025-06-28 00:00:00,,ACTIVE,,True,False,True,False,False,False
MCH3459,Nagi-Saini,4814,TELECOM,SOLE_PROPRIETOR,HYDERABAD,TELANGANA,2023-09-03 00:00:00,CIPH7138178222112,ACTIVE,2617.26,True,True,False,False,False,False
MCH2310,Raj Ltd,5411,GROCERY_STORES,PARTNERSHIP,JPR,RAJASTHAN,2026-02-13 22:28:00,,INACTIVE,681.98,True,False,False,False,False,False
MCH9429,Varghese-Mitter,7011,HOTEL,PARTNERSHIP,HYD,TELANGANA,2024-12-16 00:00:00,ICYM9819940442894,ACTIVE,1566.55,True,True,False,False,False,False
MCH9148,Venkatesh and Sons,07011,HOSPITALITY,SOLE_PROPRIETOR,HYDERABAD,TELANGANA,2023-07-16 21:32:00,XXXX2774,ACTIVE,503.0,False,False,False,False,False,False
MCH6388,Raval-Cherian,,RESTAURANT,PARTNERSHIP,MUMBAY,MAHARASHTRA,2023-11-15 00:49:17,,ACTIVE,2297.8,False,False,False,False,False,False
MCH2600,Prabhakar and Sons,5699,FASHION,PARTNERSHIP,KOLKATA,WEST_BENGAL,2024-12-17 20:12:43,1873277155,ACTIVE,,True,True,True,False,False,False
MCH1079,Sharaf and Sons,,MOBILE_RECHARGE,SOLE_PROPRIETOR,POONA,MAHARASHTRA,2023-10-20 00:00:00,,ACTIVE,455.39,False,False,False,False,False,False
MCH7047,BATTA-BHAVSAR,4814,PHONE_SERVICE,INDIVIDUAL,LUCKNOW,UTTAR_PRADESH,,DJKB0646172113081,ACTIVE,691.03,True,True,False,False,False,False
MCH7028,"Mohanty, Ray and Prabhu",05942,BOOKS,INDIVIDUAL,HYD,TELANGANA,2024-03-22 00:00:00,,ACTIVE,174.0,False,False,False,False,False,False
MCH5050,Subramanian-Dua,5942,BOOK_STORE,PARTNERSHIP,PUNE,MAHARASHTRA,2025-08-28 14:42:57,,ACTIVE,1506.0,True,False,False,False,False,False
MCH1516,LOYAL AND SONS,5999,MISC_RETAIL,PRIVATE_LIMITED,LDH,PUNJAB,,XXXX1307,ACTIVE,1471.99,True,False,False,False,True,False
MCH4223,"Bajwa, Khurana and Sinha",MISC,RETAIL,SOLE_PROPRIETOR,BENGALURU,KARNATAKA,2025-03-15 00:00:00,,INACTIVE,585.1,False,False,False,False,False,False
MCH2907,VARUGHESE-MANI,5912,MEDICAL_STORE,SOLE_PROPRIETOR,CHENNAI,TAMIL_NADU,2023-04-25 00:00:00,,ACTIVE,1106.0,True,False,False,False,False,False
MCH4508,Prakash Ltd,5812,EATING_PLACE,PRIVATE_LIMITED,MUMBAI,MAHARASHTRA,,9822144537,SUSPENDED,1744.61,True,True,False,False,True,False
MCH1168,"Dugal, Thaker and Rana",5699,APPAREL,PARTNERSHIP,HYD,TELANGANA,2023-04-28 00:00:00,ZVAL3726006910876,INACTIVE,900.21,True,True,False,False,False,False
MCH4627,Barman-Kashyap,5699,CLOTHS,PARTNERSHIP,PUNE,MAHARASHTRA,2026-01-10 00:00:00,,ACTIVE,1852.01,True,False,False,False,False,False
MCH2197,Palan-Bhatti,5311,DEPARTMENT_STORES,PARTNERSHIP,DELHI,DELHI,,YPNI1403413664050,ACTIVE,2800.25,True,True,False,False,False,False
MCH5447,Ram-Shetty,,HOTEL_LODGING,PARTNERSHIP,BANGALORE,KARNATAKA,2023-03-11 00:00:00,,ACTIVE,,False,False,True,False,False,False
MCH4992,VISWANATHAN-PANDEY,7011,HOTEL_LODGING,INDIVIDUAL,JALANDHAR,PUNJAB,2024-02-19 00:00:00,,SUSPENDED,918.79,True,False,False,False,False,False
MCH6513,"Krishna, Deshpande and Kar",5311,DEPT_STORE,INDIVIDUAL,BOMBAY,MAHARASHTRA,2025-08-13 00:00:00,XXXX3471,ACTIVE,2622.03,True,False,False,False,False,False
MCH4998,"Sura, Kanda and Chopra",05411,GROCERY_STORES,PARTNERSHIP,PUNE,MAHARASHTRA,2023-12-11 21:39:11,6601172673,INACTIVE,,False,True,True,False,False,False
MCH7838,"Yohannan, Sethi and Khare",5812,FOOD_SERVICES,SOLE_PROPRIETOR,ASR,PUNJAB,2024-03-25 00:00:00,,ACTIVE,974.3,True,False,False,False,False,False
MCH6205,"Manne, Zachariah and Arora",5311,DEPARTMENT_STORES,PRIVATE_LIMITED,BOMBAY,MAHARASHTRA,2025-06-23 00:00:00,4034175727,ACTIVE,756.0,True,True,False,False,False,False
MCH9967,Kaul LLC,5812,EATING_PLACE,INDIVIDUAL,LUCKNOW,UTTAR_PRADESH,2023-12-23 00:00:00,HXGW3877013830442,ACTIVE,4200.0,True,True,False,False,False,False
MCH1580,"Subramaniam, Krishnamurthy and Din",5999,MISCELLANEOUS,SOLE_PROPRIETOR,KOLKATA,WEST_BENGAL,2025-08-01 00:00:00,IDJM3876425874680,ACTIVE,2992.77,True,True,False,False,False,False
MCH9942,"Joshi,PradhanandBawa",5311,DEPARTMENT_STORES,PARTNERSHIP,MUMBAI,MAHARASHTRA,2023-08-22 00:00:00,7937476711,ACTIVE,289.38,True,True,False,False,False,False
MCH3693,"Rajagopal, Savant and Ganesan",4814,MOBILE_RECHARGE,INDIVIDUAL,JALANDHAR,PUNJAB,2025-02-26 00:00:00,XXXX6831,ACTIVE,893.17,True,False,False,False,False,False
MCH3764,Tandon and Sons,5912,MEDICAL,PARTNERSHIP,MUMBAI,MAHARASHTRA,2025-12-30 00:00:00,,ACTIVE,3428.0,True,False,False,False,False,False
MCH3147,Acharya-Uppal,4131,TRAVEL,INDIVIDUAL,MADRAS,TAMIL_NADU,,1420771239,ACTIVE,343.0,True,True,False,False,True,False
MCH2674,nair llc,4131,BUS_TAXI,SOLE_PROPRIETOR,NEW_DELHI,DELHI,2025-02-24 00:00:00,PQUC6680227510245,INACTIVE,,True,True,True,False,False,False
MCH9542,"Buch, Singhal and Bhardwaj",05812,FOOD_SERVICES,INDIVIDUAL,MADRAS,TAMIL_NADU,,ATYU2810542090525,INACTIVE,2703.0,False,True,False,False,True,False
MCH8656,"Sarma, Krish and Ranganathan",5942,BOOKS_STATIONERY,SOLE_PROPRIETOR,KOLKATA,WEST_BENGAL,,ZBCP7467206635740,ACTIVE,,True,True,False,False,True,False
MCH8550,Nayar Ltd,,PHONE_SERVICE,PARTNERSHIP,JALANDAR,PUNJAB,2024-01-09 17:54:25,CEPK3792011478067,ACTIVE,1649.78,False,True,False,False,False,False
MCH2905,Goyal-Gopal,5912,MEDICAL,INDIVIDUAL,DILLI,DELHI,2024-02-13 00:00:00,,SUSPENDED,2312.5,True,False,False,False,False,False
MCH5737,"Barad, Majumdar and Barad",05699,GARMENTS,PRIVATE_LIMITED,JAIPUR,RAJASTHAN,2025-12-18 00:00:00,,ACTIVE,589.94,False,False,False,False,False,False
MCH9195,"Manne, Parsa and Ratta",5311,DEPARTMENT_STORE,INDIVIDUAL,KOLKATA,WEST_BENGAL,2025-01-08 03:54:16,XXXX4221,ACTIVE,1304.69,True,False,False,False,False,False
MCH7720,Agate-Krishnamurthy,7011,HOTEL_LODGING,PRIVATE_LIMITED,MADRAS,TAMIL_NADU,,,ACTIVE,475.0,True,False,False,False,True,False
MCH4233,Parmar and Sons,5912,MEDICAL_STORE,SOLE_PROPRIETOR,BLR,KARNATAKA,2024-07-30 22:30:00,4132683121,INACTIVE,3068.07,True,True,False,False,False,False
MCH5786,"Bhasin, Manda1 and Tank",4131,BUS_TAXI,INDIVIDUAL,KOLKATA,WEST_BENGAL,,2599782072,INACTIVE,1913.26,True,True,False,False,True,False
MCH3405,"DARA, BOASE AND CHADA",5999,MISC_RETAIL,PARTNERSHIP,PUNE,MAHARASHTRA,,XXXX5690,ACTIVE,210.2,True,False,False,False,True,False
MCH6743,Zacharia Inc,05411,KIRANA,INDIVIDUAL,DILLI,DELHI,2024-03-31 03:21:00,XXXX6034,ACTIVE,1075.68,False,False,False,False,False,False
MCH4548,"Butala, Som and Modi",04131,TRANSPRT,PRIVATE_LIMITED,BLR,KARNATAKA,,6510148022,SUSPENDED,568.11,False,True,False,False,False,False
MCH1639,Halder Inc,05411,GROCERY_STORE,SOLE_PROPRIETOR,CHENNAI,TAMIL_NADU,,OKNU6888775607813,INACTIVE,,False,True,True,False,True,False
MCH9640,"Jain, Sant and Oak",05699,CLOTHS,INDIVIDUAL,BENGALURU,KARNATAKA,,4751326262,ACTIVE,,False,True,True,False,False,False
MCH1853,Mukhopadhyay Inc,5699,CLOTHS,INDIVIDUAL,ASR,PUNJAB,,,ACTIVE,2522.93,True,False,False,False,True,False
MCH8563,Brar PLC,,RESTAURANTS,PARTNERSHIP,PUNE,MAHARASHTRA,2024-11-21 02:24:00,,SUSPENDED,943.44,False,False,False,False,False,False
MCH5851,"Chakrabarti, Sen and Misra",05411,KIRANA,SOLE_PROPRIETOR,POONA,MAHARASHTRA,2026-02-15 14:58:09,XXXX3366,ACTIVE,1867.35,False,False,False,False,False,False
MCH4170,Saha-Sangha,5311,DEPARTMENT_STORES,INDIVIDUAL,LUCKNOW,UTTAR_PRADESH,2024-05-31 00:00:00,YABO3956354404742,ACTIVE,1858.07,True,True,False,False,False,False
MCH5795,"Sunder, Bera and Srinivas",7011,HOTEL_LODGING,PRIVATE_LIMITED,CALCUTTA,WEST_BENGAL,2023-05-19 17:04:00,,ACTIVE,167.0,True,False,False,False,False,False
MCH4100,RAJA-VASA,7011,HOSPITALITY,SOLE_PROPRIETOR,JALANDHAR,PUNJAB,2025-06-28 00:00:00,7806774171,ACTIVE,479.15,True,True,False,False,False,False
MCH6634,Dave-Sundaram,5999,MISCELLANEOUS,PRIVATE_LIMITED,LUDHIANA,PUNJAB,,,INACTIVE,1276.14,True,False,False,False,True,False
MCH8427,Lad-Vora,5942,STATIONERY,PRIVATE_LIMITED,JALANDHAR,PUNJAB,2025-03-30 00:00:00,YVUE5995024073682,SUSPENDED,815.94,True,True,False,False,False,False
MCH5122,"Chand, Gupta and Bhargava",05812,RESTAURANTS,INDIVIDUAL,JALANDHAR,PUNJAB,,XXXX9761,ACTIVE,2946.92,False,False,False,False,True,False
MCH2617,Mander-Parmar,04814,MOBILE_RECHARGE,PRIVATE_LIMITED,KOLKATA,WEST_BENGAL,,5203670066,ACTIVE,5191.58,False,True,False,False,True,False
MCH9433,Chhabra-Naik,5912,MEDICAL,INDIVIDUAL,JALANDHAR,PUNJAB,2023-12-14 00:00:00,CQOU4085851260723,ACTIVE,4629.09,True,True,False,False,False,False
MCH1465,"GARG, MALLICK AND CHADHA",5812,FOOD,PRIVATE_LIMITED,DILLI,DELHI,2024-03-24 17:13:00,AINO3925620579339,ACTIVE,443.93,True,True,False,False,False,False
MCH8912,Chada Ltd,5411,KIRANA,PARTNERSHIP,AMRITSAR,PUNJAB,2023-09-12 00:00:00,MSHJ5068707529037,ACTIVE,1015.47,True,True,False,False,False,False
MCH4261,More Ltd,5311,DEPARTMENT_STORE,PARTNERSHIP,PUNE,MAHARASHTRA,2023-04-06 04:55:30,8057436193,ACTIVE,761.11,True,True,False,False,False,False
MCH2975,"Bora, Mander and Dalal",5942,BOOKS,SOLE_PROPRIETOR,CHENNAI,TAMIL_NADU,2023-09-05 00:00:00,,INACTIVE,3477.51,True,False,False,False,False,False
MCH6802,"deo, vohra and palla",5311,DEPARTMENT_STORE,PRIVATE_LIMITED,DELHI,DELHI,,,ACTIVE,1823.92,True,False,False,False,True,False
MCH2105,"Savant, Chauhan and Kumer",05912,CHEMIST,PRIVATE_LIMITED,AMRITSAR,PUNJAB,2024-09-28 00:00:00,,ACTIVE,,False,False,True,False,False,False
MCH3094,Wag1e-Thakkar,5699,GARMENTS,INDIVIDUAL,BENGALURU,KARNATAKA,2024-12-30 00:00:00,UIBH7195313053410,ACTIVE,1038.48,True,True,False,False,False,False
MCH6282,Madan-Din,7011,HOTELS,PARTNERSHIP,ASR,PUNJAB,2026-01-20 00:00:00,,ACTIVE,955.08,True,False,False,False,False,False
MCH5872,Sandal Ltd,05411,GROCERIES,PRIVATE_LIMITED,BENGALURU,KARNATAKA,,,ACTIVE,2434.63,False,False,False,False,False,False
MCH2394,RAJAGOPALAN LLC,5812,EATING_PLACE,PARTNERSHIP,CALCUTTA,WEST_BENGAL,,XXXX3997,ACTIVE,2001.35,True,False,False,False,False,False
MCH1068,Mall-Palan,,OTHER,SOLE_PROPRIETOR,JAIPUR,RAJASTHAN,,PKRN8629349498422,ACTIVE,663.04,False,True,False,False,True,False
MCH6355,Dutt PLC,05699,CLOTHS,PRIVATE_LIMITED,BANGALORE,KARNATAKA,2025-04-01 04:52:41,4977061313,ACTIVE,495.94,False,True,False,False,False,False
MCH6053,Barad-Sen,5999,RETAIL_OTHER,INDIVIDUAL,CALCUTTA,WEST_BENGAL,2025-10-20 00:00:00,4325467547,ACTIVE,2730.09,True,True,False,False,False,False
MCH8781,Gade PLC,5912,CHEMIST,PRIVATE_LIMITED,MUMBAY,MAHARASHTRA,2023-02-27 16:50:53,,ACTIVE,714.3,True,False,False,False,False,False
MCH8548,Karpe Ltd,5812,FOOD,PARTNERSHIP,NEW_DELHI,DELHI,,,ACTIVE,699.0,True,False,False,False,False,False
MCH5151,Sachar-Lad,4131,TRAVEL,PARTNERSHIP,MUMBAI,MAHARASHTRA,2025-04-09 22:00:45,7481974508,ACTIVE,703.87,True,True,False,False,False,False
MCH3663,Saini-Gaba,5699,CLOTHING,SOLE_PROPRIETOR,JAIPUR,RAJASTHAN,2025-02-03 00:00:00,,ACTIVE,377.05,True,False,False,False,False,False
MCH9006,Chopra-Sandhu,5699,GARMENTS,PARTNERSHIP,LKO,UTTAR_PRADESH,2024-04-03 00:00:00,XXXX5629,ACTIVE,1365.03,True,False,False,False,False,False
MCH8792,NagarLLC,5411,GROCERY_STORE,SOLE_PROPRIETOR,JAIPUR,RAJASTHAN,2025-01-22 21:40:00,4320527012,ACTIVE,,True,True,False,False,False,False
MCH1525,sant-bhavsar,05942,BOOKS,INDIVIDUAL,JAIPUR,RAJASTHAN,2023-09-10 00:00:00,XXXX7524,ACTIVE,754.82,False,False,False,False,False,False
MCH2766,"chakraborty, nazareth and dasgupta",5411,GROCERIES,PRIVATE_LIMITED,MADRAS,TAMIL_NADU,2025-05-19 00:00:00,WBWU7279932189451,SUSPENDED,2967.83,True,True,False,False,False,False
MCH5125,Dave and Sons,5812,FOOD_SERVICES,PRIVATE_LIMITED,LDH,PUNJAB,2025-06-15 00:00:00,XXXX1925,ACTIVE,838.15,True,False,False,False,False,False
MCH8508,"Iyengar,GillandTella",5999,OTHER,PRIVATE_LIMITED,CHENNAI,TAMIL_NADU,,,ACTIVE,1985.47,True,False,False,False,True,False
MCH6855,"Soman, Ravel and Anand",5411,GROCERIES,PRIVATE_LIMITED,KOLKATA,WEST_BENGAL,2026-02-06 00:00:00,XXXX2710,ACTIVE,1385.58,True,False,False,False,False,False
MCH1816,Aurora-Kata,05311,RETAIL,SOLE_PROPRIETOR,LUCKNOW,UTTAR_PRADESH,2025-03-15 01:24:29,,ACTIVE,1797.52,False,False,False,False,False,False
MCH2436,SHETTY-GOUR,5999,MISC_RETAIL,INDIVIDUAL,HYDERABAD,TELANGANA,2024-06-30 03:59:33,,ACTIVE,2453.33,True,False,False,False,False,False
MCH7384,Seshadri-Rai,4814,TELECOM,SOLE_PROPRIETOR,KOLKATA,WEST_BENGAL,2024-01-13 00:00:00,,ACTIVE,4458.94,True,False,False,False,False,False
MCH3143,"ZACHARIA, BUCH AND YADAV",05311,DEPT_STORE,PARTNERSHIP,HYDERABAD,TELANGANA,2023-03-13 00:00:00,UMIZ4082572641807,ACTIVE,4822.0,False,True,False,False,False,False
MCH2965,shroff-prabhakar,5411,GROCERIES,PARTNERSHIP,AMRITSAR,PUNJAB,,FISH8890557164281,ACTIVE,2028.0,True,True,False,False,False,False
MCH9675,Mand-Varkey,5912,MEDICAL,INDIVIDUAL,JALANDHAR,PUNJAB,2025-11-05 00:00:00,,INACTIVE,843.13,True,False,False,False,False,False
MCH8139,"mani, kala and verma",5311,DEPARTMENT_STORES,INDIVIDUAL,ASR,PUNJAB,,6294042962,ACTIVE,2137.68,True,True,False,False,True,False
MCH9383,"Sarraf, Mand and Dalal",4131,TRANSPORTATION,PARTNERSHIP,LUCKNOW,UTTAR_PRADESH,2025-11-25 00:00:00,,ACTIVE,,True,False,True,False,False,False
MCH2071,Dube-Kapadia,,MOBILE_RECHARGE,SOLE_PROPRIETOR,AMRITSAR,PUNJAB,2024-08-19 04:07:47,5736154750,ACTIVE,1392.0,False,True,False,False,False,False
MCH4786,Peri-Kannan,5999,MISCELLANEOUS,PARTNERSHIP,LUCKNOW,UTTAR_PRADESH,,RIMN3324315836653,ACTIVE,,True,True,False,False,True,False
MCH4916,Rama-Patel,5942,BOOKS_STATIONERY,INDIVIDUAL,DELHI,DELHI,2025-06-24 22:01:00,XXXX0402,ACTIVE,,True,False,True,False,False,False
MCH7062,"Karpe, Sekhon and Memon",5999,MISCELLANEOUS,PARTNERSHIP,MADRAS,TAMIL_NADU,2024-07-18 00:00:00,ERAF1958847105569,ACTIVE,2267.0,True,True,False,False,False,False
MCH9426,Singh-Narula,07011,HOSPITALITY,SOLE_PROPRIETOR,MADRAS,TAMIL_NADU,,CZYQ5289749024896,ACTIVE,615.87,False,True,False,False,True,False
MCH8592,Venkatesh-Brahmbhatt,5942,STATIONERY,PRIVATE_LIMITED,BENGALURU,KARNATAKA,2023-11-29 06:07:36,XXXX8568,ACTIVE,2914.59,True,False,False,False,False,False
MCH9291,"Thakkar, Bath and Uppal",MISC,RETAIL,SOLE_PROPRIETOR,LKO,UTTAR_PRADESH,2024-12-24 06:25:11,XXXX5444,INACTIVE,3529.0,False,False,False,False,False,False
MCH4440,"Dey, Bala and Shan",5699,CLOTHS,SOLE_PROPRIETOR,BOMBAY,MAHARASHTRA,,FDNT8049485568761,ACTIVE,,True,True,False,False,True,False
MCH1965,Kata Inc,5311,DEPT_STORE,PRIVATE_LIMITED,ASR,PUNJAB,2023-04-04 01:07:57,,ACTIVE,686.92,True,False,False,False,False,False
MCH9547,Anne-Narasimhan,5311,DEPT_STORE,INDIVIDUAL,DELHI,DELHI,,,ACTIVE,823.12,True,False,False,False,True,False
MCH4589,GeraLtd,4814,TELECOM,PARTNERSHIP,JALANDHAR,PUNJAB,2024-01-12 17:18:35,,ACTIVE,504.98,True,False,False,False,False,False
MCH8809,Narasimhan-Sem,,MOBILE_RECHARGE,INDIVIDUAL,JALANDAR,PUNJAB,2023-02-05 00:00:00,,INACTIVE,2118.31,False,False,False,False,False,False
MCH3407,Lal LLC,UNKNOWN,OTHER,PRIVATE_LIMITED,JALANDAR,PUNJAB,2023-09-27 00:00:00,XXXX9006,ACTIVE,3232.78,False,False,False,False,False,False
MCH8563,"Sen, Saxena and Chopra",5411,GROCERY_STORE,SOLE_PROPRIETOR,POONA,MAHARASHTRA,2025-12-18 00:00:00,XXXX7720,ACTIVE,1384.68,True,False,False,False,False,False
MCH8521,"Sankaran, Mangat and Gaba",5311,DEPARTMENT_STORES,SOLE_PROPRIETOR,DILLI,DELHI,2024-11-24 00:00:00,MNDO2443340838612,ACTIVE,1028.11,True,True,False,False,False,False
MCH6421,WadhwaLtd,5699,APPAREL,SOLE_PROPRIETOR,BANGALORE,KARNATAKA,2024-01-30 21:37:00,,ACTIVE,1782.12,True,False,False,False,False,False
MCH8310,Chakraborty Ltd,4131,TRAVEL,INDIVIDUAL,NEW_DELHI,DELHI,2026-01-02 00:00:00,5355342816,ACTIVE,1287.03,True,True,False,False,False,False
MCH9787,Nigam LLC,7011,HOTELS,PRIVATE_LIMITED,JAIPUR,RAJASTHAN,2023-06-18 00:00:00,,INACTIVE,717.19,True,False,False,False,False,False
MCH5322,Parsa LLC,5912,CHEMIST,INDIVIDUAL,JALANDHAR,PUNJAB,2023-03-26 00:00:00,XXXX3422,ACTIVE,2329.55,True,False,False,False,False,False
MCH7359,Rajagopalan-Rattan,5912,MEDICAL,SOLE_PROPRIETOR,CALCUTTA,WEST_BENGAL,2025-03-13 00:00:00,,ACTIVE,,True,False,True,False,False,False
MCH4641,KarnikLLC,5311,RETAIL,SOLE_PROPRIETOR,LUDHIANA,PUNJAB,,,ACTIVE,,True,False,False,False,True,False
MCH2912,"Singhal, Iyengar and Balasubramanian",,KIRANA,SOLE_PROPRIETOR,LUCKNOW,UTTAR_PRADESH,2023-03-08 00:00:00,MPVF3803985979560,INACTIVE,,False,True,True,False,False,False
MCH8204,Bumb-Bansal,7011,HOTELS,PRIVATE_LIMITED,JALANDHAR,PUNJAB,2025-10-13 17:19:27,0190035504,ACTIVE,1083.04,True,True,False,False,False,False
MCH5855,"Rajagopalan,MuniandPrasad",,CLOTHS,PARTNERSHIP,JALANDHAR,PUNJAB,2023-09-08 00:00:00,,ACTIVE,115.41,False,False,False,False,False,False
MCH4900,Karpe PLC,5411,GROCERY_STORES,SOLE_PROPRIETOR,JALANDHAR,PUNJAB,,,ACTIVE,2695.78,True,False,False,False,True,False
MCH9203,PATEL-BHASIN,7011,HOTELS,PARTNERSHIP,NEW_DELHI,DELHI,2025-04-14 00:00:00,XXXX4448,ACTIVE,1305.76,True,False,False,False,False,False
MCH3307,Uppal and Sons,7011,HOTEL_LODGING,PRIVATE_LIMITED,POONA,MAHARASHTRA,,WQAU2336118593269,ACTIVE,1033.39,True,True,False,False,True,False
MCH4337,Sethi Ltd,4814,TELECOM,INDIVIDUAL,JALANDHAR,PUNJAB,2026-01-28 00:00:00,NBXU8148602683458,INACTIVE,3672.22,True,True,False,False,False,False
MCH8957,Brar-Lanka,5999,RETAIL_OTHER,INDIVIDUAL,JALANDHAR,PUNJAB,,,ACTIVE,1494.31,True,False,False,False,False,False
MCH3177,"Shere, Pal and Kothari",5942,STATIONERY,PRIVATE_LIMITED,JAIPUR,RAJASTHAN,2024-12-04 00:00:00,XXXX6075,INACTIVE,785.75,True,False,False,False,False,False
MCH2949,"Mahal, Natt and Ghosh",5999,MISCELLANEOUS,PARTNERSHIP,JAIPUR,RAJASTHAN,2024-07-19 00:00:00,6197525290,ACTIVE,,True,True,True,False,False,False
MCH7724,Bir-Mitra,5812,RESTAURANT,PRIVATE_LIMITED,MADRAS,TAMIL_NADU,2023-04-04 00:59:22,BIAX4725507902960,ACTIVE,347.01,True,True,False,False,False,False
MCH6246,Zachariah Group,5699,CLOTHS,INDIVIDUAL,MADRAS,TAMIL_NADU,2025-06-16 00:00:00,,ACTIVE,1510.7,True,False,False,False,False,False
MCH7028,Jain-Merchant,5912,MEDICAL,PARTNERSHIP,LUCKNOW,UTTAR_PRADESH,2025-10-16 00:00:00,,ACTIVE,542.31,True,False,False,False,False,False
MCH7077,BASU LLC,7011,HOTEL_LODGING,INDIVIDUAL,LUCKNOW,UTTAR_PRADESH,2025-08-18 00:00:00,5226667486,SUSPENDED,484.0,True,True,False,False,False,False
MCH3662,Banerjee LLC,5699,APPAREL,INDIVIDUAL,HYDERABAD,TELANGANA,2024-03-15 00:00:00,,INACTIVE,1998.0,True,False,False,False,False,False
MCH1649,Venkatesh PLC,5812,FOOD,PRIVATE_LIMITED,DELHI,DELHI,,6043188789,SUSPENDED,851.41,True,True,False,False,True,False
MCH8901,Raghavan-Bhavsar,5912,PHARMACY,PRIVATE_LIMITED,JALANDHAR,PUNJAB,2023-12-13 16:08:56,,INACTIVE,2886.4,True,False,False,False,False,False
MCH8654,"Deshpande, Comar and Pandya",4814,PHONE_SERVICE,INDIVIDUAL,NEW_DELHI,DELHI,,2533166217,ACTIVE,898.0,True,True,False,False,False,False
MCH2776,"MITTAL, SHAH AND KADE",5411,GROCERIES,PRIVATE_LIMITED,MUMBAI,MAHARASHTRA,2023-01-27 00:00:00,EGXV9123448025042,ACTIVE,10044.9,True,True,False,False,False,False
MCH9359,"Ramanathan, Parekh and Agrawal",4131,TRANSPORT,PARTNERSHIP,LUDHIANA,PUNJAB,2023-04-08 13:17:52,FQHN0033426656652,ACTIVE,3245.01,True,True,False,False,False,False
MCH1389,munshi-behl,5411,GROCERY,INDIVIDUAL,PUNE,MAHARASHTRA,2023-06-17 00:00:00,,ACTIVE,3913.0,True,False,False,False,False,False
MCH2264,Sandal-Nadig,5912,PHARMACIES,INDIVIDUAL,KOLKATA,WEST_BENGAL,2024-04-27 17:24:48,,ACTIVE,1380.0,True,False,False,False,False,False
MCH8736,Mitter-Sura,,RESTAURANT,INDIVIDUAL,JALANDAR,PUNJAB,2023-07-22 00:00:00,XXXX0698,ACTIVE,801.85,False,False,False,False,False,False
MCH4097,"Kala, Khatri and D’Alia",5411,KIRANA,PRIVATE_LIMITED,LUDHIANA,PUNJAB,2024-05-17 00:00:00,EPRC2590629110289,INACTIVE,1958.39,True,True,False,False,False,False
MCH4164,Iyengar LLC,05999,MISC_RETAIL,SOLE_PROPRIETOR,JAIPUR,RAJASTHAN,,LSYR7261669987207,ACTIVE,440.0,False,True,False,False,False,False
MCH9410,Sagar-Chawla,05699,FASHION,INDIVIDUAL,JALANDHAR,PUNJAB,2026-01-24 00:00:00,XXXX0534,ACTIVE,820.0,False,False,False,False,False,False
MCH8358,Sarna-Singh,5699,CLOTHS,SOLE_PROPRIETOR,ASR,PUNJAB,2025-12-16 19:12:00,XXXX7799,SUSPENDED,1645.07,True,False,False,False,False,False
MCH1109,Solanki Ltd,5311,DEPARTMENT_STORES,PARTNERSHIP,MUMBAI,MAHARASHTRA,2023-07-23 00:00:00,XXXX9384,ACTIVE,1262.18,True,False,False,False,False,False
MCH5528,"Bhagat, Sathe and Iyengar",05411,GROCERY,SOLE_PROPRIETOR,PUNE,MAHARASHTRA,2026-02-13 11:24:00,,ACTIVE,668.43,False,False,False,False,False,False
MCH2656,"Patla, Deo and Babu",5912,CHEMIST,PARTNERSHIP,JAIPUR,RAJASTHAN,2026-02-02 00:00:00,2362196367,ACTIVE,1217.69,True,True,False,False,False,False
MCH3358,Suri-Dhillon,4131,TRAVEL,INDIVIDUAL,KOLKATA,WEST_BENGAL,2023-09-22 00:00:00,3713072949,INACTIVE,665.29,True,True,False,False,False,False
MCH8110,Kamdar-Raval,5999,OTHER,PARTNERSHIP,LUCKNOW,UTTAR_PRADESH,2023-07-13 00:00:00,,INACTIVE,768.59,True,False,False,False,False,False
MCH5387,Khatri Group,7011,HOTEL,SOLE_PROPRIETOR,DELHI,DELHI,2025-10-06 12:45:13,6200633333,ACTIVE,1172.0,True,True,False,False,False,False
MCH4897,Bahl PLC,4131,BUS_TAXI,PARTNERSHIP,AMRITSAR,PUNJAB,,,ACTIVE,6953.87,True,False,False,False,True,False
MCH7780,Jain PLC,5912,MEDICAL_STORE,SOLE_PROPRIETOR,LUCKNOW,UTTAR_PRADESH,2025-07-19 13:23:49,,ACTIVE,,True,False,False,False,False,False
MCH9370,Mallick-Gola,5999,MISC_RETAIL,PRIVATE_LIMITED,JAIPUR,RAJASTHAN,2023-02-20 00:00:00,LVKV0562210759080,ACTIVE,4284.71,True,True,False,False,False,False
MCH4334,"Nazareth, Loyal and Dhar",05311,DEPARTMENT_STORE,INDIVIDUAL,LUDHIANA,PUNJAB,,6420363344,ACTIVE,6505.28,False,True,False,False,True,False
MCH4902,"Pingle, Choudhary and Raghavan",7011,HOSPITALITY,SOLE_PROPRIETOR,BENGALURU,KARNATAKA,2023-03-31 00:00:00,,ACTIVE,482.41,True,False,False,False,False,False
MCH9012,nagy-master,5999,MISC_RETAIL,PRIVATE_LIMITED,BOMBAY,MAHARASHTRA,2023-01-10 02:07:00,XXXX7097,SUSPENDED,297.61,True,False,False,False,False,False
MCH5541,Sheth and Sons,05812,FOOD_SERVICES,INDIVIDUAL,BENGALURU,KARNATAKA,2024-07-13 09:55:59,,ACTIVE,548.54,False,False,False,False,False,False
MCH2172,"taneja, raj and vora",7011,HOTEL,SOLE_PROPRIETOR,HYDERABAD,TELANGANA,2025-06-15 03:11:00,,ACTIVE,466.45,True,False,False,False,False,False
MCH6150,"Chada, Vala and Merchant",4814,MOBILE_RECHARGE,PRIVATE_LIMITED,HYD,TELANGANA,2024-10-10 00:00:00,6593744761,INACTIVE,616.0,True,True,False,False,False,False
MCH3006,BISWAS-RAM,5999,MISCELLANEOUS,INDIVIDUAL,LUCKNOW,UTTAR_PRADESH,2023-08-14 00:00:00,XXXX8226,ACTIVE,638.0,True,False,False,False,False,False
MCH4606,"johal, kapur and chhabra",4814,TELECOM,PARTNERSHIP,JALANDHAR,PUNJAB,,,ACTIVE,,True,False,True,False,False,False
MCH2654,Lanka Inc,7011,HOTEL_LODGING,SOLE_PROPRIETOR,JALANDHAR,PUNJAB,2024-02-18 07:47:00,,ACTIVE,1563.2,True,False,False,False,False,False
MCH8865,Wali-Yogi,5942,BOOK_STORE,PARTNERSHIP,PUNE,MAHARASHTRA,,ADDY9100060907565,ACTIVE,1783.0,True,True,False,False,False,False
MCH3860,sama group,5699,CLOTHING,SOLE_PROPRIETOR,CHENNAI,TAMIL_NADU,2023-10-03 00:00:00,,ACTIVE,448.66,True,False,False,False,False,False
MCH1946,Kanda Group,5812,EATING_PLACE,PARTNERSHIP,KOLKATA,WEST_BENGAL,,YUNT1236584633844,ACTIVE,1028.0,True,True,False,False,False,False
MCH7863,KADE-SAXENA,7011,HOTEL_LODGING,PARTNERSHIP,AMRITSAR,PUNJAB,,5883030838,SUSPENDED,432.77,True,True,False,False,False,False
MCH8126,bassi-hari,UNKNOWN,GROCERY_STORE,INDIVIDUAL,JALANDHAR,PUNJAB,2024-12-31 00:00:00,4590614037,ACTIVE,502.0,False,True,False,False,False,False
MCH7521,"Sawhney, Desai and Andra",5999,OTHER,PRIVATE_LIMITED,LUDHIANA,PUNJAB,,XXXX3945,ACTIVE,1639.0,True,False,False,False,True,False
MCH8078,thaman-ganguly,5912,PHARMACY,SOLE_PROPRIETOR,MUMBAI,MAHARASHTRA,2023-07-12 00:00:00,7715038972,ACTIVE,1158.31,True,True,False,False,False,False
MCH7185,Krishnamurthy PLC,5942,BOOKS_STATIONERY,SOLE_PROPRIETOR,JPR,RAJASTHAN,2023-03-06 00:00:00,XXXX2381,INACTIVE,1581.12,True,False,False,False,False,False
MCH9320,Char Inc,5411,KIRANA,PRIVATE_LIMITED,HYDERABAD,TELANGANA,2025-11-22 00:00:00,OFHR1997447322569,ACTIVE,695.0,True,True,False,False,False,False
MCH8648,"KUMER, PRADHAN AND PAI",5912,CHEMIST,SOLE_PROPRIETOR,JALANDHAR,PUNJAB,2023-12-17 00:00:00,CPHP6408157927970,ACTIVE,2147.87,True,True,False,False,False,False
MCH1003,"Nayar, Batta and Barad",5699,FASHION,PRIVATE_LIMITED,CHENNAI,TAMIL_NADU,,,ACTIVE,792.91,True,False,False,False,False,False
MCH6258,"Mitra, Nori and Venkataraman",,PHARMACIES,PRIVATE_LIMITED,HYD,TELANGANA,,,ACTIVE,353.34,False,False,False,False,True,False
MCH9386,"Kothari,SantandLoyal",5699,CLOTHING,INDIVIDUAL,BANGALORE,KARNATAKA,,XXXX0692,ACTIVE,2792.0,True,False,False,False,True,False
MCH3671,"VALA, DHAR AND WASON",5912,MEDICAL,INDIVIDUAL,CHENNAI,TAMIL_NADU,,,ACTIVE,2167.0,True,False,False,False,False,False
MCH6979,Nadig Ltd,,CHEMIST,SOLE_PROPRIETOR,CHENNAI,TAMIL_NADU,2023-05-18 00:42:04,SYHI9438066539953,ACTIVE,640.32,False,True,False,False,False,False
MCH3146,Batta-Sharaf,4131,TRANSPORT,INDIVIDUAL,POONA,MAHARASHTRA,,MHGR0082109008102,ACTIVE,898.04,True,True,False,False,True,False
MCH4370,Kuruvilla and Sons,05999,OTHER,INDIVIDUAL,MUMBAY,MAHARASHTRA,2023-08-18 00:00:00,,ACTIVE,,False,False,True,False,False,False
MCH4421,"Dua, Lad and Bassi",5411,GROCERY,SOLE_PROPRIETOR,AMRITSAR,PUNJAB,2024-06-21 18:21:57,,ACTIVE,1610.18,True,False,False,False,False,False
MCH3506,Peri Group,07011,HOSPITALITY,INDIVIDUAL,BENGALURU,KARNATAKA,,PINF7358781184682,ACTIVE,3808.09,False,True,False,False,False,False
MCH8346,Sawhney-Pillai,5699,CLOTHING,INDIVIDUAL,LUCKNOW,UTTAR_PRADESH,2023-03-06 03:04:06,,ACTIVE,2613.63,True,False,False,False,False,False
MCH3277,Issac-Lata,,PHONE_SERVICE,PARTNERSHIP,DILLI,DELHI,2025-09-22 00:00:00,RPRG9004987881265,ACTIVE,1571.63,False,True,False,False,False,False
MCH3820,Behl LLC,5311,DEPARTMENT_STORES,PARTNERSHIP,JALANDAR,PUNJAB,2023-05-30 00:00:00,8600214749,INACTIVE,983.06,True,True,False,False,False,False
MCH3484,Sidhu LLC,5999,MISC_RETAIL,INDIVIDUAL,LUDHIANA,PUNJAB,,,ACTIVE,,True,False,True,False,False,False
MCH7615,"DAR, PAREKH AND DE",5812,EATING_PLACE,SOLE_PROPRIETOR,LUCKNOW,UTTAR_PRADESH,,4443349499,INACTIVE,2530.9,True,True,False,False,False,False
MCH9271,"Bera, Contractor and Trivedi",4131,BUS_TAXI,SOLE_PROPRIETOR,DELHI,DELHI,2025-02-20 00:00:00,KHLJ8243266357655,ACTIVE,,True,True,False,False,False,False
MCH4548,Sarin Ltd,5912,MEDICAL,PRIVATE_LIMITED,DELHI,DELHI,,3265650948,INACTIVE,,True,True,False,False,False,False
MCH5716,nadig inc,4814,PHONE_SERVICE,INDIVIDUAL,MADRAS,TAMIL_NADU,2025-06-26 14:09:58,,ACTIVE,1811.84,True,False,False,False,False,False
MCH4298,YadavLLC,5999,OTHER,SOLE_PROPRIETOR,BOMBAY,MAHARASHTRA,2023-07-19 00:00:00,,ACTIVE,,True,False,False,False,False,False
MCH9954,"Dutta, J0ha1 and Char",5699,APPAREL,SOLE_PROPRIETOR,DELHI,DELHI,2025-12-23 00:00:00,ERMO2255417001428,ACTIVE,3148.72,True,True,False,False,False,False
MCH2786,cheema and sons,5411,GROCERY_STORE,SOLE_PROPRIETOR,BLR,KARNATAKA,2024-10-11 06:21:19,,INACTIVE,5082.9,True,False,False,False,False,False
MCH2174,"Sood, Chowdhury and Chacko",07011,HOTEL,PRIVATE_LIMITED,NEW_DELHI,DELHI,2024-03-13 00:00:00,8824000729,INACTIVE,1287.16,False,True,False,False,False,False
MCH2917,"DEOL, KIBE AND KHANNA",5999,MISC_RETAIL,PRIVATE_LIMITED,DILLI,DELHI,2024-07-23 00:00:00,XXXX8419,ACTIVE,356.58,True,False,False,False,False,False
MCH3829,Bansal Ltd,7011,HOTELS,PRIVATE_LIMITED,PUNE,MAHARASHTRA,,XXXX7846,ACTIVE,2565.33,True,False,False,False,True,False
MCH7659,"Bali, Balan and Ramachandran",,BOOK_STORE,PARTNERSHIP,DILLI,DELHI,,XXXX6852,ACTIVE,1079.0,False,False,False,False,True,False
MCH2087,DUBEY-DOCTOR,5999,MISCELLANEOUS,INDIVIDUAL,ASR,PUNJAB,2025-04-17 00:00:00,0974736100,ACTIVE,4751.6,True,True,False,False,False,False
MCH4974,Krishna PLC,5699,FASHION,INDIVIDUAL,KOLKATA,WEST_BENGAL,2023-04-18 00:00:00,3596123048,SUSPENDED,1458.56,True,True,False,False,False,False
MCH4214,"Mitra, Oak and Keer",5699,APPAREL,INDIVIDUAL,BANGALORE,KARNATAKA,,,ACTIVE,1159.46,True,False,False,False,True,False
MCH8033,Gole Group,5942,BOOK_STORE,PRIVATE_LIMITED,JALANDAR,PUNJAB,2025-05-22 00:00:00,3271616033,ACTIVE,1372.74,True,True,False,False,False,False
MCH3649,"Jain, Sama and Sarma",05999,MISCELLANEOUS,PARTNERSHIP,MUMBAI,MAHARASHTRA,,XXXX8840,ACTIVE,671.85,False,False,False,False,True,False
MCH7692,Ratti-Patla,5311,DEPT_STORE,INDIVIDUAL,ASR,PUNJAB,2025-07-10 00:00:00,XXXX7379,ACTIVE,2270.3,True,False,False,False,False,False
MCH1852,Prabhu Group,5411,GROCERY_STORES,INDIVIDUAL,MUMBAI,MAHARASHTRA,2024-03-31 00:00:00,8479119924,ACTIVE,786.71,True,True,False,False,False,False
MCH3883,Vohra and Sons,7011,HOTELS,INDIVIDUAL,MUMBAI,MAHARASHTRA,2023-11-17 00:00:00,1962011949,ACTIVE,,True,True,True,False,False,False
MCH5601,Raj-Gopal,7011,HOTELS,PRIVATE_LIMITED,JALANDHAR,PUNJAB,2024-05-17 22:26:00,6301334461,ACTIVE,,True,True,False,False,False,False
MCH2943,Kuruvilla and Sons,5812,FOOD,SOLE_PROPRIETOR,POONA,MAHARASHTRA,,2379382640,ACTIVE,1517.82,True,True,False,False,False,False
MCH4936,"Bhalla, Gour and Khare",5411,GROCERIES,INDIVIDUAL,JALANDHAR,PUNJAB,2025-10-14 00:00:00,0586737361,ACTIVE,739.83,True,True,False,False,False,False
MCH3451,AMBLE-NAIR,5912,PHARMACY,SOLE_PROPRIETOR,AMRITSAR,PUNJAB,,XXXX8569,SUSPENDED,,True,False,False,False,True,False
MCH6433,Bhattacharyya Ltd,4814,TELECOM,PARTNERSHIP,BENGALURU,KARNATAKA,2024-12-31 00:00:00,,INACTIVE,1248.03,True,False,False,False,False,False
MCH3572,"V0hra, Chander and Padmanabhan",5812,EATING_PLACE,SOLE_PROPRIETOR,HYDERABAD,TELANGANA,2024-05-16 11:42:00,,ACTIVE,793.52,True,False,False,False,False,False
MCH3388,Prakash Inc,5999,MISC_RETAIL,INDIVIDUAL,KOLKATA,WEST_BENGAL,2024-02-14 00:00:00,,INACTIVE,1438.0,True,False,False,False,False,False
MCH4182,"More, Sarma and Baria",4814,TELECOM,INDIVIDUAL,MUMBAI,MAHARASHTRA,2026-01-01 00:00:00,XXXX3295,ACTIVE,4102.61,True,False,False,False,False,False
MCH4578,Bedi LLC,5942,BOOKS,PRIVATE_LIMITED,KOLKATA,WEST_BENGAL,2023-11-29 04:19:56,,ACTIVE,360.0,True,False,False,False,False,False
MCH8200,Rai-Bhargava,5942,STATIONERY,SOLE_PROPRIETOR,AMRITSAR,PUNJAB,2023-07-19 00:00:00,,ACTIVE,,True,False,True,False,False,False
MCH7954,Sur Inc,7011,HOTELS,PRIVATE_LIMITED,HYDERABAD,TELANGANA,,,ACTIVE,2803.0,True,False,False,False,True,False
MCH8504,gala-bath,,KIRANA,PRIVATE_LIMITED,BENGALURU,KARNATAKA,2023-05-24 00:00:00,HUGZ7718103709815,ACTIVE,4220.0,False,True,False,False,False,False
MCH9067,Boase-Sule,5942,BOOKS_STATIONERY,INDIVIDUAL,JALANDHAR,PUNJAB,,,ACTIVE,1045.82,True,False,False,False,True,False
MCH8978,TalwarandSons,5942,STATIONERY,SOLE_PROPRIETOR,MUMBAI,MAHARASHTRA,2023-05-23 00:00:00,,ACTIVE,4704.55,True,False,False,False,False,False
MCH2712,"RAI, GHOSE AND WADHWA",5411,GROCERY,PRIVATE_LIMITED,AMRITSAR,PUNJAB,2023-09-30 00:00:00,XXXX9691,ACTIVE,2957.32,True,False,False,False,False,False
MCH3642,Prabhu-Pai,5411,GROCERIES,SOLE_PROPRIETOR,CALCUTTA,WEST_BENGAL,2025-11-24 00:00:00,,ACTIVE,3223.63,True,False,False,False,False,False
MCH8125,Sahni-Ahuja,MISC,DEPARTMENT_STORE,PARTNERSHIP,HYDERABAD,TELANGANA,2025-07-23 00:00:00,,ACTIVE,6045.0,False,False,False,False,False,False
MCH9625,tripathi plc,4814,PHONE_SERVICE,PRIVATE_LIMITED,AMRITSAR,PUNJAB,2024-09-11 21:48:18,,ACTIVE,,True,False,False,False,False,False
MCH2269,"dalal, samra and kala",7011,HOTEL,SOLE_PROPRIETOR,PUNE,MAHARASHTRA,,,ACTIVE,,True,False,True,False,True,False
MCH2885,"Varkey, Goda and Bala",5812,EATING_PLACE,PRIVATE_LIMITED,MUMBAI,MAHARASHTRA,2023-01-23 00:00:00,0317882844,ACTIVE,4853.92,True,True,False,False,False,False
MCH8955,Sani LLC,7011,HOTEL,PRIVATE_LIMITED,MADRAS,TAMIL_NADU,2023-09-26 00:00:00,RSSK2984777812430,ACTIVE,,True,True,True,False,False,False
MCH7095,"Sachdev, Sunder and Dalal",,BOOK_STORE,PARTNERSHIP,MUMBAI,MAHARASHTRA,2025-07-20 08:14:05,6394590196,ACTIVE,3937.6,False,True,False,False,False,False
MCH4775,"DIVAN, BUCH AND KUNDA",4814,PHONE_SERVICE,SOLE_PROPRIETOR,LKO,UTTAR_PRADESH,,1956916316,INACTIVE,562.44,True,True,False,False,True,False
MCH8401,Pandey PLC,,HOSPITALITY,PARTNERSHIP,CHENNAI,TAMIL_NADU,,0328253862,ACTIVE,625.0,False,True,False,False,True,False
MCH5148,"Bose, Ranganathan and Bose",5411,KIRANA,INDIVIDUAL,AMRITSAR,PUNJAB,2024-10-20 00:00:00,,ACTIVE,,True,False,False,False,False,False
MCH3616,DUA GROUP,5942,BOOK_STORE,PRIVATE_LIMITED,LKO,UTTAR_PRADESH,2026-02-24 20:51:00,CYIZ1339742109891,ACTIVE,,True,True,False,False,False,False
MCH1612,"Andra, Chana and Saha",5812,EATING_PLACE,SOLE_PROPRIETOR,LKO,UTTAR_PRADESH,2025-10-27 00:00:00,5702735332,INACTIVE,655.56,True,True,False,False,False,False
MCH2530,bal-sant,5999,RETAIL_OTHER,PARTNERSHIP,KOLKATA,WEST_BENGAL,,XXXX3441,ACTIVE,372.49,True,False,False,False,True,False
MCH2970,GOLLA-VORA,5699,APPAREL,INDIVIDUAL,CALCUTTA,WEST_BENGAL,2025-02-01 00:00:00,,ACTIVE,326.25,True,False,False,False,False,False
MCH5482,"tiwari, jain and hayer",4131,TRANSPRT,SOLE_PROPRIETOR,CHENNAI,TAMIL_NADU,,7104632186,ACTIVE,249.86,True,True,False,False,False,False
MCH7540,Solanki Inc,5999,MISCELLANEOUS,PARTNERSHIP,JALANDHAR,PUNJAB,,XXXX7550,ACTIVE,579.73,True,False,False,False,True,False
MCH7058,"Biswas, Arya and Chaudhary",5812,EATING_PLACE,SOLE_PROPRIETOR,HYDERABAD,TELANGANA,,,ACTIVE,822.57,True,False,False,False,True,False
MCH2770,"Deep, Ganguly and Solanki",5699,CLOTHING,INDIVIDUAL,CHENNAI,TAMIL_NADU,2025-07-31 00:00:00,,ACTIVE,660.0,True,False,False,False,False,False
MCH1639,"Borah, Dhaliwal and Morar",5999,MISC_RETAIL,PARTNERSHIP,KOLKATA,WEST_BENGAL,2024-11-14 10:51:00,XXXX3629,ACTIVE,7799.0,True,False,False,False,False,False
MCH1506,GANDHI-LOKE,5912,PHARMACIES,PARTNERSHIP,CHENNAI,TAMIL_NADU,2024-06-13 17:59:00,,ACTIVE,967.0,True,False,False,False,False,False
MCH4232,sehgal-rama,5411,GROCERY_STORE,PARTNERSHIP,KOLKATA,WEST_BENGAL,2023-03-31 00:00:00,XXXX1805,ACTIVE,4112.72,True,False,False,False,False,False
MCH2934,Sama PLC,MISC,DEPARTMENT_STORE,INDIVIDUAL,JALANDHAR,PUNJAB,2023-10-13 00:00:00,6130921180,ACTIVE,1759.02,False,True,False,False,False,False
MCH5196,Saini Ltd,5311,RETAIL,PRIVATE_LIMITED,JALANDHAR,PUNJAB,2025-02-23 00:00:00,GPCS2279648422088,SUSPENDED,,True,True,True,False,False,False
MCH2845,Narasimhan LLC,5999,OTHER,PARTNERSHIP,AMRITSAR,PUNJAB,,2844893176,ACTIVE,5926.94,True,True,False,False,True,False
MCH9134,Edwin-Viswanathan,5699,GARMENTS,SOLE_PROPRIETOR,JALANDHAR,PUNJAB,,,ACTIVE,1602.69,True,False,False,False,False,False
MCH2772,goyal inc,5942,BOOKS,INDIVIDUAL,DELHI,DELHI,2023-04-22 00:25:55,,INACTIVE,478.58,True,False,False,False,False,False
MCH9896,Dave-Vasa,5311,RETAIL,PARTNERSHIP,POONA,MAHARASHTRA,2023-09-30 00:00:00,XXXX8599,ACTIVE,3148.67,True,False,False,False,False,False
MCH1070,Pandya PLC,5999,MISC_RETAIL,PRIVATE_LIMITED,CHENNAI,TAMIL_NADU,2024-09-03 00:00:00,,ACTIVE,1259.2,True,False,False,False,False,False
MCH4884,"Reddy, Wason and Magar",04131,TRANSPORT,PRIVATE_LIMITED,KOLKATA,WEST_BENGAL,2023-05-16 00:00:00,,INACTIVE,2421.0,False,False,False,False,False,False
MCH6075,"Lad, Menon and Tiwari",4814,MOBILE_RECHARGE,PRIVATE_LIMITED,BLR,KARNATAKA,,3853486592,ACTIVE,709.64,True,True,False,False,True,False
MCH5489,NATH LTD,5311,DEPARTMENT_STORES,INDIVIDUAL,JAIPUR,RAJASTHAN,2025-01-22 00:00:00,XXXX9871,ACTIVE,3788.36,True,False,False,False,False,False
MCH4101,raval plc,7011,HOSPITALITY,INDIVIDUAL,BENGALURU,KARNATAKA,2023-11-26 00:00:00,XXXX6243,ACTIVE,1096.15,True,False,False,False,False,False
MCH5166,Roy-Srinivasan,4814,MOBILE_RECHARGE,INDIVIDUAL,BENGALURU,KARNATAKA,2025-09-24 00:00:00,,INACTIVE,1501.14,True,False,False,False,False,False
MCH2492,Chandran Group,5812,RESTAURANTS,PARTNERSHIP,AMRITSAR,PUNJAB,2023-11-13 00:00:00,,ACTIVE,1360.0,True,False,False,False,False,False
MCH2117,Lal Group,,HOSPITALITY,PARTNERSHIP,JAIPUR,RAJASTHAN,2025-10-28 00:00:00,,ACTIVE,2615.21,False,False,False,False,False,False
MCH3628,MITRA LTD,5699,GARMENTS,SOLE_PROPRIETOR,DELHI,DELHI,2023-08-05 00:00:00,,ACTIVE,3214.64,True,False,False,False,False,False
MCH9635,Konda-Verma,5942,BOOK_STORE,INDIVIDUAL,CHENNAI,TAMIL_NADU,,BAID6365865587003,ACTIVE,4885.39,True,True,False,False,True,False
MCH3189,De-Kakar,4131,TRANSPRT,SOLE_PROPRIETOR,HYDERABAD,TELANGANA,2023-07-21 00:00:00,IBQI3951526750314,SUSPENDED,,True,True,False,False,False,False
MCH8107,Ramachandran Ltd,5999,RETAIL_OTHER,PARTNERSHIP,JAIPUR,RAJASTHAN,,XXXX9786,ACTIVE,,True,False,False,False,False,False
MCH6440,"Rajagopalan,ParsaandRana",5311,DEPARTMENT_STORE,PARTNERSHIP,CALCUTTA,WEST_BENGAL,,XXXX7920,ACTIVE,,True,False,False,False,False,False
MCH3419,"bansal, naidu and baria",5912,PHARMACIES,PRIVATE_LIMITED,PUNE,MAHARASHTRA,2024-03-26 00:00:00,,ACTIVE,357.64,True,False,False,False,False,False
MCH4107,Pandey-Sastry,5699,CLOTHS,SOLE_PROPRIETOR,JALANDHAR,PUNJAB,2025-09-30 00:00:00,,INACTIVE,319.0,True,False,False,False,False,False
MCH8255,"Yadav, Goyal and Sem",5699,FASHION,INDIVIDUAL,JALANDHAR,PUNJAB,2023-11-02 00:00:00,3847429821,ACTIVE,2733.83,True,True,False,False,False,False
MCH4167,BanerjeePLC,5812,FOOD_SERVICES,PRIVATE_LIMITED,JAIPUR,RAJASTHAN,2023-10-26 06:05:00,0359713913,ACTIVE,3120.61,True,True,False,False,False,False
MCH7977,"Kohli, Vaidya and Nagar",7011,HOTEL_LODGING,SOLE_PROPRIETOR,CHENNAI,TAMIL_NADU,2025-07-23 00:00:00,PYMW1543762535071,ACTIVE,4790.0,True,True,False,False,False,False
MCH8790,Thaman-Singh,5912,CHEMIST,INDIVIDUAL,KOLKATA,WEST_BENGAL,2024-02-04 00:00:00,,ACTIVE,,True,False,False,False,False,False
MCH4397,Tailor-Pandey,5912,CHEMIST,PRIVATE_LIMITED,PUNE,MAHARASHTRA,2024-10-24 00:00:00,,ACTIVE,,True,False,False,False,False,False
MCH1971,Khanna and Sons,4814,TELECOM,PARTNERSHIP,MUMBAI,MAHARASHTRA,2026-02-06 00:00:00,XXXX1386,ACTIVE,2326.17,True,False,False,False,False,False
MCH8241,Bhasin and Sons,5999,RETAIL_OTHER,PRIVATE_LIMITED,JAIPUR,RAJASTHAN,2025-07-28 07:43:00,,ACTIVE,509.62,True,False,False,False,False,False
MCH2042,"Rai, Das and Bava",5311,RETAIL,PARTNERSHIP,PUNE,MAHARASHTRA,2023-12-17 00:00:00,ZYCY1593553139876,ACTIVE,1564.88,True,True,False,False,False,False
MCH5656,Sen-Dube,5942,BOOKS_STATIONERY,PARTNERSHIP,POONA,MAHARASHTRA,,XTPH3643560347441,INACTIVE,1139.41,True,True,False,False,True,False
MCH8439,Bala and Sons,5912,PHARMACIES,INDIVIDUAL,JALANDHAR,PUNJAB,2024-09-14 00:00:00,,ACTIVE,1591.75,True,False,False,False,False,False
MCH8624,Kannan-Mital,5912,PHARMACY,SOLE_PROPRIETOR,PUNE,MAHARASHTRA,2023-05-20 00:00:00,BFXZ1340418444371,ACTIVE,1202.33,True,True,False,False,False,False
MCH7363,Babu-Acharya,5999,MISC_RETAIL,SOLE_PROPRIETOR,KOLKATA,WEST_BENGAL,2024-03-03 08:14:06,,ACTIVE,1983.77,True,False,False,False,False,False
MCH5045,More-Doctor,,DEPT_STORE,INDIVIDUAL,BANGALORE,KARNATAKA,2025-09-15 22:04:19,,SUSPENDED,145.75,False,False,False,False,False,False
MCH4708,Loke-Ganesan,5999,MISCELLANEOUS,SOLE_PROPRIETOR,JALANDAR,PUNJAB,2024-02-22 19:47:00,,ACTIVE,1266.56,True,False,False,False,False,False
MCH6462,"Vaidya, Kunda and Bhavsar",5311,RETAIL,PRIVATE_LIMITED,LUCKNOW,UTTAR_PRADESH,2025-12-19 00:00:00,5665285252,ACTIVE,1652.23,True,True,False,False,False,False
MCH2425,SURI-KURIAN,05411,GROCERY,PARTNERSHIP,LUDHIANA,PUNJAB,2023-06-06 04:11:03,,ACTIVE,1800.35,False,False,False,False,False,False
MCH8154,Yohannan PLC,,BUS_TAXI,SOLE_PROPRIETOR,JALANDHAR,PUNJAB,2023-06-26 00:00:00,,SUSPENDED,998.6,False,False,False,False,False,False
MCH2309,"bajaj, chakraborty and malhotra",5311,DEPT_STORE,INDIVIDUAL,AMRITSAR,PUNJAB,2026-01-24 07:59:49,RUZB5463334435942,ACTIVE,355.13,True,True,False,False,False,False
MCH1828,Mohanty-Gole,05999,RETAIL_OTHER,SOLE_PROPRIETOR,CALCUTTA,WEST_BENGAL,2024-04-21 00:00:00,IQWO0971212362898,INACTIVE,408.75,False,True,False,False,False,False
MCH6418,Doctor Ltd,7011,HOTELS,SOLE_PROPRIETOR,JALANDHAR,PUNJAB,,,ACTIVE,1362.45,True,False,False,False,False,False
MCH8035,"Munshi, Mani and Taneja",5999,RETAIL_OTHER,INDIVIDUAL,MUMBAY,MAHARASHTRA,2025-02-08 00:00:00,5547624355,ACTIVE,,True,True,False,False,False,False
MCH2016,"Amble, Yadav and Dube",5999,RETAIL_OTHER,PARTNERSHIP,KOLKATA,WEST_BENGAL,2025-03-18 00:00:00,XXXX3614,SUSPENDED,10324.69,True,False,False,False,False,False
MCH5479,"Mukherjee, Nazareth and Palla",5812,RESTAURANTS,SOLE_PROPRIETOR,LUDHIANA,PUNJAB,2024-02-19 00:00:00,XXXX2442,ACTIVE,,True,False,False,False,False,False
MCH3460,CHAND-BORA,5411,GROCERY_STORES,INDIVIDUAL,CALCUTTA,WEST_BENGAL,2025-02-05 10:51:56,,ACTIVE,,True,False,False,False,False,False
MCH4889,Bhatti-Kapoor,5999,MISC_RETAIL,INDIVIDUAL,JALANDHAR,PUNJAB,2025-01-26 00:00:00,,ACTIVE,2464.23,True,False,False,False,False,False
MCH2504,"PAU, MODY AND DORA",5912,PHARMACY,PRIVATE_LIMITED,MUMBAI,MAHARASHTRA,2023-04-08 00:00:00,XXXX3089,INACTIVE,,True,False,False,False,False,False
MCH1250,BHARDWAJ-WABLE,4131,BUS_TAXI,PRIVATE_LIMITED,PUNE,MAHARASHTRA,,,ACTIVE,515.0,True,False,False,False,True,False
MCH1155,Sha LLC,4131,TRANSPORTATION,SOLE_PROPRIETOR,AMRITSAR,PUNJAB,,,INACTIVE,1753.08,True,False,False,False,True,False
MCH2229,"Kala, Baral and Subramanian",5311,DEPT_STORE,PRIVATE_LIMITED,MUMBAI,MAHARASHTRA,2025-12-21 00:00:00,,ACTIVE,577.0,True,False,False,False,False,False
MCH2149,"Doctor, Varughese and Hans",5942,STATIONERY,INDIVIDUAL,BENGALURU,KARNATAKA,2025-05-07 00:00:00,XXXX2634,ACTIVE,3778.33,True,False,False,False,False,False
MCH4536,Gulati and Sons,5311,RETAIL,INDIVIDUAL,DILLI,DELHI,2024-12-06 17:48:15,,ACTIVE,951.8,True,False,False,False,False,False
MCH1219,Khare-Puri,05812,FOOD_SERVICES,PARTNERSHIP,AMRITSAR,PUNJAB,2024-11-21 00:00:00,,ACTIVE,2174.0,False,False,False,False,False,False
MCH9068,Halder PLC,5699,APPAREL,PRIVATE_LIMITED,JALANDHAR,PUNJAB,2023-10-08 00:00:00,3161253540,ACTIVE,5193.72,True,True,False,False,False,False
MCH5396,MANDA-SETH,4131,TRANSPORTATION,SOLE_PROPRIETOR,DELHI,DELHI,2023-01-11 00:00:00,,ACTIVE,439.03,True,False,False,False,False,False
MCH9661,Ramanathan Group,7011,HOSPITALITY,INDIVIDUAL,MUMBAY,MAHARASHTRA,2023-11-10 08:09:50,,ACTIVE,735.62,True,False,False,False,False,False
MCH1993,DHALIWAL PLC,4814,TELECOM,SOLE_PROPRIETOR,AMRITSAR,PUNJAB,,8690977818,ACTIVE,428.65,True,True,False,False,False,False
MCH6565,Parmer-Datta,4814,MOBILE_RECHARGE,SOLE_PROPRIETOR,HYD,TELANGANA,2023-07-28 00:00:00,XXXX1044,ACTIVE,2464.68,True,False,False,False,False,False
MCH1501,Anand-Bhatt,04814,TELECOM,PARTNERSHIP,HYDERABAD,TELANGANA,2025-11-07 00:00:00,XXXX2933,ACTIVE,4185.6,False,False,False,False,False,False
MCH2959,Kanda LLC,5812,FOOD,PRIVATE_LIMITED,KOLKATA,WEST_BENGAL,,,ACTIVE,6588.76,True,False,False,False,True,False
MCH5362,"kunda, tiwari and nagi",5912,MEDICAL,PRIVATE_LIMITED,JPR,RAJASTHAN,2024-08-09 20:44:38,,ACTIVE,1922.99,True,False,False,False,False,False
MCH2990,Rout and Sons,7011,HOTEL,SOLE_PROPRIETOR,LUDHIANA,PUNJAB,2025-08-30 00:00:00,XXXX7294,ACTIVE,1050.53,True,False,False,False,False,False
MCH8060,"Bal, Garde and Puri",5699,APPAREL,PRIVATE_LIMITED,KOLKATA,WEST_BENGAL,2024-12-06 00:00:00,XXXX9739,ACTIVE,1604.68,True,False,False,False,False,False
MCH5775,SRINIVAS LTD,05311,DEPARTMENT_STORE,INDIVIDUAL,KOLKATA,WEST_BENGAL,2025-11-01 10:50:11,AIEV2153769743983,ACTIVE,7152.05,False,True,False,False,False,False
MCH7093,Pai-Pau,7011,HOTEL,INDIVIDUAL,MUMBAI,MAHARASHTRA,2025-03-19 11:49:49,,SUSPENDED,1636.89,True,False,False,False,False,False
MCH1995,"Mand, Halder and Rajagopalan",5942,BOOKS,PARTNERSHIP,JAIPUR,RAJASTHAN,2024-04-04 00:00:00,COIS3057851068966,INACTIVE,158.78,True,True,False,False,False,False
MCH9882,Joshi PLC,04814,MOBILE_RECHARGE,SOLE_PROPRIETOR,JPR,RAJASTHAN,,,ACTIVE,320.23,False,False,False,False,False,False
MCH4948,Dass-Dhaliwal,05812,RESTAURANTS,PARTNERSHIP,JALANDHAR,PUNJAB,2024-06-25 00:00:00,XXXX1800,ACTIVE,,False,False,True,False,False,False
MCH3207,"Gala, Khatri and Khalsa",5912,CHEMIST,PARTNERSHIP,AMRITSAR,PUNJAB,2024-04-23 00:00:00,7398854821,ACTIVE,929.51,True,True,False,False,False,False
MCH4713,Sura-Boase,,CLOTHING,SOLE_PROPRIETOR,AMRITSAR,PUNJAB,,,ACTIVE,1694.6,False,False,False,False,True,False
MCH3535,Kaur LLC,7011,HOTELS,INDIVIDUAL,LUDHIANA,PUNJAB,2023-04-22 12:53:03,XXXX4614,ACTIVE,438.79,True,False,False,False,False,False
MCH9601,JOSHI-CHAUHAN,4131,BUS_TAXI,PRIVATE_LIMITED,BANGALORE,KARNATAKA,2023-10-05 00:00:00,GXDF2258830455225,ACTIVE,1949.42,True,True,False,False,False,False
MCH1833,"Bhatnagar, Bhavsar and Iyengar",4131,TRANSPORTATION,PARTNERSHIP,BOMBAY,MAHARASHTRA,2023-06-24 00:00:00,XXXX4268,ACTIVE,2843.21,True,False,False,False,False,False
MCH5444,PRADHAN-NAIR,5999,OTHER,SOLE_PROPRIETOR,LUCKNOW,UTTAR_PRADESH,2024-07-27 00:00:00,7036093641,ACTIVE,372.0,True,True,False,False,False,False
MCH3846,Khanna-Badal,5311,RETAIL,PRIVATE_LIMITED,DELHI,DELHI,2025-04-18 21:01:00,9124984839,ACTIVE,3521.78,True,True,False,False,False,False
MCH5881,Sengupta-Bhat,,PHARMACY,SOLE_PROPRIETOR,KOLKATA,WEST_BENGAL,2025-12-16 22:30:53,XXXX8685,ACTIVE,1381.95,False,False,False,False,False,False
MCH5113,Mani-Buch,5699,CLOTHS,PARTNERSHIP,PUNE,MAHARASHTRA,,XXXX7200,ACTIVE,2132.66,True,False,False,False,True,False
MCH9393,SUBRAMANIAN LLC,7011,HOTEL,INDIVIDUAL,BANGALORE,KARNATAKA,2025-01-10 00:00:00,CNXK7674132644684,ACTIVE,1268.96,True,True,False,False,False,False
MCH5538,Barad-Nigam,,TELECOM,PARTNERSHIP,PUNE,MAHARASHTRA,2025-01-10 00:00:00,,ACTIVE,2223.97,False,False,False,False,False,False
MCH5588,Divan-Yohannan,04131,TRANSPRT,INDIVIDUAL,HYDERABAD,TELANGANA,,,ACTIVE,203.0,False,False,False,False,False,False
MCH5383,ray-dara,7011,HOSPITALITY,PRIVATE_LIMITED,DILLI,DELHI,,8306637821,ACTIVE,2541.0,True,True,False,False,True,False
MCH5271,Choudhary-Chaudhry,5812,FOOD_SERVICES,PARTNERSHIP,LDH,PUNJAB,2025-11-30 00:00:00,1480455412,ACTIVE,,True,True,True,False,False,False
MCH1089,"Mann, Edwin and Misra",05411,KIRANA,INDIVIDUAL,JAIPUR,RAJASTHAN,,7489263549,ACTIVE,678.0,False,True,False,False,False,False
MCH8033,Murty-Grover,MISC,MISC_RETAIL,PARTNERSHIP,AMRITSAR,PUNJAB,2024-11-06 00:00:00,VUQA2025298324084,ACTIVE,2125.0,False,True,False,False,False,False
MCH9636,KIBE-MAGAR,5699,CLOTHS,INDIVIDUAL,BENGALURU,KARNATAKA,2023-08-21 09:35:55,SSYN5165458216497,ACTIVE,,True,True,True,False,False,False
MCH2838,"Goel, Chand and Pai",5999,RETAIL_OTHER,PARTNERSHIP,POONA,MAHARASHTRA,2024-12-28 00:00:00,,ACTIVE,,True,False,True,False,False,False
MCH2128,Ghosh-Sharaf,5812,FOOD_SERVICES,PARTNERSHIP,AMRITSAR,PUNJAB,2023-12-21 00:00:00,6688236722,ACTIVE,3157.17,True,True,False,False,False,False
MCH3577,"Ratta, Mane and Kapadia",5812,RESTAURANT,INDIVIDUAL,AMRITSAR,PUNJAB,,XXXX9384,ACTIVE,1820.36,True,False,False,False,False,False
MCH6578,"Varty, Mutti and Banik",,BOOKS,SOLE_PROPRIETOR,LKO,UTTAR_PRADESH,2025-01-21 04:22:00,,SUSPENDED,1771.19,False,False,False,False,False,False
MCH2708,"Mand, Zacharia and Vora",04131,TRAVEL,SOLE_PROPRIETOR,MADRAS,TAMIL_NADU,2026-01-20 00:00:00,XXXX2440,ACTIVE,363.56,False,False,False,False,False,False
MCH3793,"Sankar, Parsa and Shere",7011,HOSPITALITY,SOLE_PROPRIETOR,LUDHIANA,PUNJAB,2025-03-30 00:00:00,3431564371,ACTIVE,6906.85,True,True,False,False,False,False
MCH7620,narain-balasubramanian,5942,BOOKS,PRIVATE_LIMITED,CHENNAI,TAMIL_NADU,2025-02-14 00:00:00,2629867303,ACTIVE,2086.1,True,True,False,False,False,False
MCH4448,Gara and Sons,5999,MISCELLANEOUS,INDIVIDUAL,MADRAS,TAMIL_NADU,2025-09-24 00:00:00,XXXX6028,SUSPENDED,1524.31,True,False,False,False,False,False
MCH8746,Kari Inc,5912,MEDICAL_STORE,PARTNERSHIP,PUNE,MAHARASHTRA,,XXXX5648,ACTIVE,,True,False,False,False,True,False
MCH3616,"Comar, Munshi and Kakar",5311,DEPARTMENT_STORES,PRIVATE_LIMITED,ASR,PUNJAB,,,ACTIVE,377.75,True,False,False,False,True,False
MCH5648,Jain-Bera,5912,CHEMIST,SOLE_PROPRIETOR,LUDHIANA,PUNJAB,,,INACTIVE,1745.3,True,False,False,False,False,False
MCH1377,"TANEJA, DIN AND KAUL",5812,EATING_PLACE,SOLE_PROPRIETOR,DILLI,DELHI,2025-10-05 09:00:44,QWQZ7332733729369,ACTIVE,767.08,True,True,False,False,False,False
MCH3155,Agarwal Ltd,5311,DEPT_STORE,PARTNERSHIP,MADRAS,TAMIL_NADU,2023-11-23 15:28:55,,ACTIVE,1414.89,True,False,False,False,False,False
MCH5531,"Dhingra, Sangha and Sidhu",5411,GROCERY,PARTNERSHIP,MUMBAY,MAHARASHTRA,2025-04-25 00:00:00,0878189587,INACTIVE,,True,True,True,False,False,False
MCH8453,"Jaggi, Saxena and Ratta",5411,GROCERY,PARTNERSHIP,AMRITSAR,PUNJAB,2023-11-19 00:00:00,,ACTIVE,599.17,True,False,False,False,False,False
MCH2090,Upadhyay PLC,5812,EATING_PLACE,SOLE_PROPRIETOR,DILLI,DELHI,2026-01-05 04:15:56,KZDI9850791739312,ACTIVE,439.31,True,True,False,False,False,False
MCH3189,Kapoor-Hegde,05411,GROCERY_STORE,PARTNERSHIP,HYDERABAD,TELANGANA,2023-02-01 03:59:34,XXXX4992,ACTIVE,3153.88,False,False,False,False,False,False
MCH9957,"Chatterjee, Goda and Saraf",4814,TELECOM,SOLE_PROPRIETOR,LUDHIANA,PUNJAB,2025-05-10 05:24:35,XXXX6546,ACTIVE,533.81,True,False,False,False,False,False
MCH1654,More PLC,5999,RETAIL_OTHER,INDIVIDUAL,BENGALURU,KARNATAKA,2025-02-18 00:00:00,,ACTIVE,2598.19,True,False,False,False,False,False
MCH5606,"Hayer, Mukherjee and Kohli",5812,EATING_PLACE,PARTNERSHIP,KOLKATA,WEST_BENGAL,2023-06-16 00:00:00,,ACTIVE,1765.0,True,False,False,False,False,False
MCH1077,Taneja-Nagar,5411,KIRANA,INDIVIDUAL,ASR,PUNJAB,2026-02-27 00:00:00,QQWI6101172213624,ACTIVE,358.21,True,True,False,False,False,False
MCH8768,"GARDE, MOHAN AND SRIDHAR",5311,DEPT_STORE,INDIVIDUAL,CALCUTTA,WEST_BENGAL,,,SUSPENDED,1569.36,True,False,False,False,True,False
MCH3577,"dhawan, bobal and vala",,BOOKS_STATIONERY,SOLE_PROPRIETOR,LUCKNOW,UTTAR_PRADESH,2025-01-26 18:18:18,VJHP2127047917402,ACTIVE,,False,True,False,False,False,False
MCH1986,Vaidya-Roy,5699,CLOTHING,INDIVIDUAL,BENGALURU,KARNATAKA,2026-01-19 00:00:00,,ACTIVE,1981.5,True,False,False,False,False,False
MCH7731,"Issac, Muni and Natt",,BOOK_STORE,INDIVIDUAL,HYDERABAD,TELANGANA,,XXXX4637,ACTIVE,236.08,False,False,False,False,False,False
MCH8341,Jha Ltd,4814,TELECOM,PRIVATE_LIMITED,MADRAS,TAMIL_NADU,2023-02-07 18:23:55,XXXX7449,ACTIVE,2211.95,True,False,False,False,False,False
MCH9131,"Arya, Narang and Maharaj",7011,HOTEL_LODGING,INDIVIDUAL,JPR,RAJASTHAN,2024-04-19 05:10:00,,ACTIVE,6588.75,True,False,False,False,False,False
MCH9820,"Rai, Saha and Lalla",7011,HOTEL_LODGING,INDIVIDUAL,ASR,PUNJAB,2024-10-13 00:00:00,,ACTIVE,3129.0,True,False,False,False,False,False
MCH7237,Reddy-Majumdar,UNKNOWN,RESTAURANTS,PARTNERSHIP,DILLI,DELHI,2024-12-13 00:00:00,,ACTIVE,987.48,False,False,False,False,False,False
MCH1249,"Varkey, Kulkarni and More",05311,RETAIL,SOLE_PROPRIETOR,BLR,KARNATAKA,2023-07-26 21:44:19,,ACTIVE,1049.44,False,False,False,False,False,False
MCH8332,"Sethi, Buch and Sachdeva",7011,HOSPITALITY,INDIVIDUAL,HYDERABAD,TELANGANA,2025-05-04 00:00:00,,ACTIVE,1666.61,True,False,False,False,False,False
MCH7313,Sarma LLC,4131,TRANSPORT,INDIVIDUAL,KOLKATA,WEST_BENGAL,,XXXX9480,SUSPENDED,1073.87,True,False,False,False,True,False
MCH6838,Wali-Nair,5912,CHEMIST,PRIVATE_LIMITED,DELHI,DELHI,,3622849709,ACTIVE,1461.29,True,True,False,False,True,False
MCH8073,Prabhakar-B0ra,5942,STATIONERY,SOLE_PROPRIETOR,KOLKATA,WEST_BENGAL,2024-12-26 22:17:38,,ACTIVE,,True,False,False,False,False,False
MCH6025,Rege-Bali,4131,TRANSPORTATION,INDIVIDUAL,BENGALURU,KARNATAKA,2025-04-21 00:00:00,XXXX0320,SUSPENDED,2516.42,True,False,False,False,False,False
MCH7233,Arora LLC,5699,APPAREL,INDIVIDUAL,LUDHIANA,PUNJAB,2025-10-11 00:00:00,1141889916,ACTIVE,2703.6,True,True,False,False,False,False
MCH4551,SURA GROUP,5699,APPAREL,SOLE_PROPRIETOR,JALANDHAR,PUNJAB,,XXXX0235,ACTIVE,3287.63,True,False,False,False,True,False
MCH8854,Sabharwal-Mitter,,HOTEL_LODGING,SOLE_PROPRIETOR,JAIPUR,RAJASTHAN,2023-12-01 17:23:56,,ACTIVE,1003.79,False,False,False,False,False,False
MCH4322,Mane PLC,7011,HOTELS,INDIVIDUAL,LUCKNOW,UTTAR_PRADESH,2023-10-12 00:00:00,,ACTIVE,1793.0,True,False,False,False,False,False
MCH4185,Nath-Chaudhuri,4814,TELECOM,PRIVATE_LIMITED,JAIPUR,RAJASTHAN,2024-08-14 00:00:00,EQFV9212095030396,ACTIVE,587.44,True,True,False,False,False,False
MCH7121,"narasimhan, anand and gaba",5999,OTHER,PRIVATE_LIMITED,PUNE,MAHARASHTRA,2025-07-25 21:18:00,,ACTIVE,2139.0,True,False,False,False,False,False
MCH4349,Atwal-Sura,MISC,BOOKS_STATIONERY,SOLE_PROPRIETOR,PUNE,MAHARASHTRA,2025-12-21 00:00:00,ZQKH6444366746348,ACTIVE,463.78,False,True,False,False,False,False
MCH8039,"Kibe,BrahmbhattandJaggi",05699,CLOTHS,SOLE_PROPRIETOR,PUNE,MAHARASHTRA,2024-10-28 00:00:00,,ACTIVE,2282.53,False,False,False,False,False,False
MCH5641,"Kant, Raju and Sandal",5999,MISCELLANEOUS,PARTNERSHIP,POONA,MAHARASHTRA,2025-05-30 00:00:00,XXXX4214,INACTIVE,2474.31,True,False,False,False,False,False
MCH4863,GILL PLC,5812,FOOD,INDIVIDUAL,HYD,TELANGANA,,5619003847,ACTIVE,552.87,True,True,False,False,True,False
MCH7948,Sachdeva-Buch,5311,DEPARTMENT_STORES,PARTNERSHIP,MUMBAI,MAHARASHTRA,2025-07-03 00:00:00,XXXX0532,ACTIVE,656.76,True,False,False,False,False,False
MCH2029,Bhalla-Brahmbhatt,05999,MISC_RETAIL,SOLE_PROPRIETOR,JALANDAR,PUNJAB,2023-06-20 12:29:06,,ACTIVE,276.02,False,False,False,False,False,False
MCH7746,suresh-atwal,5942,STATIONERY,SOLE_PROPRIETOR,ASR,PUNJAB,2023-08-28 00:00:00,XXXX1031,INACTIVE,4023.0,True,False,False,False,False,False
MCH7233,Kamdar-Bhakta,5411,GROCERIES,PRIVATE_LIMITED,CALCUTTA,WEST_BENGAL,2024-03-08 21:38:06,,ACTIVE,,True,False,False,False,False,False
MCH2030,Singh-Banerjee,4131,TRANSPORT,INDIVIDUAL,LDH,PUNJAB,2023-02-25 00:00:00,,ACTIVE,3976.0,True,False,False,False,False,False
MCH5622,Solanki and Sons,5942,BOOKS,INDIVIDUAL,BENGALURU,KARNATAKA,2023-08-13 00:00:00,4391498742,ACTIVE,252.61,True,True,False,False,False,False
MCH1812,Om PLC,5812,RESTAURANTS,SOLE_PROPRIETOR,AMRITSAR,PUNJAB,2024-11-26 18:01:01,,ACTIVE,2079.98,True,False,False,False,False,False
MCH8654,Bhavsar-Subramanian,MISC,GROCERY,INDIVIDUAL,MUMBAI,MAHARASHTRA,2025-12-15 00:00:00,,ACTIVE,714.58,False,False,False,False,False,False
MCH5794,Gulati and Sons,5999,OTHER,PRIVATE_LIMITED,BLR,KARNATAKA,2024-07-18 15:31:05,,ACTIVE,614.67,True,False,False,False,False,False
MCH3874,"Dora,DeshpandeandSeth",,PHONE_SERVICE,PRIVATE_LIMITED,JALANDAR,PUNJAB,2024-05-18 00:12:00,XXXX2093,ACTIVE,1119.69,False,False,False,False,False,False
MCH9316,Bandi Ltd,05411,KIRANA,SOLE_PROPRIETOR,LUDHIANA,PUNJAB,2025-08-21 00:00:00,9331997992,ACTIVE,1198.18,False,True,False,False,False,False
MCH2830,"Joshi,ChaudhariandToor",5411,GROCERY_STORES,INDIVIDUAL,BANGALORE,KARNATAKA,2023-04-15 14:55:00,,ACTIVE,756.0,True,False,False,False,False,False
MCH4737,"Aurora, Mallick and Dugar",5942,STATIONERY,INDIVIDUAL,JALANDAR,PUNJAB,2024-08-27 00:00:00,XXXX5003,INACTIVE,489.0,True,False,False,False,False,False
MCH9049,"Badami, Pathak and Murty",5912,PHARMACY,PARTNERSHIP,PUNE,MAHARASHTRA,,XXXX1304,ACTIVE,,True,False,True,False,True,False
MCH9529,Dubey Inc,4814,MOBILE_RECHARGE,PRIVATE_LIMITED,PUNE,MAHARASHTRA,2024-04-26 00:00:00,XXXX3556,ACTIVE,1801.0,True,False,False,False,False,False
MCH5652,"Borde, Bhasin and Dua",5411,GROCERIES,INDIVIDUAL,MUMBAI,MAHARASHTRA,2023-12-10 00:00:00,XXXX7597,ACTIVE,,True,False,True,False,False,False
MCH1334,"KALITA, SARRAF AND BHARDWAJ",5999,RETAIL_OTHER,INDIVIDUAL,BANGALORE,KARNATAKA,2025-09-28 00:00:00,RPOB8162410396498,ACTIVE,1780.83,True,True,False,False,False,False
MCH6972,Badal-Kamdar,7011,HOTELS,PRIVATE_LIMITED,PUNE,MAHARASHTRA,2023-12-20 14:49:48,,ACTIVE,1516.57,True,False,False,False,False,False
MCH1976,"MUTTI, SASTRY AND JHA",5942,STATIONERY,PRIVATE_LIMITED,AMRITSAR,PUNJAB,,,ACTIVE,2928.73,True,False,False,False,True,False
MCH2360,Bhakta-Nazareth,5942,STATIONERY,PRIVATE_LIMITED,JPR,RAJASTHAN,2024-06-21 00:00:00,,INACTIVE,755.69,True,False,False,False,False,False
MCH9531,lad ltd,5411,KIRANA,PRIVATE_LIMITED,LUDHIANA,PUNJAB,2025-12-02 00:00:00,CDSZ2178272638566,SUSPENDED,545.56,True,True,False,False,False,False
MCH5253,Balakrishnan PLC,5912,CHEMIST,SOLE_PROPRIETOR,MUMBAI,MAHARASHTRA,2025-07-23 10:23:07,3588777363,ACTIVE,,True,True,False,False,False,False
MCH8138,deol and sons,5812,FOOD,PARTNERSHIP,CHENNAI,TAMIL_NADU,2023-07-23 14:47:00,,ACTIVE,1238.62,True,False,False,False,False,False
MCH2836,RAI AND SONS,05912,PHARMACY,PRIVATE_LIMITED,CHENNAI,TAMIL_NADU,2024-07-15 12:28:59,XXXX2773,INACTIVE,3262.99,False,False,False,False,False,False
MCH4918,GANESH INC,MISC,HOTEL,INDIVIDUAL,LUCKNOW,UTTAR_PRADESH,2023-12-09 00:00:00,XXXX3579,ACTIVE,651.04,False,False,False,False,False,False
MCH2169,"Yogi, Bhakta and Suresh",5812,FOOD,PRIVATE_LIMITED,HYDERABAD,TELANGANA,2023-04-25 08:08:00,XXXX3751,ACTIVE,5225.51,True,False,False,False,False,False
MCH3536,Shankar Group,05942,BOOKS,PARTNERSHIP,KOLKATA,WEST_BENGAL,2024-11-03 17:18:07,,ACTIVE,1640.82,False,False,False,False,False,False
MCH9107,"Devi, Chhabra and Sharaf",5699,GARMENTS,SOLE_PROPRIETOR,PUNE,MAHARASHTRA,2026-02-22 08:24:38,5670845997,ACTIVE,637.0,True,True,False,False,False,False
MCH2099,Atwal Group,UNKNOWN,APPAREL,PARTNERSHIP,BOMBAY,MAHARASHTRA,2025-10-23 20:48:00,XXXX7789,ACTIVE,245.52,False,False,False,False,False,False
MCH7556,Hayer-Saini,5942,BOOKS,INDIVIDUAL,CHENNAI,TAMIL_NADU,2024-01-24 20:09:00,,ACTIVE,,True,False,False,False,False,False
MCH1285,hayer plc,5912,MEDICAL,INDIVIDUAL,BLR,KARNATAKA,2023-09-24 07:15:32,,ACTIVE,436.7,True,False,False,False,False,False
MCH4729,"Karpe, Dhaliwal and Subramanian",7011,HOTEL,PARTNERSHIP,AMRITSAR,PUNJAB,2024-01-14 00:00:00,XMOP1907956771131,ACTIVE,2525.97,True,True,False,False,False,False
MCH9088,Bhardwaj-Bala,5999,MISCELLANEOUS,PARTNERSHIP,MADRAS,TAMIL_NADU,2025-06-26 00:00:00,UMVD8641404072198,ACTIVE,4130.0,True,True,False,False,False,False
MCH4435,"Shere, Jain and Luthra",5999,RETAIL_OTHER,PRIVATE_LIMITED,CHENNAI,TAMIL_NADU,2024-06-23 00:00:00,PJOC4178398535690,ACTIVE,894.0,True,True,False,False,False,False
MCH6024,"Saran, Sinha and Barman",5812,RESTAURANTS,SOLE_PROPRIETOR,JALANDHAR,PUNJAB,2026-01-18 00:39:00,XXXX8830,ACTIVE,1185.95,True,False,False,False,False,False
MCH5112,"Agate, Atwal and Yohannan",5311,DEPARTMENT_STORE,PRIVATE_LIMITED,LUDHIANA,PUNJAB,2023-06-27 18:52:54,JBYC7644035129509,INACTIVE,669.14,True,True,False,False,False,False
MCH9992,Rajagopalan PLC,07011,HOTEL_LODGING,SOLE_PROPRIETOR,BENGALURU,KARNATAKA,2024-02-07 00:00:00,5652803993,ACTIVE,577.93,False,True,False,False,False,False
MCH4538,Lad Ltd,5699,FASHION,PRIVATE_LIMITED,NEW_DELHI,DELHI,2023-12-30 08:20:00,,ACTIVE,449.9,True,False,False,False,False,False
MCH8987,Mander LLC,5942,STATIONERY,PRIVATE_LIMITED,PUNE,MAHARASHTRA,2024-02-02 00:00:00,7115831556,ACTIVE,881.75,True,True,False,False,False,False
MCH2044,"Upadhyay, Kapoor and Nazareth",7011,HOSPITALITY,INDIVIDUAL,LKO,UTTAR_PRADESH,2023-01-02 00:58:55,3913922043,ACTIVE,368.05,True,True,False,False,False,False
MCH5414,bhandari ltd,07011,HOTEL,PRIVATE_LIMITED,DELHI,DELHI,2025-03-26 00:00:00,VQLO7234241275182,ACTIVE,155.88,False,True,False,False,False,False
MCH8546,jani plc,5311,DEPARTMENT_STORE,PARTNERSHIP,CALCUTTA,WEST_BENGAL,2024-09-21 00:00:00,,ACTIVE,1691.74,True,False,False,False,False,False
MCH7773,Nath-Parikh,5699,GARMENTS,INDIVIDUAL,JPR,RAJASTHAN,,XXXX0128,ACTIVE,544.16,True,False,False,False,True,False
MCH5171,"pandya, bawa and kibe",4131,TRANSPORTATION,PARTNERSHIP,JPR,RAJASTHAN,2024-11-18 00:00:00,XXXX5385,ACTIVE,1895.53,True,False,False,False,False,False
MCH7631,Chawla-Ganesh,4131,TRAVEL,INDIVIDUAL,PUNE,MAHARASHTRA,,1532003029,ACTIVE,6757.26,True,True,False,False,True,False
MCH7902,deol inc,4131,BUS_TAXI,PARTNERSHIP,LUDHIANA,PUNJAB,,,ACTIVE,,True,False,True,False,True,False
MCH4136,SEHGAL PLC,5699,GARMENTS,PARTNERSHIP,MUMBAI,MAHARASHTRA,2024-07-30 00:00:00,,ACTIVE,2564.97,True,False,False,False,False,False
MCH4790,date plc,,HOTEL,INDIVIDUAL,AMRITSAR,PUNJAB,2025-12-11 10:11:45,XXXX3526,SUSPENDED,199.0,False,False,False,False,False,False
MCH2035,HORA-GROVER,4131,TRANSPORTATION,SOLE_PROPRIETOR,NEW_DELHI,DELHI,2026-01-07 09:43:17,,ACTIVE,212.97,True,False,False,False,False,False
MCH7806,"Sahni, Bhavsar and Kaul",,TRANSPORT,PRIVATE_LIMITED,HYDERABAD,TELANGANA,2023-04-17 00:00:00,XXXX2487,ACTIVE,1046.19,False,False,False,False,False,False
MCH7993,Garde Inc,4814,TELECOM,PARTNERSHIP,KOLKATA,WEST_BENGAL,2023-04-23 00:00:00,4099690978,ACTIVE,1024.0,True,True,False,False,False,False
MCH5551,Narain-Goda,5699,FASHION,PRIVATE_LIMITED,MUMBAI,MAHARASHTRA,,,ACTIVE,817.05,True,False,False,False,True,False
MCH6776,"Bhat, Hans and Maharaj",5812,FOOD,INDIVIDUAL,LUDHIANA,PUNJAB,2024-09-17 21:52:50,XXXX5302,INACTIVE,699.0,True,False,False,False,False,False
MCH5984,acharya-badal,5999,OTHER,SOLE_PROPRIETOR,KOLKATA,WEST_BENGAL,,,INACTIVE,515.0,True,False,False,False,True,False
MCH3885,Thakur Inc,4131,TRANSPRT,PRIVATE_LIMITED,MADRAS,TAMIL_NADU,,8680968188,ACTIVE,618.81,True,True,False,False,False,False
MCH4577,"Atwal, Sura and Bhatti",5812,RESTAURANT,PARTNERSHIP,HYD,TELANGANA,,PWDW0230553443063,SUSPENDED,316.9,True,True,False,False,True,False
MCH1710,"Tara, Dash and Pau",5912,PHARMACIES,PARTNERSHIP,LUCKNOW,UTTAR_PRADESH,2026-02-26 00:00:00,,ACTIVE,804.19,True,False,False,False,False,False
MCH3956,Kota Ltd,5311,DEPARTMENT_STORE,PRIVATE_LIMITED,HYDERABAD,TELANGANA,2023-11-14 00:00:00,,ACTIVE,656.81,True,False,False,False,False,False
MCH2205,narayan plc,4131,BUS_TAXI,PARTNERSHIP,HYDERABAD,TELANGANA,2023-03-16 14:24:12,,ACTIVE,2136.03,True,False,False,False,False,False
MCH4540,Nadig LLC,05699,GARMENTS,PARTNERSHIP,MUMBAI,MAHARASHTRA,,,ACTIVE,7331.0,False,False,False,False,True,False
MCH4089,Mistry and Sons,5411,GROCERY_STORE,SOLE_PROPRIETOR,MUMBAI,MAHARASHTRA,2024-07-20 00:00:00,FZNP2052339077080,ACTIVE,1563.22,True,True,False,False,False,False
MCH8220,sarkar plc,5411,KIRANA,PRIVATE_LIMITED,POONA,MAHARASHTRA,2024-06-11 00:00:00,,ACTIVE,142.34,True,False,False,False,False,False
MCH2993,"Dube, Yadav and Konda",5942,STATIONERY,INDIVIDUAL,JAIPUR,RAJASTHAN,2025-07-14 00:00:00,WWQW1736251351915,ACTIVE,2422.76,True,True,False,False,False,False
MCH6061,Kaur LLC,5912,MEDICAL,INDIVIDUAL,CHENNAI,TAMIL_NADU,2025-12-20 00:00:00,PCHM7779378281911,ACTIVE,1323.16,True,True,False,False,False,False
MCH5847,"Kar, Gupta and Choudhry",7011,HOTEL_LODGING,SOLE_PROPRIETOR,KOLKATA,WEST_BENGAL,2023-05-20 00:00:00,8964900216,ACTIVE,,True,True,True,False,False,False
MCH7439,Jayaraman PLC,7011,HOSPITALITY,PRIVATE_LIMITED,KOLKATA,WEST_BENGAL,,,ACTIVE,7697.49,True,False,False,False,True,False
MCH9977,Mohanty-Desai,4814,TELECOM,SOLE_PROPRIETOR,MUMBAI,MAHARASHTRA,2023-02-13 00:00:00,0069594001,ACTIVE,845.52,True,True,False,False,False,False
MCH5777,Dubey and Sons,5999,RETAIL_OTHER,INDIVIDUAL,BANGALORE,KARNATAKA,,,INACTIVE,4320.83,True,False,False,False,True,False
MCH1856,Baria-Balay,5311,DEPT_STORE,SOLE_PROPRIETOR,LUCKNOW,UTTAR_PRADESH,2023-12-26 15:21:00,XXXX1618,ACTIVE,2071.73,True,False,False,False,False,False
MCH6223,Ramanathan-Dhingra,4131,TRAVEL,INDIVIDUAL,LUCKNOW,UTTAR_PRADESH,,4296850394,ACTIVE,306.0,True,True,False,False,True,False
MCH1816,Kohli-Hans,7011,HOTEL_LODGING,INDIVIDUAL,KOLKATA,WEST_BENGAL,2025-01-22 00:00:00,,ACTIVE,487.0,True,False,False,False,False,False
MCH8527,Tella-Mani,5912,PHARMACY,PARTNERSHIP,LDH,PUNJAB,,,ACTIVE,,True,False,False,False,True,False
MCH1304,sama ltd,05912,MEDICAL_STORE,INDIVIDUAL,BENGALURU,KARNATAKA,2024-02-27 00:00:00,9710613459,ACTIVE,4095.57,False,True,False,False,False,False
MCH9279,Choudhury LLC,5411,GROCERY_STORES,SOLE_PROPRIETOR,KOLKATA,WEST_BENGAL,2024-11-18 00:00:00,0970198759,ACTIVE,644.81,True,True,False,False,False,False
MCH3037,Gokhale PLC,5411,GROCERY,PARTNERSHIP,CALCUTTA,WEST_BENGAL,2024-12-13 00:00:00,XXXX1304,SUSPENDED,1146.48,True,False,False,False,False,False
MCH8876,Narayanan and Sons,5942,STATIONERY,INDIVIDUAL,BLR,KARNATAKA,,XXXX5207,INACTIVE,2065.28,True,False,False,False,True,False
MCH1599,RASTOGI-KUMER,5311,DEPARTMENT_STORE,PARTNERSHIP,JALANDHAR,PUNJAB,2025-12-25 00:00:00,EEOR2299289390848,ACTIVE,361.82,True,True,False,False,False,False
MCH5823,Sen LLC,4814,PHONE_SERVICE,SOLE_PROPRIETOR,PUNE,MAHARASHTRA,2024-08-30 01:05:00,,ACTIVE,7119.48,True,False,False,False,False,False
MCH9847,"Krish, Rau and Parsa",05999,RETAIL_OTHER,PRIVATE_LIMITED,KOLKATA,WEST_BENGAL,2024-12-26 00:00:00,,ACTIVE,1027.86,False,False,False,False,False,False
MCH6336,"Kunda, Kumar and Gulati",,TRANSPRT,PRIVATE_LIMITED,CHENNAI,TAMIL_NADU,2024-03-16 16:19:00,XXXX8337,ACTIVE,772.78,False,False,False,False,False,False
MCH7910,Shenoy LLC,5812,FOOD_SERVICES,PARTNERSHIP,HYD,TELANGANA,2024-03-25 00:00:00,5996954160,INACTIVE,741.5,True,True,False,False,False,False
MCH3510,Sankaran Inc,5699,APPAREL,INDIVIDUAL,HYDERABAD,TELANGANA,2026-02-18 00:00:00,9848495819,INACTIVE,2317.0,True,True,False,False,False,False
MCH6305,"Chakraborty,HansandSahota",4131,TRANSPORT,INDIVIDUAL,MUMBAI,MAHARASHTRA,2025-10-20 00:00:00,,ACTIVE,1075.82,True,False,False,False,False,False
MCH4024,Choudhury Ltd,5999,MISC_RETAIL,INDIVIDUAL,LUDHIANA,PUNJAB,2025-03-28 00:00:00,XSWD9540302475782,ACTIVE,,True,True,True,False,False,False
MCH2266,Natarajan and Sons,5912,CHEMIST,INDIVIDUAL,CHENNAI,TAMIL_NADU,2025-04-17 01:53:35,NABB6271790214696,ACTIVE,447.78,True,True,False,False,False,False
MCH1696,Rai and Sons,,DEPARTMENT_STORES,INDIVIDUAL,JAIPUR,RAJASTHAN,2023-04-24 23:28:29,,ACTIVE,2898.12,False,False,False,False,False,False
MCH6680,Vaidya-Agrawal,5999,MISC_RETAIL,PARTNERSHIP,NEW_DELHI,DELHI,2025-05-28 00:00:00,,ACTIVE,,True,False,False,False,False,False
MCH4856,Aurora Ltd,4814,PHONE_SERVICE,SOLE_PROPRIETOR,JAIPUR,RAJASTHAN,2024-05-13 21:42:00,ECWU8427158374985,INACTIVE,3394.14,True,True,False,False,False,False
MCH3325,Varty-Vig,5912,PHARMACY,PARTNERSHIP,KOLKATA,WEST_BENGAL,2023-10-29 00:00:00,XXXX1753,SUSPENDED,4212.0,True,False,False,False,False,False
MCH4126,Sen Group,5699,APPAREL,INDIVIDUAL,JAIPUR,RAJASTHAN,2023-06-08 00:00:00,,ACTIVE,236.05,True,False,False,False,False,False
MCH9736,sant plc,7011,HOTEL_LODGING,SOLE_PROPRIETOR,LKO,UTTAR_PRADESH,2024-12-07 00:00:00,4147851928,ACTIVE,1081.26,True,True,False,False,False,False
MCH6590,HandaInc,5699,FASHION,INDIVIDUAL,KOLKATA,WEST_BENGAL,,IRLC4441881574347,ACTIVE,2071.46,True,True,False,False,True,False
MCH3612,Kala Inc,5812,RESTAURANT,SOLE_PROPRIETOR,MUMBAI,MAHARASHTRA,2025-08-17 02:43:00,GCWT7054433892701,ACTIVE,577.0,True,True,False,False,False,False
MCH9835,MANDA INC,5912,PHARMACY,INDIVIDUAL,CALCUTTA,WEST_BENGAL,2024-10-22 00:00:00,,ACTIVE,293.75,True,False,False,False,False,False
MCH4888,chanda and sons,5912,MEDICAL_STORE,SOLE_PROPRIETOR,KOLKATA,WEST_BENGAL,2023-08-14 00:00:00,,ACTIVE,2635.13,True,False,False,False,False,False
MCH7885,Vaidya-Bhatt,5411,GROCERY_STORES,SOLE_PROPRIETOR,LUCKNOW,UTTAR_PRADESH,2025-08-25 08:23:00,,ACTIVE,648.72,True,False,False,False,False,False
MCH7280,"Sathe, Shan and Oommen",5411,GROCERIES,INDIVIDUAL,LUDHIANA,PUNJAB,2025-10-21 00:00:00,XXXX0221,ACTIVE,466.99,True,False,False,False,False,False
MCH2713,Dayal Group,5699,FASHION,INDIVIDUAL,POONA,MAHARASHTRA,,1734751668,SUSPENDED,1199.07,True,True,False,False,True,False
MCH5500,"Dubey, Tandon and Batta",4814,TELECOM,SOLE_PROPRIETOR,LUCKNOW,UTTAR_PRADESH,2024-06-06 00:00:00,8963304371,ACTIVE,2211.38,True,True,False,False,False,False
MCH8840,Chatterjee and Sons,5311,RETAIL,INDIVIDUAL,PUNE,MAHARASHTRA,2024-09-26 02:57:00,,ACTIVE,1208.62,True,False,False,False,False,False
MCH9398,"Suresh, Khosla and Kadakia",,HOTEL_LODGING,SOLE_PROPRIETOR,BENGALURU,KARNATAKA,,XXXX1590,ACTIVE,1404.91,False,False,False,False,False,False
MCH1328,Buch and Sons,7011,HOTELS,SOLE_PROPRIETOR,CHENNAI,TAMIL_NADU,2025-03-28 00:00:00,JVTH6188797527471,ACTIVE,711.0,True,True,False,False,False,False
MCH1469,"CHOUDHURY, JANI AND RAMASWAMY",5942,BOOKS,SOLE_PROPRIETOR,BLR,KARNATAKA,2025-03-28 00:00:00,XXXX9996,ACTIVE,416.0,True,False,False,False,False,False
MCH9081,Patil-Hans,4814,PHONE_SERVICE,INDIVIDUAL,MUMBAI,MAHARASHTRA,2025-06-12 12:49:19,8795015116,ACTIVE,,True,True,False,False,False,False
MCH9947,Sarkar Ltd,5311,DEPARTMENT_STORES,INDIVIDUAL,LUDHIANA,PUNJAB,2023-06-25 00:00:00,GOFP4316530582610,ACTIVE,,True,True,False,False,False,False
MCH6984,wadhwa llc,5411,GROCERY_STORES,INDIVIDUAL,PUNE,MAHARASHTRA,2025-01-23 00:00:00,3976512741,ACTIVE,542.76,True,True,False,False,False,False
MCH9192,gandhi llc,5912,PHARMACIES,INDIVIDUAL,JAIPUR,RAJASTHAN,2025-03-01 00:00:00,,ACTIVE,1758.06,True,False,False,False,False,False
MCH5555,"Banerjee, Kurian and Tara",4814,TELECOM,SOLE_PROPRIETOR,JALANDHAR,PUNJAB,2025-05-21 00:00:00,,ACTIVE,,True,False,False,False,False,False
MCH2676,Subramanian Inc,5912,MEDICAL_STORE,PARTNERSHIP,CALCUTTA,WEST_BENGAL,,2515678335,ACTIVE,1679.3,True,True,False,False,True,False
MCH4573,"Edwin, Manda and Biswas",,PHARMACY,SOLE_PROPRIETOR,PUNE,MAHARASHTRA,2025-02-28 14:41:00,3049901910,ACTIVE,2824.05,False,True,False,False,False,False
MCH2851,Ben Ltd,4131,TRANSPORT,SOLE_PROPRIETOR,LUCKNOW,UTTAR_PRADESH,2023-06-24 10:58:00,,ACTIVE,784.0,True,False,False,False,False,False
MCH7589,"Parekh, Dugal and Bumb",4131,TRANSPORTATION,PRIVATE_LIMITED,PUNE,MAHARASHTRA,2025-01-17 00:00:00,1086489702,ACTIVE,437.44,True,True,False,False,False,False
MCH7314,Mahajan-B0rde,5999,RETAIL_OTHER,PARTNERSHIP,LUCKNOW,UTTAR_PRADESH,2023-01-05 09:53:50,3772469001,ACTIVE,1003.0,True,True,False,False,False,False
MCH9397,Ramaswamy-Goel,5411,GROCERIES,PRIVATE_LIMITED,JALANDHAR,PUNJAB,2025-12-20 01:06:00,3711511693,ACTIVE,1519.0,True,True,False,False,False,False
MCH8125,"NADIG, ARORA AND RAJ",5411,GROCERY_STORE,PRIVATE_LIMITED,LDH,PUNJAB,2023-03-13 08:50:20,RTPE2593701073993,SUSPENDED,1340.53,True,True,False,False,False,False
MCH9617,Ranganathan-Ha1der,05411,GROCERY_STORES,PRIVATE_LIMITED,CHENNAI,TAMIL_NADU,,6857352456,ACTIVE,904.23,False,True,False,False,True,False
MCH9036,Banerjee-Shenoy,5912,PHARMACY,SOLE_PROPRIETOR,POONA,MAHARASHTRA,2025-11-19 00:00:00,,ACTIVE,1613.75,True,False,False,False,False,False
MCH2566,Oommen Inc,5999,RETAIL_OTHER,PRIVATE_LIMITED,NEW_DELHI,DELHI,,XXXX9507,ACTIVE,2200.23,True,False,False,False,False,False
MCH2888,Chahal LLC,5912,PHARMACIES,PRIVATE_LIMITED,MUMBAI,MAHARASHTRA,2023-04-21 00:00:00,XXXX3951,ACTIVE,631.05,True,False,False,False,False,False
MCH9672,contractor-sinha,05311,RETAIL,INDIVIDUAL,KOLKATA,WEST_BENGAL,2024-11-26 00:00:00,8867559277,ACTIVE,1371.8,False,True,False,False,False,False
MCH1540,DAVE LLC,5942,BOOKS_STATIONERY,SOLE_PROPRIETOR,MUMBAI,MAHARASHTRA,2024-05-21 00:00:00,,ACTIVE,525.0,True,False,False,False,False,False
MCH3353,sachar ltd,5942,BOOK_STORE,PRIVATE_LIMITED,JALANDHAR,PUNJAB,2023-06-06 00:00:00,,INACTIVE,446.0,True,False,False,False,False,False
MCH8451,"KALA, PRADHAN AND HAYRE",5812,FOOD_SERVICES,PARTNERSHIP,HYDERABAD,TELANGANA,2024-06-14 00:00:00,9996900448,ACTIVE,1874.56,True,True,False,False,False,False
MCH9659,gokhale-bassi,4814,MOBILE_RECHARGE,SOLE_PROPRIETOR,MUMBAI,MAHARASHTRA,2023-09-11 00:00:00,AEKL3434312955275,ACTIVE,269.4,True,True,False,False,False,False
MCH4821,"Kade, Dhawan and Kadakia",5411,KIRANA,PRIVATE_LIMITED,MUMBAI,MAHARASHTRA,2024-03-14 00:00:00,,ACTIVE,2277.0,True,False,False,False,False,False
MCH9018,TAK PLC,5999,MISC_RETAIL,PARTNERSHIP,AMRITSAR,PUNJAB,2023-11-25 00:00:00,,ACTIVE,354.66,True,False,False,False,False,False
MCH3331,"Shukla, Kadakia and Kata",5699,GARMENTS,PRIVATE_LIMITED,LUDHIANA,PUNJAB,2025-03-18 00:00:00,,ACTIVE,1008.43,True,False,False,False,False,False
MCH1640,sem plc,,HOSPITALITY,PRIVATE_LIMITED,MUMBAI,MAHARASHTRA,,5367265975,ACTIVE,894.9,False,True,False,False,True,False
MCH9161,Patla Group,5311,RETAIL,INDIVIDUAL,PUNE,MAHARASHTRA,2024-10-25 00:00:00,XXXX6366,ACTIVE,,True,False,True,False,False,False
MCH1320,Babu-Khatri,5699,FASHION,INDIVIDUAL,KOLKATA,WEST_BENGAL,2023-11-24 10:52:12,XXXX8923,ACTIVE,,True,False,False,False,False,False
MCH9901,Oommen Ltd,07011,HOTEL,SOLE_PROPRIETOR,HYD,TELANGANA,2025-10-01 18:50:10,XXXX3340,INACTIVE,538.3,False,False,False,False,False,False
MCH3853,Bhat-Dutt,5411,GROCERY,SOLE_PROPRIETOR,HYDERABAD,TELANGANA,2023-03-05 00:00:00,,ACTIVE,,True,False,False,False,False,False
MCH5914,Ku1karni-Deshmukh,5699,GARMENTS,INDIVIDUAL,JPR,RAJASTHAN,2025-04-24 21:08:53,,ACTIVE,386.71,True,False,False,False,False,False
MCH6290,Chaudhry-Agarwal,5999,RETAIL_OTHER,PARTNERSHIP,LUDHIANA,PUNJAB,,,INACTIVE,5757.0,True,False,False,False,True,False
MCH6665,WadhwaInc,5311,DEPARTMENT_STORE,PRIVATE_LIMITED,NEW_DELHI,DELHI,2025-07-05 00:00:00,,ACTIVE,1714.72,True,False,False,False,False,False
MCH4087,"basak, lal and tailor",4814,MOBILE_RECHARGE,PRIVATE_LIMITED,PUNE,MAHARASHTRA,,,ACTIVE,298.11,True,False,False,False,True,False
MCH7714,"koshy, dani and barad",4814,TELECOM,PRIVATE_LIMITED,JALANDHAR,PUNJAB,2023-10-27 23:10:00,,ACTIVE,669.74,True,False,False,False,False,False
MCH5663,"goyal, brahmbhatt and raja",5912,MEDICAL_STORE,INDIVIDUAL,LUDHIANA,PUNJAB,2023-05-31 00:00:00,,SUSPENDED,2417.27,True,False,False,False,False,False
MCH3389,"Barad, Murthy and Muni",MISC,CHEMIST,INDIVIDUAL,AMRITSAR,PUNJAB,2025-03-19 00:00:00,,ACTIVE,234.09,False,False,False,False,False,False
MCH3099,Peri-Parmer,05699,GARMENTS,PARTNERSHIP,DELHI,DELHI,2024-06-22 00:00:00,,ACTIVE,2046.1,False,False,False,False,False,False
MCH6275,Tank PLC,4814,MOBILE_RECHARGE,SOLE_PROPRIETOR,CHENNAI,TAMIL_NADU,2024-08-26 00:00:00,XXXX8300,ACTIVE,781.0,True,False,False,False,False,False
MCH2447,anand llc,4131,TRANSPORT,SOLE_PROPRIETOR,JPR,RAJASTHAN,,,INACTIVE,1803.52,True,False,False,False,False,False
MCH4460,BUMB PLC,5942,BOOKS,PRIVATE_LIMITED,CHENNAI,TAMIL_NADU,,XXXX4424,ACTIVE,696.95,True,False,False,False,False,False
MCH9823,Kunda-Parekh,5812,RESTAURANT,INDIVIDUAL,BOMBAY,MAHARASHTRA,,YIKU2339191619475,ACTIVE,1308.28,True,True,False,False,True,False
MCH9096,Tandon-Thaman,5999,RETAIL_OTHER,INDIVIDUAL,DELHI,DELHI,2023-09-03 00:00:00,3351065613,ACTIVE,2658.35,True,True,False,False,False,False
MCH1358,Bhatia-Sekhon,5942,BOOKS_STATIONERY,PRIVATE_LIMITED,JAIPUR,RAJASTHAN,,XXXX4241,ACTIVE,1421.8,True,False,False,False,True,False
MCH9649,Sachdeva-Dey,07011,HOTEL_LODGING,SOLE_PROPRIETOR,ASR,PUNJAB,,XRSK3388415827357,ACTIVE,,False,True,True,False,True,False
MCH5235,palla inc,5942,BOOK_STORE,PARTNERSHIP,BLR,KARNATAKA,2024-10-27 00:00:00,,ACTIVE,3807.5,True,False,False,False,False,False
MCH9154,"Mangat, Sarkar and Vasa",5311,RETAIL,SOLE_PROPRIETOR,HYDERABAD,TELANGANA,2023-03-09 00:00:00,DTTZ1892927349834,ACTIVE,1303.87,True,True,False,False,False,False
MCH4761,Khalsa PLC,5912,PHARMACY,INDIVIDUAL,JAIPUR,RAJASTHAN,2025-01-17 07:20:16,DXWD4550992976599,INACTIVE,4970.84,True,True,False,False,False,False
MCH8314,Mahajan-Batta,4131,TRANSPORTATION,INDIVIDUAL,LUCKNOW,UTTAR_PRADESH,,,ACTIVE,856.24,True,False,False,False,True,False
MCH1180,Sangha and Sons,5411,GROCERY,INDIVIDUAL,HYDERABAD,TELANGANA,,VUOK6265318074983,ACTIVE,993.08,True,True,False,False,True,False
MCH8467,Gara-Sarkar,5912,MEDICAL_STORE,INDIVIDUAL,POONA,MAHARASHTRA,,,ACTIVE,826.0,True,False,False,False,True,False
MCH1768,"Mody, Tata and Chatterjee",4131,TRANSPORT,SOLE_PROPRIETOR,MADRAS,TAMIL_NADU,2024-09-08 00:00:00,,ACTIVE,360.87,True,False,False,False,False,False
MCH5402,"MANDAL, CHADA AND DESHPANDE",5411,KIRANA,SOLE_PROPRIETOR,DELHI,DELHI,,,SUSPENDED,,True,False,True,False,True,False
MCH8880,Hayer-Walia,4131,BUS_TAXI,PARTNERSHIP,JALANDHAR,PUNJAB,2023-04-08 11:08:14,,ACTIVE,2616.91,True,False,False,False,False,False
MCH7595,Subramaniam-Balasubramanian,MISC,KIRANA,INDIVIDUAL,LUDHIANA,PUNJAB,2026-01-07 00:00:00,4323936215,ACTIVE,3392.31,False,True,False,False,False,False
MCH6206,"Sanghvi, Dugar and Rajagopal",4814,PHONE_SERVICE,INDIVIDUAL,CHENNAI,TAMIL_NADU,2025-03-31 00:00:00,5473942096,SUSPENDED,683.76,True,True,False,False,False,False
MCH2424,PATIL LTD,5912,CHEMIST,PARTNERSHIP,MADRAS,TAMIL_NADU,,,ACTIVE,737.41,True,False,False,False,True,False
MCH5894,Borra-Tiwari,5311,RETAIL,PARTNERSHIP,BENGALURU,KARNATAKA,2025-05-24 19:29:00,,ACTIVE,239.64,True,False,False,False,False,False
MCH4672,Sandhu LLC,5942,STATIONERY,PARTNERSHIP,BANGALORE,KARNATAKA,,,ACTIVE,456.49,True,False,False,False,False,False
MCH3259,Deep and Sons,05912,PHARMACIES,PARTNERSHIP,DELHI,DELHI,,7747336061,ACTIVE,308.57,False,True,False,False,False,False
MCH9868,"Narain, Dada and Panchal",4814,TELECOM,SOLE_PROPRIETOR,PUNE,MAHARASHTRA,2026-02-28 00:00:00,7391477397,INACTIVE,,True,True,True,False,False,False
MCH7715,Patla-Memon,5699,GARMENTS,PRIVATE_LIMITED,CHENNAI,TAMIL_NADU,2024-02-28 04:11:46,,ACTIVE,,True,False,True,False,False,False
MCH5567,D’Alia Ltd,7011,HOTEL,INDIVIDUAL,BLR,KARNATAKA,2025-09-09 00:00:00,XXXX2596,ACTIVE,271.02,True,False,False,False,False,False
MCH3806,ParmerLLC,5411,KIRANA,SOLE_PROPRIETOR,JPR,RAJASTHAN,2024-11-04 00:00:00,6810844450,ACTIVE,1939.0,True,True,False,False,False,False
MCH6454,Nagi-Ch0udhury,5699,GARMENTS,PRIVATE_LIMITED,BENGALURU,KARNATAKA,2024-03-28 00:00:00,XXXX1525,INACTIVE,3116.0,True,False,False,False,False,False
MCH3602,"Panchal, Karpe and Bhatti",7011,HOTELS,PARTNERSHIP,ASR,PUNJAB,2023-08-29 00:00:00,NJWF8221387776765,ACTIVE,754.95,True,True,False,False,False,False
MCH3319,"Jani, Tailor and Radhakrishnan",5699,APPAREL,SOLE_PROPRIETOR,JALANDAR,PUNJAB,2024-08-26 05:30:00,IUQF4655993827398,ACTIVE,,True,True,True,False,False,False
MCH4131,ChaudhryInc,5999,OTHER,PARTNERSHIP,AMRITSAR,PUNJAB,,,ACTIVE,1561.61,True,False,False,False,True,False
MCH4104,"Som, Rege and Thaker",,HOTEL,INDIVIDUAL,BLR,KARNATAKA,2024-07-21 00:00:00,,ACTIVE,,False,False,False,False,False,False
MCH3252,"Patel, Saran and Bala",5699,GARMENTS,INDIVIDUAL,POONA,MAHARASHTRA,2023-06-18 00:00:00,4243165999,ACTIVE,1917.91,True,True,False,False,False,False
MCH4111,Brahmbhatt LLC,5999,MISCELLANEOUS,PARTNERSHIP,LKO,UTTAR_PRADESH,,,SUSPENDED,682.69,True,False,False,False,False,False
MCH5295,"Goda, Prashad and Narain",,MEDICAL,INDIVIDUAL,LKO,UTTAR_PRADESH,2024-10-27 00:00:00,,ACTIVE,888.39,False,False,False,False,False,False
MCH5335,Daya1-Gera,,HOTEL_LODGING,PARTNERSHIP,DELHI,DELHI,,,ACTIVE,699.3,False,False,False,False,False,False
MCH9555,"nadig, kumer and nath",5912,MEDICAL_STORE,PARTNERSHIP,LUCKNOW,UTTAR_PRADESH,,9648467253,ACTIVE,,True,True,False,False,True,False
MCH8799,"Tailor,RattiandAnne",5912,MEDICAL_STORE,SOLE_PROPRIETOR,CALCUTTA,WEST_BENGAL,2023-03-13 00:00:00,XXXX2356,SUSPENDED,1556.57,True,False,False,False,False,False
MCH2899,Golla Ltd,4131,TRANSPRT,PARTNERSHIP,JAIPUR,RAJASTHAN,,EGFZ1016369573887,ACTIVE,5018.99,True,True,False,False,False,False
MCH2238,Chakrabarti-Lata,5699,GARMENTS,INDIVIDUAL,AMRITSAR,PUNJAB,2024-10-19 10:57:01,0636957365,ACTIVE,1650.0,True,True,False,False,False,False
MCH1636,Nigam PLC,5699,GARMENTS,PARTNERSHIP,DELHI,DELHI,2024-06-13 01:00:37,,ACTIVE,2284.21,True,False,False,False,False,False
MCH6080,"kanda, krishnan and chaudry",5411,GROCERY_STORE,PRIVATE_LIMITED,CHENNAI,TAMIL_NADU,2023-02-27 00:47:00,,INACTIVE,1675.16,True,False,False,False,False,False
MCH6474,Bakshi Ltd,5912,MEDICAL,PRIVATE_LIMITED,LUCKNOW,UTTAR_PRADESH,2025-09-06 00:00:00,UIQO0757463991116,ACTIVE,3871.85,True,True,False,False,False,False
MCH8449,Vaidya-Gulati,,RESTAURANTS,PRIVATE_LIMITED,CHENNAI,TAMIL_NADU,2024-04-06 00:00:00,TCOQ6253751311209,ACTIVE,118.49,False,True,False,False,False,False
MCH7152,"Bedi, Patil and Rana",5311,RETAIL,PRIVATE_LIMITED,CHENNAI,TAMIL_NADU,,2453620033,INACTIVE,1076.99,True,True,False,False,True,False
MCH4408,Dhar-Shetty,5912,MEDICAL,INDIVIDUAL,ASR,PUNJAB,2023-12-19 00:00:00,XXXX8510,INACTIVE,425.49,True,False,False,False,False,False
MCH7327,"Krish, Dhar and Choudhury",4814,TELECOM,INDIVIDUAL,KOLKATA,WEST_BENGAL,2023-05-22 13:42:22,KDMG5541225124685,ACTIVE,440.0,True,True,False,False,False,False
MCH6556,Chana-Barad,5999,OTHER,PRIVATE_LIMITED,JALANDHAR,PUNJAB,,XXXX3130,ACTIVE,1172.0,True,False,False,False,True,False
MCH6031,Chauhan Group,5699,CLOTHS,INDIVIDUAL,HYDERABAD,TELANGANA,2024-12-13 22:44:00,XXXX4944,ACTIVE,654.0,True,False,False,False,False,False
MCH8963,"Aggarwal,NagiandBorde",5411,GROCERIES,SOLE_PROPRIETOR,LUDHIANA,PUNJAB,,UGNI2119725168826,ACTIVE,474.91,True,True,False,False,True,False
MCH4216,Ratta and Sons,5942,STATIONERY,PARTNERSHIP,JALANDHAR,PUNJAB,2023-10-07 00:00:00,XXXX5580,ACTIVE,1337.5,True,False,False,False,False,False
MCH9569,Parekh-Kalita,5311,RETAIL,INDIVIDUAL,ASR,PUNJAB,2025-12-07 00:00:00,XXXX5054,ACTIVE,1617.31,True,False,False,False,False,False
MCH7106,Master and Sons,5812,RESTAURANT,PARTNERSHIP,LUCKNOW,UTTAR_PRADESH,2023-01-27 00:00:00,6057584489,ACTIVE,1328.09,True,True,False,False,False,False
MCH3371,Ganguly Group,5699,CLOTHING,SOLE_PROPRIETOR,LKO,UTTAR_PRADESH,2024-11-18 12:48:12,,ACTIVE,304.02,True,False,False,False,False,False
MCH3489,Bahl-Bhavsar,4131,TRANSPORTATION,PARTNERSHIP,DELHI,DELHI,,XXXX6898,ACTIVE,908.03,True,False,False,False,False,False
MCH7938,CHANDER LTD,,PHONE_SERVICE,SOLE_PROPRIETOR,BANGALORE,KARNATAKA,2023-09-22 00:00:00,,ACTIVE,,False,False,True,False,False,False
MCH4802,Jain Inc,5411,GROCERY_STORE,INDIVIDUAL,MUMBAY,MAHARASHTRA,,WAKX1731194726020,INACTIVE,1158.19,True,True,False,False,False,False
MCH4967,Mallick PLC,4131,TRANSPORT,PARTNERSHIP,AMRITSAR,PUNJAB,2025-08-22 00:00:00,XXXX4798,ACTIVE,,True,False,True,False,False,False
MCH8308,"MUKHOPADHYAY, KOTHARI AND RAVAL",,RETAIL,INDIVIDUAL,AMRITSAR,PUNJAB,2023-01-21 00:00:00,2673122998,ACTIVE,764.32,False,True,False,False,False,False
MCH1658,khatri-mohanty,5812,RESTAURANTS,SOLE_PROPRIETOR,JPR,RAJASTHAN,2025-08-08 00:00:00,DGXZ0949885183603,INACTIVE,2016.79,True,True,False,False,False,False
MCH7394,Dhar-Saxena,05311,DEPARTMENT_STORE,INDIVIDUAL,LUCKNOW,UTTAR_PRADESH,2024-06-28 00:00:00,XXXX8622,ACTIVE,1562.3,False,False,False,False,False,False
MCH8142,Mane and Sons,5912,MEDICAL_STORE,PRIVATE_LIMITED,LUDHIANA,PUNJAB,2025-08-25 00:00:00,WMPI8979622395583,ACTIVE,5955.63,True,True,False,False,False,False
MCH3247,Nagarajan-Shan,,PHARMACY,INDIVIDUAL,CHENNAI,TAMIL_NADU,,5730507447,INACTIVE,2666.23,False,True,False,False,True,False
MCH3357,"Sundaram, Kara and Sibal",7011,HOSPITALITY,PARTNERSHIP,ASR,PUNJAB,2025-11-14 12:11:27,XVJC4162540658234,ACTIVE,246.81,True,True,False,False,False,False
MCH6953,Khurana-Prabhakar,,BOOKS,PARTNERSHIP,HYDERABAD,TELANGANA,,,ACTIVE,,False,False,True,False,True,False
MCH7866,"Raval, Sane and Dua",5411,GROCERY,PARTNERSHIP,ASR,PUNJAB,2025-01-27 18:48:57,,ACTIVE,292.43,True,False,False,False,False,False
MCH5283,"Verma, Narasimhan and Balan",,PHARMACIES,INDIVIDUAL,DELHI,DELHI,2026-02-05 00:00:00,,ACTIVE,1266.0,False,False,False,False,False,False
MCH3250,Bose-Kalita,5311,DEPARTMENT_STORES,SOLE_PROPRIETOR,MUMBAI,MAHARASHTRA,,,INACTIVE,1514.47,True,False,False,False,False,False
MCH4367,Sankaran-Bhattacharyya,5699,FASHION,PARTNERSHIP,CHENNAI,TAMIL_NADU,2023-12-13 04:19:00,PBSG5651430183192,ACTIVE,1153.81,True,True,False,False,False,False
MCH3567,Kala Ltd,4814,TELECOM,SOLE_PROPRIETOR,AMRITSAR,PUNJAB,2023-05-15 00:00:00,0120134197,INACTIVE,1794.62,True,True,False,False,False,False
MCH6337,Chander LLC,5912,PHARMACIES,INDIVIDUAL,CALCUTTA,WEST_BENGAL,2025-12-28 22:16:00,,ACTIVE,1428.08,True,False,False,False,False,False
MCH9098,Ghosh-Roy,7011,HOTELS,PARTNERSHIP,CALCUTTA,WEST_BENGAL,,5455672154,ACTIVE,372.61,True,True,False,False,False,False
MCH2407,CHAUDHRY PLC,,PHARMACY,PRIVATE_LIMITED,PUNE,MAHARASHTRA,,4475713369,ACTIVE,5215.07,False,True,False,False,False,False
MCH5225,"Bera, Guha and Narayan",5942,BOOK_STORE,INDIVIDUAL,HYD,TELANGANA,2025-08-16 05:25:00,AJUQ5177176562909,ACTIVE,,True,True,False,False,False,False
MCH6773,"parmar, sahota and rajagopalan",05999,MISCELLANEOUS,SOLE_PROPRIETOR,POONA,MAHARASHTRA,2024-02-23 00:00:00,GSZT9943608461358,ACTIVE,3042.0,False,True,False,False,False,False
MCH8432,Lad Inc,5942,BOOK_STORE,PRIVATE_LIMITED,DILLI,DELHI,2024-10-07 00:00:00,FRLI9065794513387,ACTIVE,394.7,True,True,False,False,False,False
MCH6267,Mandal-Badal,4814,PHONE_SERVICE,PARTNERSHIP,MUMBAI,MAHARASHTRA,2024-12-10 00:00:00,,ACTIVE,,True,False,False,False,False,False
MCH1846,Kurian-Chad,7011,HOTEL_LODGING,PARTNERSHIP,MADRAS,TAMIL_NADU,2023-03-23 22:54:26,,ACTIVE,597.53,True,False,False,False,False,False
MCH9983,bhagat group,5411,GROCERY_STORE,INDIVIDUAL,PUNE,MAHARASHTRA,2025-11-27 00:00:00,XXXX2568,ACTIVE,3669.57,True,False,False,False,False,False
MCH7337,NATH-NARAYAN,5699,CLOTHS,INDIVIDUAL,HYD,TELANGANA,2024-07-28 00:00:00,,ACTIVE,3029.85,True,False,False,False,False,False
MCH2741,"Palan, Bhalla and Srinivasan",05812,FOOD_SERVICES,INDIVIDUAL,JPR,RAJASTHAN,2025-12-19 01:05:00,XXXX0289,ACTIVE,1319.0,False,False,False,False,False,False
MCH7211,"Apte, Vasa and Batta",5942,BOOKS_STATIONERY,SOLE_PROPRIETOR,BOMBAY,MAHARASHTRA,2024-11-18 13:48:32,,ACTIVE,1841.0,True,False,False,False,False,False
MCH3473,"Mahal, Butala and Shenoy",4131,TRAVEL,INDIVIDUAL,AMRITSAR,PUNJAB,2025-11-20 23:26:00,9906876351,INACTIVE,456.8,True,True,False,False,False,False
MCH7503,Raval LLC,5411,GROCERY,PARTNERSHIP,DELHI,DELHI,2025-10-30 13:02:18,6775545242,ACTIVE,1167.54,True,True,False,False,False,False
MCH2480,Banik-Nagar,5812,EATING_PLACE,PRIVATE_LIMITED,JPR,RAJASTHAN,2025-07-27 00:00:00,XXXX7952,ACTIVE,3594.0,True,False,False,False,False,False
MCH5998,Joshi Inc,5411,GROCERY_STORE,PRIVATE_LIMITED,CHENNAI,TAMIL_NADU,2024-08-30 00:00:00,,ACTIVE,1152.74,True,False,False,False,False,False
MCH2040,Goel-Dewan,,MISCELLANEOUS,INDIVIDUAL,DELHI,DELHI,,EFTH2141412119625,ACTIVE,320.83,False,True,False,False,True,False
MCH6343,bains plc,4814,TELECOM,PARTNERSHIP,MUMBAI,MAHARASHTRA,2024-07-10 00:00:00,,ACTIVE,4598.19,True,False,False,False,False,False
MCH8937,"Mand, Bhatt and Pathak",7011,HOTELS,INDIVIDUAL,AMRITSAR,PUNJAB,2023-06-10 00:00:00,OPXS5269399322215,ACTIVE,2746.33,True,True,False,False,False,False
MCH5923,"Banik, Yogi and Seth",4814,MOBILE_RECHARGE,INDIVIDUAL,DELHI,DELHI,,CKTY3945451387681,INACTIVE,378.2,True,True,False,False,False,False
MCH6359,Pai-Dada,,TRAVEL,INDIVIDUAL,JPR,RAJASTHAN,2025-05-27 00:00:00,XFLS9466066220965,ACTIVE,484.0,False,True,False,False,False,False
MCH8965,Lal and Sons,,BOOKS,SOLE_PROPRIETOR,CHENNAI,TAMIL_NADU,2025-09-07 00:00:00,,ACTIVE,,False,False,False,False,False,False
MCH3989,Madan LLC,5411,GROCERY_STORES,PARTNERSHIP,JAIPUR,RAJASTHAN,2023-09-18 07:54:00,9575202686,ACTIVE,238.33,True,True,False,False,False,False
MCH9132,Shankar-Bahl,4814,TELECOM,INDIVIDUAL,PUNE,MAHARASHTRA,,LXEB0419516326153,SUSPENDED,2278.28,True,True,False,False,True,False
MCH5559,Kata Ltd,7011,HOSPITALITY,SOLE_PROPRIETOR,LUDHIANA,PUNJAB,,XXXX7757,ACTIVE,,True,False,False,False,False,False
MCH2282,mall group,,RETAIL,PARTNERSHIP,JALANDAR,PUNJAB,2024-02-08 23:31:25,0935990033,ACTIVE,654.0,False,True,False,False,False,False
MCH9352,RAMANATHAN-LALA,4131,TRANSPORT,PARTNERSHIP,BENGALURU,KARNATAKA,2026-02-09 00:00:00,ICJY2091662937472,ACTIVE,1121.19,True,True,False,False,False,False
MCH5595,"Menon, Ahluwalia and Mistry",7011,HOSPITALITY,SOLE_PROPRIETOR,JAIPUR,RAJASTHAN,2026-02-10 09:42:44,,ACTIVE,376.55,True,False,False,False,False,False
MCH8912,"Wable, Sule and Mani",,GARMENTS,INDIVIDUAL,HYDERABAD,TELANGANA,2023-08-11 03:31:35,,ACTIVE,510.28,False,False,False,False,False,False
MCH7051,Ramachandran-Rajan,5812,EATING_PLACE,PARTNERSHIP,MUMBAI,MAHARASHTRA,2023-12-26 00:00:00,XXXX3526,ACTIVE,1183.53,True,False,False,False,False,False
MCH6675,Vora and Sons,,CLOTHS,PARTNERSHIP,LUDHIANA,PUNJAB,2025-07-31 00:00:00,XXXX5119,ACTIVE,769.28,False,False,False,False,False,False
MCH5404,Cherian Group,7011,HOTELS,SOLE_PROPRIETOR,PUNE,MAHARASHTRA,2025-04-05 21:50:56,DZIB4073572435126,ACTIVE,1440.0,True,True,False,False,False,False
MCH6611,Mand PLC,5411,GROCERY_STORE,PRIVATE_LIMITED,CHENNAI,TAMIL_NADU,2023-01-01 00:00:00,,ACTIVE,,True,False,True,False,False,False
MCH3382,"Patla, Thakur and Kaur",4131,TRANSPORTATION,PRIVATE_LIMITED,PUNE,MAHARASHTRA,2025-02-06 19:20:09,,ACTIVE,470.22,True,False,False,False,False,False
MCH7950,Om-Andra,5411,GROCERIES,INDIVIDUAL,LUDHIANA,PUNJAB,,,ACTIVE,3471.68,True,False,False,False,False,False
MCH6282,"Chacko, Chakrabarti and Suresh",5411,GROCERY_STORE,PRIVATE_LIMITED,JAIPUR,RAJASTHAN,2024-06-16 00:00:00,XXXX6827,ACTIVE,1078.0,True,False,False,False,False,False
MCH9276,Bandi Inc,5942,BOOKS,PRIVATE_LIMITED,JALANDAR,PUNJAB,,3029302980,ACTIVE,2777.32,True,True,False,False,False,False
MCH1873,Rai-Nagi,4131,TRANSPORT,PRIVATE_LIMITED,DILLI,DELHI,2024-01-10 07:35:09,,ACTIVE,3862.0,True,False,False,False,False,False
MCH7076,Bava-Shroff,5999,MISCELLANEOUS,SOLE_PROPRIETOR,CHENNAI,TAMIL_NADU,2025-09-03 01:54:16,,ACTIVE,875.99,True,False,False,False,False,False
MCH3085,mander-mital,7011,HOTEL,PRIVATE_LIMITED,CHENNAI,TAMIL_NADU,2024-08-20 01:44:53,,INACTIVE,3842.0,True,False,False,False,False,False
MCH1143,ARYA-KHANNA,4131,TRANSPRT,SOLE_PROPRIETOR,JALANDHAR,PUNJAB,2023-08-16 00:00:00,9953530102,ACTIVE,486.39,True,True,False,False,False,False
MCH6464,Date LLC,5699,APPAREL,PRIVATE_LIMITED,BENGALURU,KARNATAKA,2025-12-03 00:00:00,XXXX4137,ACTIVE,3772.0,True,False,False,False,False,False
MCH5169,Kurian-Narayan,5942,STATIONERY,INDIVIDUAL,JALANDHAR,PUNJAB,2024-06-01 00:00:00,7935605737,ACTIVE,1621.49,True,True,False,False,False,False
MCH1011,Wable and Sons,5411,GROCERIES,PRIVATE_LIMITED,LUDHIANA,PUNJAB,,,SUSPENDED,6536.07,True,False,False,False,True,False
MCH7613,"Parekh, Ch0kshi and Das",5699,APPAREL,PRIVATE_LIMITED,JAIPUR,RAJASTHAN,2024-11-23 19:31:50,VJFK9617718212331,ACTIVE,419.26,True,True,False,False,False,False
MCH8628,Pai-Upadhyay,7011,HOTEL_LODGING,SOLE_PROPRIETOR,ASR,PUNJAB,,,ACTIVE,12455.57,True,False,False,False,False,False
MCH3856,"Pandit, Karnik and Kurian",5912,MEDICAL,INDIVIDUAL,LUDHIANA,PUNJAB,,,ACTIVE,755.4,True,False,False,False,True,False
MCH5223,"Dua, Raj and Aurora",5812,FOOD,PRIVATE_LIMITED,LUDHIANA,PUNJAB,,XXXX3071,ACTIVE,986.86,True,False,False,False,True,False
MCH3849,Das-Ratta,4814,PHONE_SERVICE,INDIVIDUAL,CHENNAI,TAMIL_NADU,2024-06-13 00:11:00,MLDH2446114366761,ACTIVE,4368.0,True,True,False,False,False,False
MCH3441,"Naidu, Nayar and Chand",05942,BOOKS,PARTNERSHIP,LDH,PUNJAB,2023-05-29 00:00:00,1623488849,ACTIVE,817.0,False,True,False,False,False,False
MCH3959,"Kant, Goel and Pradhan",5999,MISCELLANEOUS,INDIVIDUAL,HYD,TELANGANA,2025-03-19 00:00:00,XXXX9762,ACTIVE,1214.73,True,False,False,False,False,False
MCH5781,Bava and Sons,7011,HOSPITALITY,PARTNERSHIP,HYDERABAD,TELANGANA,2024-03-24 09:56:13,,ACTIVE,2364.14,True,False,False,False,False,False
MCH8870,Sandhu Inc,,CLOTHS,PRIVATE_LIMITED,LUDHIANA,PUNJAB,2023-02-14 00:00:00,,INACTIVE,,False,False,False,False,False,False
MCH3057,Nagy-Banik,05311,DEPARTMENT_STORES,PARTNERSHIP,KOLKATA,WEST_BENGAL,2024-03-15 00:00:00,PCQH3034924487610,ACTIVE,764.15,False,True,False,False,False,False
MCH2979,"Kurian, Guha and Gaba",5999,MISCELLANEOUS,INDIVIDUAL,CHENNAI,TAMIL_NADU,2023-03-11 13:48:16,XXXX6692,ACTIVE,7883.21,True,False,False,False,False,False
MCH3406,"Swamy, Borah and Sampath",5311,RETAIL,INDIVIDUAL,MUMBAI,MAHARASHTRA,2024-05-22 03:05:47,XXXX9630,INACTIVE,438.79,True,False,False,False,False,False
MCH6836,Gola-Rout,5999,MISCELLANEOUS,SOLE_PROPRIETOR,BENGALURU,KARNATAKA,2025-12-03 00:00:00,6402935239,SUSPENDED,2040.92,True,True,False,False,False,False
MCH3142,"dugar, merchant and kala",5942,BOOKS,PRIVATE_LIMITED,JPR,RAJASTHAN,2024-01-01 08:46:47,CUQS1241290775925,ACTIVE,619.08,True,True,False,False,False,False
MCH2997,Nadkarni Inc,,GROCERIES,PRIVATE_LIMITED,HYDERABAD,TELANGANA,,,ACTIVE,761.67,False,False,False,False,True,False
MCH4903,Khatri Gr0up,5311,DEPT_STORE,INDIVIDUAL,DELHI,DELHI,,,ACTIVE,,True,False,False,False,True,False
MCH5765,Murty Inc,4131,TRANSPORT,PARTNERSHIP,MUMBAY,MAHARASHTRA,2025-07-18 00:00:00,,ACTIVE,2715.83,True,False,False,False,False,False
MCH3964,"Bala, Chanda and Loyal",5942,BOOKS,PARTNERSHIP,JPR,RAJASTHAN,2023-09-05 00:00:00,CFOS0283411374388,ACTIVE,2002.33,True,True,False,False,False,False
MCH9968,Swamy-Was0n,5311,DEPARTMENT_STORE,SOLE_PROPRIETOR,MUMBAI,MAHARASHTRA,2024-04-29 12:30:36,,INACTIVE,526.26,True,False,False,False,False,False
MCH6146,Handa LLC,5912,MEDICAL_STORE,INDIVIDUAL,ASR,PUNJAB,2023-01-01 00:00:00,BIZN7645519547179,ACTIVE,,True,True,True,False,False,False
MCH8159,Grover-Barad,5411,GROCERY_STORES,PARTNERSHIP,CHENNAI,TAMIL_NADU,2024-12-18 00:00:00,,SUSPENDED,768.97,True,False,False,False,False,False
MCH9865,Minhas PLC,5942,BOOKS,PRIVATE_LIMITED,DILLI,DELHI,2025-11-29 00:00:00,,ACTIVE,334.0,True,False,False,False,False,False
MCH3023,Arora LLC,7011,HOSPITALITY,INDIVIDUAL,BENGALURU,KARNATAKA,,,SUSPENDED,1722.88,True,False,False,False,True,False
MCH3388,"Ha1der, Chander and Krishnamurthy",5311,DEPARTMENT_STORE,INDIVIDUAL,LUDHIANA,PUNJAB,2025-03-23 00:51:00,FTJO6113858465780,INACTIVE,447.14,True,True,False,False,False,False
MCH6572,Naidu PLC,5311,DEPT_STORE,PRIVATE_LIMITED,PUNE,MAHARASHTRA,2025-03-17 00:00:00,HNFH7484368794581,ACTIVE,402.0,True,True,False,False,False,False
MCH7724,"Johal, Khatri and Sant",5411,GROCERY,INDIVIDUAL,JALANDHAR,PUNJAB,2026-02-18 00:00:00,BSAD5422938420269,ACTIVE,3132.9,True,True,False,False,False,False
MCH4084,Mitra PLC,5311,DEPARTMENT_STORES,INDIVIDUAL,JALANDHAR,PUNJAB,2023-12-15 00:00:00,XXXX5719,ACTIVE,973.94,True,False,False,False,False,False
MCH9385,"Ray, Gu1ati and Gi11",04814,TELECOM,SOLE_PROPRIETOR,ASR,PUNJAB,2024-02-17 00:00:00,,ACTIVE,1178.44,False,False,False,False,False,False
MCH5277,Kannan-Deshmukh,5942,BOOK_STORE,PRIVATE_LIMITED,LUCKNOW,UTTAR_PRADESH,2025-09-26 09:01:09,,INACTIVE,4638.51,True,False,False,False,False,False
MCH8824,Mani PLC,5999,OTHER,INDIVIDUAL,HYDERABAD,TELANGANA,2024-02-22 00:00:00,0602443496,ACTIVE,1314.9,True,True,False,False,False,False
MCH1397,"Bir,RavelandSwaminathan",5411,GROCERY_STORE,PARTNERSHIP,PUNE,MAHARASHTRA,2023-07-16 00:00:00,,ACTIVE,6150.31,True,False,False,False,False,False
MCH4608,Chandran Group,5699,APPAREL,SOLE_PROPRIETOR,LUCKNOW,UTTAR_PRADESH,,ZPZS9153819912287,ACTIVE,950.53,True,True,False,False,True,False
MCH1800,Mall PLC,5311,DEPARTMENT_STORE,PRIVATE_LIMITED,HYD,TELANGANA,2025-10-24 00:00:00,,ACTIVE,1030.0,True,False,False,False,False,False
MCH6837,Oommen-Thaker,,BOOKS_STATIONERY,INDIVIDUAL,JALANDHAR,PUNJAB,,6324216769,ACTIVE,1750.4,False,True,False,False,True,False
MCH8923,Choudhury Group,5912,PHARMACY,INDIVIDUAL,JAIPUR,RAJASTHAN,2024-06-12 00:00:00,WVVA0613994696185,INACTIVE,2880.15,True,True,False,False,False,False
MCH4232,Raj Group,5912,PHARMACIES,INDIVIDUAL,HYD,TELANGANA,2023-06-23 00:00:00,,SUSPENDED,,True,False,True,False,False,False
MCH1594,Bera Inc,5999,RETAIL_OTHER,PRIVATE_LIMITED,AMRITSAR,PUNJAB,2024-09-05 00:00:00,9659925213,ACTIVE,2187.43,True,True,False,False,False,False
MCH7804,Deo-Pandya,5812,FOOD,PARTNERSHIP,JAIPUR,RAJASTHAN,,XXXX1482,SUSPENDED,492.54,True,False,False,False,False,False
MCH2981,"Sachdeva, Iyer and Borra",5942,BOOKS,INDIVIDUAL,CALCUTTA,WEST_BENGAL,2023-07-19 15:05:00,1834855061,ACTIVE,841.65,True,True,False,False,False,False
MCH6866,Thaker-Behl,5999,RETAIL_OTHER,SOLE_PROPRIETOR,PUNE,MAHARASHTRA,2024-03-22 00:00:00,,ACTIVE,221.31,True,False,False,False,False,False
MCH7667,LALLA AND SONS,5311,RETAIL,INDIVIDUAL,HYDERABAD,TELANGANA,2023-01-20 00:00:00,,ACTIVE,1676.0,True,False,False,False,False,False
MCH3705,"Prakash, Korpal and Narasimhan",5812,EATING_PLACE,SOLE_PROPRIETOR,JPR,RAJASTHAN,2025-11-10 00:00:00,,ACTIVE,753.96,True,False,False,False,False,False
MCH7726,Modi Ltd,5311,DEPARTMENT_STORE,INDIVIDUAL,LUCKNOW,UTTAR_PRADESH,2025-05-17 15:11:06,XXXX3760,ACTIVE,1955.14,True,False,False,False,False,False
MCH5335,shroff and sons,5311,DEPT_STORE,SOLE_PROPRIETOR,CHENNAI,TAMIL_NADU,,XXXX4486,INACTIVE,1166.0,True,False,False,False,False,False
MCH9641,Andra Ltd,5912,PHARMACIES,PRIVATE_LIMITED,KOLKATA,WEST_BENGAL,2025-10-15 02:13:04,2325222758,ACTIVE,3323.59,True,True,False,False,False,False
MCH4811,Chaudhry-Majumdar,5912,PHARMACIES,PRIVATE_LIMITED,DELHI,DELHI,2024-06-26 00:00:00,XXXX5566,ACTIVE,615.9,True,False,False,False,False,False
MCH5019,Bah1-L0ya1,5411,GROCERY_STORES,SOLE_PROPRIETOR,BENGALURU,KARNATAKA,2025-05-12 09:53:54,,ACTIVE,1093.52,True,False,False,False,False,False
MCH5110,Grover and Sons,5999,MISC_RETAIL,PRIVATE_LIMITED,JALANDAR,PUNJAB,2024-05-02 00:00:00,ZILO7642666200036,ACTIVE,,True,True,True,False,False,False
MCH6868,Tara Group,5311,RETAIL,PARTNERSHIP,PUNE,MAHARASHTRA,2024-02-04 01:10:36,,ACTIVE,323.93,True,False,False,False,False,False
MCH6889,Behl-Deep,05942,BOOK_STORE,PARTNERSHIP,BANGALORE,KARNATAKA,2023-12-22 00:00:00,ZYSS9298134271861,ACTIVE,,False,True,False,False,False,False
MCH1488,"Chada, Gopal and Rajagopal",4814,MOBILE_RECHARGE,SOLE_PROPRIETOR,JAIPUR,RAJASTHAN,2026-01-02 00:00:00,,ACTIVE,1905.0,True,False,False,False,False,False
MCH1654,Swamy Group,,TELECOM,PARTNERSHIP,JALANDHAR,PUNJAB,2024-07-14 00:00:00,,ACTIVE,,False,False,False,False,False,False
MCH3232,"Sarraf,ChaudhuriandAcharya",5812,FOOD_SERVICES,SOLE_PROPRIETOR,KOLKATA,WEST_BENGAL,2024-05-29 00:00:00,,ACTIVE,,True,False,False,False,False,False
MCH2205,narayan plc,4131,BUS_TAXI,PARTNERSHIP,HYDERABAD,TELANGANA,2023-03-16 14:24:12,,INACTIVE,2136.03,True,False,False,False,False,False
MCH7576,Ramanathan-Menon,7011,HOSPITALITY,PARTNERSHIP,JALANDAR,PUNJAB,2024-10-14 09:09:31,,ACTIVE,757.61,True,False,False,False,False,False
MCH2098,Ranganathan-Chopra,4131,TRANSPRT,PRIVATE_LIMITED,MADRAS,TAMIL_NADU,2023-05-13 00:00:00,,ACTIVE,4538.04,True,False,False,False,False,False
MCH5250,Virk-Nadkarni,5999,RETAIL_OTHER,PARTNERSHIP,PUNE,MAHARASHTRA,2023-07-16 00:00:00,,SUSPENDED,759.43,True,False,False,False,False,False
MCH2222,"Mani, Ravel and Agrawal",UNKNOWN,CLOTHS,SOLE_PROPRIETOR,LKO,UTTAR_PRADESH,2023-10-01 00:00:00,,ACTIVE,815.84,False,False,False,False,False,False
MCH7702,Ahuja-Nayar,05411,GROCERY,PRIVATE_LIMITED,LUDHIANA,PUNJAB,2024-10-04 00:00:00,,SUSPENDED,,False,False,False,False,False,False
MCH7618,MUTTI-MOHAN,5942,BOOKS,INDIVIDUAL,HYD,TELANGANA,2023-03-14 00:00:00,XXXX5035,ACTIVE,664.0,True,False,False,False,False,False
MCH7152,dewan-garde,4131,TRAVEL,SOLE_PROPRIETOR,DELHI,DELHI,2024-01-14 22:30:00,,ACTIVE,628.75,True,False,False,False,False,False
MCH3511,"Konda, Venkatesh and Jha",5411,GROCERY,INDIVIDUAL,LUCKNOW,UTTAR_PRADESH,2025-06-28 00:00:00,BGWP5416829581598,ACTIVE,,True,True,False,False,False,False
MCH2440,Hans-Master,7011,HOTEL_LODGING,SOLE_PROPRIETOR,LDH,PUNJAB,2023-02-15 11:47:00,IUZN5055483856054,ACTIVE,1395.0,True,True,False,False,False,False
MCH8044,"Sant, Nadkarni and Rajan",,DEPARTMENT_STORE,INDIVIDUAL,BLR,KARNATAKA,2024-10-13 07:30:00,,ACTIVE,,False,False,True,False,False,False
MCH7913,Khare Inc,5912,MEDICAL_STORE,PARTNERSHIP,PUNE,MAHARASHTRA,2025-02-22 00:00:00,QFFQ8944942522196,ACTIVE,,True,True,True,False,False,False
MCH8640,"vasa, nanda and bhat",5311,DEPT_STORE,SOLE_PROPRIETOR,PUNE,MAHARASHTRA,,,ACTIVE,347.11,True,False,False,False,True,False
MCH1892,Shanker-De,7011,HOTELS,PRIVATE_LIMITED,MUMBAI,MAHARASHTRA,2024-02-12 01:08:42,4394256877,ACTIVE,987.4,True,True,False,False,False,False
MCH3507,"Sundaram, Shan and Subramanian",7011,HOTEL_LODGING,INDIVIDUAL,AMRITSAR,PUNJAB,2023-01-28 00:00:00,7115308153,ACTIVE,950.31,True,True,False,False,False,False
MCH6782,JANI-BHAKTA,07011,HOTEL_LODGING,PRIVATE_LIMITED,DELHI,DELHI,2024-10-29 00:00:00,1624647213,ACTIVE,289.03,False,True,False,False,False,False
MCH3627,"CHANDRA, VENKATARAMAN AND PALLA",5912,MEDICAL,SOLE_PROPRIETOR,JPR,RAJASTHAN,,1981451941,ACTIVE,379.66,True,True,False,False,True,False
MCH3601,Lanka Inc,5942,BOOK_STORE,INDIVIDUAL,PUNE,MAHARASHTRA,2025-05-14 07:26:19,,ACTIVE,4672.85,True,False,False,False,False,False
MCH4322,Bumb-Arya,5411,GROCERIES,SOLE_PROPRIETOR,KOLKATA,WEST_BENGAL,2024-12-06 00:00:00,XXXX0050,ACTIVE,2473.26,True,False,False,False,False,False
MCH7126,"Shankar, Dave and Mahajan",4131,TRANSPORT,INDIVIDUAL,PUNE,MAHARASHTRA,2025-05-29 00:00:00,XXXX9486,ACTIVE,2564.94,True,False,False,False,False,False
MCH2789,Peri-Panchal,5311,DEPT_STORE,PARTNERSHIP,JALANDHAR,PUNJAB,,,ACTIVE,1044.19,True,False,False,False,False,False
MCH6543,Nagi-Pradhan,5411,GROCERY_STORE,PRIVATE_LIMITED,BOMBAY,MAHARASHTRA,2025-07-17 01:33:23,,ACTIVE,2785.85,True,False,False,False,False,False
MCH3265,Mittal Ltd,05942,BOOKS_STATIONERY,PRIVATE_LIMITED,HYD,TELANGANA,2024-08-15 00:38:28,GNXO4175681425980,ACTIVE,4170.98,False,True,False,False,False,False
MCH5737,"Mangat, Parmer and Khosla",5311,DEPT_STORE,SOLE_PROPRIETOR,POONA,MAHARASHTRA,,ERHY5292307870912,ACTIVE,2850.24,True,True,False,False,False,False
MCH9866,"Lad,ShereandKarpe",5812,FOOD_SERVICES,INDIVIDUAL,LKO,UTTAR_PRADESH,2023-07-07 23:38:23,,ACTIVE,1173.0,True,False,False,False,False,False
MCH2027,"Boase, Ghosh and Manda",5311,DEPT_STORE,PARTNERSHIP,CHENNAI,TAMIL_NADU,2023-12-16 00:00:00,XXXX6284,ACTIVE,1163.7,True,False,False,False,False,False
MCH2542,Thakur Group,5411,GROCERY_STORE,SOLE_PROPRIETOR,KOLKATA,WEST_BENGAL,2023-12-15 00:00:00,7251186427,INACTIVE,3711.74,True,True,False,False,False,False
MCH4818,Deol Inc,5999,MISCELLANEOUS,INDIVIDUAL,DELHI,DELHI,2024-04-29 00:00:00,RIGL0488107049334,ACTIVE,316.0,True,True,False,False,False,False
MCH3148,RaoLtd,4814,TELECOM,INDIVIDUAL,DELHI,DELHI,2023-01-16 00:00:00,,ACTIVE,1684.65,True,False,False,False,False,False
MCH2038,DARA-SAMA,07011,HOTEL,INDIVIDUAL,HYDERABAD,TELANGANA,2023-08-20 00:00:00,1467343581,ACTIVE,801.94,False,True,False,False,False,False
MCH5594,Savant-Bhargava,5411,GROCERY_STORES,SOLE_PROPRIETOR,BENGALURU,KARNATAKA,2025-01-19 00:00:00,1080833717,SUSPENDED,1235.6,True,True,False,False,False,False
MCH6757,Brar-Saha,5942,BOOKS,SOLE_PROPRIETOR,LUDHIANA,PUNJAB,2024-05-09 00:00:00,NTTY4243627390116,ACTIVE,602.25,True,True,False,False,False,False
MCH8735,"Chhabra, Kunda and Sem",4814,PHONE_SERVICE,PARTNERSHIP,JALANDAR,PUNJAB,2025-09-18 00:00:00,DZIA5449518052658,ACTIVE,1589.68,True,True,False,False,False,False
MCH7947,Padmanabhan-Kale,4814,TELECOM,PRIVATE_LIMITED,MUMBAY,MAHARASHTRA,,,ACTIVE,3921.35,True,False,False,False,True,False
MCH6697,ANDRA-SENGUPTA,5411,GROCERY_STORE,PARTNERSHIP,BLR,KARNATAKA,,,INACTIVE,1006.44,True,False,False,False,True,False
MCH8208,TAK-SHANKAR,7011,HOTEL,INDIVIDUAL,MUMBAI,MAHARASHTRA,2024-03-18 07:08:51,,ACTIVE,1309.39,True,False,False,False,False,False
MCH5081,Grewal-Dutt,5942,STATIONERY,PARTNERSHIP,JAIPUR,RAJASTHAN,2024-09-22 00:00:00,,ACTIVE,624.18,True,False,False,False,False,False
MCH7459,"Gara, Agarwal and Anne",7011,HOTEL_LODGING,INDIVIDUAL,LDH,PUNJAB,2023-04-14 20:15:00,2572840529,ACTIVE,2650.18,True,True,False,False,False,False
MCH9754,Khanna Group,5411,GROCERY_STORE,PARTNERSHIP,LUDHIANA,PUNJAB,2023-11-20 00:00:00,EDBE0893143652084,ACTIVE,3682.51,True,True,False,False,False,False
MCH6231,"CHAND, JOHAL AND CHAWLA",5812,FOOD_SERVICES,PRIVATE_LIMITED,JALANDHAR,PUNJAB,2023-06-26 00:00:00,1062018479,ACTIVE,919.0,True,True,False,False,False,False
MCH4982,Upadhyay-Thaker,5699,APPAREL,PRIVATE_LIMITED,PUNE,MAHARASHTRA,,XXXX3001,ACTIVE,,True,False,False,False,True,False
MCH9551,Chaudhari-Dugar,05942,BOOKS_STATIONERY,INDIVIDUAL,LUCKNOW,UTTAR_PRADESH,,XXXX6470,ACTIVE,2156.36,False,False,False,False,True,False
MCH1751,Bava-Mukherjee,5411,GROCERY_STORE,SOLE_PROPRIETOR,JPR,RAJASTHAN,2023-05-20 00:00:00,EFFJ4269274300862,ACTIVE,1591.0,True,True,False,False,False,False
MCH3292,Ravi-Keer,,RETAIL,PRIVATE_LIMITED,JALANDHAR,PUNJAB,2023-11-21 00:00:00,,SUSPENDED,9611.45,False,False,False,False,False,False
MCH3616,Bakshi Group,,TRAVEL,PRIVATE_LIMITED,HYDERABAD,TELANGANA,2024-03-13 21:36:11,,ACTIVE,1136.19,False,False,False,False,False,False
MCH4413,"Parekh,KadeandTalwar",5699,CLOTHS,SOLE_PROPRIETOR,LKO,UTTAR_PRADESH,2025-12-11 00:00:00,9207485110,ACTIVE,,True,True,False,False,False,False
MCH6657,Atwal-Sarraf,05411,GROCERY,PARTNERSHIP,HYD,TELANGANA,,,ACTIVE,804.0,False,False,False,False,False,False
MCH2028,Dhingra PLC,04814,PHONE_SERVICE,SOLE_PROPRIETOR,PUNE,MAHARASHTRA,2023-09-27 00:00:00,,ACTIVE,,False,False,True,False,False,False
MCH1263,"Soman, Chaudhary and Luthra",04814,PHONE_SERVICE,PARTNERSHIP,HYD,TELANGANA,2023-06-27 20:38:00,,ACTIVE,696.55,False,False,False,False,False,False
MCH7058,Chatterjee PLC,MISC,CLOTHS,INDIVIDUAL,JALANDHAR,PUNJAB,,,ACTIVE,587.63,False,False,False,False,False,False
MCH2350,"Gill, Sura and Doshi",5812,RESTAURANT,INDIVIDUAL,PUNE,MAHARASHTRA,2026-02-19 21:03:12,,ACTIVE,668.0,True,False,False,False,False,False
MCH5834,Sundaram-Sarkar,5812,FOOD,PARTNERSHIP,HYDERABAD,TELANGANA,2025-07-27 00:00:00,XXXX6821,ACTIVE,1502.09,True,False,False,False,False,False
MCH9348,"Solanki, Chaudhary and Nori",5912,PHARMACIES,PARTNERSHIP,PUNE,MAHARASHTRA,2023-09-09 14:53:51,ACBK1959673899093,ACTIVE,1188.0,True,True,False,False,False,False
MCH3502,"Bail, Sawhney and Majumdar",,EATING_PLACE,INDIVIDUAL,HYD,TELANGANA,2024-02-05 16:37:39,,ACTIVE,4792.39,False,False,False,False,False,False
MCH7600,SALVI-MISHRA,,CHEMIST,PRIVATE_LIMITED,BLR,KARNATAKA,2025-05-25 03:49:40,,ACTIVE,577.0,False,False,False,False,False,False
MCH2623,dara-kulkarni,5942,BOOKS_STATIONERY,SOLE_PROPRIETOR,CALCUTTA,WEST_BENGAL,2025-06-28 00:00:00,,ACTIVE,1296.1,True,False,False,False,False,False
MCH9710,Trivedi PLC,5411,KIRANA,PARTNERSHIP,LUDHIANA,PUNJAB,2025-01-24 00:00:00,,ACTIVE,718.83,True,False,False,False,False,False
MCH9922,Chand-Jain,5411,GROCERY_STORE,PARTNERSHIP,MADRAS,TAMIL_NADU,2023-09-10 00:00:00,XXXX1121,ACTIVE,1800.0,True,False,False,False,False,False
MCH7850,Reddy Inc,05699,CLOTHING,PARTNERSHIP,CHENNAI,TAMIL_NADU,2024-05-16 05:07:55,,ACTIVE,1378.0,False,False,False,False,False,False
MCH5555,Prabhu Ltd,4131,TRANSPRT,PRIVATE_LIMITED,BANGALORE,KARNATAKA,2024-12-16 00:00:00,,ACTIVE,1663.56,True,False,False,False,False,False
MCH8505,"Joshi, Sarin and Krishnamurthy",5311,DEPT_STORE,PARTNERSHIP,JAIPUR,RAJASTHAN,2023-04-08 00:00:00,,ACTIVE,811.55,True,False,False,False,False,False
MCH1349,Bahri and Sons,5912,PHARMACIES,INDIVIDUAL,HYDERABAD,TELANGANA,2025-06-08 00:00:00,BGVV4182827632214,ACTIVE,2320.2,True,True,False,False,False,False
MCH4760,"Kalla, Mammen and Purohit",4814,PHONE_SERVICE,INDIVIDUAL,NEW_DELHI,DELHI,2024-10-27 00:00:00,,ACTIVE,964.0,True,False,False,False,False,False
MCH9476,Sama PLC,5812,RESTAURANTS,PRIVATE_LIMITED,HYDERABAD,TELANGANA,,XXXX6830,ACTIVE,165.93,True,False,False,False,False,False
MCH7957,Varty-Natarajan,7011,HOTEL,PRIVATE_LIMITED,MADRAS,TAMIL_NADU,2024-06-28 09:08:00,,ACTIVE,410.29,True,False,False,False,False,False
MCH1534,"MERCHANT, SARNA AND KORPAL",5912,CHEMIST,PRIVATE_LIMITED,HYDERABAD,TELANGANA,,,INACTIVE,3752.5,True,False,False,False,True,False
MCH1056,Mital-Jhaveri,5311,DEPARTMENT_STORES,PARTNERSHIP,ASR,PUNJAB,2023-09-10 00:09:34,6820698589,ACTIVE,5938.05,True,True,False,False,False,False
MCH1364,Krishnamurthy LLC,4131,TRANSPORTATION,INDIVIDUAL,HYDERABAD,TELANGANA,,IIJY7170442781592,ACTIVE,377.26,True,True,False,False,True,False
MCH9751,Memon-Sinha,5812,RESTAURANT,SOLE_PROPRIETOR,LUDHIANA,PUNJAB,2023-07-16 00:00:00,4462778035,ACTIVE,2265.65,True,True,False,False,False,False
MCH6865,Mander-Chakrabarti,7011,HOTEL,PRIVATE_LIMITED,MUMBAI,MAHARASHTRA,2023-04-20 10:35:00,,ACTIVE,,True,False,True,False,False,False
MCH3179,"Sarma, Singh and Char",5311,DEPT_STORE,INDIVIDUAL,HYDERABAD,TELANGANA,,,ACTIVE,1817.49,True,False,False,False,False,False
MCH7289,Nayar-Dara,5699,APPAREL,INDIVIDUAL,POONA,MAHARASHTRA,2025-12-28 00:00:00,AFIS6620860774027,ACTIVE,4510.0,True,True,False,False,False,False
MCH9764,"Chaudhry, Samra and Garde",4814,TELECOM,PRIVATE_LIMITED,JALANDAR,PUNJAB,2024-07-15 00:00:00,XXXX9534,ACTIVE,,True,False,True,False,False,False
MCH6107,Bassi and Sons,5912,MEDICAL_STORE,SOLE_PROPRIETOR,HYDERABAD,TELANGANA,,,INACTIVE,1888.0,True,False,False,False,False,False
MCH3130,"arora, karnik and sarraf",5942,BOOK_STORE,SOLE_PROPRIETOR,CALCUTTA,WEST_BENGAL,2023-07-10 21:24:05,,INACTIVE,1573.29,True,False,False,False,False,False
MCH4553,Zachariah-Dara,5812,RESTAURANTS,PRIVATE_LIMITED,JALANDHAR,PUNJAB,,,ACTIVE,343.99,True,False,False,False,True,False
MCH9443,"Chowdhury, Kapadia and Chada",5812,FOOD_SERVICES,PARTNERSHIP,CHENNAI,TAMIL_NADU,2024-02-20 00:00:00,,ACTIVE,1660.16,True,False,False,False,False,False
MCH2746,"tella, mane and pillai",7011,HOTELS,PRIVATE_LIMITED,LUDHIANA,PUNJAB,,0851637180,INACTIVE,395.56,True,True,False,False,True,False
MCH3663,Kunda-Chaudhuri,MISC,HOSPITALITY,PARTNERSHIP,JAIPUR,RAJASTHAN,2024-11-20 00:00:00,,SUSPENDED,1356.0,False,False,False,False,False,False
MCH4253,MANDER-SAGAR,,RETAIL_OTHER,INDIVIDUAL,LDH,PUNJAB,,,ACTIVE,348.43,False,False,False,False,True,False
MCH8148,Sehgal-Banik,4131,TRANSPORTATION,SOLE_PROPRIETOR,BENGALURU,KARNATAKA,2024-01-27 00:00:00,,ACTIVE,406.0,True,False,False,False,False,False
MCH4706,"Varughese, Mani and Ch0udhary",5311,DEPARTMENT_STORE,INDIVIDUAL,BLR,KARNATAKA,2025-11-11 03:09:47,3980025472,ACTIVE,,True,True,True,False,False,False
MCH7699,mammen ltd,4814,MOBILE_RECHARGE,INDIVIDUAL,JALANDHAR,PUNJAB,2024-10-16 05:11:31,XXXX5219,ACTIVE,,True,False,False,False,False,False
MCH8086,Contractor-Narain,5812,RESTAURANT,PARTNERSHIP,PUNE,MAHARASHTRA,2024-08-28 09:47:00,,ACTIVE,1394.0,True,False,False,False,False,False
MCH4110,Suresh-Bassi,5942,STATIONERY,INDIVIDUAL,MUMBAI,MAHARASHTRA,2024-09-18 08:58:00,,INACTIVE,1527.43,True,False,False,False,False,False
MCH2534,Shetty-Sundaram,5411,GROCERIES,PRIVATE_LIMITED,PUNE,MAHARASHTRA,2025-03-10 16:30:29,,ACTIVE,709.87,True,False,False,False,False,False
MCH1983,Jayaraman PLC,5912,PHARMACY,SOLE_PROPRIETOR,HYDERABAD,TELANGANA,2024-12-13 00:00:00,6619790480,ACTIVE,657.32,True,True,False,False,False,False
MCH4754,Menon Inc,5999,MISCELLANEOUS,PRIVATE_LIMITED,HYD,TELANGANA,2023-03-24 00:00:00,XXXX5608,ACTIVE,,True,False,True,False,False,False
MCH4332,Varma PLC,5942,BOOKS,INDIVIDUAL,MUMBAI,MAHARASHTRA,2025-01-22 00:00:00,XXXX6546,ACTIVE,229.07,True,False,False,False,False,False
MCH9785,Nagarajan PLC,5699,CLOTHS,INDIVIDUAL,MUMBAI,MAHARASHTRA,,,ACTIVE,2709.78,True,False,False,False,True,False
MCH6240,mutti plc,5999,MISC_RETAIL,PARTNERSHIP,DELHI,DELHI,,,ACTIVE,1461.1,True,False,False,False,True,False
MCH2336,Narasimhan Inc,,GROCERY,SOLE_PROPRIETOR,JALANDAR,PUNJAB,2025-06-18 00:00:00,,INACTIVE,791.05,False,False,False,False,False,False
MCH5494,palan-bhatnagar,4814,MOBILE_RECHARGE,PRIVATE_LIMITED,CALCUTTA,WEST_BENGAL,,2710953349,ACTIVE,720.88,True,True,False,False,True,False
MCH5411,Kale Inc,5411,GROCERY,PARTNERSHIP,PUNE,MAHARASHTRA,2024-06-21 06:11:57,,ACTIVE,708.0,True,False,False,False,False,False
MCH7636,BIR PLC,5699,CLOTHS,SOLE_PROPRIETOR,JALANDHAR,PUNJAB,,XXXX9076,ACTIVE,178.0,True,False,False,False,True,False
MCH8918,Solanki and Sons,,GARMENTS,PRIVATE_LIMITED,BLR,KARNATAKA,2025-05-17 00:00:00,ITGT2090730500760,ACTIVE,,False,True,False,False,False,False
MCH6360,"Garg, Char and Sharaf",5912,MEDICAL_STORE,SOLE_PROPRIETOR,MUMBAI,MAHARASHTRA,2024-02-14 01:39:00,DELE6172573272913,ACTIVE,242.87,True,True,False,False,False,False
MCH5467,"Kurian, Anne and Borra",4814,MOBILE_RECHARGE,INDIVIDUAL,LDH,PUNJAB,2024-05-17 00:00:00,3367286055,ACTIVE,940.0,True,True,False,False,False,False
MCH2763,Thaman-Virk,5912,CHEMIST,PRIVATE_LIMITED,BANGALORE,KARNATAKA,2025-07-23 00:00:00,XXXX7625,ACTIVE,563.88,True,False,False,False,False,False
MCH6819,"Krishnan, Pal and Nayar",5812,FOOD_SERVICES,SOLE_PROPRIETOR,HYD,TELANGANA,2025-10-17 18:49:43,,ACTIVE,499.0,True,False,False,False,False,False
MCH9563,"Singh, Issac and Murty",4131,TRAVEL,PRIVATE_LIMITED,KOLKATA,WEST_BENGAL,,,ACTIVE,1366.02,True,False,False,False,True,False
MCH8413,"Mammen,ParmerandChandra",4814,MOBILE_RECHARGE,SOLE_PROPRIETOR,BANGALORE,KARNATAKA,2024-03-19 00:00:00,,ACTIVE,,True,False,True,False,False,False
MCH6163,Raju and Sons,04131,BUS_TAXI,INDIVIDUAL,LUDHIANA,PUNJAB,,XTAO1446983636380,ACTIVE,1659.71,False,True,False,False,True,False
MCH9740,Jain and Sons,5812,RESTAURANTS,INDIVIDUAL,JPR,RAJASTHAN,2025-01-31 05:45:13,BHGC5407337420204,ACTIVE,1510.42,True,True,False,False,False,False
MCH3536,"Chaudry, Halder and Kota",5812,FOOD,PARTNERSHIP,JPR,RAJASTHAN,2023-11-05 00:00:00,UYBS8259834217447,INACTIVE,3533.21,True,True,False,False,False,False
MCH6352,Brar-Kale,5699,CLOTHS,PARTNERSHIP,CHENNAI,TAMIL_NADU,2023-10-08 20:03:14,,ACTIVE,2366.79,True,False,False,False,False,False
MCH9196,Brahmbhatt Inc,5411,GROCERY_STORES,PARTNERSHIP,BENGALURU,KARNATAKA,2023-03-16 06:41:42,,ACTIVE,,True,False,True,False,False,False
MCH5162,Srinivas-Sule,5311,RETAIL,INDIVIDUAL,JAIPUR,RAJASTHAN,2025-02-20 00:00:00,3127556904,ACTIVE,1145.33,True,True,False,False,False,False
MCH9772,Sachdeva LLC,5411,GROCERY_STORES,SOLE_PROPRIETOR,KOLKATA,WEST_BENGAL,2025-10-23 00:00:00,BDSV5277645088008,ACTIVE,,True,True,False,False,False,False
MCH2506,"Sarna, Vora and Seth",4131,TRANSPORTATION,INDIVIDUAL,JAIPUR,RAJASTHAN,2024-06-13 02:51:27,,ACTIVE,222.33,True,False,False,False,False,False
MCH1350,"KRISHNAMURTHY, DUTT AND SURA",4814,PHONE_SERVICE,PARTNERSHIP,MUMBAI,MAHARASHTRA,2024-07-25 00:00:00,3860313878,ACTIVE,1360.18,True,True,False,False,False,False
MCH7544,Ganesh and S0ns,4131,TRANSPRT,SOLE_PROPRIETOR,LUDHIANA,PUNJAB,2025-03-22 00:00:00,FWAU1672608587886,INACTIVE,2329.09,True,True,False,False,False,False
MCH1221,"BAKSHI, DOCTOR AND BOBAL",7011,HOTELS,PARTNERSHIP,MUMBAI,MAHARASHTRA,,XXXX9345,ACTIVE,1302.2,True,False,False,False,False,False
MCH5637,Desai-Sankaran,5942,BOOKS_STATIONERY,INDIVIDUAL,KOLKATA,WEST_BENGAL,,,ACTIVE,,True,False,True,False,True,False
MCH1973,Shan-Ahuja,4814,PHONE_SERVICE,PRIVATE_LIMITED,NEW_DELHI,DELHI,2024-01-22 00:00:00,,ACTIVE,1273.63,True,False,False,False,False,False
MCH6527,"Menon, Subramanian and Pai",7011,HOTEL,INDIVIDUAL,LUDHIANA,PUNJAB,,,ACTIVE,1220.94,True,False,False,False,False,False
MCH1047,Rana-Aurora,4814,TELECOM,PARTNERSHIP,BANGALORE,KARNATAKA,2023-08-20 01:01:00,BJXS0430805448675,ACTIVE,1003.46,True,True,False,False,False,False
MCH7233,Kamdar-Bhakta,5411,GROCERIES,PRIVATE_LIMITED,CALCUTTA,WEST_BENGAL,2024-03-08 21:38:06,,ACTIVE,,True,False,False,False,False,False
MCH9043,Setty and Sons,7011,HOTEL,PARTNERSHIP,PUNE,MAHARASHTRA,,,ACTIVE,3323.0,True,False,False,False,True,False
MCH9858,"Kapur, Doshi and Nayak",5812,RESTAURANT,PARTNERSHIP,DELHI,DELHI,2025-02-22 05:45:00,,ACTIVE,791.03,True,False,False,False,False,False
MCH7566,Minhas Group,5912,PHARMACY,PARTNERSHIP,BOMBAY,MAHARASHTRA,2024-03-08 07:53:44,,ACTIVE,880.25,True,False,False,False,False,False
MCH4788,Chauhan-Kh0s1a,05699,GARMENTS,INDIVIDUAL,BANGALORE,KARNATAKA,,0651098523,ACTIVE,109.29,False,True,False,False,False,False
MCH9942,"Sarma, Butala and Ganguly",5912,MEDICAL_STORE,SOLE_PROPRIETOR,LKO,UTTAR_PRADESH,2025-10-16 02:21:10,,ACTIVE,,True,False,False,False,False,False
MCH6598,"Banik, Halder and Sabharwal",7011,HOTEL_LODGING,INDIVIDUAL,MUMBAI,MAHARASHTRA,2025-06-02 00:00:00,XXXX2729,INACTIVE,230.53,True,False,False,False,False,False
MCH6737,Kohli Inc,5942,BOOKS_STATIONERY,PARTNERSHIP,LUDHIANA,PUNJAB,,7394942754,ACTIVE,675.29,True,True,False,False,True,False
MCH8024,Char-Sehgal,MISC,TELECOM,PRIVATE_LIMITED,POONA,MAHARASHTRA,2024-08-19 18:28:51,3608411983,ACTIVE,,False,True,True,False,False,False
MCH7860,"Pall, Som and Dalal",5999,MISC_RETAIL,PRIVATE_LIMITED,ASR,PUNJAB,2024-11-11 02:08:53,1164754239,ACTIVE,,True,True,True,False,False,False
MCH2159,Sawhney LLC,5812,FOOD,SOLE_PROPRIETOR,JALANDHAR,PUNJAB,2024-05-16 00:00:00,MGFR5989061568022,ACTIVE,1420.0,True,True,False,False,False,False
MCH9941,"prakash, ramakrishnan and shukla",4814,TELECOM,PARTNERSHIP,LUDHIANA,PUNJAB,2023-08-19 00:00:00,,ACTIVE,414.88,True,False,False,False,False,False
MCH9489,Badal-Sankaran,4131,TRANSPORT,SOLE_PROPRIETOR,CHENNAI,TAMIL_NADU,,,ACTIVE,1437.06,True,False,False,False,True,False
MCH9057,Dayal Ltd,,STATIONERY,PARTNERSHIP,JPR,RAJASTHAN,,TJAX1540713634286,ACTIVE,728.46,False,True,False,False,True,False
MCH3177,"Ping1e, Ra0 and Varty",4131,TRAVEL,INDIVIDUAL,CALCUTTA,WEST_BENGAL,2025-04-19 12:39:17,XXXX0077,SUSPENDED,1840.14,True,False,False,False,False,False
MCH7162,panchal-ratti,5411,KIRANA,PRIVATE_LIMITED,DELHI,DELHI,,RYQU3238280392506,ACTIVE,1176.97,True,True,False,False,True,False
MCH3449,NIGAM-AGATE,05999,MISCELLANEOUS,PARTNERSHIP,BOMBAY,MAHARASHTRA,2026-02-13 03:43:32,UOSM0726239882457,ACTIVE,236.02,False,True,False,False,False,False
MCH7185,Prasad Ltd,05311,DEPARTMENT_STORE,INDIVIDUAL,MUMBAI,MAHARASHTRA,2023-06-04 18:29:01,XXXX4284,ACTIVE,,False,False,True,False,False,False
MCH2919,Menon-Vaidya,,PHARMACY,SOLE_PROPRIETOR,NEW_DELHI,DELHI,2023-03-20 14:46:24,,ACTIVE,3825.85,False,False,False,False,False,False
MCH4487,Maharaj-Murthy,5912,MEDICAL_STORE,INDIVIDUAL,AMRITSAR,PUNJAB,2024-04-23 00:00:00,TWRO4245073175794,ACTIVE,1455.08,True,True,False,False,False,False
MCH8098,mittal-konda,5699,CLOTHING,PRIVATE_LIMITED,KOLKATA,WEST_BENGAL,,,ACTIVE,925.94,True,False,False,False,False,False
MCH6474,Soni-Raja,5999,MISCELLANEOUS,INDIVIDUAL,ASR,PUNJAB,2024-01-29 07:23:52,,ACTIVE,696.57,True,False,False,False,False,False
MCH9444,Sachdeva-Khatri,04131,TRAVEL,PARTNERSHIP,JALANDHAR,PUNJAB,2024-01-13 00:00:00,2308250236,ACTIVE,345.26,False,True,False,False,False,False
MCH6064,Viswanathan-Tak,5942,BOOKS_STATIONERY,SOLE_PROPRIETOR,MADRAS,TAMIL_NADU,,RDFT0727994735934,SUSPENDED,519.38,True,True,False,False,False,False
MCH6869,"Oak, Kalla and Chand",4131,TRANSPRT,PRIVATE_LIMITED,PUNE,MAHARASHTRA,2025-01-21 15:07:04,XXXX1495,ACTIVE,2412.44,True,False,False,False,False,False
MCH4320,Vala and Sons,4814,MOBILE_RECHARGE,PRIVATE_LIMITED,MUMBAI,MAHARASHTRA,2024-10-14 00:00:00,NNFD4351390281416,INACTIVE,,True,True,True,False,False,False
MCH6401,ramachandran-borah,4814,TELECOM,PRIVATE_LIMITED,BENGALURU,KARNATAKA,2023-07-16 14:03:46,BIIV8391883916775,ACTIVE,371.0,True,True,False,False,False,False
MCH4218,Srivastava Ltd,05942,BOOK_STORE,SOLE_PROPRIETOR,BOMBAY,MAHARASHTRA,2023-11-20 00:00:00,LFAP5704533731300,ACTIVE,1744.69,False,True,False,False,False,False
MCH3900,Mand-Bedi,5812,EATING_PLACE,PRIVATE_LIMITED,KOLKATA,WEST_BENGAL,2025-02-20 00:00:00,XXXX1674,ACTIVE,1036.74,True,False,False,False,False,False
MCH8615,devi-narasimhan,5942,BOOK_STORE,SOLE_PROPRIETOR,CALCUTTA,WEST_BENGAL,2024-11-18 00:00:00,8648906197,ACTIVE,722.58,True,True,False,False,False,False
MCH6447,Kant-Tella,07011,HOTEL,PARTNERSHIP,DELHI,DELHI,2026-01-22 00:00:00,,ACTIVE,994.25,False,False,False,False,False,False
MCH7366,Bora-Nadkarni,5411,KIRANA,PARTNERSHIP,BENGALURU,KARNATAKA,2024-03-17 00:00:00,,SUSPENDED,2024.0,True,False,False,False,False,False
MCH5106,LUTHRA LLC,5942,STATIONERY,PRIVATE_LIMITED,JALANDHAR,PUNJAB,2023-12-01 00:00:00,XXXX6321,ACTIVE,411.0,True,False,False,False,False,False
MCH2038,Keer Inc,5311,DEPARTMENT_STORES,PARTNERSHIP,PUNE,MAHARASHTRA,,,INACTIVE,,True,False,False,False,True,False
MCH3179,"Din,MukhopadhyayandBawa",05999,MISC_RETAIL,SOLE_PROPRIETOR,CHENNAI,TAMIL_NADU,2023-10-31 00:00:00,UQUU0653302527343,SUSPENDED,1687.99,False,True,False,False,False,False
MCH9173,BUMB-BANDI,5999,MISCELLANEOUS,SOLE_PROPRIETOR,POONA,MAHARASHTRA,2023-06-26 02:58:00,,ACTIVE,450.27,True,False,False,False,False,False
MCH3483,"Puri, Sachdeva and Jhaveri",5812,RESTAURANTS,PRIVATE_LIMITED,JAIPUR,RAJASTHAN,2025-08-15 00:00:00,XXXX0583,INACTIVE,1128.9,True,False,False,False,False,False
MCH3971,Sura PLC,7011,HOTEL_LODGING,INDIVIDUAL,DILLI,DELHI,2024-04-17 13:25:57,,INACTIVE,748.82,True,False,False,False,False,False
MCH9811,"Dyal, Ranganathan and Sinha",5812,FOOD,PRIVATE_LIMITED,NEW_DELHI,DELHI,,RQQY2365576077878,ACTIVE,972.81,True,True,False,False,True,False
MCH1924,"Choudhary, Iyer and Boase",05912,CHEMIST,PARTNERSHIP,JAIPUR,RAJASTHAN,2024-11-12 00:00:00,XXXX3944,ACTIVE,7220.04,False,False,False,False,False,False
MCH1064,Nanda Ltd,5812,EATING_PLACE,INDIVIDUAL,AMRITSAR,PUNJAB,2025-09-09 22:49:04,,ACTIVE,1182.15,True,False,False,False,False,False
MCH3842,"Rao, Rajagopal and Ratti",4131,BUS_TAXI,PRIVATE_LIMITED,JAIPUR,RAJASTHAN,2024-01-27 00:00:00,,ACTIVE,444.1,True,False,False,False,False,False
MCH3549,Khalsa and Sons,5812,FOOD,INDIVIDUAL,AMRITSAR,PUNJAB,,AXNC2296857054867,ACTIVE,1756.73,True,True,False,False,True,False
MCH5450,"Karnik, Karan and Boase",,STATIONERY,PARTNERSHIP,KOLKATA,WEST_BENGAL,,,ACTIVE,852.07,False,False,False,False,True,False
MCH4630,Jhaveri PLC,5999,MISC_RETAIL,SOLE_PROPRIETOR,LUDHIANA,PUNJAB,,2284002392,ACTIVE,1285.49,True,True,False,False,True,False
MCH9942,Srinivas and Sons,,HOTELS,INDIVIDUAL,AMRITSAR,PUNJAB,,NAOM1028605509837,ACTIVE,636.69,False,True,False,False,True,False
MCH7198,"Thakkar, Mistry and Sinha",MISC,BOOK_STORE,SOLE_PROPRIETOR,PUNE,MAHARASHTRA,2023-02-21 00:00:00,,ACTIVE,3029.62,False,False,False,False,False,False
MCH9770,jha-andra,,TRANSPRT,SOLE_PROPRIETOR,CHENNAI,TAMIL_NADU,2026-01-22 00:00:00,BRJH7377264204006,SUSPENDED,1847.23,False,True,False,False,False,False
MCH4623,"Gokhale, Ranganathan and Shenoy",05999,MISCELLANEOUS,PRIVATE_LIMITED,HYDERABAD,TELANGANA,2025-08-17 15:21:40,0347099856,ACTIVE,171.0,False,True,False,False,False,False
MCH3465,"Patla, Tiwari and Bobal",4814,MOBILE_RECHARGE,PRIVATE_LIMITED,AMRITSAR,PUNJAB,,BMXM3313589371926,ACTIVE,662.0,True,True,False,False,True,False
MCH5186,Dey-Bansal,5912,MEDICAL_STORE,SOLE_PROPRIETOR,CHENNAI,TAMIL_NADU,2025-09-21 00:00:00,,ACTIVE,365.0,True,False,False,False,False,False
MCH8638,ramanathan-apte,05942,BOOK_STORE,PARTNERSHIP,CHENNAI,TAMIL_NADU,2025-04-16 00:00:00,XXXX4259,ACTIVE,985.8,False,False,False,False,False,False
MCH6547,"Gupta,DewanandNadig",5942,BOOKS,INDIVIDUAL,HYDERABAD,TELANGANA,2023-05-27 00:00:00,,INACTIVE,974.14,True,False,False,False,False,False
MCH9827,Chaudry and Sons,5311,DEPARTMENT_STORES,PRIVATE_LIMITED,BANGALORE,KARNATAKA,2025-04-02 00:00:00,WKDN2531235762305,ACTIVE,1686.75,True,True,False,False,False,False
MCH8539,Arya-Char,5699,APPAREL,SOLE_PROPRIETOR,MADRAS,TAMIL_NADU,2025-10-07 09:25:50,XXXX4751,ACTIVE,3012.9,True,False,False,False,False,False
MCH2656,"Kala, Shetty and Sheth",5411,KIRANA,SOLE_PROPRIETOR,DILLI,DELHI,2023-12-06 01:23:15,,ACTIVE,5073.35,True,False,False,False,False,False
MCH3841,"SANDHU, KHOSLA AND GUHA",5999,MISCELLANEOUS,PARTNERSHIP,BANGALORE,KARNATAKA,2024-09-16 00:00:00,7616513593,ACTIVE,2207.18,True,True,False,False,False,False
MCH5114,Lal Group,05411,KIRANA,PRIVATE_LIMITED,BANGALORE,KARNATAKA,2024-06-23 01:46:15,XXXX3035,ACTIVE,1143.5,False,False,False,False,False,False
MCH3680,Gala and Sons,4131,TRANSPORTATION,PARTNERSHIP,DILLI,DELHI,2023-12-31 00:00:00,,ACTIVE,962.0,True,False,False,False,False,False
MCH9530,B0rah PLC,,FOOD_SERVICES,INDIVIDUAL,HYDERABAD,TELANGANA,,,SUSPENDED,999.86,False,False,False,False,True,False
MCH4975,Bhakta-Sidhu,5699,FASHION,PARTNERSHIP,JALANDAR,PUNJAB,2024-09-18 00:00:00,,ACTIVE,280.66,True,False,False,False,False,False
MCH4319,"Setty, Sarkar and Mahajan",5311,RETAIL,PRIVATE_LIMITED,MUMBAI,MAHARASHTRA,2025-02-01 00:00:00,5750964403,ACTIVE,1351.02,True,True,False,False,False,False
MCH7912,Jaggi-Khare,4814,MOBILE_RECHARGE,INDIVIDUAL,KOLKATA,WEST_BENGAL,2023-04-29 03:51:00,,SUSPENDED,993.76,True,False,False,False,False,False
MCH2995,Patil Ltd,7011,HOTEL,PRIVATE_LIMITED,AMRITSAR,PUNJAB,2025-12-25 00:00:00,2612684538,ACTIVE,492.36,True,True,False,False,False,False
MCH7596,Bajwa-Luthra,4814,TELECOM,PRIVATE_LIMITED,HYDERABAD,TELANGANA,2024-04-20 00:00:00,,SUSPENDED,,True,False,False,False,False,False
MCH5941,G0ur Ltd,5942,BOOKS,PRIVATE_LIMITED,LUCKNOW,UTTAR_PRADESH,2023-04-30 00:00:00,XXXX2222,INACTIVE,1448.04,True,False,False,False,False,False
MCH7025,"Shanker, Bandi and Bala",5999,RETAIL_OTHER,INDIVIDUAL,BENGALURU,KARNATAKA,2025-01-26 00:00:00,XXXX6482,ACTIVE,4575.03,True,False,False,False,False,False
MCH8943,Bassi-Dhingra,5942,BOOK_STORE,PRIVATE_LIMITED,MADRAS,TAMIL_NADU,,,ACTIVE,774.62,True,False,False,False,True,False
MCH1879,Maharaj PLC,5942,BOOKS_STATIONERY,PARTNERSHIP,DELHI,DELHI,,,ACTIVE,1269.91,True,False,False,False,True,False
MCH1811,Shukla-Ganesan,MISC,HOTEL_LODGING,INDIVIDUAL,DELHI,DELHI,2024-01-14 13:33:19,9614445611,INACTIVE,871.51,False,True,False,False,False,False
MCH2792,KrishnamurthyPLC,7011,HOTEL,SOLE_PROPRIETOR,JALANDHAR,PUNJAB,,,ACTIVE,1501.9,True,False,False,False,True,False
MCH8613,Comar-Tata,5812,RESTAURANT,INDIVIDUAL,LUCKNOW,UTTAR_PRADESH,2023-09-05 12:31:28,,SUSPENDED,2485.09,True,False,False,False,False,False
MCH4283,Joshi-Srinivas,5411,GROCERY_STORE,PARTNERSHIP,AMRITSAR,PUNJAB,2023-09-01 00:00:00,,ACTIVE,1135.0,True,False,False,False,False,False
MCH8821,MUKHOPADHYAY-CHERIAN,5812,RESTAURANTS,SOLE_PROPRIETOR,JALANDHAR,PUNJAB,2023-11-26 00:00:00,2404954167,ACTIVE,703.03,True,True,False,False,False,False
MCH8043,Lalla Group,5311,DEPARTMENT_STORES,PRIVATE_LIMITED,LDH,PUNJAB,2024-07-31 00:00:00,,ACTIVE,1064.0,True,False,False,False,False,False
MCH9954,Mitra LLC,5912,MEDICAL,SOLE_PROPRIETOR,LUCKNOW,UTTAR_PRADESH,2023-06-30 00:00:00,,ACTIVE,412.84,True,False,False,False,False,False
MCH5061,Natarajan Inc,05699,CLOTHS,SOLE_PROPRIETOR,LDH,PUNJAB,2025-10-10 11:35:42,3155448560,ACTIVE,1265.19,False,True,False,False,False,False
MCH4527,BansalInc,5411,GROCERIES,PRIVATE_LIMITED,LUCKNOW,UTTAR_PRADESH,2025-10-29 21:36:00,BWHM6431375051395,ACTIVE,3449.0,True,True,False,False,False,False
MCH5873,"Kade, Srivastava and Iyengar",5999,MISCELLANEOUS,PARTNERSHIP,LUCKNOW,UTTAR_PRADESH,,,ACTIVE,3185.85,True,False,False,False,True,False
MCH6772,"Sarin,KaleandBava",5411,GROCERIES,INDIVIDUAL,AMRITSAR,PUNJAB,,4810020944,INACTIVE,893.58,True,True,False,False,True,False
MCH2180,Chaudry-Sidhu,,APPAREL,PRIVATE_LIMITED,PUNE,MAHARASHTRA,,4033666419,ACTIVE,3354.42,False,True,False,False,False,False
MCH7350,SULE LLC,5699,CLOTHS,PRIVATE_LIMITED,AMRITSAR,PUNJAB,2024-01-31 17:29:42,XXXX7331,ACTIVE,,True,False,True,False,False,False
MCH4383,Vala LLC,05311,DEPT_STORE,SOLE_PROPRIETOR,LUCKNOW,UTTAR_PRADESH,2025-06-15 00:00:00,,ACTIVE,219.66,False,False,False,False,False,False
MCH6498,Sankaran-Gupta,,GROCERY,PARTNERSHIP,HYDERABAD,TELANGANA,2023-10-29 00:00:00,LBQV8100985155327,SUSPENDED,992.12,False,True,False,False,False,False
MCH4717,Bir Ltd,4131,TRANSPORTATION,PRIVATE_LIMITED,MADRAS,TAMIL_NADU,2025-11-14 00:00:00,JKIU5676140711543,ACTIVE,7107.16,True,True,False,False,False,False
MCH6233,"Arora, Agarwal and Padmanabhan",5942,BOOKS,SOLE_PROPRIETOR,AMRITSAR,PUNJAB,2024-05-03 00:00:00,,ACTIVE,1090.35,True,False,False,False,False,False
MCH6907,Dhillon-Sama,5812,RESTAURANTS,PRIVATE_LIMITED,JALANDAR,PUNJAB,2024-12-21 07:31:00,,ACTIVE,4335.88,True,False,False,False,False,False
MCH8365,"Kashyap,SharmaandBalasubramanian",4814,TELECOM,PRIVATE_LIMITED,JALANDHAR,PUNJAB,2023-01-24 00:00:00,XXXX5913,ACTIVE,786.29,True,False,False,False,False,False
MCH8714,GuptaGroup,5912,PHARMACIES,SOLE_PROPRIETOR,PUNE,MAHARASHTRA,,XXXX2445,INACTIVE,569.38,True,False,False,False,True,False
MCH6239,"MAJUMDAR, LANKA AND SEHGAL",05942,BOOKS_STATIONERY,PARTNERSHIP,AMRITSAR,PUNJAB,2024-01-21 00:00:00,,ACTIVE,1181.24,False,False,False,False,False,False
MCH6053,Sehgal-Pathak,05699,CLOTHS,INDIVIDUAL,MUMBAI,MAHARASHTRA,2023-02-18 08:22:28,,ACTIVE,379.97,False,False,False,False,False,False
MCH8263,"Gara, Kar and Raval",5699,CLOTHS,SOLE_PROPRIETOR,MADRAS,TAMIL_NADU,2025-07-21 16:32:17,XLDI5037601996445,ACTIVE,1443.08,True,True,False,False,False,False
MCH4194,Hegde-Chahal,,MEDICAL_STORE,SOLE_PROPRIETOR,ASR,PUNJAB,2025-11-15 00:00:00,,INACTIVE,,False,False,False,False,False,False
MCH7890,contractor plc,07011,HOTEL,PARTNERSHIP,CHENNAI,TAMIL_NADU,2024-07-21 17:41:07,KQNM1742343730851,INACTIVE,,False,True,True,False,False,False
MCH6480,Sundaram and S0ns,5699,APPAREL,PARTNERSHIP,BOMBAY,MAHARASHTRA,2023-11-13 01:40:00,XXXX8936,ACTIVE,680.72,True,False,False,False,False,False
MCH7973,"Dhar, Som and Mane",07011,HOSPITALITY,SOLE_PROPRIETOR,CALCUTTA,WEST_BENGAL,2023-01-17 11:57:28,GEUZ7160822941996,ACTIVE,1422.91,False,True,False,False,False,False
MCH7504,"MANDAL, TRIPATHI AND BHATNAGAR",7011,HOTEL,SOLE_PROPRIETOR,ASR,PUNJAB,2023-04-23 10:04:42,IUKB6414988497315,ACTIVE,8261.29,True,True,False,False,False,False
MCH9567,"Dar, Gera and Sane",05812,FOOD_SERVICES,PRIVATE_LIMITED,DELHI,DELHI,2026-01-09 00:00:00,,ACTIVE,850.48,False,False,False,False,False,False
MCH6731,ThakurPLC,05812,EATING_PLACE,INDIVIDUAL,HYD,TELANGANA,2025-10-25 00:00:00,,ACTIVE,305.3,False,False,False,False,False,False
MCH1530,Parmer-Bath,5699,CLOTHING,INDIVIDUAL,LUCKNOW,UTTAR_PRADESH,2024-04-29 00:00:00,JMXE9195425616055,ACTIVE,375.02,True,True,False,False,False,False
MCH9012,"Goel, Devan and Grover",5411,GROCERY_STORE,SOLE_PROPRIETOR,ASR,PUNJAB,2025-09-16 06:09:00,7133638417,INACTIVE,603.58,True,True,False,False,False,False
MCH5163,"Pandit, Lad and V0ra",4814,MOBILE_RECHARGE,INDIVIDUAL,KOLKATA,WEST_BENGAL,2023-05-31 00:00:00,XXXX7995,ACTIVE,1014.92,True,False,False,False,False,False
MCH5897,Mutti-Doshi,5912,MEDICAL_STORE,PRIVATE_LIMITED,AMRITSAR,PUNJAB,,,ACTIVE,1302.0,True,False,False,False,True,False
MCH3872,Krish Group,5699,CLOTHS,PARTNERSHIP,ASR,PUNJAB,2024-03-14 00:00:00,,ACTIVE,3660.6,True,False,False,False,False,False
MCH2941,SenGroup,5311,DEPARTMENT_STORE,SOLE_PROPRIETOR,MUMBAI,MAHARASHTRA,2024-09-22 00:00:00,XXXX4390,ACTIVE,1783.76,True,False,False,False,False,False
MCH4395,Ramakrishnan-Rastogi,5999,MISC_RETAIL,PRIVATE_LIMITED,CHENNAI,TAMIL_NADU,2025-11-19 00:00:00,,ACTIVE,,True,False,False,False,False,False
MCH9843,"Banerjee, Singh and Anne",5942,STATIONERY,INDIVIDUAL,CHENNAI,TAMIL_NADU,2025-04-07 00:00:00,,ACTIVE,8077.21,True,False,False,False,False,False
MCH4528,Memon LLC,5912,MEDICAL,PARTNERSHIP,HYD,TELANGANA,2023-01-05 23:02:24,VOFY4004091833640,ACTIVE,490.99,True,True,False,False,False,False
MCH4973,vala-raval,7011,HOTEL,PRIVATE_LIMITED,CHENNAI,TAMIL_NADU,,XXXX2841,ACTIVE,859.46,True,False,False,False,True,False
MCH1855,Kala-Shan,,RESTAURANT,PRIVATE_LIMITED,KOLKATA,WEST_BENGAL,2023-11-13 00:38:34,,SUSPENDED,1474.0,False,False,False,False,False,False
MCH9426,Puri-Soman,5699,GARMENTS,INDIVIDUAL,BANGALORE,KARNATAKA,2023-10-28 00:00:00,EDMP4232010731701,ACTIVE,333.54,True,True,False,False,False,False
MCH6171,Naik and Sons,5812,RESTAURANT,INDIVIDUAL,AMRITSAR,PUNJAB,,,INACTIVE,4084.17,True,False,False,False,True,False
MCH6244,maharaj ltd,07011,HOSPITALITY,INDIVIDUAL,JPR,RAJASTHAN,2023-07-29 00:00:00,,SUSPENDED,,False,False,True,False,False,False
MCH3720,"Bedi, Sanghvi and Balakrishnan",5411,GROCERIES,INDIVIDUAL,NEW_DELHI,DELHI,2024-04-14 08:30:13,ECCR6940813795514,ACTIVE,610.0,True,True,False,False,False,False
MCH6446,CONTRACTOR LLC,5311,DEPT_STORE,INDIVIDUAL,JAIPUR,RAJASTHAN,2024-09-23 11:13:22,,ACTIVE,1356.41,True,False,False,False,False,False
MCH4989,Khanna and Sons,7011,HOTEL_LODGING,PRIVATE_LIMITED,LUDHIANA,PUNJAB,2025-09-25 00:00:00,,ACTIVE,1981.95,True,False,False,False,False,False
MCH7149,Shanker-Kala,5942,BOOK_STORE,SOLE_PROPRIETOR,AMRITSAR,PUNJAB,2023-07-09 09:54:42,,ACTIVE,1819.0,True,False,False,False,False,False
MCH2567,"Magar, Hora and Khare",4131,TRANSPORTATION,SOLE_PROPRIETOR,DELHI,DELHI,2024-09-30 00:00:00,TLMQ4688047179537,ACTIVE,572.7,True,True,False,False,False,False
MCH9494,"Wable, Warrior and Parmer",,TELECOM,INDIVIDUAL,PUNE,MAHARASHTRA,2024-05-27 00:00:00,,ACTIVE,455.01,False,False,False,False,False,False
MCH6482,Mitra-Agate,5311,DEPARTMENT_STORE,INDIVIDUAL,AMRITSAR,PUNJAB,,,INACTIVE,1340.0,True,False,False,False,True,False
MCH1729,VORA LLC,MISC,FOOD,INDIVIDUAL,LUDHIANA,PUNJAB,2023-12-25 00:00:00,SJMV2211374932495,ACTIVE,,False,True,True,False,False,False
MCH1908,"RAGHAVAN, BADAMI AND MANI",05942,STATIONERY,PARTNERSHIP,KOLKATA,WEST_BENGAL,2025-05-29 11:41:39,XXXX6948,ACTIVE,856.0,False,False,False,False,False,False
MCH9342,Dua-Lala,5999,MISC_RETAIL,SOLE_PROPRIETOR,BENGALURU,KARNATAKA,2025-04-17 11:33:00,BUXU5026475055431,SUSPENDED,1698.37,True,True,False,False,False,False
MCH9231,Kala-Dugar,4131,TRANSPRT,PARTNERSHIP,POONA,MAHARASHTRA,,7817631283,ACTIVE,228.82,True,True,False,False,False,False
MCH7679,Sama and Sons,05912,PHARMACIES,PARTNERSHIP,BENGALURU,KARNATAKA,2026-02-25 00:00:00,2230627789,ACTIVE,3295.19,False,True,False,False,False,False
MCH4414,"Manne, Arora and Goel",05411,GROCERIES,PRIVATE_LIMITED,HYD,TELANGANA,2025-07-15 00:00:00,,ACTIVE,,False,False,True,False,False,False
MCH4811,Bhavsar-Seshadri,4814,TELECOM,PRIVATE_LIMITED,LUDHIANA,PUNJAB,2023-08-25 10:08:48,2988135938,ACTIVE,388.63,True,True,False,False,False,False
MCH1267,master-tiwari,4814,TELECOM,PRIVATE_LIMITED,LUCKNOW,UTTAR_PRADESH,,,INACTIVE,1213.17,True,False,False,False,False,False
MCH6396,Mani-Puri,5999,RETAIL_OTHER,INDIVIDUAL,LKO,UTTAR_PRADESH,2025-04-21 00:00:00,XXXX7558,ACTIVE,4113.97,True,False,False,False,False,False
MCH2607,Garg PLC,5812,FOOD,INDIVIDUAL,HYDERABAD,TELANGANA,2023-01-31 00:00:00,,ACTIVE,3395.0,True,False,False,False,False,False
MCH7106,mody-mitter,5699,CLOTHS,INDIVIDUAL,BENGALURU,KARNATAKA,,ZNDK0366125245871,ACTIVE,574.51,True,True,False,False,True,False
MCH3212,Merchant LLC,5999,MISCELLANEOUS,PRIVATE_LIMITED,BENGALURU,KARNATAKA,2023-07-06 11:16:53,9377229545,ACTIVE,980.37,True,True,False,False,False,False
MCH6293,Bora-Nigam,5311,DEPARTMENT_STORE,PARTNERSHIP,JALANDAR,PUNJAB,,,ACTIVE,,True,False,True,False,False,False
MCH6162,"Naik, Kade and Singh",4131,BUS_TAXI,PARTNERSHIP,ASR,PUNJAB,2025-03-21 00:00:00,XXXX4537,ACTIVE,2176.24,True,False,False,False,False,False
MCH7104,Kothari LLC,4814,PHONE_SERVICE,PARTNERSHIP,JALANDAR,PUNJAB,2023-07-12 00:00:00,XXXX8714,ACTIVE,810.17,True,False,False,False,False,False
MCH2009,"Tiwari, Naidu and Muni",5699,GARMENTS,PARTNERSHIP,PUNE,MAHARASHTRA,2024-04-05 00:00:00,NVFX6549311428381,ACTIVE,732.0,True,True,False,False,False,False
MCH7513,Buch Inc,5812,FOOD,INDIVIDUAL,KOLKATA,WEST_BENGAL,2024-09-02 00:00:00,MLTA1304721995984,ACTIVE,584.0,True,True,False,False,False,False
MCH7432,sidhu-aurora,05942,STATIONERY,SOLE_PROPRIETOR,DILLI,DELHI,,1656062042,ACTIVE,611.3,False,True,False,False,False,False
MCH9096,"Boase, Swaminathan and Yohannan",5999,MISCELLANEOUS,INDIVIDUAL,CHENNAI,TAMIL_NADU,2024-08-04 18:56:27,,ACTIVE,1547.45,True,False,False,False,False,False
MCH2241,Patla-Prabhakar,5942,BOOKS_STATIONERY,PARTNERSHIP,CALCUTTA,WEST_BENGAL,2026-01-15 00:00:00,,ACTIVE,868.0,True,False,False,False,False,False
MCH6198,Rana-Sabharwal,5311,RETAIL,INDIVIDUAL,BOMBAY,MAHARASHTRA,,,ACTIVE,410.5,True,False,False,False,False,False
MCH5611,"Bawa, Grewal and Chakrabarti",5311,DEPARTMENT_STORES,PARTNERSHIP,MUMBAI,MAHARASHTRA,,,ACTIVE,764.0,True,False,False,False,False,False
MCH6026,NARAYANAN-BHATT,5942,BOOKS,PARTNERSHIP,HYDERABAD,TELANGANA,2025-09-14 00:00:00,1281831300,ACTIVE,746.02,True,True,False,False,False,False
MCH7455,"MODY, BHATTACHARYYA AND PALLA",4814,PHONE_SERVICE,INDIVIDUAL,DELHI,DELHI,2024-04-11 22:40:38,XXXX4231,ACTIVE,113.99,True,False,False,False,False,False
MCH9541,"Grover, Bhatia and Tandon",,FOOD,PARTNERSHIP,LUCKNOW,UTTAR_PRADESH,2025-07-02 05:37:38,,ACTIVE,2401.33,False,False,False,False,False,False
MCH6711,Loyal-Srinivasan,5411,GROCERY,PARTNERSHIP,HYDERABAD,TELANGANA,2025-06-15 00:00:00,XXXX4153,INACTIVE,931.24,True,False,False,False,False,False
MCH5545,Parikh-Raja,5942,BOOKS_STATIONERY,SOLE_PROPRIETOR,LUCKNOW,UTTAR_PRADESH,2023-06-04 00:00:00,,ACTIVE,1144.37,True,False,False,False,False,False
MCH6928,Tata-Wagle,5912,CHEMIST,PARTNERSHIP,BENGALURU,KARNATAKA,2023-12-31 04:58:57,RIXU6958241048195,ACTIVE,1008.0,True,True,False,False,False,False
MCH7523,"sharaf, chad and prashad",5912,MEDICAL,SOLE_PROPRIETOR,LUCKNOW,UTTAR_PRADESH,,XXXX3383,ACTIVE,2848.66,True,False,False,False,True,False
MCH3619,"MODY, SAMI AND BATTA",5999,RETAIL_OTHER,SOLE_PROPRIETOR,KOLKATA,WEST_BENGAL,2026-01-27 07:14:00,7469875023,INACTIVE,3456.23,True,True,False,False,False,False
MCH4984,"Aurora, Mohan and Jain",4814,MOBILE_RECHARGE,SOLE_PROPRIETOR,JAIPUR,RAJASTHAN,2024-07-02 00:00:00,XXLT9593960471643,ACTIVE,,True,True,True,False,False,False
MCH2590,Goyal Group,7011,HOSPITALITY,INDIVIDUAL,DELHI,DELHI,2025-06-22 04:22:00,XXXX8497,ACTIVE,531.43,True,False,False,False,False,False
MCH4200,Mahajan Group,5942,BOOK_STORE,SOLE_PROPRIETOR,PUNE,MAHARASHTRA,2024-05-21 03:12:53,XXXX4189,ACTIVE,839.74,True,False,False,False,False,False
MCH1815,Bhasin-Hans,5999,MISC_RETAIL,PRIVATE_LIMITED,HYD,TELANGANA,2025-05-10 00:00:00,,ACTIVE,789.34,True,False,False,False,False,False
MCH3253,Khatri-Krishnamurthy,5942,BOOKS,PARTNERSHIP,LKO,UTTAR_PRADESH,2023-12-19 08:58:42,,ACTIVE,2086.58,True,False,False,False,False,False
MCH9715,Desai PLC,7011,HOTEL,PARTNERSHIP,KOLKATA,WEST_BENGAL,,5413889015,INACTIVE,547.82,True,True,False,False,True,False
MCH6210,Sem Group,5812,EATING_PLACE,PRIVATE_LIMITED,AMRITSAR,PUNJAB,2024-01-03 02:42:08,,ACTIVE,2370.64,True,False,False,False,False,False
MCH1019,Iyer-Thaker,5699,CLOTHING,PARTNERSHIP,KOLKATA,WEST_BENGAL,2025-05-23 00:00:00,XXXX9462,ACTIVE,,True,False,False,False,False,False
MCH1848,Acharya-Bail,5311,RETAIL,PARTNERSHIP,POONA,MAHARASHTRA,2025-09-05 00:00:00,3196162533,ACTIVE,3044.0,True,True,False,False,False,False
MCH6803,Babu-Aggarwal,5942,STATIONERY,PARTNERSHIP,PUNE,MAHARASHTRA,2025-05-24 00:00:00,KCIX8411550946242,ACTIVE,2653.94,True,True,False,False,False,False
MCH8410,Dugal and Sons,5942,BOOK_STORE,PARTNERSHIP,BANGALORE,KARNATAKA,,RLEB2720083934064,ACTIVE,853.16,True,True,False,False,False,False
MCH5144,Johal Ltd,7011,HOTEL_LODGING,SOLE_PROPRIETOR,JALANDAR,PUNJAB,2024-02-01 16:44:47,XXXX0257,INACTIVE,490.7,True,False,False,False,False,False
MCH5127,Sarkar-Vaidya,05699,APPAREL,INDIVIDUAL,BANGALORE,KARNATAKA,2023-11-23 00:00:00,,ACTIVE,465.12,False,False,False,False,False,False
MCH6775,La11 Gr0up,5999,RETAIL_OTHER,PRIVATE_LIMITED,CHENNAI,TAMIL_NADU,,WEWN8816151774902,INACTIVE,196.61,True,True,False,False,False,False
MCH6765,KONDA-MANDAL,4814,TELECOM,SOLE_PROPRIETOR,MUMBAI,MAHARASHTRA,2025-01-23 00:00:00,,ACTIVE,,True,False,False,False,False,False
MCH2003,Rajagopalan Inc,5311,DEPT_STORE,INDIVIDUAL,POONA,MAHARASHTRA,2023-06-16 00:00:00,3428467704,ACTIVE,567.0,True,True,False,False,False,False
MCH1226,"APTE, PINGLE AND PAL",,HOTEL,PRIVATE_LIMITED,HYDERABAD,TELANGANA,,,ACTIVE,2290.0,False,False,False,False,True,False
MCH2914,BASSI-VARGHESE,5812,FOOD_SERVICES,SOLE_PROPRIETOR,HYDERABAD,TELANGANA,2025-01-01 00:00:00,VBYI2823908948465,INACTIVE,90.0,True,True,False,False,False,False
MCH7560,Chakraborty and Sons,,DEPARTMENT_STORE,PARTNERSHIP,PUNE,MAHARASHTRA,,WVEJ5381131962008,ACTIVE,2097.03,False,True,False,False,False,False
MCH3324,"Thaman, Rajagopal and Borde",7011,HOTELS,PRIVATE_LIMITED,JALANDHAR,PUNJAB,2023-10-09 00:00:00,,INACTIVE,366.78,True,False,False,False,False,False
MCH4530,Kadakia Group,5942,BOOKS,PARTNERSHIP,JALANDHAR,PUNJAB,2023-10-26 18:53:21,9489296663,ACTIVE,,True,True,True,False,False,False
MCH3037,Wagle Ltd,5411,GROCERY_STORES,INDIVIDUAL,HYDERABAD,TELANGANA,2026-01-30 00:00:00,XXXX1382,ACTIVE,2391.24,True,False,False,False,False,False
MCH8927,RAJ-KALA,5999,OTHER,INDIVIDUAL,NEW_DELHI,DELHI,2024-04-22 22:45:00,XXXX1023,ACTIVE,261.67,True,False,False,False,False,False
MCH9395,Bhagat-Chana,5699,FASHION,PRIVATE_LIMITED,JAIPUR,RAJASTHAN,,,ACTIVE,2768.73,True,False,False,False,True,False
MCH4937,Mand and Sons,5912,CHEMIST,PARTNERSHIP,CALCUTTA,WEST_BENGAL,,FBXP3192759861569,INACTIVE,2054.97,True,True,False,False,False,False
MCH8765,"Kamdar, Sehgal and Tata",5411,GROCERY,PARTNERSHIP,DELHI,DELHI,,XXXX8883,ACTIVE,4863.17,True,False,False,False,True,False
MCH9074,Sa1vi-Tata,7011,HOTELS,PARTNERSHIP,CHENNAI,TAMIL_NADU,2025-04-24 00:00:00,XXXX6816,ACTIVE,1227.0,True,False,False,False,False,False
MCH2438,Saxena-Sagar,5999,MISC_RETAIL,SOLE_PROPRIETOR,AMRITSAR,PUNJAB,2025-06-21 03:10:13,TOND5392493573658,ACTIVE,1010.25,True,True,False,False,False,False
MCH7391,"Vora, Lad and Sekhon",5411,GROCERIES,PARTNERSHIP,POONA,MAHARASHTRA,2023-07-08 00:00:00,,INACTIVE,4971.16,True,False,False,False,False,False
MCH9969,Tiwari and Sons,05942,BOOKS_STATIONERY,PRIVATE_LIMITED,LUDHIANA,PUNJAB,2023-01-15 00:00:00,3536281860,INACTIVE,1542.28,False,True,False,False,False,False
MCH7270,Subramanian LLC,7011,HOTELS,PRIVATE_LIMITED,ASR,PUNJAB,2025-01-15 22:39:15,,ACTIVE,1469.96,True,False,False,False,False,False
MCH4244,Kade-Devan,,HOTELS,SOLE_PROPRIETOR,CHENNAI,TAMIL_NADU,2025-07-12 00:00:00,0738245695,ACTIVE,1429.19,False,True,False,False,False,False
MCH8768,kata-bajwa,5999,MISCELLANEOUS,PARTNERSHIP,MADRAS,TAMIL_NADU,2023-09-16 08:38:57,7445884693,ACTIVE,1033.9,True,True,False,False,False,False
MCH8093,"Seth, Bassi and Raman",7011,HOTEL_LODGING,PARTNERSHIP,HYD,TELANGANA,2024-05-15 00:00:00,XXXX3618,ACTIVE,1629.96,True,False,False,False,False,False
MCH8607,Dash-Dora,5411,GROCERY,PRIVATE_LIMITED,DELHI,DELHI,2023-01-29 00:00:00,XXXX9578,ACTIVE,3092.32,True,False,False,False,False,False
MCH2476,Choudhary-Borah,7011,HOSPITALITY,PRIVATE_LIMITED,KOLKATA,WEST_BENGAL,2025-10-15 00:00:00,PXIN8486080746921,ACTIVE,1108.38,True,True,False,False,False,False
MCH6121,Madan PLC,5311,RETAIL,PRIVATE_LIMITED,BANGALORE,KARNATAKA,,2257947989,ACTIVE,1208.86,True,True,False,False,True,False
MCH4517,"Madan, Gola and Srivastava",5812,RESTAURANTS,SOLE_PROPRIETOR,KOLKATA,WEST_BENGAL,2025-05-07 14:26:04,,ACTIVE,,True,False,True,False,False,False
MCH8176,Bala PLC,5311,DEPT_STORE,SOLE_PROPRIETOR,HYDERABAD,TELANGANA,,,ACTIVE,3488.0,True,False,False,False,False,False
MCH3682,"Upadhyay, Soni and Dhawan",4131,TRANSPRT,SOLE_PROPRIETOR,CHENNAI,TAMIL_NADU,2025-09-16 00:00:00,XXXX0969,INACTIVE,3236.27,True,False,False,False,False,False
MCH5086,Balan LLC,5999,OTHER,PRIVATE_LIMITED,AMRITSAR,PUNJAB,2023-12-19 00:00:00,XXXX8174,ACTIVE,575.58,True,False,False,False,False,False
MCH5951,"Sahni, Gour and Sama",05311,DEPARTMENT_STORE,PRIVATE_LIMITED,PUNE,MAHARASHTRA,2024-05-13 00:00:00,,ACTIVE,2353.06,False,False,False,False,False,False
MCH2741,"Wason, Jain and D’Alia",5942,BOOKS_STATIONERY,SOLE_PROPRIETOR,LUDHIANA,PUNJAB,2024-03-23 00:00:00,KUJF0124670796240,SUSPENDED,361.19,True,True,False,False,False,False
MCH3903,"KHARE, BALASUBRAMANIAN AND MITAL",05942,BOOKS_STATIONERY,SOLE_PROPRIETOR,JAIPUR,RAJASTHAN,2024-08-25 14:04:47,7400031518,ACTIVE,3531.21,False,True,False,False,False,False
MCH1311,"Dugal, Munshi and Kunda",4814,TELECOM,INDIVIDUAL,JAIPUR,RAJASTHAN,2025-03-27 21:22:00,XXXX7230,ACTIVE,1605.92,True,False,False,False,False,False
MCH2743,Joshi PLC,,CHEMIST,PRIVATE_LIMITED,KOLKATA,WEST_BENGAL,2024-12-02 17:56:14,,ACTIVE,,False,False,False,False,False,False
MCH2698,KalaLLC,7011,HOTEL_LODGING,INDIVIDUAL,LUCKNOW,UTTAR_PRADESH,2023-08-19 00:00:00,YXNF3515433387898,ACTIVE,3590.19,True,True,False,False,False,False
MCH4092,Mukhopadhyay Group,5812,FOOD,PRIVATE_LIMITED,HYDERABAD,TELANGANA,2025-12-24 00:00:00,XXXX3479,ACTIVE,504.84,True,False,False,False,False,False
MCH8680,Bhatt-Toor,5311,DEPT_STORE,PRIVATE_LIMITED,JAIPUR,RAJASTHAN,2025-12-02 00:00:00,,ACTIVE,1399.6,True,False,False,False,False,False
MCH4656,"Verma,SanghaandVora",5942,BOOK_STORE,PRIVATE_LIMITED,DELHI,DELHI,,,ACTIVE,431.25,True,False,False,False,True,False
MCH6246,kota inc,5699,APPAREL,PRIVATE_LIMITED,MUMBAI,MAHARASHTRA,2023-09-17 00:00:00,NSCU9760012397000,ACTIVE,1586.1,True,True,False,False,False,False
MCH9774,Trivedi Group,5912,PHARMACY,PARTNERSHIP,JPR,RAJASTHAN,,5443660478,ACTIVE,1811.0,True,True,False,False,True,False
MCH5100,Garde-Mody,,GROCERY_STORE,SOLE_PROPRIETOR,HYDERABAD,TELANGANA,,HBWM0411273165352,ACTIVE,347.68,False,True,False,False,True,False
MCH3873,"DUGAL, THAKUR AND PURI",7011,HOTELS,PRIVATE_LIMITED,JALANDAR,PUNJAB,,,ACTIVE,1499.22,True,False,False,False,True,False
MCH1764,"K0h1i, Sa1vi and Ch0kshi",5699,CLOTHS,PARTNERSHIP,ASR,PUNJAB,2025-09-13 00:00:00,,ACTIVE,12860.85,True,False,False,False,False,False
MCH9594,Ben Group,5311,DEPT_STORE,SOLE_PROPRIETOR,JAIPUR,RAJASTHAN,2023-01-10 00:00:00,3846101369,ACTIVE,4070.31,True,True,False,False,False,False
MCH8489,Mand and Sons,7011,HOTEL,INDIVIDUAL,POONA,MAHARASHTRA,2025-08-24 00:00:00,XXXX8251,ACTIVE,2744.11,True,False,False,False,False,False
MCH5874,pandya plc,7011,HOTELS,PARTNERSHIP,HYDERABAD,TELANGANA,,XXXX1960,SUSPENDED,,True,False,True,False,False,False
MCH6650,Kuruvi11a-G01a,5942,STATIONERY,PRIVATE_LIMITED,BANGALORE,KARNATAKA,2024-07-16 00:00:00,XXXX4971,INACTIVE,2725.71,True,False,False,False,False,False
MCH2514,"Dua, Peri and Sani",UNKNOWN,MOBILE_RECHARGE,SOLE_PROPRIETOR,KOLKATA,WEST_BENGAL,,VHRN8113044559744,ACTIVE,937.87,False,True,False,False,False,False
MCH6572,"Sawhney, Bala and Krish",7011,HOTEL_LODGING,INDIVIDUAL,HYDERABAD,TELANGANA,,XXXX3772,INACTIVE,874.21,True,False,False,False,True,False
MCH7449,"Brahmbhatt, Nagarajan and Kaul",05311,DEPARTMENT_STORE,SOLE_PROPRIETOR,AMRITSAR,PUNJAB,,,ACTIVE,397.32,False,False,False,False,False,False
MCH4390,Ar0ra LLC,5812,RESTAURANTS,SOLE_PROPRIETOR,HYD,TELANGANA,,XXXX2296,ACTIVE,1372.0,True,False,False,False,True,False
MCH5662,Kannan-Yogi,4131,TRANSPRT,INDIVIDUAL,MADRAS,TAMIL_NADU,2025-08-01 00:00:00,,ACTIVE,1393.63,True,False,False,False,False,False
MCH5524,"Mangat, Sanghvi and Shah",5942,BOOKS,PARTNERSHIP,JALANDAR,PUNJAB,2024-09-30 00:00:00,XXXX2255,ACTIVE,6188.2,True,False,False,False,False,False
MCH7246,LATA LTD,5699,CLOTHS,PARTNERSHIP,MADRAS,TAMIL_NADU,2024-03-17 08:45:00,XXXX2358,ACTIVE,1315.04,True,False,False,False,False,False
MCH6729,Khatri and Sons,MISC,MEDICAL,PARTNERSHIP,MADRAS,TAMIL_NADU,,TABO6915851442100,ACTIVE,,False,True,False,False,True,False
MCH9311,Sathe Group,5942,BOOKS_STATIONERY,PRIVATE_LIMITED,LUDHIANA,PUNJAB,2025-05-31 23:35:00,,ACTIVE,595.82,True,False,False,False,False,False
MCH4812,rai-aurora,7011,HOSPITALITY,PRIVATE_LIMITED,JPR,RAJASTHAN,,IKZY9727785883400,ACTIVE,1732.91,True,True,False,False,True,False
MCH4447,"sodhi, dalal and iyengar",5311,DEPARTMENT_STORE,PRIVATE_LIMITED,BANGALORE,KARNATAKA,,XXXX0235,ACTIVE,208.51,True,False,False,False,False,False
MCH5091,Rau-Ratta,5812,EATING_PLACE,PARTNERSHIP,CALCUTTA,WEST_BENGAL,2024-03-24 00:00:00,ZHRH0362265719965,ACTIVE,755.0,True,True,False,False,False,False
MCH5281,Rajagopalan Ltd,7011,HOTELS,SOLE_PROPRIETOR,BENGALURU,KARNATAKA,,,ACTIVE,939.26,True,False,False,False,True,False
MCH1364,Ba1 Gr0up,05942,BOOK_STORE,SOLE_PROPRIETOR,LUCKNOW,UTTAR_PRADESH,2025-02-21 00:00:00,,ACTIVE,,False,False,True,False,False,False
MCH4096,"Bhat, Kapoor and Borah",5999,MISC_RETAIL,PRIVATE_LIMITED,HYDERABAD,TELANGANA,2024-11-27 00:00:00,0474814059,ACTIVE,2092.25,True,True,False,False,False,False
MCH9702,Ranganathan-Madan,7011,HOTELS,INDIVIDUAL,HYDERABAD,TELANGANA,2025-04-10 00:00:00,RTHS3346421176187,ACTIVE,1980.13,True,True,False,False,False,False
MCH5813,Nair Inc,4814,MOBILE_RECHARGE,SOLE_PROPRIETOR,CHENNAI,TAMIL_NADU,,,ACTIVE,1408.29,True,False,False,False,False,False
MCH5950,Nath-Lad,5812,FOOD_SERVICES,INDIVIDUAL,JALANDAR,PUNJAB,2023-12-17 00:00:00,,ACTIVE,318.0,True,False,False,False,False,False
MCH8976,PRAKASH PLC,5699,GARMENTS,SOLE_PROPRIETOR,JALANDAR,PUNJAB,2023-02-15 00:00:00,YWYW3270588037167,SUSPENDED,1358.57,True,True,False,False,False,False
MCH1774,"Sundaram, Dani and Mall",5942,STATIONERY,PARTNERSHIP,LUCKNOW,UTTAR_PRADESH,2024-08-23 00:00:00,XXXX1272,ACTIVE,10785.29,True,False,False,False,False,False
MCH7470,Venkatesh Ltd,MISC,GARMENTS,SOLE_PROPRIETOR,LUCKNOW,UTTAR_PRADESH,2025-04-29 13:49:33,DLXM0557851330372,ACTIVE,787.0,False,True,False,False,False,False
MCH6863,Mani Group,5311,DEPT_STORE,INDIVIDUAL,JPR,RAJASTHAN,2024-05-30 00:00:00,EJVY0425294699404,ACTIVE,2985.0,True,True,False,False,False,False
MCH3586,Dayal-Nagar,MISC,PHARMACIES,PARTNERSHIP,HYD,TELANGANA,2026-01-28 00:00:00,1143347480,ACTIVE,2093.13,False,True,False,False,False,False
MCH9834,Handa-Chaudhari,05411,GROCERY_STORES,PRIVATE_LIMITED,LUCKNOW,UTTAR_PRADESH,2025-04-27 00:00:00,XXXX0961,ACTIVE,3989.9,False,False,False,False,False,False
MCH4723,kanda ltd,5999,RETAIL_OTHER,INDIVIDUAL,CHENNAI,TAMIL_NADU,2024-08-27 00:00:00,XXXX1287,ACTIVE,649.83,True,False,False,False,False,False
MCH8811,Bobal LLC,5999,OTHER,PARTNERSHIP,HYDERABAD,TELANGANA,2023-12-18 00:00:00,4729552126,ACTIVE,1645.76,True,True,False,False,False,False
MCH2047,Ghose-Kannan,5942,BOOK_STORE,SOLE_PROPRIETOR,LKO,UTTAR_PRADESH,2025-05-24 00:00:00,,ACTIVE,1609.08,True,False,False,False,False,False
MCH2308,Bhattacharyya LLC,5311,DEPT_STORE,SOLE_PROPRIETOR,JALANDHAR,PUNJAB,2023-10-14 00:00:00,,INACTIVE,4753.89,True,False,False,False,False,False
MCH9162,Shankar-Shah,5999,MISCELLANEOUS,PRIVATE_LIMITED,BANGALORE,KARNATAKA,2023-02-22 00:00:00,BRKF3158800571527,ACTIVE,,True,True,False,False,False,False
MCH5430,THAKKAR AND SONS,5699,CLOTHS,PRIVATE_LIMITED,AMRITSAR,PUNJAB,2023-01-19 00:00:00,,INACTIVE,4264.84,True,False,False,False,False,False
MCH7768,Sahota-Walia,4131,BUS_TAXI,PARTNERSHIP,DELHI,DELHI,2025-06-19 07:32:00,,SUSPENDED,1097.55,True,False,False,False,False,False
MCH6325,Mannan-Rattan,5311,DEPARTMENT_STORE,PRIVATE_LIMITED,CALCUTTA,WEST_BENGAL,2023-12-29 06:16:05,XXXX9688,ACTIVE,1405.47,True,False,False,False,False,False
MCH7362,kothari plc,5942,BOOKS,PRIVATE_LIMITED,PUNE,MAHARASHTRA,2026-02-11 00:00:00,XXXX4121,ACTIVE,478.42,True,False,False,False,False,False
MCH8060,Nayar-Ahluwalia,5812,FOOD_SERVICES,PRIVATE_LIMITED,PUNE,MAHARASHTRA,,6259970343,INACTIVE,2824.32,True,True,False,False,True,False
MCH1032,Nori-Nigam,7011,HOTELS,SOLE_PROPRIETOR,PUNE,MAHARASHTRA,2025-09-21 00:00:00,DXHQ1859405929058,ACTIVE,652.29,True,True,False,False,False,False
MCH3324,"Thaman, Rajagopal and Borde",7011,HOTELS,PRIVATE_LIMITED,JALANDHAR,PUNJAB,2023-10-09 00:00:00,,SUSPENDED,366.78,True,False,False,False,False,False
MCH7763,"Choudhury, Mody and Tank",5912,MEDICAL,INDIVIDUAL,CHENNAI,TAMIL_NADU,,,ACTIVE,777.85,True,False,False,False,True,False
MCH4361,"dugal, barad and nagi",5411,GROCERIES,PRIVATE_LIMITED,PUNE,MAHARASHTRA,2025-10-27 00:00:00,XXXX1186,ACTIVE,4047.59,True,False,False,False,False,False
MCH1336,Tandon-Pant,5311,DEPARTMENT_STORE,SOLE_PROPRIETOR,JAIPUR,RAJASTHAN,2025-09-04 05:40:18,EOFD1587956050833,ACTIVE,991.0,True,True,False,False,False,False
MCH2487,"Virk, Ganguly and Saraf",5812,FOOD,PARTNERSHIP,BENGALURU,KARNATAKA,2024-04-24 00:00:00,,INACTIVE,362.02,True,False,False,False,False,False
MCH5219,Pillay Group,04814,TELECOM,PARTNERSHIP,JALANDAR,PUNJAB,,XXXX0337,ACTIVE,834.97,False,False,False,False,False,False
MCH6308,Seshadri LLC,5699,FASHION,PRIVATE_LIMITED,NEW_DELHI,DELHI,,,ACTIVE,422.55,True,False,False,False,True,False
MCH6119,HayerLtd,5912,PHARMACIES,INDIVIDUAL,ASR,PUNJAB,2025-12-11 00:00:00,,ACTIVE,1262.04,True,False,False,False,False,False
MCH4360,Khurana Ltd,5699,APPAREL,PARTNERSHIP,JAIPUR,RAJASTHAN,,7767895451,ACTIVE,507.91,True,True,False,False,False,False
MCH3334,Majumdar-Raja,4814,MOBILE_RECHARGE,PRIVATE_LIMITED,HYD,TELANGANA,,7204878806,ACTIVE,2941.2,True,True,False,False,True,False
MCH9879,Venkataraman-Tata,4814,MOBILE_RECHARGE,INDIVIDUAL,LDH,PUNJAB,,5404250897,INACTIVE,2839.66,True,True,False,False,True,False
MCH3553,"Bajwa, Tata and Narula",5912,MEDICAL_STORE,PRIVATE_LIMITED,LUCKNOW,UTTAR_PRADESH,,7783034910,ACTIVE,,True,True,True,False,True,False
MCH3504,"Ram, Dora and Bhatti",5942,BOOK_STORE,INDIVIDUAL,PUNE,MAHARASHTRA,2025-05-08 00:00:00,OOSJ0277155475198,INACTIVE,520.17,True,True,False,False,False,False
MCH3568,"CHOUDHURY, TRIVEDI AND BHATNAGAR",5311,DEPARTMENT_STORES,PRIVATE_LIMITED,LUDHIANA,PUNJAB,,XXXX4927,ACTIVE,1208.3,True,False,False,False,True,False
MCH6721,Pradhan-Taneja,5411,GROCERY_STORES,INDIVIDUAL,BLR,KARNATAKA,,XXXX4118,ACTIVE,433.36,True,False,False,False,False,False
MCH3574,Sodhi-Shan,4131,TRANSPORT,PARTNERSHIP,POONA,MAHARASHTRA,2025-05-31 00:00:00,YFPD1472473488670,INACTIVE,4407.0,True,True,False,False,False,False
MCH2015,Gulati LLC,4814,PHONE_SERVICE,PRIVATE_LIMITED,JAIPUR,RAJASTHAN,2023-06-22 07:04:00,,ACTIVE,17945.28,True,False,False,False,False,False
MCH2215,Maharaj-Kale,7011,HOSPITALITY,INDIVIDUAL,CALCUTTA,WEST_BENGAL,2024-08-03 00:00:00,,ACTIVE,3526.35,True,False,False,False,False,False
MCH4725,Joshi PLC,5311,DEPT_STORE,PRIVATE_LIMITED,AMRITSAR,PUNJAB,2023-05-23 00:00:00,UNBB3297911061225,ACTIVE,639.24,True,True,False,False,False,False
MCH7452,Vora-Gill,5999,MISCELLANEOUS,PRIVATE_LIMITED,LUDHIANA,PUNJAB,2024-12-05 11:38:47,NKBN9107928248400,ACTIVE,254.79,True,True,False,False,False,False
MCH7118,Chaudhry Ltd,5311,RETAIL,SOLE_PROPRIETOR,HYDERABAD,TELANGANA,2025-05-15 00:00:00,XXXX9631,ACTIVE,6144.18,True,False,False,False,False,False
MCH8813,Dey-Dua,5812,FOOD,PARTNERSHIP,HYDERABAD,TELANGANA,2023-11-10 00:00:00,7101082372,ACTIVE,1432.39,True,True,False,False,False,False
MCH3698,"Prashad, Viswanathan and Sama",5311,RETAIL,PARTNERSHIP,AMRITSAR,PUNJAB,,,ACTIVE,514.0,True,False,False,False,True,False
MCH4727,Dua-Mishra,5311,DEPARTMENT_STORE,SOLE_PROPRIETOR,PUNE,MAHARASHTRA,2024-05-18 00:00:00,9730998246,ACTIVE,1242.0,True,True,False,False,False,False
MCH1526,CHOWDHURY AND SONS,4814,MOBILE_RECHARGE,SOLE_PROPRIETOR,BANGALORE,KARNATAKA,2023-07-14 00:00:00,HWTS1273017978357,ACTIVE,2697.93,True,True,False,False,False,False
MCH4463,"Choudhry, Sahni and Chaudhry",5699,APPAREL,INDIVIDUAL,LUDHIANA,PUNJAB,2025-01-09 03:17:33,XXXX3118,ACTIVE,402.0,True,False,False,False,False,False
MCH1224,setty-sami,5942,BOOKS,INDIVIDUAL,KOLKATA,WEST_BENGAL,,7626814027,ACTIVE,609.48,True,True,False,False,True,False
MCH1747,"Vig, Cherian and Ch0udhury",5999,OTHER,INDIVIDUAL,NEW_DELHI,DELHI,2025-08-22 05:19:05,,ACTIVE,1469.56,True,False,False,False,False,False
MCH4022,"Kade, Sethi and Balakrishnan",,GROCERY,SOLE_PROPRIETOR,LUDHIANA,PUNJAB,2025-03-27 00:00:00,XXXX9200,ACTIVE,,False,False,True,False,False,False
MCH8068,Narula-Nadkarni,4131,TRANSPRT,PRIVATE_LIMITED,BENGALURU,KARNATAKA,2025-06-08 09:19:38,ATPT6936183619498,ACTIVE,,True,True,True,False,False,False
MCH4185,Khanna and S0ns,5942,BOOK_STORE,PRIVATE_LIMITED,PUNE,MAHARASHTRA,2025-12-24 00:00:00,,ACTIVE,1148.06,True,False,False,False,False,False
MCH6563,naik plc,4131,TRAVEL,INDIVIDUAL,JALANDAR,PUNJAB,,,ACTIVE,1376.0,True,False,False,False,True,False
MCH2550,Misra-Natarajan,,BUS_TAXI,INDIVIDUAL,LUDHIANA,PUNJAB,,7951076714,ACTIVE,1549.99,False,True,False,False,True,False
MCH2556,"ZACHARIAH, MANNE AND BEDI",5942,BOOKS_STATIONERY,PARTNERSHIP,CALCUTTA,WEST_BENGAL,,8663284555,ACTIVE,1248.82,True,True,False,False,True,False
MCH2592,"Garg, Saha and Sampath",5999,MISCELLANEOUS,PRIVATE_LIMITED,HYDERABAD,TELANGANA,2024-03-28 13:13:52,,ACTIVE,3945.98,True,False,False,False,False,False
MCH7967,Chandran Inc,5912,CHEMIST,INDIVIDUAL,BENGALURU,KARNATAKA,2025-06-19 00:00:00,,ACTIVE,,True,False,True,False,False,False
MCH8436,sangha plc,5942,BOOK_STORE,PRIVATE_LIMITED,HYD,TELANGANA,2025-08-16 00:00:00,,ACTIVE,,True,False,False,False,False,False
MCH8326,"Bassi, Lalla and Sastry",5411,GROCERY,INDIVIDUAL,AMRITSAR,PUNJAB,2025-12-30 00:00:00,XXXX1031,ACTIVE,1031.0,True,False,False,False,False,False
MCH7629,Taneja-Vyas,5999,MISCELLANEOUS,INDIVIDUAL,POONA,MAHARASHTRA,2023-01-01 17:10:32,0070872652,ACTIVE,1413.56,True,True,False,False,False,False
MCH2144,Choudhary-Kashyap,5942,BOOKS,PARTNERSHIP,LDH,PUNJAB,2024-08-13 16:56:48,XXXX3571,ACTIVE,350.72,True,False,False,False,False,False
MCH7077,raman and sons,5942,STATIONERY,PARTNERSHIP,CHENNAI,TAMIL_NADU,,YGME2321336279700,ACTIVE,359.0,True,True,False,False,True,False
MCH7034,Deol LLC,5942,BOOKS_STATIONERY,INDIVIDUAL,PUNE,MAHARASHTRA,2026-01-27 00:00:00,,ACTIVE,856.21,True,False,False,False,False,False
MCH1954,"Kunda, Kata and Shetty",,TELECOM,INDIVIDUAL,POONA,MAHARASHTRA,2025-10-19 00:00:00,0079661036,ACTIVE,923.81,False,True,False,False,False,False
MCH9414,Banik-Garde,05812,FOOD,INDIVIDUAL,JALANDAR,PUNJAB,2025-01-16 00:00:00,VESW9193556812149,ACTIVE,942.13,False,True,False,False,False,False
MCH8450,Singhal LLC,,MISCELLANEOUS,PRIVATE_LIMITED,JPR,RAJASTHAN,2023-07-18 00:00:00,HPUX4362247724149,ACTIVE,2472.47,False,True,False,False,False,False
MCH6843,TATA-BORAH,,BOOKS_STATIONERY,SOLE_PROPRIETOR,MUMBAI,MAHARASHTRA,2023-04-25 00:00:00,,ACTIVE,395.55,False,False,False,False,False,False
MCH4474,Ram Ltd,4814,TELECOM,PARTNERSHIP,JALANDHAR,PUNJAB,2024-07-13 00:00:00,,ACTIVE,1082.17,True,False,False,False,False,False
MCH9988,"Johal, Padmanabhan and Sagar",,MEDICAL,INDIVIDUAL,DILLI,DELHI,,,ACTIVE,1620.14,False,False,False,False,True,False
MCH8734,"Ganguly, Hayre and Choudhury",4814,TELECOM,SOLE_PROPRIETOR,LUCKNOW,UTTAR_PRADESH,2023-05-05 00:00:00,8075659044,ACTIVE,4276.72,True,True,False,False,False,False
MCH3288,"Bains, Arya and Sanghvi",7011,HOTELS,PARTNERSHIP,MUMBAI,MAHARASHTRA,2025-11-26 00:00:00,ZNEZ2979868781030,SUSPENDED,,True,True,True,False,False,False
MCH6985,Devi-Radhakrishnan,5942,STATIONERY,INDIVIDUAL,JALANDHAR,PUNJAB,2023-01-20 03:57:02,VEKB0627444661101,ACTIVE,694.07,True,True,False,False,False,False
MCH2528,Bumb PLC,4131,TRANSPORT,SOLE_PROPRIETOR,AMRITSAR,PUNJAB,2024-06-22 21:11:30,,ACTIVE,,True,False,False,False,False,False
MCH3237,Gaba Inc,5999,MISCELLANEOUS,SOLE_PROPRIETOR,DELHI,DELHI,,YPVB7296650386869,ACTIVE,,True,True,False,False,True,False
MCH1923,Barad-Devan,5699,GARMENTS,PRIVATE_LIMITED,HYD,TELANGANA,,,ACTIVE,300.28,True,False,False,False,True,False
MCH4957,Natt Ltd,5699,APPAREL,INDIVIDUAL,LUCKNOW,UTTAR_PRADESH,,5191776924,ACTIVE,1324.11,True,True,False,False,False,False
MCH9467,"Pall, Lala and Dhar",4131,TRANSPORTATION,INDIVIDUAL,MADRAS,TAMIL_NADU,2024-09-03 09:23:16,,ACTIVE,1206.07,True,False,False,False,False,False
MCH1007,Jain-Wadhwa,7011,HOTEL_LODGING,PRIVATE_LIMITED,CHENNAI,TAMIL_NADU,2025-06-30 00:00:00,,INACTIVE,,True,False,True,False,False,False
MCH1543,Parmer Group,4131,TRAVEL,INDIVIDUAL,HYDERABAD,TELANGANA,,,ACTIVE,1064.76,True,False,False,False,True,False
MCH2962,"Bala, Grover and Dutta",5411,KIRANA,PARTNERSHIP,LUDHIANA,PUNJAB,2024-07-12 18:53:51,,ACTIVE,1134.0,True,False,False,False,False,False
MCH8125,"Sane, Misra and Mitter",05912,MEDICAL_STORE,INDIVIDUAL,BENGALURU,KARNATAKA,2025-10-29 14:28:47,,ACTIVE,2004.37,False,False,False,False,False,False
MCH6161,More PLC,5311,RETAIL,PARTNERSHIP,JPR,RAJASTHAN,2024-04-15 02:52:06,,ACTIVE,849.42,True,False,False,False,False,False
MCH1077,"Peri, Pai and Dani",5311,DEPARTMENT_STORES,INDIVIDUAL,PUNE,MAHARASHTRA,2025-07-24 01:37:17,OBKX2096371467257,ACTIVE,1189.85,True,True,False,False,False,False
MCH2924,Chaudhary-Dugar,5942,STATIONERY,INDIVIDUAL,BOMBAY,MAHARASHTRA,2024-12-26 03:07:13,2683760099,ACTIVE,770.99,True,True,False,False,False,False
MCH3180,Sanghvi and S0ns,5912,CHEMIST,PRIVATE_LIMITED,DILLI,DELHI,,XXXX6774,ACTIVE,2608.0,True,False,False,False,True,False
MCH4969,"Bobal, Garde and Upadhyay",4814,MOBILE_RECHARGE,SOLE_PROPRIETOR,CHENNAI,TAMIL_NADU,2023-11-01 00:00:00,XXXX2131,ACTIVE,817.93,True,False,False,False,False,False
MCH1159,De Ltd,5942,BOOKS_STATIONERY,INDIVIDUAL,CALCUTTA,WEST_BENGAL,2025-12-05 15:35:26,,ACTIVE,1672.61,True,False,False,False,False,False
MCH7435,"Puri, Biswas and Roy",5912,MEDICAL,PARTNERSHIP,JPR,RAJASTHAN,,XXXX1625,SUSPENDED,,True,False,True,False,True,False
MCH1299,mutti plc,5699,CLOTHING,PARTNERSHIP,JAIPUR,RAJASTHAN,2023-06-27 00:00:00,8421728078,ACTIVE,605.64,True,True,False,False,False,False
MCH4090,Dada LLC,05999,MISCELLANEOUS,INDIVIDUAL,CHENNAI,TAMIL_NADU,2025-02-27 00:00:00,EOAQ0943270820101,ACTIVE,1538.0,False,True,False,False,False,False
MCH5562,Savant-Narayan,4131,TRAVEL,PRIVATE_LIMITED,HYDERABAD,TELANGANA,2025-11-18 00:00:00,1333760731,ACTIVE,2799.21,True,True,False,False,False,False
MCH1625,"Bora, Hayer and Koshy",,MISCELLANEOUS,INDIVIDUAL,BANGALORE,KARNATAKA,2024-10-24 00:32:36,TNHP5317294437298,ACTIVE,,False,True,True,False,False,False
MCH6839,Saha LLC,5411,GROCERIES,INDIVIDUAL,CHENNAI,TAMIL_NADU,2025-07-20 00:00:00,XXXX2777,ACTIVE,1531.04,True,False,False,False,False,False
MCH5749,"Bir, Sibal and Arya",5942,STATIONERY,PARTNERSHIP,MUMBAY,MAHARASHTRA,2024-05-10 03:51:33,,ACTIVE,1490.24,True,False,False,False,False,False
MCH9135,"NATH, SAMRA AND CHOPRA",4814,MOBILE_RECHARGE,SOLE_PROPRIETOR,KOLKATA,WEST_BENGAL,,7899898758,ACTIVE,387.53,True,True,False,False,True,False
MCH6045,"bajwa, wali and walla",5912,PHARMACY,PRIVATE_LIMITED,BENGALURU,KARNATAKA,2023-09-28 00:00:00,2003662760,ACTIVE,2897.0,True,True,False,False,False,False
MCH7606,Chaudhari-Raman,5999,MISC_RETAIL,PRIVATE_LIMITED,BLR,KARNATAKA,2024-08-27 00:00:00,,ACTIVE,296.04,True,False,False,False,False,False
MCH5287,Dhillon Inc,05812,FOOD_SERVICES,PARTNERSHIP,MADRAS,TAMIL_NADU,2025-05-25 09:00:23,0377274505,ACTIVE,,False,True,False,False,False,False
MCH8427,Sankaran-Rai,5942,BOOKS,SOLE_PROPRIETOR,HYD,TELANGANA,2023-10-17 00:00:00,ZQGR3907039607264,SUSPENDED,302.0,True,True,False,False,False,False
MCH8789,"Pingle,NadigandNarula",5812,FOOD_SERVICES,INDIVIDUAL,LUDHIANA,PUNJAB,,3828234177,ACTIVE,,True,True,True,False,True,False
MCH4123,"Parekh, Patla and Kar",5942,BOOK_STORE,PARTNERSHIP,JALANDHAR,PUNJAB,2024-11-09 00:00:00,5310260642,ACTIVE,2764.76,True,True,False,False,False,False
MCH7554,"J0ha1, K0thari and Nagar",04131,BUS_TAXI,INDIVIDUAL,JALANDAR,PUNJAB,2023-02-05 23:53:12,,ACTIVE,572.11,False,False,False,False,False,False
MCH4124,"Dara, Salvi and Sawhney",5411,GROCERIES,SOLE_PROPRIETOR,BENGALURU,KARNATAKA,2025-10-12 00:00:00,INFT7849125820167,ACTIVE,2121.35,True,True,False,False,False,False
MCH3945,Mukhopadhyay-Raghavan,4131,TRANSPRT,SOLE_PROPRIETOR,BOMBAY,MAHARASHTRA,2023-03-05 00:00:00,XXXX6774,ACTIVE,942.71,True,False,False,False,False,False
MCH2516,Ben-Varghese,,GROCERY_STORE,SOLE_PROPRIETOR,CHENNAI,TAMIL_NADU,,,SUSPENDED,398.68,False,False,False,False,True,False
MCH7839,Chandra-Borra,5311,DEPARTMENT_STORE,SOLE_PROPRIETOR,LUCKNOW,UTTAR_PRADESH,2024-11-02 00:00:00,,ACTIVE,710.2,True,False,False,False,False,False
MCH1713,Dubey Inc,5812,RESTAURANTS,SOLE_PROPRIETOR,KOLKATA,WEST_BENGAL,,XXXX0557,ACTIVE,1132.0,True,False,False,False,True,False
MCH1393,HEGDE-BAHRI,5912,MEDICAL_STORE,PARTNERSHIP,LUDHIANA,PUNJAB,2024-11-15 00:00:00,BAUM6641100955450,ACTIVE,6478.07,True,True,False,False,False,False
MCH6508,Kalla-Ramachandran,5699,FASHION,SOLE_PROPRIETOR,LKO,UTTAR_PRADESH,2024-02-04 12:15:51,,ACTIVE,321.73,True,False,False,False,False,False
MCH5744,Dalal-Lall,07011,HOSPITALITY,PRIVATE_LIMITED,CHENNAI,TAMIL_NADU,2023-05-31 00:00:00,XXXX1007,ACTIVE,3350.6,False,False,False,False,False,False
MCH3289,Rajagopalan-Master,5912,MEDICAL,PRIVATE_LIMITED,MUMBAI,MAHARASHTRA,2025-05-17 00:00:00,UTKH3152831159971,ACTIVE,,True,True,False,False,False,False
MCH9798,Mann-Gera,4131,TRANSPRT,INDIVIDUAL,JALANDHAR,PUNJAB,2025-07-15 05:53:00,AQRW3805344799887,ACTIVE,952.0,True,True,False,False,False,False
MCH2041,"Sagar, Chakraborty and Kurian",4131,TRAVEL,SOLE_PROPRIETOR,LUDHIANA,PUNJAB,2024-03-22 10:36:41,,INACTIVE,,True,False,False,False,False,False
MCH6114,"Khurana, Chowdhury and Chaudhary",,MOBILE_RECHARGE,PRIVATE_LIMITED,CHENNAI,TAMIL_NADU,,XXXX2122,ACTIVE,1212.0,False,False,False,False,False,False
MCH1675,"Dey, Sathe and Sibal",4131,TRANSPORT,PRIVATE_LIMITED,CHENNAI,TAMIL_NADU,,DIRY6496511188422,ACTIVE,1577.75,True,True,False,False,True,False
MCH6582,MUKHOPADHYAY PLC,4814,TELECOM,INDIVIDUAL,LUDHIANA,PUNJAB,,,ACTIVE,572.51,True,False,False,False,False,False
MCH5753,"Nair, Pai and Issac",,GARMENTS,INDIVIDUAL,MUMBAI,MAHARASHTRA,2026-01-29 00:00:00,VEQN2292788694850,ACTIVE,1860.02,False,True,False,False,False,False
MCH2327,KIBE-CHAR,5812,FOOD,PARTNERSHIP,HYDERABAD,TELANGANA,,XXXX0303,ACTIVE,848.32,True,False,False,False,True,False
MCH2634,"Duga1, G0pa1 and La1a",,HOTEL,PRIVATE_LIMITED,LUCKNOW,UTTAR_PRADESH,2023-11-01 11:24:38,XXXX1684,ACTIVE,3213.29,False,False,False,False,False,False
MCH2849,Ba1 LLC,5999,MISC_RETAIL,SOLE_PROPRIETOR,MUMBAI,MAHARASHTRA,,HLTP5468154912269,INACTIVE,910.62,True,True,False,False,True,False
MCH5408,"Setty, Mangal and Dhar",5411,KIRANA,INDIVIDUAL,MUMBAI,MAHARASHTRA,2026-01-31 00:00:00,XXXX4132,ACTIVE,1231.49,True,False,False,False,False,False
MCH8525,Bah1-Mangat,7011,HOTELS,INDIVIDUAL,MUMBAI,MAHARASHTRA,2025-03-27 07:27:27,,INACTIVE,444.54,True,False,False,False,False,False
MCH8529,Prakash-Sharaf,4814,PHONE_SERVICE,PARTNERSHIP,ASR,PUNJAB,2024-10-30 00:00:00,XXXX5799,INACTIVE,2061.7,True,False,False,False,False,False
MCH3438,Murty-Parmar,,MOBILE_RECHARGE,PRIVATE_LIMITED,AMRITSAR,PUNJAB,2024-04-10 00:00:00,LRSK8249071074897,ACTIVE,621.11,False,True,False,False,False,False
MCH4857,Sethi-Soni,4131,BUS_TAXI,INDIVIDUAL,LUDHIANA,PUNJAB,2026-02-28 06:57:59,,ACTIVE,278.84,True,False,False,False,False,False
MCH8297,Desai Ltd,,RETAIL,SOLE_PROPRIETOR,ASR,PUNJAB,2023-06-24 00:00:00,,SUSPENDED,8921.0,False,False,False,False,False,False
MCH2119,Kashyap Ltd,05699,APPAREL,INDIVIDUAL,CHENNAI,TAMIL_NADU,2023-07-23 08:53:50,QOGH2854636021780,INACTIVE,1155.58,False,True,False,False,False,False
MCH4106,"Ramanathan, Bava and Dasgupta",5912,PHARMACY,PRIVATE_LIMITED,LUDHIANA,PUNJAB,2023-09-23 03:53:36,,INACTIVE,902.18,True,False,False,False,False,False
MCH8365,"Luthra, Kota and Choudhary",5311,RETAIL,PRIVATE_LIMITED,AMRITSAR,PUNJAB,2024-10-17 00:00:00,,INACTIVE,,True,False,False,False,False,False
MCH8037,Patla-Balakrishnan,4814,PHONE_SERVICE,SOLE_PROPRIETOR,PUNE,MAHARASHTRA,2025-09-19 16:54:00,4862107137,ACTIVE,327.35,True,True,False,False,False,False
MCH2627,Gupta and Sons,5699,GARMENTS,INDIVIDUAL,DELHI,DELHI,,UVIS7862723743155,ACTIVE,1249.33,True,True,False,False,True,False
MCH5723,Doctor LLC,,GROCERY_STORE,PRIVATE_LIMITED,CALCUTTA,WEST_BENGAL,2023-04-08 00:00:00,XXXX6555,ACTIVE,,False,False,True,False,False,False
MCH5408,"Mani, Reddy and Shah",4814,TELECOM,PARTNERSHIP,MUMBAI,MAHARASHTRA,2025-03-02 16:18:24,,ACTIVE,1405.07,True,False,False,False,False,False
MCH6563,naik plc,4131,TRAVEL,INDIVIDUAL,JALANDAR,PUNJAB,,,ACTIVE,1376.0,True,False,False,False,True,False
MCH6875,Anand-Bajwa,7011,HOTEL,PRIVATE_LIMITED,PUNE,MAHARASHTRA,2025-06-15 00:00:00,5856572593,ACTIVE,1892.34,True,True,False,False,False,False
MCH9813,Modi Group,5912,CHEMIST,SOLE_PROPRIETOR,KOLKATA,WEST_BENGAL,2023-01-13 00:00:00,NMVQ7058285918265,INACTIVE,3354.47,True,True,False,False,False,False
MCH8569,Tara Ltd,5812,FOOD,INDIVIDUAL,LUCKNOW,UTTAR_PRADESH,2025-11-18 04:42:59,,ACTIVE,1022.19,True,False,False,False,False,False
MCH8330,"Dhawan, Tella and Rau",4131,TRANSPORTATION,PRIVATE_LIMITED,CHENNAI,TAMIL_NADU,2023-01-20 20:57:00,,ACTIVE,1437.59,True,False,False,False,False,False
MCH4614,"Savant, Sur and Sani",05411,KIRANA,SOLE_PROPRIETOR,MADRAS,TAMIL_NADU,,,INACTIVE,1483.0,False,False,False,False,True,False
MCH7165,Kulkarni-Ramanathan,4814,TELECOM,PRIVATE_LIMITED,AMRITSAR,PUNJAB,2025-01-28 00:00:00,8142627827,ACTIVE,284.68,True,True,False,False,False,False
MCH7038,Mannan-Singh,5942,BOOKS,INDIVIDUAL,BLR,KARNATAKA,2025-05-25 00:00:00,KOWX5085991997722,INACTIVE,620.0,True,True,False,False,False,False
MCH3625,Singhal Ltd,5812,RESTAURANTS,SOLE_PROPRIETOR,MUMBAI,MAHARASHTRA,2025-10-28 12:02:57,XXXX0908,ACTIVE,10079.36,True,False,False,False,False,False
MCH4690,Natt-Bhattacharyya,5311,DEPARTMENT_STORES,PRIVATE_LIMITED,AMRITSAR,PUNJAB,,HZVJ1693332420203,INACTIVE,150.96,True,True,False,False,False,False
MCH8138,Chaudhuri-Varma,5311,DEPARTMENT_STORES,INDIVIDUAL,CHENNAI,TAMIL_NADU,,,ACTIVE,1502.0,True,False,False,False,True,False
MCH8098,"chauhan, magar and parsa",5411,GROCERY_STORES,PRIVATE_LIMITED,DELHI,DELHI,2024-06-29 00:00:00,0112525902,ACTIVE,,True,True,False,False,False,False
MCH8399,"La11a, Wadhwa and Bhardwaj",MISC,RESTAURANTS,PRIVATE_LIMITED,KOLKATA,WEST_BENGAL,2025-09-05 20:30:25,XXXX6906,ACTIVE,1773.81,False,False,False,False,False,False
MCH4932,KHOSLA AND SONS,5812,FOOD_SERVICES,SOLE_PROPRIETOR,JALANDHAR,PUNJAB,,QSCW5400259337785,INACTIVE,340.55,True,True,False,False,True,False
MCH9038,DarGroup,5942,BOOKS,SOLE_PROPRIETOR,AMRITSAR,PUNJAB,2024-02-06 00:00:00,PWGC8781462428260,ACTIVE,1037.27,True,True,False,False,False,False
MCH6862,"Agrawal, Butala and Ravi",5912,MEDICAL,PRIVATE_LIMITED,BOMBAY,MAHARASHTRA,2025-01-25 00:00:00,,ACTIVE,1279.37,True,False,False,False,False,False
MCH6922,"bassi, dara and dutt",5699,CLOTHING,PRIVATE_LIMITED,BLR,KARNATAKA,2023-04-01 00:00:00,XXXX6999,ACTIVE,1736.93,True,False,False,False,False,False
MCH6654,Cheema-Dara,7011,HOTELS,PARTNERSHIP,MUMBAI,MAHARASHTRA,2023-12-26 12:35:00,ETTT3125962256169,ACTIVE,581.25,True,True,False,False,False,False
MCH2755,"majumdar, ravi and dave",5999,MISCELLANEOUS,PARTNERSHIP,MUMBAI,MAHARASHTRA,2026-02-13 00:00:00,,ACTIVE,,True,False,True,False,False,False
MCH8221,Kala-Bajaj,5942,BOOK_STORE,SOLE_PROPRIETOR,BENGALURU,KARNATAKA,,5133526509,INACTIVE,1133.63,True,True,False,False,False,False
MCH5136,Thakur and Sons,4131,BUS_TAXI,SOLE_PROPRIETOR,JAIPUR,RAJASTHAN,,8466988688,SUSPENDED,2681.3,True,True,False,False,True,False
MCH4583,Badal Inc,5699,CLOTHING,PARTNERSHIP,AMRITSAR,PUNJAB,2025-07-08 00:00:00,4453438674,ACTIVE,2513.6,True,True,False,False,False,False
MCH1096,Subramanian-Prasad,5699,FASHION,INDIVIDUAL,HYD,TELANGANA,2025-03-07 02:41:50,,ACTIVE,8373.82,True,False,False,False,False,False
MCH4090,MittalLLC,4131,TRANSPORTATION,INDIVIDUAL,DILLI,DELHI,,XXXX8621,ACTIVE,,True,False,False,False,True,False
MCH6628,Thakur-Kunda,,PHONE_SERVICE,PRIVATE_LIMITED,NEW_DELHI,DELHI,2025-05-13 14:37:00,XXXX4289,ACTIVE,1718.0,False,False,False,False,False,False
MCH2725,Varma-Loke,5812,FOOD_SERVICES,PARTNERSHIP,KOLKATA,WEST_BENGAL,2023-12-21 15:48:41,,INACTIVE,4486.37,True,False,False,False,False,False
MCH3600,Gole and Sons,4131,TRANSPORT,SOLE_PROPRIETOR,DELHI,DELHI,,,SUSPENDED,1548.59,True,False,False,False,True,False
MCH2724,Aggarwal Group,5812,FOOD,INDIVIDUAL,BLR,KARNATAKA,,2736138598,ACTIVE,,True,True,True,False,False,False
MCH1100,swamy inc,5311,RETAIL,PARTNERSHIP,LUDHIANA,PUNJAB,2024-08-17 00:00:00,9084083237,INACTIVE,2008.22,True,True,False,False,False,False
MCH4153,Shroff Ltd,5999,RETAIL_OTHER,SOLE_PROPRIETOR,KOLKATA,WEST_BENGAL,,,ACTIVE,3578.7,True,False,False,False,True,False
MCH5459,Sachdev Ltd,5699,CLOTHING,SOLE_PROPRIETOR,BLR,KARNATAKA,,HQPJ1613148200279,SUSPENDED,1804.28,True,True,False,False,False,False
MCH8338,"sastry, deo and char",7011,HOTEL_LODGING,INDIVIDUAL,MUMBAI,MAHARASHTRA,2024-07-23 00:00:00,,ACTIVE,3821.74,True,False,False,False,False,False
MCH6743,Manne-Prasad,5999,MISCELLANEOUS,INDIVIDUAL,AMRITSAR,PUNJAB,2025-07-14 00:03:11,XXXX4125,INACTIVE,,True,False,False,False,False,False
MCH7482,"Bail, Verma and Sur",5699,CLOTHING,PRIVATE_LIMITED,JALANDAR,PUNJAB,2024-02-06 00:00:00,,ACTIVE,249.45,True,False,False,False,False,False
MCH9831,"Nayar, Sridhar and Shankar",5411,GROCERY,SOLE_PROPRIETOR,BENGALURU,KARNATAKA,,,ACTIVE,2558.5,True,False,False,False,True,False
MCH1183,Rajan LLC,5812,FOOD_SERVICES,PRIVATE_LIMITED,BENGALURU,KARNATAKA,,,ACTIVE,1717.84,True,False,False,False,True,False
MCH3880,Gole and Sons,5999,RETAIL_OTHER,PARTNERSHIP,HYDERABAD,TELANGANA,,,ACTIVE,4989.21,True,False,False,False,True,False
MCH1050,Trivedi-Zachariah,5699,APPAREL,SOLE_PROPRIETOR,JAIPUR,RAJASTHAN,2025-01-30 00:00:00,0368449602,ACTIVE,2479.88,True,True,False,False,False,False
MCH7088,Prabhu-Agarwal,5311,DEPT_STORE,SOLE_PROPRIETOR,MUMBAI,MAHARASHTRA,2025-11-30 13:55:45,1353265918,INACTIVE,5426.05,True,True,False,False,False,False
MCH8436,Sagar PLC,5999,OTHER,SOLE_PROPRIETOR,POONA,MAHARASHTRA,2025-04-14 00:00:00,6639530850,ACTIVE,642.69,True,True,False,False,False,False
MCH5360,pillai and sons,5912,CHEMIST,INDIVIDUAL,LUCKNOW,UTTAR_PRADESH,2025-05-07 04:59:14,,ACTIVE,745.28,True,False,False,False,False,False
MCH9840,"gara, bedi and dua",5942,STATIONERY,PRIVATE_LIMITED,AMRITSAR,PUNJAB,,4627903528,ACTIVE,369.0,True,True,False,False,True,False
MCH7167,"Bir, Kunda and Manne",05942,STATIONERY,PARTNERSHIP,HYDERABAD,TELANGANA,2023-05-26 00:00:00,DXXE7335968012539,ACTIVE,397.0,False,True,False,False,False,False
MCH3520,Jhaveri and Sons,7011,HOTEL,INDIVIDUAL,BANGALORE,KARNATAKA,2023-03-22 00:00:00,2637882357,ACTIVE,1231.0,True,True,False,False,False,False
MCH3439,"Grewal, Kar and Krishnan",4814,PHONE_SERVICE,PARTNERSHIP,LDH,PUNJAB,2025-08-08 00:00:00,,INACTIVE,761.0,True,False,False,False,False,False
MCH8004,hayre-agate,5999,MISCELLANEOUS,INDIVIDUAL,ASR,PUNJAB,,2751341092,INACTIVE,934.62,True,True,False,False,True,False
MCH4807,"Dutt, Pandey and Tella",5912,PHARMACIES,INDIVIDUAL,MADRAS,TAMIL_NADU,2024-05-14 00:00:00,RXUW0906720577178,ACTIVE,1458.0,True,True,False,False,False,False
MCH7428,VOHRA LTD,05311,DEPARTMENT_STORE,SOLE_PROPRIETOR,KOLKATA,WEST_BENGAL,,,ACTIVE,1227.52,False,False,False,False,False,False
MCH9431,Madan-Kota,4131,TRAVEL,PRIVATE_LIMITED,BENGALURU,KARNATAKA,,1678744111,ACTIVE,436.79,True,True,False,False,True,False
MCH3887,Pa11a-Sah0ta,7011,HOTEL,PARTNERSHIP,CALCUTTA,WEST_BENGAL,2025-11-19 10:50:37,EUVX7549332799238,INACTIVE,1596.95,True,True,False,False,False,False
MCH4831,GALA GROUP,5311,DEPARTMENT_STORE,SOLE_PROPRIETOR,POONA,MAHARASHTRA,,,ACTIVE,1889.75,True,False,False,False,True,False
MCH6683,Pai Inc,5411,GROCERY,INDIVIDUAL,MADRAS,TAMIL_NADU,2025-11-29 00:42:00,XSXE7944444672498,ACTIVE,,True,True,True,False,False,False
MCH2199,Subramanian Inc,5311,DEPARTMENT_STORES,PRIVATE_LIMITED,BANGALORE,KARNATAKA,2024-01-14 00:00:00,,SUSPENDED,369.25,True,False,False,False,False,False
MCH8481,"Dixit,GeraandGara",4131,BUS_TAXI,SOLE_PROPRIETOR,JPR,RAJASTHAN,,COTV7157526007969,ACTIVE,1730.88,True,True,False,False,False,False
MCH2047,"KALITA, NAGARAJAN AND JOSHI",5999,MISC_RETAIL,INDIVIDUAL,PUNE,MAHARASHTRA,2024-07-07 00:00:00,8653452097,INACTIVE,341.63,True,True,False,False,False,False
MCH6036,chhabra group,5699,FASHION,SOLE_PROPRIETOR,ASR,PUNJAB,,XXXX4226,ACTIVE,,True,False,False,False,True,False
MCH6431,"batra, pant and devan",7011,HOTELS,PARTNERSHIP,BENGALURU,KARNATAKA,2026-01-31 00:00:00,XXXX1013,INACTIVE,1564.0,True,False,False,False,False,False
MCH9800,"Om, Rana and Bhatti",5311,DEPT_STORE,PARTNERSHIP,HYDERABAD,TELANGANA,,XXXX5409,ACTIVE,,True,False,False,False,False,False
MCH6527,"Lalla, Bhandari and Mane",5411,GROCERY_STORES,SOLE_PROPRIETOR,PUNE,MAHARASHTRA,,AWSX7915320511081,ACTIVE,,True,True,True,False,True,False
MCH8920,"Parekh, Srivastava and Choudhury",5311,DEPARTMENT_STORE,PRIVATE_LIMITED,DELHI,DELHI,2023-12-15 00:00:00,XXXX5523,ACTIVE,19788.99,True,False,False,False,False,False
MCH5516,Muni LLC,5699,CLOTHS,INDIVIDUAL,KOLKATA,WEST_BENGAL,2025-11-17 13:15:12,,ACTIVE,1139.0,True,False,False,False,False,False
MCH6559,"Master, Dutta and Dash",5999,MISC_RETAIL,INDIVIDUAL,LDH,PUNJAB,2024-05-12 00:00:00,,ACTIVE,521.0,True,False,False,False,False,False
MCH9845,Misra-Varghese,5912,PHARMACIES,SOLE_PROPRIETOR,LUDHIANA,PUNJAB,2025-12-30 00:00:00,,ACTIVE,186.59,True,False,False,False,False,False
MCH3964,"Bala, Chanda and Loyal",5942,BOOKS,PARTNERSHIP,JPR,RAJASTHAN,2023-09-05 00:00:00,CFOS0283411374388,INACTIVE,2002.33,True,True,False,False,False,False
MCH8953,Narayan-Uppal,5912,PHARMACY,PRIVATE_LIMITED,LDH,PUNJAB,2025-06-28 10:02:00,AXNQ2993996148384,ACTIVE,2726.98,True,True,False,False,False,False
MCH8750,NAIR LTD,5699,FASHION,INDIVIDUAL,JPR,RAJASTHAN,2024-03-22 00:00:00,,ACTIVE,3874.0,True,False,False,False,False,False
MCH3086,Nori-Mishra,5912,CHEMIST,SOLE_PROPRIETOR,KOLKATA,WEST_BENGAL,2023-05-20 00:00:00,,INACTIVE,1788.09,True,False,False,False,False,False
MCH4990,"Ramakrishnan, Dey and Thakkar",5411,GROCERY_STORE,PRIVATE_LIMITED,MUMBAI,MAHARASHTRA,,OWGO7691795560125,ACTIVE,,True,True,False,False,False,False
MCH4794,borra-dutt,07011,HOTELS,PRIVATE_LIMITED,JPR,RAJASTHAN,2024-09-19 22:25:00,XRGH9133437458010,ACTIVE,1006.04,False,True,False,False,False,False
MCH6262,Saran Ltd,5311,DEPARTMENT_STORE,PARTNERSHIP,MUMBAY,MAHARASHTRA,2025-08-04 12:06:38,XXXX7596,INACTIVE,6560.0,True,False,False,False,False,False
MCH8146,Bath-Purohit,5942,STATIONERY,SOLE_PROPRIETOR,DELHI,DELHI,2025-04-28 17:40:46,XXXX1421,ACTIVE,5566.64,True,False,False,False,False,False
MCH5387,Hayre-Chaudry,05699,CLOTHS,SOLE_PROPRIETOR,AMRITSAR,PUNJAB,,XXXX7071,ACTIVE,1445.17,False,False,False,False,True,False
MCH4827,"Deol, Rastogi and Khatri",04814,MOBILE_RECHARGE,SOLE_PROPRIETOR,LUCKNOW,UTTAR_PRADESH,,,ACTIVE,810.0,False,False,False,False,True,False
MCH6819,"ARYA, BASSI AND KAUR",,RETAIL_OTHER,PARTNERSHIP,AMRITSAR,PUNJAB,2025-11-19 00:00:00,,ACTIVE,2433.05,False,False,False,False,False,False
MCH9826,RANA AND SONS,,GROCERIES,PRIVATE_LIMITED,BENGALURU,KARNATAKA,,ZBMZ7199667891551,ACTIVE,739.28,False,True,False,False,True,False
MCH1349,MITAL-NARASIMHAN,5311,DEPARTMENT_STORES,PRIVATE_LIMITED,JPR,RAJASTHAN,2025-02-14 00:00:00,0965472450,ACTIVE,538.14,True,True,False,False,False,False
MCH2582,Lal PLC,5912,CHEMIST,SOLE_PROPRIETOR,DILLI,DELHI,2025-09-13 00:00:00,,ACTIVE,1344.48,True,False,False,False,False,False
MCH8268,Krishnamurthy-Chopra,5942,BOOKS,PRIVATE_LIMITED,MADRAS,TAMIL_NADU,2025-09-13 00:00:00,9959196450,ACTIVE,1218.95,True,True,False,False,False,False
MCH5934,Halder LLC,07011,HOTEL_LODGING,PRIVATE_LIMITED,ASR,PUNJAB,2023-03-22 00:00:00,CBWB3662425285759,ACTIVE,1201.69,False,True,False,False,False,False
MCH6556,"gala, kale and manne",5699,CLOTHING,PARTNERSHIP,DELHI,DELHI,2025-08-22 00:00:00,,ACTIVE,760.0,True,False,False,False,False,False
MCH1072,Kalla-Khalsa,5812,RESTAURANTS,PRIVATE_LIMITED,MUMBAI,MAHARASHTRA,2025-11-10 00:00:00,,INACTIVE,422.23,True,False,False,False,False,False
MCH5979,Mani Group,4131,TRAVEL,PRIVATE_LIMITED,BLR,KARNATAKA,2024-07-15 00:00:00,,SUSPENDED,4686.23,True,False,False,False,False,False
MCH9802,Kashyap LLC,4814,TELECOM,PRIVATE_LIMITED,ASR,PUNJAB,,4417851194,INACTIVE,378.5,True,True,False,False,False,False
MCH2817,"hayre, ramesh and parikh",4814,PHONE_SERVICE,INDIVIDUAL,CALCUTTA,WEST_BENGAL,2025-04-23 01:57:00,HCIS1374268781822,ACTIVE,1790.3,True,True,False,False,False,False
MCH2403,Chana-Yohannan,05411,GROCERIES,PARTNERSHIP,KOLKATA,WEST_BENGAL,2025-07-28 00:00:00,,ACTIVE,574.13,False,False,False,False,False,False
MCH2347,"Dara, Ravel and Soni",5912,PHARMACIES,SOLE_PROPRIETOR,ASR,PUNJAB,2023-12-09 00:00:00,LYBJ8156884625938,ACTIVE,3169.93,True,True,False,False,False,False
MCH3189,Prasad Inc,4814,TELECOM,INDIVIDUAL,LUCKNOW,UTTAR_PRADESH,2025-07-30 00:00:00,,ACTIVE,2516.09,True,False,False,False,False,False
MCH1974,Kap00r LLC,4131,TRANSPORT,PARTNERSHIP,CHENNAI,TAMIL_NADU,2024-05-12 08:25:13,5931788473,ACTIVE,,True,True,False,False,False,False
MCH2710,"Batta, Shetty and Ka1ita",5699,APPAREL,INDIVIDUAL,HYDERABAD,TELANGANA,2025-08-17 02:25:30,2640797887,ACTIVE,109.84,True,True,False,False,False,False
MCH2994,Kumar PLC,4814,MOBILE_RECHARGE,SOLE_PROPRIETOR,JALANDHAR,PUNJAB,2024-11-13 00:00:00,,ACTIVE,653.34,True,False,False,False,False,False
MCH1126,"Nayak, Dhaliwal and Soman",5411,GROCERY_STORES,PARTNERSHIP,JALANDHAR,PUNJAB,,,ACTIVE,564.83,True,False,False,False,True,False
MCH2157,PARMER-SINHA,5912,PHARMACIES,PARTNERSHIP,NEW_DELHI,DELHI,2023-10-22 03:49:00,,ACTIVE,1536.42,True,False,False,False,False,False
MCH7925,"Bedi, Shroff and Nadkarni",4131,BUS_TAXI,SOLE_PROPRIETOR,LUCKNOW,UTTAR_PRADESH,,BECU4208184850705,ACTIVE,2480.62,True,True,False,False,True,False
MCH4237,"Deshmukh, Ghose and Chhabra",,EATING_PLACE,SOLE_PROPRIETOR,PUNE,MAHARASHTRA,2024-02-12 12:00:50,,SUSPENDED,5905.65,False,False,False,False,False,False
MCH2902,SAMRA-KAPUR,5411,GROCERY_STORE,INDIVIDUAL,CHENNAI,TAMIL_NADU,2024-04-24 00:00:00,XXXX9404,ACTIVE,,True,False,False,False,False,False
MCH7744,NATH PLC,5311,RETAIL,INDIVIDUAL,ASR,PUNJAB,2026-02-08 11:39:38,,ACTIVE,,True,False,True,False,False,False
MCH1806,Thaker-Dutt,,FASHION,INDIVIDUAL,LUDHIANA,PUNJAB,2024-05-02 09:16:54,1201362088,ACTIVE,6418.0,False,True,False,False,False,False
MCH1401,Din and Sons,5411,GROCERY,INDIVIDUAL,AMRITSAR,PUNJAB,2025-07-20 20:31:24,2717124397,ACTIVE,286.09,True,True,False,False,False,False
MCH9692,Parekh-Kurian,5699,GARMENTS,INDIVIDUAL,JAIPUR,RAJASTHAN,2025-10-20 00:00:00,XXXX0036,ACTIVE,,True,False,False,False,False,False
MCH5476,Buch Group,,CHEMIST,PRIVATE_LIMITED,DELHI,DELHI,,,ACTIVE,1311.87,False,False,False,False,True,False
MCH1059,Prasad Ltd,4814,PHONE_SERVICE,PARTNERSHIP,HYD,TELANGANA,2023-03-18 00:00:00,XXXX9900,ACTIVE,4187.75,True,False,False,False,False,False
MCH6585,KARA-NATH,5699,APPAREL,PRIVATE_LIMITED,CALCUTTA,WEST_BENGAL,2024-12-29 01:18:00,0436756334,INACTIVE,2202.59,True,True,False,False,False,False
MCH7026,Ganesan-Manda,7011,HOTEL,SOLE_PROPRIETOR,MUMBAI,MAHARASHTRA,2025-09-30 00:00:00,6953234378,ACTIVE,1364.0,True,True,False,False,False,False
MCH7949,Vohra-Chaudhary,4131,TRANSPORTATION,PRIVATE_LIMITED,MUMBAI,MAHARASHTRA,2023-10-14 00:00:00,,ACTIVE,265.37,True,False,False,False,False,False
MCH8473,"Tella, Dara and Krish",4814,PHONE_SERVICE,PRIVATE_LIMITED,MUMBAI,MAHARASHTRA,2025-06-21 06:51:14,,ACTIVE,320.84,True,False,False,False,False,False
MCH7144,"char, kapadia and palla",5999,MISCELLANEOUS,PRIVATE_LIMITED,MUMBAI,MAHARASHTRA,2025-03-23 00:00:00,8545782179,INACTIVE,4555.85,True,True,False,False,False,False
MCH1075,Pingle-Mohan,5912,MEDICAL,SOLE_PROPRIETOR,LUDHIANA,PUNJAB,2025-02-24 00:00:00,XXXX2118,ACTIVE,1639.19,True,False,False,False,False,False
MCH1736,Barman Inc,4131,TRANSPORTATION,PARTNERSHIP,JPR,RAJASTHAN,,,ACTIVE,1937.05,True,False,False,False,True,False
MCH1365,Ahluwalia-Choudhary,5311,RETAIL,PRIVATE_LIMITED,LDH,PUNJAB,,XXXX5844,ACTIVE,4292.21,True,False,False,False,True,False
MCH4496,"Shroff,AhujaandKumar",4814,TELECOM,PARTNERSHIP,AMRITSAR,PUNJAB,,5684338286,ACTIVE,,True,True,True,False,True,False
MCH9091,"Dewan, Hayre and Kala",4131,TRANSPORTATION,SOLE_PROPRIETOR,AMRITSAR,PUNJAB,,VGTR9380587606414,INACTIVE,4267.28,True,True,False,False,False,False
MCH6882,"Thaker, Hans and Chandra",4131,TRANSPORT,PRIVATE_LIMITED,LUCKNOW,UTTAR_PRADESH,2025-02-10 06:27:51,XXXX2452,INACTIVE,274.11,True,False,False,False,False,False
MCH4736,Suresh-Gola,5942,STATIONERY,PARTNERSHIP,MUMBAI,MAHARASHTRA,2023-08-24 02:12:00,OCLG6376733151298,ACTIVE,885.16,True,True,False,False,False,False
MCH3882,Kannan PLC,5912,MEDICAL,INDIVIDUAL,POONA,MAHARASHTRA,,4780136395,ACTIVE,1470.9,True,True,False,False,True,False
MCH8568,Krishna-Agrawal,4814,MOBILE_RECHARGE,PARTNERSHIP,KOLKATA,WEST_BENGAL,2024-10-25 03:43:00,7283032727,INACTIVE,412.1,True,True,False,False,False,False
MCH2075,"Dhar,DeoandRau",5912,CHEMIST,INDIVIDUAL,DELHI,DELHI,2024-09-01 00:59:41,0032289516,ACTIVE,1584.12,True,True,False,False,False,False
MCH4006,Thakur-Narayan,5411,KIRANA,PRIVATE_LIMITED,AMRITSAR,PUNJAB,2024-06-23 00:00:00,0693723278,INACTIVE,282.17,True,True,False,False,False,False
MCH5236,Basak-Madan,5999,OTHER,PRIVATE_LIMITED,DELHI,DELHI,,1939509420,ACTIVE,389.03,True,True,False,False,False,False
MCH9744,Walia Inc,5942,STATIONERY,SOLE_PROPRIETOR,BLR,KARNATAKA,2024-06-24 00:00:00,XXXX8765,ACTIVE,574.28,True,False,False,False,False,False
MCH9394,Pal-Taneja,4814,MOBILE_RECHARGE,PRIVATE_LIMITED,LUDHIANA,PUNJAB,2024-01-02 00:00:00,,INACTIVE,311.59,True,False,False,False,False,False
MCH3817,Subramanian Group,5311,DEPT_STORE,SOLE_PROPRIETOR,LUDHIANA,PUNJAB,,XXXX6376,ACTIVE,3916.72,True,False,False,False,False,False
MCH2495,Solanki LLC,,BOOKS,PRIVATE_LIMITED,DELHI,DELHI,2023-05-19 00:00:00,8034024153,ACTIVE,1374.43,False,True,False,False,False,False
MCH4712,"ZACHARIA, SHERE AND DHAR",5912,MEDICAL_STORE,PRIVATE_LIMITED,JALANDHAR,PUNJAB,2023-04-27 04:30:00,XXXX2361,ACTIVE,2235.26,True,False,False,False,False,False
MCH2658,"Parmar, Purohit and Bhasin",5812,RESTAURANTS,SOLE_PROPRIETOR,BENGALURU,KARNATAKA,,8958415885,ACTIVE,548.82,True,True,False,False,False,False
MCH4922,Cheema Group,5999,MISC_RETAIL,PARTNERSHIP,HYDERABAD,TELANGANA,2024-03-20 00:00:00,,ACTIVE,324.81,True,False,False,False,False,False
MCH6420,Wadhwa and Sons,5912,MEDICAL,PARTNERSHIP,BANGALORE,KARNATAKA,,0724197412,ACTIVE,160.44,True,True,False,False,False,False
MCH3167,"grewal, biswas and naidu",5411,GROCERY_STORES,SOLE_PROPRIETOR,JPR,RAJASTHAN,2024-02-19 00:00:00,,ACTIVE,2704.22,True,False,False,False,False,False
MCH1987,"DORA, SARMA AND BISWAS",4814,MOBILE_RECHARGE,PARTNERSHIP,MUMBAI,MAHARASHTRA,2023-01-31 00:00:00,NNVG3490646202999,ACTIVE,3268.84,True,True,False,False,False,False
MCH5710,Karnik Ltd,5942,BOOK_STORE,PARTNERSHIP,JAIPUR,RAJASTHAN,2025-12-24 00:00:00,4751773025,ACTIVE,2156.34,True,True,False,False,False,False
MCH6789,Sanghvi-Garg,5699,APPAREL,INDIVIDUAL,KOLKATA,WEST_BENGAL,,XXXX2367,ACTIVE,8043.93,True,False,False,False,False,False
MCH5807,Madan Ltd,5311,DEPARTMENT_STORE,SOLE_PROPRIETOR,JALANDAR,PUNJAB,,XXXX1600,ACTIVE,1974.14,True,False,False,False,True,False
MCH4389,"Bobal, Chakrabarti and Dash",5912,PHARMACY,SOLE_PROPRIETOR,PUNE,MAHARASHTRA,2026-02-04 00:00:00,,ACTIVE,445.95,True,False,False,False,False,False
MCH6072,"Bassi, Sarma and Yohannan",MISC,OTHER,SOLE_PROPRIETOR,MADRAS,TAMIL_NADU,2024-01-14 00:00:00,OFUG5890068758335,ACTIVE,1959.53,False,True,False,False,False,False
MCH9352,Bains Group,,RETAIL,INDIVIDUAL,CHENNAI,TAMIL_NADU,2026-01-13 00:00:00,,INACTIVE,1537.37,False,False,False,False,False,False
MCH7619,"ranganathan, kumer and pandya",5311,DEPARTMENT_STORES,PRIVATE_LIMITED,KOLKATA,WEST_BENGAL,,XXXX7479,ACTIVE,,True,False,False,False,True,False
MCH6050,"Choudhary, Shanker and Rajan",5812,RESTAURANTS,INDIVIDUAL,LDH,PUNJAB,2024-03-26 21:03:47,1328212555,ACTIVE,,True,True,True,False,False,False
MCH2730,hans llc,,MISCELLANEOUS,INDIVIDUAL,JPR,RAJASTHAN,2025-06-23 00:00:00,,ACTIVE,1392.27,False,False,False,False,False,False
MCH7773,"Mannan, Rout and Dara",7011,HOTELS,INDIVIDUAL,JALANDHAR,PUNJAB,,2874939436,ACTIVE,649.31,True,True,False,False,False,False
MCH4490,"DOSHI, RAJ AND BUMB",5411,GROCERIES,PARTNERSHIP,LDH,PUNJAB,2025-07-28 00:00:00,XXXX2409,ACTIVE,748.4,True,False,False,False,False,False
MCH4031,"Mitra, Bali and Rai",05942,BOOKS_STATIONERY,PRIVATE_LIMITED,LUCKNOW,UTTAR_PRADESH,,,ACTIVE,9089.26,False,False,False,False,True,False
MCH3031,Morar and Sons,5411,GROCERIES,INDIVIDUAL,PUNE,MAHARASHTRA,2025-04-23 00:00:00,,ACTIVE,4053.43,True,False,False,False,False,False
MCH4700,"rajan, garg and ray",,APPAREL,INDIVIDUAL,CHENNAI,TAMIL_NADU,,ZNYW6274259007166,ACTIVE,805.94,False,True,False,False,False,False
MCH9517,MENON INC,,HOSPITALITY,SOLE_PROPRIETOR,MUMBAI,MAHARASHTRA,2023-09-23 00:00:00,XXXX3518,ACTIVE,,False,False,True,False,False,False
MCH1763,Dhillon Ltd,MISC,DEPT_STORE,PARTNERSHIP,JALANDHAR,PUNJAB,2026-02-22 00:00:00,4567982166,ACTIVE,231.69,False,True,False,False,False,False
MCH7074,CHAKRABARTI-RAMA,4131,TRAVEL,INDIVIDUAL,POONA,MAHARASHTRA,,3727290380,ACTIVE,843.0,True,True,False,False,True,False
MCH1948,"Sundaram, Sami and Jha",4814,MOBILE_RECHARGE,PRIVATE_LIMITED,JAIPUR,RAJASTHAN,2024-07-17 00:00:00,4160009756,ACTIVE,634.29,True,True,False,False,False,False
MCH3680,Pradhan Ltd,4131,TRAVEL,PRIVATE_LIMITED,HYDERABAD,TELANGANA,2025-11-22 00:00:00,HAKD1990878179577,ACTIVE,519.26,True,True,False,False,False,False
MCH1640,Dash Ltd,5699,CLOTHING,SOLE_PROPRIETOR,JPR,RAJASTHAN,2024-11-25 00:00:00,SPQL0474110490629,ACTIVE,328.0,True,True,False,False,False,False
MCH7095,Deshmukh-Sarna,5999,MISCELLANEOUS,INDIVIDUAL,BANGALORE,KARNATAKA,,,ACTIVE,560.73,True,False,False,False,True,False
MCH9457,Som-Ravi,5311,DEPARTMENT_STORES,SOLE_PROPRIETOR,JAIPUR,RAJASTHAN,2025-02-19 05:25:00,,ACTIVE,672.31,True,False,False,False,False,False
MCH3442,"Thaman, Tata and Divan",5411,GROCERY_STORE,SOLE_PROPRIETOR,JALANDHAR,PUNJAB,,5904029606,SUSPENDED,486.0,True,True,False,False,True,False
MCH3974,"Mishra, Baral and Char",5942,BOOK_STORE,SOLE_PROPRIETOR,CHENNAI,TAMIL_NADU,2026-02-22 00:00:00,XXXX0042,SUSPENDED,2017.65,True,False,False,False,False,False
MCH7736,Kara PLC,5699,CLOTHING,INDIVIDUAL,AMRITSAR,PUNJAB,,,ACTIVE,778.45,True,False,False,False,True,False
MCH1872,rege llc,4814,PHONE_SERVICE,PARTNERSHIP,BENGALURU,KARNATAKA,2024-06-26 00:00:00,,ACTIVE,768.52,True,False,False,False,False,False
MCH7327,"Krish, Dhar and Choudhury",4814,TELECOM,INDIVIDUAL,KOLKATA,WEST_BENGAL,2023-05-22 13:42:22,KDMG5541225124685,SUSPENDED,440.0,True,True,False,False,False,False
MCH7194,Shan and S0ns,4131,TRANSPORT,INDIVIDUAL,LUDHIANA,PUNJAB,,,ACTIVE,983.19,True,False,False,False,False,False
MCH6904,"dora, buch and dara",5411,KIRANA,INDIVIDUAL,LKO,UTTAR_PRADESH,2026-01-27 22:18:05,3574033912,ACTIVE,,True,True,False,False,False,False
MCH6742,"Garde, Chaudhry and Mistry",07011,HOSPITALITY,SOLE_PROPRIETOR,JALANDHAR,PUNJAB,2024-05-03 00:00:00,,ACTIVE,646.0,False,False,False,False,False,False
MCH2289,Tank-Datta,05812,FOOD,PRIVATE_LIMITED,HYD,TELANGANA,2025-10-26 00:00:00,2288122436,ACTIVE,372.03,False,True,False,False,False,False
MCH1674,"Bansal, Babu and Bansal",5699,CLOTHS,INDIVIDUAL,CHENNAI,TAMIL_NADU,,,ACTIVE,811.0,True,False,False,False,True,False
MCH7412,Chand-Bada1,5812,FOOD_SERVICES,PRIVATE_LIMITED,MUMBAI,MAHARASHTRA,2025-08-15 00:00:00,,INACTIVE,539.2,True,False,False,False,False,False
MCH1107,Sen-Das,,MOBILE_RECHARGE,PRIVATE_LIMITED,MADRAS,TAMIL_NADU,2024-09-16 00:00:00,VDXT6754486241555,ACTIVE,,False,True,False,False,False,False
MCH9858,"Devi, Thaker and Master",5812,RESTAURANT,PRIVATE_LIMITED,AMRITSAR,PUNJAB,2024-07-20 00:00:00,,ACTIVE,255.83,True,False,False,False,False,False
MCH4167,"Thakur, Purohit and Gade",05311,RETAIL,INDIVIDUAL,LUCKNOW,UTTAR_PRADESH,,XXXX3875,ACTIVE,642.28,False,False,False,False,True,False
MCH1581,"Nayak, Verma and Sawhney",5311,DEPARTMENT_STORES,PARTNERSHIP,MUMBAI,MAHARASHTRA,,,ACTIVE,3655.93,True,False,False,False,True,False
MCH3678,"Ramanathan, Oza and Aggarwal",5699,FASHION,PARTNERSHIP,JALANDHAR,PUNJAB,,9191196267,ACTIVE,1617.86,True,True,False,False,True,False
MCH2200,Choudhry-Vig,4814,TELECOM,PRIVATE_LIMITED,JAIPUR,RAJASTHAN,2023-04-21 06:16:00,JBNG6240536039384,ACTIVE,207.14,True,True,False,False,False,False
MCH8890,"Kumar, Yogi and Seshadri",5999,MISCELLANEOUS,SOLE_PROPRIETOR,LUCKNOW,UTTAR_PRADESH,,,ACTIVE,535.53,True,False,False,False,True,False
MCH9424,Sur-Bajaj,5311,DEPARTMENT_STORE,SOLE_PROPRIETOR,BLR,KARNATAKA,2025-04-18 00:00:00,XXXX3219,ACTIVE,1902.79,True,False,False,False,False,False
MCH2754,Chahal Group,5812,FOOD,SOLE_PROPRIETOR,AMRITSAR,PUNJAB,2023-09-27 00:00:00,,ACTIVE,1452.51,True,False,False,False,False,False
MCH5829,Mall LLC,5699,APPAREL,SOLE_PROPRIETOR,MADRAS,TAMIL_NADU,2023-07-12 00:00:00,,ACTIVE,,True,False,True,False,False,False
MCH7829,"Tara, Deo and More",5812,RESTAURANT,PRIVATE_LIMITED,NEW_DELHI,DELHI,2024-01-13 00:00:00,,ACTIVE,1127.59,True,False,False,False,False,False
MCH7577,"Gandhi, Golla and Arora",5699,CLOTHING,PRIVATE_LIMITED,AMRITSAR,PUNJAB,2023-01-26 00:00:00,XXXX6249,ACTIVE,,True,False,False,False,False,False
MCH8306,"Wason, Saraf and Dube",,HOSPITALITY,PARTNERSHIP,BLR,KARNATAKA,2025-02-15 00:00:00,2587742511,SUSPENDED,67.35,False,True,False,False,False,False
MCH5093,Khatri-Kata,5411,GROCERY_STORE,PARTNERSHIP,JPR,RAJASTHAN,2024-10-28 00:00:00,,INACTIVE,1344.37,True,False,False,False,False,False
MCH1366,"shah, roy and srinivasan",MISC,GROCERY,SOLE_PROPRIETOR,CALCUTTA,WEST_BENGAL,2023-08-03 07:31:06,5320028837,ACTIVE,935.11,False,True,False,False,False,False
MCH2189,"Mammen, Balakrishnan and Prakash",5311,RETAIL,SOLE_PROPRIETOR,JAIPUR,RAJASTHAN,2025-05-14 00:00:00,,ACTIVE,2363.97,True,False,False,False,False,False
MCH9440,Ratti LLC,5311,RETAIL,INDIVIDUAL,JALANDHAR,PUNJAB,,MAUW1308281422202,ACTIVE,186.6,True,True,False,False,False,False
MCH1879,muni-sachdeva,05999,MISCELLANEOUS,INDIVIDUAL,CHENNAI,TAMIL_NADU,2023-12-16 00:00:00,XXXX4876,ACTIVE,687.52,False,False,False,False,False,False
MCH8933,Karpe Inc,5912,MEDICAL_STORE,PRIVATE_LIMITED,AMRITSAR,PUNJAB,,UYYR5964634247104,ACTIVE,2968.0,True,True,False,False,False,False
MCH6809,Reddy-Bhatt,,CLOTHING,PARTNERSHIP,BLR,KARNATAKA,2024-08-05 00:00:00,,ACTIVE,2382.0,False,False,False,False,False,False
MCH7585,Rattan-Ratti,5699,CLOTHING,PARTNERSHIP,PUNE,MAHARASHTRA,,,ACTIVE,,True,False,True,False,True,False
MCH3072,Vora-Soman,5699,CLOTHING,INDIVIDUAL,ASR,PUNJAB,2026-02-13 04:04:19,DNMO7101498768595,ACTIVE,1993.93,True,True,False,False,False,False
MCH8352,Tailor and Sons,7011,HOTEL,SOLE_PROPRIETOR,LKO,UTTAR_PRADESH,,,ACTIVE,1393.59,True,False,False,False,True,False
MCH4260,"Kalla, Banerjee and Choudhary",4814,PHONE_SERVICE,PARTNERSHIP,LDH,PUNJAB,,,ACTIVE,389.14,True,False,False,False,False,False
MCH3732,"Bhat, Sarin and Wag1e",,HOTEL,SOLE_PROPRIETOR,LUCKNOW,UTTAR_PRADESH,2025-06-23 19:32:43,,ACTIVE,604.0,False,False,False,False,False,False
MCH8076,Banerjee Group,4814,PHONE_SERVICE,PRIVATE_LIMITED,LUCKNOW,UTTAR_PRADESH,,,ACTIVE,1709.68,True,False,False,False,True,False
MCH5490,"Bahl, Kakar and Dara",5699,FASHION,INDIVIDUAL,HYD,TELANGANA,2025-12-28 00:00:00,JQDE2976951081698,ACTIVE,1917.65,True,True,False,False,False,False
MCH3715,BANSAL INC,5942,BOOKS,INDIVIDUAL,LUCKNOW,UTTAR_PRADESH,2024-11-27 00:00:00,,SUSPENDED,2025.81,True,False,False,False,False,False
MCH1588,Doctor Ltd,4131,TRANSPORTATION,INDIVIDUAL,LUDHIANA,PUNJAB,2025-07-27 00:00:00,XXXX2866,SUSPENDED,1791.21,True,False,False,False,False,False
MCH6949,"Dada, Suri and Chhabra",7011,HOTEL_LODGING,SOLE_PROPRIETOR,POONA,MAHARASHTRA,2024-01-26 00:00:00,2829880140,ACTIVE,333.77,True,True,False,False,False,False
MCH4709,DEWAN-JAIN,4131,TRAVEL,PARTNERSHIP,LUCKNOW,UTTAR_PRADESH,,KNDG8941878782288,ACTIVE,108.08,True,True,False,False,True,False
MCH9919,"Ramaswamy,PallandBahri",05912,PHARMACY,PRIVATE_LIMITED,MUMBAI,MAHARASHTRA,2026-02-09 00:00:00,,ACTIVE,1346.24,False,False,False,False,False,False
MCH7145,Ratti and Sons,,KIRANA,SOLE_PROPRIETOR,PUNE,MAHARASHTRA,,9050093816,ACTIVE,1161.56,False,True,False,False,True,False
MCH7100,Sanghvi-Pandit,5699,APPAREL,INDIVIDUAL,PUNE,MAHARASHTRA,,,ACTIVE,,True,False,True,False,True,False
MCH4459,suresh-mane,5311,DEPT_STORE,INDIVIDUAL,KOLKATA,WEST_BENGAL,2023-12-25 00:00:00,6103544959,INACTIVE,3983.0,True,True,False,False,False,False
MCH8968,"Mukherjee,MorarandDesai",5411,KIRANA,INDIVIDUAL,AMRITSAR,PUNJAB,,,ACTIVE,8122.94,True,False,False,False,True,False
MCH7653,Sama-Yogi,5999,MISCELLANEOUS,SOLE_PROPRIETOR,HYD,TELANGANA,2025-01-05 00:00:00,,ACTIVE,1041.79,True,False,False,False,False,False
MCH4055,rai plc,5812,RESTAURANT,PRIVATE_LIMITED,LUDHIANA,PUNJAB,2023-08-12 00:00:00,XXXX0097,ACTIVE,283.42,True,False,False,False,False,False
MCH4624,"Loke, Swamy and Mishra",5411,GROCERIES,SOLE_PROPRIETOR,BLR,KARNATAKA,,,ACTIVE,228.0,True,False,False,False,True,False
MCH7281,Kalita-Mistry,4814,MOBILE_RECHARGE,PRIVATE_LIMITED,HYDERABAD,TELANGANA,2024-11-24 00:00:00,XXXX5201,ACTIVE,2941.71,True,False,False,False,False,False
MCH2154,"Chhabra, Walla and Ramakrishnan",05942,BOOK_STORE,SOLE_PROPRIETOR,LUDHIANA,PUNJAB,2023-10-28 00:00:00,,INACTIVE,1662.0,False,False,False,False,False,False
MCH7501,Jayaraman Inc,5311,DEPARTMENT_STORE,PARTNERSHIP,CALCUTTA,WEST_BENGAL,,XXXX9347,ACTIVE,2898.16,True,False,False,False,True,False
MCH6091,Dutt-Nair,5699,CLOTHS,PRIVATE_LIMITED,KOLKATA,WEST_BENGAL,2023-01-30 00:00:00,9792145375,ACTIVE,1466.59,True,True,False,False,False,False
MCH7930,"Boase, Barman and Virk",5812,EATING_PLACE,PRIVATE_LIMITED,AMRITSAR,PUNJAB,,,ACTIVE,1076.5,True,False,False,False,True,False
MCH7549,Narayan PLC,07011,HOTELS,SOLE_PROPRIETOR,KOLKATA,WEST_BENGAL,2023-02-22 04:38:14,8324142833,INACTIVE,2720.0,False,True,False,False,False,False
MCH3172,KumarandSons,5311,DEPARTMENT_STORE,PARTNERSHIP,AMRITSAR,PUNJAB,2026-01-14 00:00:00,,ACTIVE,3144.22,True,False,False,False,False,False
MCH1063,"Samra, Sur and Venkataraman",5999,RETAIL_OTHER,PRIVATE_LIMITED,CHENNAI,TAMIL_NADU,2023-06-13 00:00:00,2476053551,ACTIVE,1297.7,True,True,False,False,False,False
MCH4599,Majumdar-Choudhary,,GROCERIES,PRIVATE_LIMITED,MUMBAI,MAHARASHTRA,,5607530943,INACTIVE,1341.81,False,True,False,False,True,False
MCH8345,"Srinivas, Bali and Bhatt",7011,HOTEL_LODGING,SOLE_PROPRIETOR,JALANDHAR,PUNJAB,2023-02-08 02:01:40,,INACTIVE,1909.16,True,False,False,False,False,False
MCH7846,Chad-Gole,,MISCELLANEOUS,INDIVIDUAL,MUMBAI,MAHARASHTRA,2023-08-24 00:00:00,XXXX4268,ACTIVE,228.0,False,False,False,False,False,False
MCH9302,Savant-Dave,5311,DEPARTMENT_STORES,PARTNERSHIP,BLR,KARNATAKA,2025-08-17 00:00:00,,ACTIVE,543.56,True,False,False,False,False,False
MCH3072,Varkey-Shanker,5999,MISCELLANEOUS,PARTNERSHIP,MUMBAI,MAHARASHTRA,2024-11-30 00:00:00,,INACTIVE,852.87,True,False,False,False,False,False
MCH9136,Mody Ltd,5411,GROCERY_STORES,INDIVIDUAL,MADRAS,TAMIL_NADU,2024-07-10 00:00:00,MHEB9502738400073,ACTIVE,1976.5,True,True,False,False,False,False
MCH3328,"NARANG, LAL AND BHALLA",5942,BOOKS_STATIONERY,SOLE_PROPRIETOR,KOLKATA,WEST_BENGAL,2024-10-20 00:00:00,XXXX6467,ACTIVE,3697.78,True,False,False,False,False,False
MCH8145,Dhi110n LLC,7011,HOTEL,PRIVATE_LIMITED,CHENNAI,TAMIL_NADU,,,ACTIVE,180.43,True,False,False,False,True,False
MCH7298,"SANGHA, SANGHA AND KULKARNI",5411,GROCERIES,INDIVIDUAL,DELHI,DELHI,2024-01-28 17:48:18,VEZZ6158628097451,ACTIVE,1661.92,True,True,False,False,False,False
MCH6825,Viswanathan Ltd,5912,CHEMIST,PARTNERSHIP,MUMBAI,MAHARASHTRA,,7090133493,ACTIVE,1083.22,True,True,False,False,True,False
MCH5704,Biswas-Yohannan,7011,HOTEL,SOLE_PROPRIETOR,CALCUTTA,WEST_BENGAL,,XXXX3443,ACTIVE,751.57,True,False,False,False,False,False
MCH3055,"Batta, Sha and Dugar",7011,HOTEL,PRIVATE_LIMITED,MADRAS,TAMIL_NADU,2025-08-18 17:51:00,XXXX2455,ACTIVE,262.1,True,False,False,False,False,False
MCH1420,"Hayer, Malhotra and Dugar",5311,RETAIL,INDIVIDUAL,PUNE,MAHARASHTRA,2023-07-08 22:38:55,XXXX5505,ACTIVE,1649.54,True,False,False,False,False,False
MCH3796,Swaminathan Ltd,5699,CLOTHS,PARTNERSHIP,POONA,MAHARASHTRA,2023-02-04 20:17:32,,ACTIVE,1024.22,True,False,False,False,False,False
MCH1617,Cherian LLC,05311,DEPT_STORE,INDIVIDUAL,HYDERABAD,TELANGANA,2024-02-09 07:13:57,4300505477,ACTIVE,,False,True,True,False,False,False
MCH6743,Patla Inc,4814,MOBILE_RECHARGE,PRIVATE_LIMITED,MUMBAI,MAHARASHTRA,2026-02-20 00:00:00,EOKT5528330953242,ACTIVE,,True,True,False,False,False,False
MCH9220,"Agate,BoaseandKurian",04131,TRAVEL,SOLE_PROPRIETOR,DELHI,DELHI,,XXXX4686,INACTIVE,,False,False,True,False,False,False
MCH3161,Mittal-Bawa,5999,OTHER,PRIVATE_LIMITED,JALANDAR,PUNJAB,2023-04-01 15:06:38,,ACTIVE,2703.14,True,False,False,False,False,False
MCH7111,Kohli-Zachariah,5411,KIRANA,PARTNERSHIP,LDH,PUNJAB,,XXXX9398,ACTIVE,585.6,True,False,False,False,True,False
MCH9665,Baria and Sons,5699,FASHION,SOLE_PROPRIETOR,CHENNAI,TAMIL_NADU,,VFLG7914496362461,SUSPENDED,4561.8,True,True,False,False,True,False
MCH3594,Om-Tiwari,,BUS_TAXI,PARTNERSHIP,POONA,MAHARASHTRA,2024-07-28 00:22:00,VPIP7717372044916,ACTIVE,,False,True,True,False,False,False
MCH2094,Ratti Ltd,05411,GROCERY,SOLE_PROPRIETOR,BENGALURU,KARNATAKA,,2357394958,ACTIVE,4897.48,False,True,False,False,False,False
MCH6255,"GUPTA, KIBE AND AURORA",7011,HOSPITALITY,PARTNERSHIP,LUCKNOW,UTTAR_PRADESH,2023-10-31 04:07:14,5876602681,ACTIVE,3182.0,True,True,False,False,False,False
MCH5278,"Sarraf, Peri and Ratti",5999,MISC_RETAIL,PRIVATE_LIMITED,KOLKATA,WEST_BENGAL,2025-04-27 00:00:00,,ACTIVE,1446.64,True,False,False,False,False,False
MCH3559,Chokshi Inc,5812,FOOD,PRIVATE_LIMITED,BENGALURU,KARNATAKA,2024-12-23 00:00:00,XXXX5330,ACTIVE,,True,False,True,False,False,False
MCH3567,"Ahuja, Mody and Radhakrishnan",5411,GROCERY_STORES,SOLE_PROPRIETOR,LKO,UTTAR_PRADESH,2023-09-24 03:33:54,,ACTIVE,1060.67,True,False,False,False,False,False
MCH7164,"Tata, Sachdeva and Palan",4131,BUS_TAXI,INDIVIDUAL,JALANDHAR,PUNJAB,2023-08-10 05:30:25,FKFD7859864387581,ACTIVE,519.18,True,True,False,False,False,False
MCH5245,"Bhatt, Kakar and Boase",5311,RETAIL,INDIVIDUAL,JALANDHAR,PUNJAB,2025-06-27 04:58:08,4405470614,ACTIVE,2923.74,True,True,False,False,False,False
MCH7814,Mallick-Puri,5812,RESTAURANT,SOLE_PROPRIETOR,JAIPUR,RAJASTHAN,,,ACTIVE,,True,False,True,False,True,False
MCH9082,SESHADRI GROUP,5812,EATING_PLACE,SOLE_PROPRIETOR,JAIPUR,RAJASTHAN,2025-11-24 03:08:55,,ACTIVE,862.0,True,False,False,False,False,False
MCH2701,"Prabhakar, Saraf and Mand",7011,HOSPITALITY,PRIVATE_LIMITED,HYDERABAD,TELANGANA,2023-01-25 00:00:00,1250735780,ACTIVE,2599.41,True,True,False,False,False,False
MCH1409,Baral LLC,5912,MEDICAL,INDIVIDUAL,HYD,TELANGANA,,,ACTIVE,,True,False,True,False,True,False
MCH6943,Vyas Group,05699,GARMENTS,INDIVIDUAL,ASR,PUNJAB,2023-04-11 00:00:00,KIUE4469872424797,ACTIVE,,False,True,True,False,False,False
MCH1498,Deo-Mand,5999,RETAIL_OTHER,SOLE_PROPRIETOR,CHENNAI,TAMIL_NADU,,,ACTIVE,1460.33,True,False,False,False,True,False
MCH5367,REDDY-CHAKRABORTY,5699,CLOTHING,SOLE_PROPRIETOR,MUMBAI,MAHARASHTRA,2025-03-01 03:24:42,WHOV7357855523116,ACTIVE,1679.09,True,True,False,False,False,False
MCH7262,Loke LLC,4814,TELECOM,PARTNERSHIP,MUMBAI,MAHARASHTRA,2023-12-13 00:00:00,XXXX0516,ACTIVE,3675.05,True,False,False,False,False,False
MCH2157,"Ramaswamy, Sundaram and Sachdev",4131,TRANSPRT,INDIVIDUAL,HYDERABAD,TELANGANA,2023-05-25 00:00:00,,SUSPENDED,1899.0,True,False,False,False,False,False
MCH7344,Rama-Shukla,05699,CLOTHING,SOLE_PROPRIETOR,HYDERABAD,TELANGANA,2023-10-11 00:00:00,,ACTIVE,1447.45,False,False,False,False,False,False
MCH1047,"natarajan, kashyap and goel",,HOTELS,PRIVATE_LIMITED,KOLKATA,WEST_BENGAL,,XXXX9448,ACTIVE,2594.0,False,False,False,False,True,False
MCH6806,Virk-Batra,7011,HOSPITALITY,SOLE_PROPRIETOR,JPR,RAJASTHAN,2024-01-04 17:25:45,1113737217,ACTIVE,687.46,True,True,False,False,False,False
MCH5704,Bhardwaj and Sons,5942,BOOK_STORE,SOLE_PROPRIETOR,NEW_DELHI,DELHI,2024-03-09 10:41:04,XXXX2621,ACTIVE,885.73,True,False,False,False,False,False
MCH4745,"Krishnamurthy, Nath and Chahal",5699,APPAREL,SOLE_PROPRIETOR,MADRAS,TAMIL_NADU,,,ACTIVE,1604.97,True,False,False,False,False,False
MCH6523,Ramanathan-Wali,5999,OTHER,PRIVATE_LIMITED,BANGALORE,KARNATAKA,2024-08-27 00:00:00,CTGF7705622759501,ACTIVE,2272.75,True,True,False,False,False,False
MCH2450,bail plc,5812,EATING_PLACE,PRIVATE_LIMITED,HYDERABAD,TELANGANA,2024-04-25 12:52:00,XXXX3279,ACTIVE,3923.0,True,False,False,False,False,False
MCH3075,Bedi-Ramanathan,4131,TRANSPRT,INDIVIDUAL,JALANDHAR,PUNJAB,2023-09-29 00:00:00,XXXX7029,ACTIVE,1301.0,True,False,False,False,False,False
MCH9185,Om Ltd,5812,RESTAURANTS,PARTNERSHIP,KOLKATA,WEST_BENGAL,2025-09-22 00:00:00,RKEJ2980134292377,INACTIVE,311.59,True,True,False,False,False,False
MCH9836,"Nori, Malhotra and Deep",7011,HOTEL_LODGING,SOLE_PROPRIETOR,CHENNAI,TAMIL_NADU,,XXXX5684,ACTIVE,3007.0,True,False,False,False,False,False
MCH4421,Sani LLC,5999,RETAIL_OTHER,SOLE_PROPRIETOR,LUDHIANA,PUNJAB,2023-05-15 00:00:00,7724162998,ACTIVE,901.69,True,True,False,False,False,False
MCH6090,Bahl-Ramanathan,07011,HOTEL,SOLE_PROPRIETOR,JALANDAR,PUNJAB,2025-03-10 00:29:05,3270315873,ACTIVE,1685.43,False,True,False,False,False,False
MCH3688,"Nayak, Brar and Sahni",4814,MOBILE_RECHARGE,INDIVIDUAL,MADRAS,TAMIL_NADU,2025-08-20 00:00:00,,SUSPENDED,2787.88,True,False,False,False,False,False
MCH8131,Sekhon-Agrawal,5999,OTHER,PRIVATE_LIMITED,KOLKATA,WEST_BENGAL,2023-05-15 00:00:00,,INACTIVE,5430.66,True,False,False,False,False,False
MCH7276,Talwar-Kant,4131,BUS_TAXI,PARTNERSHIP,JAIPUR,RAJASTHAN,2023-06-23 22:04:06,,ACTIVE,692.16,True,False,False,False,False,False
MCH8018,Lad PLC,5411,KIRANA,PRIVATE_LIMITED,KOLKATA,WEST_BENGAL,2025-03-27 00:00:00,XXXX3019,ACTIVE,655.7,True,False,False,False,False,False
MCH9102,sastry-wali,5942,BOOKS_STATIONERY,PRIVATE_LIMITED,POONA,MAHARASHTRA,2025-06-30 04:03:18,WUTS6822135925592,ACTIVE,1846.0,True,True,False,False,False,False
MCH3017,Ramanathan and Sons,05311,DEPARTMENT_STORES,PARTNERSHIP,DELHI,DELHI,,,ACTIVE,,False,False,True,False,True,False
MCH6051,"Prashad, Date and Sodhi",5311,DEPARTMENT_STORES,PRIVATE_LIMITED,JALANDHAR,PUNJAB,2026-01-18 00:00:00,,ACTIVE,,True,False,True,False,False,False
MCH2917,Edwin-Ahuja,5411,GROCERY_STORES,SOLE_PROPRIETOR,JALANDAR,PUNJAB,2023-06-08 23:40:31,8964022658,INACTIVE,490.0,True,True,False,False,False,False
MCH4977,ARORA-NAYAK,5999,OTHER,INDIVIDUAL,LDH,PUNJAB,,,ACTIVE,1505.38,True,False,False,False,True,False
MCH9418,"BORA, VENKATESH AND LOKE",5411,GROCERIES,INDIVIDUAL,BENGALURU,KARNATAKA,2024-05-22 00:00:00,ZTOW0641939254087,SUSPENDED,1520.21,True,True,False,False,False,False
MCH4114,"Pandya, Jayaraman and Ray",4814,MOBILE_RECHARGE,SOLE_PROPRIETOR,HYDERABAD,TELANGANA,2025-01-15 00:00:00,SSMR5889038460894,INACTIVE,436.15,True,True,False,False,False,False
MCH5963,Mukhopadhyay Ltd,5999,OTHER,PARTNERSHIP,PUNE,MAHARASHTRA,2023-04-09 00:00:00,XXXX5492,INACTIVE,5714.63,True,False,False,False,False,False
MCH8825,"mandal, chaudhari and savant",5699,GARMENTS,INDIVIDUAL,JALANDHAR,PUNJAB,2025-07-27 00:00:00,8501342789,ACTIVE,1817.3,True,True,False,False,False,False
MCH5776,Date-Mangat,7011,HOSPITALITY,PRIVATE_LIMITED,LDH,PUNJAB,2025-01-15 00:00:00,,ACTIVE,,True,False,True,False,False,False
MCH1696,Prakash-Dhar,5411,KIRANA,PARTNERSHIP,BLR,KARNATAKA,,TXHI7483173386178,ACTIVE,567.04,True,True,False,False,True,False
MCH4090,Panchal-Gera,5942,BOOKS,PRIVATE_LIMITED,MUMBAY,MAHARASHTRA,2023-11-23 00:00:00,XXXX0223,INACTIVE,976.5,True,False,False,False,False,False
MCH4440,"Krishna, Bora and Swaminathan",5699,APPAREL,PRIVATE_LIMITED,JALANDAR,PUNJAB,2023-04-29 00:00:00,5872380651,SUSPENDED,749.44,True,True,False,False,False,False
MCH8281,Tara-Mander,4131,BUS_TAXI,PRIVATE_LIMITED,PUNE,MAHARASHTRA,,TEPW4553100153492,ACTIVE,3216.91,True,True,False,False,True,False
MCH4811,"rege, misra and mander",07011,HOSPITALITY,SOLE_PROPRIETOR,ASR,PUNJAB,,,ACTIVE,458.06,False,False,False,False,False,False
MCH1830,shan llc,7011,HOTEL_LODGING,PRIVATE_LIMITED,LUCKNOW,UTTAR_PRADESH,,8821748714,ACTIVE,405.35,True,True,False,False,False,False
MCH8449,Mani-Ramachandran,5912,PHARMACIES,PARTNERSHIP,DELHI,DELHI,2024-12-27 07:20:47,XXXX6183,ACTIVE,461.73,True,False,False,False,False,False
MCH2896,"Date, Sahota and Hayre",4131,TRANSPORT,INDIVIDUAL,MADRAS,TAMIL_NADU,,KPBN8019714054804,ACTIVE,1484.62,True,True,False,False,False,False
MCH1093,"dubey, uppal and bhatt",5812,FOOD_SERVICES,PRIVATE_LIMITED,POONA,MAHARASHTRA,2025-04-26 00:00:00,,INACTIVE,4005.67,True,False,False,False,False,False
MCH9984,Samra and Sons,5942,STATIONERY,PRIVATE_LIMITED,LUDHIANA,PUNJAB,,QLUY8246015665493,ACTIVE,983.46,True,True,False,False,True,False
MCH3008,"Datta, Sarkar and Nori",5311,DEPARTMENT_STORE,PARTNERSHIP,LDH,PUNJAB,2024-11-11 00:00:00,,ACTIVE,,True,False,True,False,False,False
MCH5159,"Boase, Nadkarni and Kala",4131,BUS_TAXI,PRIVATE_LIMITED,JPR,RAJASTHAN,2025-05-18 00:00:00,DDIU4780752450137,ACTIVE,214.1,True,True,False,False,False,False
MCH5333,Rajagopal-Agate,4814,TELECOM,SOLE_PROPRIETOR,ASR,PUNJAB,,,INACTIVE,15510.71,True,False,False,False,False,False
MCH2498,Peri-Sachdeva,7011,HOSPITALITY,INDIVIDUAL,LUCKNOW,UTTAR_PRADESH,2024-07-22 00:00:00,7968546113,ACTIVE,1576.69,True,True,False,False,False,False
MCH4235,NAGAR-SHARMA,5311,RETAIL,SOLE_PROPRIETOR,KOLKATA,WEST_BENGAL,,,ACTIVE,1671.65,True,False,False,False,True,False
MCH6148,KEER AND SONS,04814,PHONE_SERVICE,PRIVATE_LIMITED,KOLKATA,WEST_BENGAL,,,ACTIVE,2790.1,False,False,False,False,True,False
MCH4636,Sura and Sons,5699,APPAREL,PARTNERSHIP,MUMBAI,MAHARASHTRA,2023-12-17 17:58:35,8723730767,ACTIVE,,True,True,False,False,False,False
MCH1124,"Hayre, Chana and Bhasin",5699,CLOTHING,SOLE_PROPRIETOR,JAIPUR,RAJASTHAN,,,ACTIVE,843.01,True,False,False,False,True,False
MCH7828,Jhaveri and Sons,5699,GARMENTS,INDIVIDUAL,KOLKATA,WEST_BENGAL,2026-02-23 00:00:00,3888843924,ACTIVE,3105.54,True,True,False,False,False,False
MCH6277,"MANGAT, KAUR AND GUHA",07011,HOSPITALITY,PARTNERSHIP,NEW_DELHI,DELHI,2024-04-07 03:31:48,,ACTIVE,1786.0,False,False,False,False,False,False
MCH4690,"Dutt, Mukhopadhyay and Dara",5999,OTHER,SOLE_PROPRIETOR,AMRITSAR,PUNJAB,2023-04-24 22:55:00,HYJC1967089654932,SUSPENDED,,True,True,True,False,False,False
MCH8110,Kamdar-Raval,5999,OTHER,PARTNERSHIP,LUCKNOW,UTTAR_PRADESH,2023-07-13 00:00:00,,INACTIVE,768.59,True,False,False,False,False,False
MCH1243,"Buch, Atwal and Roy",5912,MEDICAL_STORE,PARTNERSHIP,LUDHIANA,PUNJAB,,,ACTIVE,1323.94,True,False,False,False,True,False
MCH5851,"Dugar, Shanker and Bedi",,MISCELLANEOUS,SOLE_PROPRIETOR,PUNE,MAHARASHTRA,2024-07-24 00:00:00,,ACTIVE,,False,False,True,False,False,False
MCH4064,"Sastry, Sibal and Rajagopal",4131,TRANSPORTATION,PARTNERSHIP,LUCKNOW,UTTAR_PRADESH,2024-11-23 00:00:00,XXXX7853,INACTIVE,,True,False,True,False,False,False
MCH8389,Thaman Group,UNKNOWN,RESTAURANTS,INDIVIDUAL,MUMBAI,MAHARASHTRA,2024-02-17 16:36:00,XXXX0828,INACTIVE,1716.78,False,False,False,False,False,False
MCH8601,CHAHAL-PAREKH,5812,FOOD,PRIVATE_LIMITED,ASR,PUNJAB,2025-02-20 00:00:00,SPNT7219401023773,ACTIVE,,True,True,True,False,False,False
MCH7997,"Rattan, Naik and Singh",5999,MISCELLANEOUS,INDIVIDUAL,POONA,MAHARASHTRA,2024-05-31 14:52:38,MFLT0388804537888,ACTIVE,,True,True,True,False,False,False
MCH6078,Oza-Srinivasan,04814,TELECOM,INDIVIDUAL,BOMBAY,MAHARASHTRA,2023-10-15 19:51:00,,ACTIVE,4379.06,False,False,False,False,False,False
MCH7058,"Barad,PalandBoase",5311,DEPARTMENT_STORE,INDIVIDUAL,KOLKATA,WEST_BENGAL,,XXXX2802,ACTIVE,1284.51,True,False,False,False,True,False
MCH7042,Halder-Kalla,,MISC_RETAIL,PRIVATE_LIMITED,PUNE,MAHARASHTRA,2023-09-26 00:00:00,,ACTIVE,1230.3,False,False,False,False,False,False
MCH9415,Krishnamurthy-Warrior,7011,HOTELS,SOLE_PROPRIETOR,LUDHIANA,PUNJAB,2023-02-21 00:00:00,,ACTIVE,438.69,True,False,False,False,False,False
MCH4364,SASTRY-SHETTY,4131,TRANSPORT,SOLE_PROPRIETOR,KOLKATA,WEST_BENGAL,2024-06-14 00:00:00,BYKR5512266480306,ACTIVE,1128.0,True,True,False,False,False,False
MCH2120,"Yohannan, Patla and Parmer",7011,HOTEL_LODGING,PARTNERSHIP,DELHI,DELHI,2024-01-01 00:00:00,XXXX7380,ACTIVE,,True,False,True,False,False,False
MCH9778,"chandra, subramanian and borde",5942,BOOK_STORE,PRIVATE_LIMITED,BENGALURU,KARNATAKA,2025-05-20 15:00:27,2832098556,ACTIVE,2313.1,True,True,False,False,False,False
MCH6507,Kadakia PLC,5812,FOOD_SERVICES,PARTNERSHIP,CHENNAI,TAMIL_NADU,,XXXX3350,SUSPENDED,740.55,True,False,False,False,True,False
MCH2730,Nayar and Sons,7011,HOTELS,SOLE_PROPRIETOR,JAIPUR,RAJASTHAN,2023-06-30 00:00:00,,ACTIVE,1113.62,True,False,False,False,False,False
MCH3743,doctor ltd,05912,PHARMACY,SOLE_PROPRIETOR,HYD,TELANGANA,2023-01-16 20:06:00,BRVO9557812490695,ACTIVE,12417.3,False,True,False,False,False,False
MCH9074,Thaman-Ramesh,MISC,KIRANA,PRIVATE_LIMITED,NEW_DELHI,DELHI,,YVFC7381559709766,ACTIVE,2298.62,False,True,False,False,True,False
MCH1730,Buch Ltd,5699,FASHION,INDIVIDUAL,KOLKATA,WEST_BENGAL,2023-04-25 00:00:00,,ACTIVE,813.32,True,False,False,False,False,False
MCH8953,Oak Inc,5912,MEDICAL,PARTNERSHIP,MUMBAI,MAHARASHTRA,2025-04-18 00:00:00,,ACTIVE,,True,False,True,False,False,False
MCH1122,Bakshi and Sons,,DEPARTMENT_STORE,PRIVATE_LIMITED,CHENNAI,TAMIL_NADU,,,ACTIVE,638.59,False,False,False,False,True,False
MCH5281,RAMASWAMY-BHANDARI,5411,KIRANA,PARTNERSHIP,BANGALORE,KARNATAKA,2023-04-04 00:00:00,,ACTIVE,113.91,True,False,False,False,False,False
MCH1336,"NARAYANAN, ANAND AND KALITA",5999,OTHER,SOLE_PROPRIETOR,LUDHIANA,PUNJAB,,XXXX4236,ACTIVE,699.0,True,False,False,False,False,False
MCH1921,Raj LLC,5999,MISCELLANEOUS,PARTNERSHIP,LUCKNOW,UTTAR_PRADESH,2024-02-12 00:00:00,5917860419,ACTIVE,2280.24,True,True,False,False,False,False
MCH3795,Sinha-Ramesh,4814,TELECOM,PARTNERSHIP,HYDERABAD,TELANGANA,2024-06-19 00:00:00,XXXX9092,ACTIVE,1083.1,True,False,False,False,False,False
MCH7236,"Ramanathan, Varkey and Iyengar",5812,RESTAURANT,PARTNERSHIP,LUDHIANA,PUNJAB,2024-01-17 20:37:00,8807064129,ACTIVE,843.44,True,True,False,False,False,False
MCH7057,"Lad, Kala and Bhagat",4814,TELECOM,PARTNERSHIP,JAIPUR,RAJASTHAN,,,ACTIVE,1333.8,True,False,False,False,True,False
MCH9560,Puri-Ahluwalia,5999,MISC_RETAIL,PARTNERSHIP,LUDHIANA,PUNJAB,2025-06-21 05:09:56,XXXX3305,ACTIVE,1176.68,True,False,False,False,False,False
MCH3129,"Ghose,HariandGarde",5411,GROCERY_STORE,SOLE_PROPRIETOR,LUDHIANA,PUNJAB,2025-06-27 03:24:00,GWXI4589298577824,ACTIVE,1908.27,True,True,False,False,False,False
MCH8549,"Tandon, Tella and Srinivas",5311,DEPARTMENT_STORE,PARTNERSHIP,JALANDHAR,PUNJAB,2025-09-22 11:22:00,,ACTIVE,,True,False,True,False,False,False
MCH3163,Hora-Peri,5999,RETAIL_OTHER,PARTNERSHIP,KOLKATA,WEST_BENGAL,2025-08-22 19:53:51,CRLP7276100496707,ACTIVE,,True,True,False,False,False,False
MCH5857,"VARUGHESE, VORA AND CHOKSHI",4814,TELECOM,INDIVIDUAL,LUCKNOW,UTTAR_PRADESH,2025-11-21 00:00:00,,INACTIVE,687.33,True,False,False,False,False,False
MCH6200,"Kapadia, Bail and Badal",04131,TRAVEL,PRIVATE_LIMITED,CHENNAI,TAMIL_NADU,,,ACTIVE,1183.13,False,False,False,False,True,False
MCH3328,Yadav and Sons,4814,TELECOM,PARTNERSHIP,LKO,UTTAR_PRADESH,2023-04-20 00:00:00,FIFX0642566792123,ACTIVE,1324.81,True,True,False,False,False,False
MCH5631,"Bhattacharyya, Behl and Barad",5699,CLOTHS,SOLE_PROPRIETOR,BANGALORE,KARNATAKA,2025-08-30 16:56:41,XXXX1656,ACTIVE,857.0,True,False,False,False,False,False
MCH9430,"Shetty, Pau and Chhabra",4814,PHONE_SERVICE,PARTNERSHIP,POONA,MAHARASHTRA,2023-10-31 00:00:00,,ACTIVE,927.24,True,False,False,False,False,False
MCH4211,Amb1e-Saha,,GROCERIES,SOLE_PROPRIETOR,DILLI,DELHI,2023-06-27 00:00:00,,ACTIVE,525.0,False,False,False,False,False,False
MCH8076,Seshadri LLC,5942,BOOKS,PARTNERSHIP,JAIPUR,RAJASTHAN,2025-02-21 13:03:15,,INACTIVE,4406.44,True,False,False,False,False,False
MCH6366,"hora, edwin and zacharia",4814,MOBILE_RECHARGE,SOLE_PROPRIETOR,LUDHIANA,PUNJAB,2025-03-29 00:00:00,8367872742,ACTIVE,780.59,True,True,False,False,False,False
MCH3637,Pai-Parikh,05812,EATING_PLACE,SOLE_PROPRIETOR,HYDERABAD,TELANGANA,2024-06-26 00:00:00,,ACTIVE,3420.81,False,False,False,False,False,False
MCH8446,Kuruvi11a Gr0up,5999,MISCELLANEOUS,SOLE_PROPRIETOR,MADRAS,TAMIL_NADU,2025-07-07 00:00:00,,ACTIVE,979.24,True,False,False,False,False,False
MCH1454,Mishra-Batra,5999,OTHER,SOLE_PROPRIETOR,HYD,TELANGANA,,ARMV5646544388660,ACTIVE,163.44,True,True,False,False,True,False
MCH8038,"sane, bir and singhal",5311,DEPARTMENT_STORE,INDIVIDUAL,AMRITSAR,PUNJAB,,,INACTIVE,1346.16,True,False,False,False,False,False
MCH7919,"Dugar, Buch and Bhatti",5812,RESTAURANT,PRIVATE_LIMITED,HYD,TELANGANA,2023-11-17 17:05:00,,ACTIVE,3138.05,True,False,False,False,False,False
MCH1968,Shroff-Mani,,KIRANA,PARTNERSHIP,MUMBAI,MAHARASHTRA,,FIQR5425866491953,ACTIVE,1674.0,False,True,False,False,True,False
MCH7955,"Andra, Oommen and Salvi",5699,GARMENTS,PARTNERSHIP,ASR,PUNJAB,,XXXX5039,ACTIVE,,True,False,True,False,True,False
MCH4102,Dass LLC,5912,CHEMIST,PARTNERSHIP,KOLKATA,WEST_BENGAL,2026-02-19 00:00:00,XXXX9287,ACTIVE,375.32,True,False,False,False,False,False
MCH9153,Amble and Sons,4131,BUS_TAXI,SOLE_PROPRIETOR,ASR,PUNJAB,,RQJV0029687316825,ACTIVE,,True,True,False,False,True,False
MCH2724,Saha Group,,DEPARTMENT_STORE,INDIVIDUAL,JAIPUR,RAJASTHAN,2026-02-09 01:33:05,LOPJ0201883436603,INACTIVE,,False,True,False,False,False,False
MCH2237,Chatterjee-Din,4814,TELECOM,SOLE_PROPRIETOR,LUCKNOW,UTTAR_PRADESH,2023-01-23 00:00:00,4350832934,ACTIVE,,True,True,False,False,False,False
MCH6630,"Kalla, Vyas and Lanka",5942,STATIONERY,SOLE_PROPRIETOR,JPR,RAJASTHAN,,,ACTIVE,257.87,True,False,False,False,False,False
MCH3512,"Bhatti, Khosla and Chhabra",,PHONE_SERVICE,PRIVATE_LIMITED,AMRITSAR,PUNJAB,2023-05-04 23:36:19,,ACTIVE,1112.0,False,False,False,False,False,False
MCH2196,Badal-Ghosh,4131,TRANSPRT,INDIVIDUAL,DELHI,DELHI,2024-04-07 00:00:00,XXXX7232,ACTIVE,188.84,True,False,False,False,False,False
MCH4340,"Nadig, Kothari and Khalsa",7011,HOTELS,PARTNERSHIP,MUMBAI,MAHARASHTRA,,,ACTIVE,1756.35,True,False,False,False,False,False
MCH5546,"Brar, Rajan and Bhat",4814,PHONE_SERVICE,PRIVATE_LIMITED,BENGALURU,KARNATAKA,2024-10-16 00:00:00,,ACTIVE,843.23,True,False,False,False,False,False
MCH6998,Jani-Nayak,5311,DEPT_STORE,INDIVIDUAL,DELHI,DELHI,2026-01-27 00:00:00,,ACTIVE,3349.13,True,False,False,False,False,False
MCH6746,"Tank, Chanda and Kothari",5411,GROCERY_STORES,PRIVATE_LIMITED,LUDHIANA,PUNJAB,2024-02-04 00:00:00,2882499145,ACTIVE,2445.51,True,True,False,False,False,False
MCH6730,"Babu, Sarma and Setty",5912,CHEMIST,PARTNERSHIP,LUCKNOW,UTTAR_PRADESH,2023-10-28 00:00:00,XXXX4738,ACTIVE,1118.53,True,False,False,False,False,False
MCH8982,deo-nath,5812,FOOD_SERVICES,PRIVATE_LIMITED,AMRITSAR,PUNJAB,2023-07-18 09:15:26,,ACTIVE,1840.43,True,False,False,False,False,False
MCH8725,Ganesan Inc,5411,GROCERY_STORES,PRIVATE_LIMITED,JALANDAR,PUNJAB,2023-02-24 14:18:57,,INACTIVE,,True,False,True,False,False,False
MCH9946,Jain LLC,5912,MEDICAL,PARTNERSHIP,PUNE,MAHARASHTRA,2024-12-10 16:23:14,WESP3308956963595,ACTIVE,1421.0,True,True,False,False,False,False
MCH9406,Goyal-Bhakta,5912,MEDICAL_STORE,INDIVIDUAL,DILLI,DELHI,2023-11-20 00:00:00,,ACTIVE,280.93,True,False,False,False,False,False
MCH6520,Manda-Shah,5912,MEDICAL_STORE,INDIVIDUAL,KOLKATA,WEST_BENGAL,,,ACTIVE,1457.02,True,False,False,False,True,False
MCH1959,"Barad, Bala and Chad",5999,RETAIL_OTHER,INDIVIDUAL,PUNE,MAHARASHTRA,2025-10-12 19:55:24,,ACTIVE,578.42,True,False,False,False,False,False
MCH1388,"Kala, Kunda and Pandit",5912,MEDICAL,SOLE_PROPRIETOR,BENGALURU,KARNATAKA,2025-07-22 00:00:00,PZDL0297294331143,ACTIVE,3155.43,True,True,False,False,False,False
MCH6155,"Varghese, Mahal and Nadkarni",5812,RESTAURANTS,PRIVATE_LIMITED,JAIPUR,RAJASTHAN,2024-07-20 05:18:20,MGRT6859674527943,ACTIVE,,True,True,False,False,False,False
MCH9459,BATTA-HANDA,4131,TRANSPORT,PARTNERSHIP,HYDERABAD,TELANGANA,,,ACTIVE,11281.97,True,False,False,False,True,False
MCH7735,Nanda PLC,05912,CHEMIST,INDIVIDUAL,KOLKATA,WEST_BENGAL,,4101693364,ACTIVE,763.99,False,True,False,False,False,False
MCH9609,Saran-Iyengar,,RESTAURANT,SOLE_PROPRIETOR,BENGALURU,KARNATAKA,2023-11-14 00:00:00,,ACTIVE,3223.75,False,False,False,False,False,False
MCH6450,Mishra PLC,5411,KIRANA,INDIVIDUAL,MADRAS,TAMIL_NADU,2024-04-02 01:49:04,,INACTIVE,,True,False,False,False,False,False
MCH8365,Banik PLC,5999,MISCELLANEOUS,PRIVATE_LIMITED,JALANDHAR,PUNJAB,,XXXX2609,ACTIVE,3523.0,True,False,False,False,True,False
MCH1756,Ben and Sons,5999,MISCELLANEOUS,PRIVATE_LIMITED,HYDERABAD,TELANGANA,2023-08-02 00:00:00,XXXX4519,ACTIVE,1706.9,True,False,False,False,False,False
MCH2092,"Dubey, Tara and Thaker",04131,TRANSPORTATION,INDIVIDUAL,KOLKATA,WEST_BENGAL,2023-11-09 00:00:00,6682311847,ACTIVE,1262.97,False,True,False,False,False,False
MCH9067,Korpal-Som,4814,TELECOM,PRIVATE_LIMITED,AMRITSAR,PUNJAB,,5383470268,INACTIVE,1246.81,True,True,False,False,True,False
MCH1751,"Keer, Dara and Gour",5942,BOOKS_STATIONERY,INDIVIDUAL,LDH,PUNJAB,2023-06-29 00:00:00,,SUSPENDED,1719.3,True,False,False,False,False,False
MCH8437,Sinha LLC,7011,HOTEL_LODGING,SOLE_PROPRIETOR,KOLKATA,WEST_BENGAL,2025-12-04 08:30:12,,INACTIVE,761.27,True,False,False,False,False,False
MCH3541,"SRIVASTAVA, TELLA AND KONDA",4814,MOBILE_RECHARGE,PRIVATE_LIMITED,DELHI,DELHI,2024-10-31 00:00:00,XXXX6960,ACTIVE,2341.43,True,False,False,False,False,False
MCH8777,Kibe PLC,7011,HOTEL,PARTNERSHIP,MUMBAI,MAHARASHTRA,2023-06-16 00:00:00,3399976956,INACTIVE,1945.67,True,True,False,False,False,False
MCH1806,dugar-rege,5912,CHEMIST,PRIVATE_LIMITED,NEW_DELHI,DELHI,,7841679256,SUSPENDED,1498.0,True,True,False,False,False,False
MCH8692,"Dubey, Nair and Bobal",5812,EATING_PLACE,SOLE_PROPRIETOR,LUDHIANA,PUNJAB,2023-04-17 00:00:00,9956125917,ACTIVE,2839.54,True,True,False,False,False,False
MCH9009,Badami-Sani,5411,GROCERIES,INDIVIDUAL,MUMBAY,MAHARASHTRA,2024-03-31 00:00:00,XXXX8465,ACTIVE,1732.46,True,False,False,False,False,False
MCH9975,Nadkarni-Sane,5999,MISC_RETAIL,SOLE_PROPRIETOR,NEW_DELHI,DELHI,2025-08-02 00:00:00,XXXX7415,SUSPENDED,4465.19,True,False,False,False,False,False
MCH6473,Tata Group,5812,RESTAURANTS,PRIVATE_LIMITED,LKO,UTTAR_PRADESH,2023-04-09 00:00:00,3128582685,SUSPENDED,2924.69,True,True,False,False,False,False
MCH2915,"Vohra, Pathak and Bumb",5912,PHARMACIES,INDIVIDUAL,KOLKATA,WEST_BENGAL,,,ACTIVE,459.58,True,False,False,False,True,False
MCH1782,Kari PLC,5411,GROCERY,SOLE_PROPRIETOR,MUMBAI,MAHARASHTRA,2024-06-26 00:00:00,,ACTIVE,,True,False,True,False,False,False
MCH3487,Soni and Sons,5912,MEDICAL,SOLE_PROPRIETOR,LUCKNOW,UTTAR_PRADESH,2023-05-16 03:23:00,XXXX5287,ACTIVE,1671.71,True,False,False,False,False,False
MCH5423,"Chanda, Mallick and Butala",5311,DEPARTMENT_STORE,SOLE_PROPRIETOR,JAIPUR,RAJASTHAN,2024-08-25 00:00:00,XXXX3345,ACTIVE,458.56,True,False,False,False,False,False
MCH4431,"Wali, Zachariah and Toor",5411,GROCERY_STORE,SOLE_PROPRIETOR,BOMBAY,MAHARASHTRA,2023-05-13 00:00:00,,SUSPENDED,3595.68,True,False,False,False,False,False
MCH5565,Chatterjee and Sons,5411,GROCERY,SOLE_PROPRIETOR,POONA,MAHARASHTRA,,NMWT6772454974745,ACTIVE,1083.09,True,True,False,False,True,False
MCH7273,Keer and S0ns,7011,HOTEL_LODGING,PRIVATE_LIMITED,CHENNAI,TAMIL_NADU,2024-08-24 09:54:21,,ACTIVE,3146.24,True,False,False,False,False,False
MCH2133,Bose-Saraf,5999,MISC_RETAIL,SOLE_PROPRIETOR,MUMBAI,MAHARASHTRA,2024-09-19 00:00:00,6035698626,SUSPENDED,,True,True,True,False,False,False
MCH9278,Oza-Gera,4131,TRANSPORT,PARTNERSHIP,MUMBAI,MAHARASHTRA,2024-04-20 00:00:00,,ACTIVE,13241.0,True,False,False,False,False,False
MCH7204,Thaman Ltd,,STATIONERY,INDIVIDUAL,JALANDHAR,PUNJAB,2023-09-05 00:00:00,,ACTIVE,937.0,False,False,False,False,False,False
MCH6107,"Bhattacharyya, Narayanan and Samra",05812,FOOD,PARTNERSHIP,PUNE,MAHARASHTRA,2025-02-21 00:00:00,,ACTIVE,1215.85,False,False,False,False,False,False
MCH6541,"Mahal, Panchal and Doshi",5912,CHEMIST,INDIVIDUAL,MUMBAY,MAHARASHTRA,2024-06-12 16:15:10,XXXX5174,ACTIVE,307.0,True,False,False,False,False,False
MCH6607,Bedi-Bhandari,05812,FOOD,SOLE_PROPRIETOR,LUDHIANA,PUNJAB,2023-12-30 00:00:00,,ACTIVE,1203.0,False,False,False,False,False,False
MCH3281,Thakur-Gade,5912,PHARMACY,SOLE_PROPRIETOR,DILLI,DELHI,,XXXX4216,INACTIVE,432.42,True,False,False,False,False,False
MCH6843,Gupta Gr0up,05942,BOOK_STORE,SOLE_PROPRIETOR,JAIPUR,RAJASTHAN,,WRES2664733004628,ACTIVE,825.48,False,True,False,False,False,False
MCH3093,Keer Inc,4814,MOBILE_RECHARGE,INDIVIDUAL,JALANDHAR,PUNJAB,,5623610175,INACTIVE,,True,True,True,False,False,False
MCH8879,Raju and Sons,,MEDICAL_STORE,SOLE_PROPRIETOR,LUCKNOW,UTTAR_PRADESH,2023-08-30 05:18:50,,ACTIVE,906.0,False,False,False,False,False,False
MCH4994,"Uppal, Bawa and Gera",05812,EATING_PLACE,SOLE_PROPRIETOR,DELHI,DELHI,2023-04-21 00:00:00,,ACTIVE,1710.0,False,False,False,False,False,False
MCH4322,Patla PLC,4814,TELECOM,PRIVATE_LIMITED,PUNE,MAHARASHTRA,2025-10-17 00:00:00,XXXX9948,ACTIVE,274.0,True,False,False,False,False,False
MCH1865,Chandra-Pandey,5942,BOOKS,INDIVIDUAL,PUNE,MAHARASHTRA,2025-11-15 00:00:00,,ACTIVE,3847.74,True,False,False,False,False,False
MCH6213,Sangha LLC,,RETAIL_OTHER,PRIVATE_LIMITED,DELHI,DELHI,,,ACTIVE,722.0,False,False,False,False,True,False
MCH5518,Bhalla-Chaudhuri,5812,FOOD,INDIVIDUAL,LKO,UTTAR_PRADESH,2025-04-19 00:00:00,,ACTIVE,1038.42,True,False,False,False,False,False
MCH5484,Vasa PLC,7011,HOTEL_LODGING,INDIVIDUAL,LUCKNOW,UTTAR_PRADESH,,KFFT4078081558704,ACTIVE,,True,True,False,False,True,False
MCH1591,Ramaswamy-Babu,5311,DEPT_STORE,PARTNERSHIP,AMRITSAR,PUNJAB,2024-04-18 00:00:00,,ACTIVE,1638.46,True,False,False,False,False,False
MCH4273,Bava Group,5999,MISC_RETAIL,PRIVATE_LIMITED,LUDHIANA,PUNJAB,2024-12-28 15:12:00,OCKK9490643242644,INACTIVE,2773.64,True,True,False,False,False,False
MCH4101,"Sani, Ben and Subramaniam",5311,DEPARTMENT_STORES,PRIVATE_LIMITED,PUNE,MAHARASHTRA,2025-10-20 20:35:21,XXXX9217,ACTIVE,1377.51,True,False,False,False,False,False
MCH6102,"hayre, peri and sura",7011,HOTEL,PRIVATE_LIMITED,LUDHIANA,PUNJAB,2024-01-26 00:00:00,FLWX5559304020457,ACTIVE,,True,True,True,False,False,False
MCH5160,subramanian inc,7011,HOTEL,PARTNERSHIP,AMRITSAR,PUNJAB,2025-11-17 00:00:00,,ACTIVE,1435.76,True,False,False,False,False,False
MCH1101,Seshadri-Rajagopalan,4814,PHONE_SERVICE,INDIVIDUAL,CALCUTTA,WEST_BENGAL,2023-06-28 00:00:00,,INACTIVE,3516.26,True,False,False,False,False,False
MCH7517,"Banik, Kamdar and Dada",5699,CLOTHS,INDIVIDUAL,ASR,PUNJAB,2025-07-20 00:00:00,YYXV9001319720217,ACTIVE,2046.69,True,True,False,False,False,False
MCH6187,"Shanker, Sastry and Rattan",4131,TRAVEL,INDIVIDUAL,DILLI,DELHI,2025-11-17 00:00:00,,ACTIVE,327.19,True,False,False,False,False,False
MCH8614,Singhal Group,5912,MEDICAL,SOLE_PROPRIETOR,BLR,KARNATAKA,2025-03-27 00:00:00,XXXX4582,ACTIVE,4570.35,True,False,False,False,False,False
MCH6390,barman plc,UNKNOWN,MEDICAL_STORE,INDIVIDUAL,KOLKATA,WEST_BENGAL,2023-11-24 00:00:00,XXXX9714,ACTIVE,,False,False,True,False,False,False
MCH4835,Hari Inc,5912,MEDICAL_STORE,INDIVIDUAL,HYDERABAD,TELANGANA,,XXXX3222,ACTIVE,348.86,True,False,False,False,True,False
MCH2731,Krishna-Kumar,5311,DEPARTMENT_STORE,PRIVATE_LIMITED,LUDHIANA,PUNJAB,2025-12-18 00:00:00,XXXX8549,ACTIVE,1031.53,True,False,False,False,False,False
MCH5040,Lala-Pandit,5411,GROCERY_STORES,INDIVIDUAL,KOLKATA,WEST_BENGAL,,,ACTIVE,709.71,True,False,False,False,False,False
MCH4086,"Kannan, Varghese and Lalla",5311,RETAIL,PRIVATE_LIMITED,MUMBAI,MAHARASHTRA,,0493830742,ACTIVE,1459.96,True,True,False,False,True,False
MCH1033,Sidhu and Sons,4814,PHONE_SERVICE,INDIVIDUAL,JALANDHAR,PUNJAB,2023-09-11 00:00:00,WXKC0706100279623,ACTIVE,1871.48,True,True,False,False,False,False
MCH6360,"Desai, Shroff and Goel",7011,HOTEL,PRIVATE_LIMITED,JALANDHAR,PUNJAB,2025-11-11 00:00:00,7990572488,INACTIVE,635.23,True,True,False,False,False,False
MCH7514,Ahuja-Bobal,5311,RETAIL,SOLE_PROPRIETOR,LUCKNOW,UTTAR_PRADESH,2024-04-19 10:36:48,,ACTIVE,1943.52,True,False,False,False,False,False
MCH1193,"Padmanabhan, Sekhon and Dhawan",5812,RESTAURANTS,PARTNERSHIP,LUCKNOW,UTTAR_PRADESH,2025-01-16 00:00:00,,ACTIVE,1712.05,True,False,False,False,False,False
MCH1154,"oommen, tata and randhawa",,HOTEL,PARTNERSHIP,KOLKATA,WEST_BENGAL,2025-04-18 00:00:00,RBFJ6015227406897,ACTIVE,655.3,False,True,False,False,False,False
MCH6256,MANDA INC,5912,PHARMACY,PARTNERSHIP,LUDHIANA,PUNJAB,2024-09-27 22:23:00,,ACTIVE,574.96,True,False,False,False,False,False
MCH8337,padmanabhan-nanda,5999,MISC_RETAIL,INDIVIDUAL,BLR,KARNATAKA,2024-08-20 08:14:01,OIGZ3615629643358,ACTIVE,694.67,True,True,False,False,False,False
MCH9797,"Basu, Kota and Hora",7011,HOTEL_LODGING,INDIVIDUAL,JAIPUR,RAJASTHAN,,,ACTIVE,3455.43,True,False,False,False,False,False
MCH8939,"DHAWAN, KAMDAR AND DALAL",5812,RESTAURANTS,INDIVIDUAL,BANGALORE,KARNATAKA,2023-01-06 17:37:02,0807622113,ACTIVE,729.0,True,True,False,False,False,False
MCH6112,LUTHRA-GROVER,5942,BOOKS,PARTNERSHIP,JAIPUR,RAJASTHAN,2024-06-22 00:00:00,,ACTIVE,1366.0,True,False,False,False,False,False
MCH8308,"Ganguly, Raj and Keer",,MOBILE_RECHARGE,INDIVIDUAL,ASR,PUNJAB,,5508076719,ACTIVE,3204.8,False,True,False,False,True,False
MCH6493,"SUBRAMANIAM, PRASHAD AND PARMER",,BUS_TAXI,SOLE_PROPRIETOR,MUMBAY,MAHARASHTRA,2025-04-13 00:00:00,XXXX8820,INACTIVE,,False,False,False,False,False,False
MCH2825,Ku1karni Inc,4814,PHONE_SERVICE,INDIVIDUAL,LUDHIANA,PUNJAB,2023-07-18 00:00:00,QGWN3520325181186,ACTIVE,1291.01,True,True,False,False,False,False
MCH2404,Mutti-Seshadri,5411,GROCERY_STORE,INDIVIDUAL,LUDHIANA,PUNJAB,2026-01-13 07:54:00,,ACTIVE,233.4,True,False,False,False,False,False
MCH7912,Som-Mistry,,MISC_RETAIL,PARTNERSHIP,JAIPUR,RAJASTHAN,2025-08-29 09:32:35,,ACTIVE,,False,False,False,False,False,False
MCH4674,Sachar-Loke,5699,APPAREL,PRIVATE_LIMITED,JALANDHAR,PUNJAB,,,ACTIVE,1222.52,True,False,False,False,False,False
MCH3705,Vig Ltd,5942,STATIONERY,INDIVIDUAL,CHENNAI,TAMIL_NADU,,,ACTIVE,1102.78,True,False,False,False,False,False
MCH3637,"Lalla, Deep and Sama",5699,FASHION,INDIVIDUAL,POONA,MAHARASHTRA,2023-05-27 00:00:00,GKWZ9818461335290,ACTIVE,560.03,True,True,False,False,False,False
MCH8553,Kumar and Sons,5411,GROCERY_STORES,PARTNERSHIP,JALANDHAR,PUNJAB,2025-11-15 00:00:00,,ACTIVE,1412.27,True,False,False,False,False,False
MCH1071,ShankarGroup,7011,HOTEL,INDIVIDUAL,MUMBAI,MAHARASHTRA,2024-06-23 13:38:43,6765564160,ACTIVE,,True,True,True,False,False,False
MCH7862,Pandit-Ratti,05912,MEDICAL_STORE,INDIVIDUAL,AMRITSAR,PUNJAB,2023-04-23 00:00:00,,ACTIVE,558.23,False,False,False,False,False,False
MCH7965,Magar-Kant,5311,DEPARTMENT_STORES,SOLE_PROPRIETOR,PUNE,MAHARASHTRA,2024-05-13 00:00:00,XXXX3832,ACTIVE,567.32,True,False,False,False,False,False
MCH3269,Kara-Ramaswamy,,EATING_PLACE,PARTNERSHIP,POONA,MAHARASHTRA,2023-12-07 00:00:00,,ACTIVE,1481.0,False,False,False,False,False,False
MCH2501,ravel inc,,PHARMACIES,PARTNERSHIP,LUDHIANA,PUNJAB,2024-08-13 00:00:00,XXXX9432,ACTIVE,2494.94,False,False,False,False,False,False
MCH5502,KAUL-NAYAR,05912,PHARMACY,SOLE_PROPRIETOR,MADRAS,TAMIL_NADU,2024-10-18 20:35:14,0267393457,ACTIVE,716.0,False,True,False,False,False,False
MCH3983,Behl-Viswanathan,5411,GROCERY_STORES,PARTNERSHIP,LUDHIANA,PUNJAB,2024-04-23 00:00:00,PHDB4189535389714,ACTIVE,1037.83,True,True,False,False,False,False
MCH3610,KHANNA-GOSWAMI,,TELECOM,SOLE_PROPRIETOR,AMRITSAR,PUNJAB,2023-07-11 00:00:00,,ACTIVE,940.6,False,False,False,False,False,False
MCH8607,Sachdeva-Dutta,4814,TELECOM,PARTNERSHIP,JALANDHAR,PUNJAB,2026-02-16 21:14:26,HBCE1328673504211,ACTIVE,699.07,True,True,False,False,False,False
MCH7900,Lala-Kashyap,MISC,MEDICAL_STORE,INDIVIDUAL,MADRAS,TAMIL_NADU,,DYCG4683635893934,ACTIVE,1298.0,False,True,False,False,True,False
MCH3259,Bajaj-Mann,4131,TRANSPRT,INDIVIDUAL,AMRITSAR,PUNJAB,2024-05-09 00:00:00,VUFB9274060732272,ACTIVE,426.0,True,True,False,False,False,False
MCH1697,Sodhi-Ramakrishnan,4814,TELECOM,PRIVATE_LIMITED,LUCKNOW,UTTAR_PRADESH,2023-04-13 07:04:31,QYQC0323724202438,SUSPENDED,1234.06,True,True,False,False,False,False
MCH5825,Bhardwaj-Sachdeva,5942,STATIONERY,PARTNERSHIP,BANGALORE,KARNATAKA,2024-05-17 00:03:40,,ACTIVE,,True,False,True,False,False,False
MCH8159,"Gade, Gala and Bhatti",05812,RESTAURANT,INDIVIDUAL,JPR,RAJASTHAN,2024-01-31 09:10:22,,ACTIVE,1186.29,False,False,False,False,False,False
MCH9193,Ramachandran-Rao,5699,GARMENTS,INDIVIDUAL,BENGALURU,KARNATAKA,2024-04-07 00:00:00,XXXX3147,ACTIVE,1693.53,True,False,False,False,False,False
MCH8832,Gour Ltd,5942,BOOK_STORE,INDIVIDUAL,PUNE,MAHARASHTRA,2024-10-19 08:26:23,9524602047,ACTIVE,,True,True,False,False,False,False
MCH9637,Handa-Basu,5699,CLOTHING,PARTNERSHIP,POONA,MAHARASHTRA,2025-09-17 00:00:00,,ACTIVE,515.71,True,False,False,False,False,False
MCH8698,"Boase, Bal and Mand",5311,DEPARTMENT_STORES,PRIVATE_LIMITED,CALCUTTA,WEST_BENGAL,2025-06-13 00:00:00,,ACTIVE,3054.52,True,False,False,False,False,False
MCH7383,"SRIVASTAVA, VENKATARAMAN AND ROY",5699,GARMENTS,INDIVIDUAL,CHENNAI,TAMIL_NADU,,,ACTIVE,241.13,True,False,False,False,True,False
MCH6372,G0da and S0ns,5699,APPAREL,INDIVIDUAL,CHENNAI,TAMIL_NADU,2024-05-14 00:00:00,WEUJ5834386997769,ACTIVE,515.6,True,True,False,False,False,False
MCH5129,"kant, chaudhari and sarna",4131,TRANSPORT,SOLE_PROPRIETOR,CHENNAI,TAMIL_NADU,2025-07-19 00:00:00,QYZU2715177783366,ACTIVE,4873.16,True,True,False,False,False,False
MCH5293,Varma Inc,,BUS_TAXI,INDIVIDUAL,BENGALURU,KARNATAKA,2025-12-26 00:00:00,LBEZ4327128100737,ACTIVE,,False,True,True,False,False,False
MCH2436,"Bhagat, Amble and Dixit",4131,TRANSPORTATION,INDIVIDUAL,LKO,UTTAR_PRADESH,2024-07-27 10:21:56,XXXX8612,ACTIVE,2085.74,True,False,False,False,False,False
MCH4965,"Shukla, Brahmbhatt and Natarajan",5699,CLOTHS,INDIVIDUAL,PUNE,MAHARASHTRA,2024-11-20 08:09:00,3036734144,ACTIVE,168.46,True,True,False,False,False,False
MCH8974,"Kota, Varty and Mangal",7011,HOTELS,INDIVIDUAL,JAIPUR,RAJASTHAN,2024-06-27 23:13:00,,ACTIVE,1353.93,True,False,False,False,False,False
MCH8996,Bala-Bhalla,UNKNOWN,OTHER,PRIVATE_LIMITED,LUCKNOW,UTTAR_PRADESH,2025-08-18 00:00:00,,ACTIVE,1146.92,False,False,False,False,False,False
MCH9732,"Srinivasan,EdwinandRattan",MISC,TRAVEL,SOLE_PROPRIETOR,AMRITSAR,PUNJAB,2025-04-19 12:04:14,,ACTIVE,3076.5,False,False,False,False,False,False
MCH2384,"Savant, Kant and Chokshi",5699,FASHION,PARTNERSHIP,CHENNAI,TAMIL_NADU,2024-02-05 00:00:00,,SUSPENDED,1196.0,True,False,False,False,False,False
MCH6877,Jain PLC,5699,APPAREL,PARTNERSHIP,DILLI,DELHI,2023-11-23 17:40:08,,ACTIVE,3249.89,True,False,False,False,False,False
MCH5762,Dyal-Loke,5812,FOOD,INDIVIDUAL,CALCUTTA,WEST_BENGAL,2023-06-29 00:00:00,,ACTIVE,5081.8,True,False,False,False,False,False
MCH6828,Warrior-Bhardwaj,04814,TELECOM,PARTNERSHIP,LUCKNOW,UTTAR_PRADESH,2023-06-01 00:00:00,NTMS5038197940684,ACTIVE,2500.44,False,True,False,False,False,False
MCH8370,Tandon-Khosla,4131,TRANSPORT,PARTNERSHIP,HYDERABAD,TELANGANA,2024-09-15 22:48:07,2595692413,ACTIVE,574.0,True,True,False,False,False,False
MCH5559,Grewal-Mohanty,5999,MISC_RETAIL,PRIVATE_LIMITED,JALANDAR,PUNJAB,2024-04-23 00:00:00,,ACTIVE,1466.58,True,False,False,False,False,False
MCH4027,"Hegde, Ratti and Gera",5411,GROCERY_STORE,PRIVATE_LIMITED,HYD,TELANGANA,2025-02-08 00:00:00,,ACTIVE,,True,False,True,False,False,False
MCH8261,"Sridhar, Manda and Arora",5812,FOOD,SOLE_PROPRIETOR,JAIPUR,RAJASTHAN,,,SUSPENDED,8032.44,True,False,False,False,True,False
MCH5874,Pathak Group,4814,TELECOM,INDIVIDUAL,JALANDHAR,PUNJAB,2025-03-16 00:00:00,,INACTIVE,814.38,True,False,False,False,False,False
MCH9481,Kata LLC,4814,PHONE_SERVICE,PARTNERSHIP,AMRITSAR,PUNJAB,2025-11-25 00:00:00,,ACTIVE,1054.88,True,False,False,False,False,False
MCH4677,"Sethi, Bora and Karpe",5942,STATIONERY,INDIVIDUAL,POONA,MAHARASHTRA,,,INACTIVE,5089.5,True,False,False,False,False,False
MCH9258,Edwin Inc,5942,STATIONERY,PARTNERSHIP,LUCKNOW,UTTAR_PRADESH,2024-09-26 00:00:00,0028974564,ACTIVE,1647.77,True,True,False,False,False,False
MCH2825,Koshy-Gola,5812,RESTAURANT,PARTNERSHIP,BANGALORE,KARNATAKA,2025-09-25 00:14:43,YLMF2374015161502,ACTIVE,,True,True,True,False,False,False
MCH2474,"Setty, Reddy and Singh",MISC,MEDICAL_STORE,SOLE_PROPRIETOR,KOLKATA,WEST_BENGAL,2023-12-11 00:00:00,XXXX1604,ACTIVE,3043.1,False,False,False,False,False,False
MCH1533,Wason and Sons,5812,EATING_PLACE,PARTNERSHIP,AMRITSAR,PUNJAB,2025-03-27 07:32:49,,INACTIVE,419.64,True,False,False,False,False,False
MCH9112,Saini-Sinha,5699,GARMENTS,PRIVATE_LIMITED,PUNE,MAHARASHTRA,,,ACTIVE,1129.73,True,False,False,False,True,False
MCH2096,"Taneja, Basu and Bal",4814,TELECOM,PRIVATE_LIMITED,PUNE,MAHARASHTRA,2024-09-28 00:00:00,6426260442,ACTIVE,1660.3,True,True,False,False,False,False
MCH1718,Wason-Vaidya,5311,RETAIL,PRIVATE_LIMITED,JALANDHAR,PUNJAB,,,INACTIVE,705.66,True,False,False,False,True,False
MCH7524,"Sarna, Mital and Deo",7011,HOSPITALITY,PRIVATE_LIMITED,BLR,KARNATAKA,2025-07-13 10:56:49,XXXX6292,ACTIVE,1847.0,True,False,False,False,False,False
MCH9147,Bedi-Dugar,5912,PHARMACIES,SOLE_PROPRIETOR,BENGALURU,KARNATAKA,2024-05-31 05:15:00,,ACTIVE,1264.98,True,False,False,False,False,False
MCH9642,Sarin Group,4814,TELECOM,INDIVIDUAL,MUMBAI,MAHARASHTRA,,LEVP3171266345624,ACTIVE,11510.93,True,True,False,False,True,False
MCH6776,Hari-Tak,4131,TRANSPORT,SOLE_PROPRIETOR,JALANDHAR,PUNJAB,2025-05-25 00:00:00,MRFF6144887569600,INACTIVE,1189.41,True,True,False,False,False,False
MCH7803,Mukherjee-Sha,4814,TELECOM,PRIVATE_LIMITED,JAIPUR,RAJASTHAN,2023-02-16 00:00:00,7883892457,ACTIVE,763.0,True,True,False,False,False,False
MCH2973,"Bhargava, Dani and Krishnamurthy",4131,TRANSPRT,PARTNERSHIP,LUDHIANA,PUNJAB,2023-08-30 00:00:00,,ACTIVE,3748.31,True,False,False,False,False,False
MCH2293,"pandit, bhavsar and barman",4814,TELECOM,PRIVATE_LIMITED,PUNE,MAHARASHTRA,2023-03-20 00:50:23,,ACTIVE,792.61,True,False,False,False,False,False
MCH6645,buch llc,4131,TRANSPRT,PRIVATE_LIMITED,AMRITSAR,PUNJAB,2024-09-25 00:00:00,,ACTIVE,102.32,True,False,False,False,False,False
MCH3941,"Khanna, Sama and Korpal",,RETAIL_OTHER,SOLE_PROPRIETOR,PUNE,MAHARASHTRA,,,ACTIVE,1016.43,False,False,False,False,False,False
MCH2419,Suri Ltd,5999,MISC_RETAIL,INDIVIDUAL,MUMBAI,MAHARASHTRA,,2248391109,ACTIVE,,True,True,True,False,True,False
MCH8762,Dani-Saha,4131,TRANSPORT,PARTNERSHIP,CALCUTTA,WEST_BENGAL,,,ACTIVE,778.15,True,False,False,False,False,False
MCH7428,Chand Inc,5699,CLOTHS,INDIVIDUAL,BANGALORE,KARNATAKA,2025-10-11 00:00:00,XXXX8001,ACTIVE,1254.86,True,False,False,False,False,False
MCH7784,DAYAL PLC,4814,PHONE_SERVICE,PARTNERSHIP,PUNE,MAHARASHTRA,2024-09-23 00:20:11,XXXX9570,ACTIVE,,True,False,False,False,False,False
MCH1917,"Chowdhury, Krishna and Rajagopal",5699,FASHION,SOLE_PROPRIETOR,AMRITSAR,PUNJAB,2024-10-20 00:00:00,,SUSPENDED,909.84,True,False,False,False,False,False
MCH5641,Thaker and Sons,4131,TRANSPORTATION,PARTNERSHIP,MADRAS,TAMIL_NADU,2024-02-20 00:00:00,4665430270,ACTIVE,1143.48,True,True,False,False,False,False
MCH7192,Subramaniam and S0ns,5942,BOOK_STORE,PRIVATE_LIMITED,DILLI,DELHI,2025-09-20 00:00:00,,ACTIVE,2702.97,True,False,False,False,False,False
MCH6904,DIXIT-MALLICK,7011,HOTEL,SOLE_PROPRIETOR,HYD,TELANGANA,2023-03-25 00:00:00,UXIZ6468526873602,INACTIVE,402.95,True,True,False,False,False,False
MCH4043,choudhry and sons,5912,PHARMACIES,PRIVATE_LIMITED,BANGALORE,KARNATAKA,2024-02-05 18:00:28,XXXX3422,ACTIVE,367.6,True,False,False,False,False,False
MCH7661,Brahmbhatt and Sons,UNKNOWN,FASHION,INDIVIDUAL,JPR,RAJASTHAN,2024-02-13 00:00:00,,ACTIVE,825.29,False,False,False,False,False,False
MCH1845,Goel Inc,4131,BUS_TAXI,PRIVATE_LIMITED,DILLI,DELHI,2023-10-17 00:00:00,6579207527,ACTIVE,1675.96,True,True,False,False,False,False
MCH1459,"Palla, Saini and Date",7011,HOTEL,INDIVIDUAL,LUDHIANA,PUNJAB,2024-02-20 00:00:00,,SUSPENDED,1582.79,True,False,False,False,False,False
MCH1611,Karan-Kibe,UNKNOWN,GROCERIES,SOLE_PROPRIETOR,JALANDHAR,PUNJAB,,,ACTIVE,343.64,False,False,False,False,True,False
MCH2844,Misra-Seth,4131,TRANSPORTATION,INDIVIDUAL,ASR,PUNJAB,2023-05-24 00:00:00,XXXX4860,ACTIVE,162.5,True,False,False,False,False,False
MCH1101,Ramaswamy-Prabhakar,5912,PHARMACIES,SOLE_PROPRIETOR,CHENNAI,TAMIL_NADU,2025-06-02 00:00:00,,ACTIVE,8687.0,True,False,False,False,False,False
MCH4250,"SUBRAMANIAM, DATTA AND PATEL",5411,GROCERY,PARTNERSHIP,KOLKATA,WEST_BENGAL,,,ACTIVE,1320.67,True,False,False,False,True,False
MCH5558,"Rao, Sidhu and Barad",7011,HOSPITALITY,PARTNERSHIP,ASR,PUNJAB,2024-09-14 00:00:00,,ACTIVE,626.0,True,False,False,False,False,False
MCH2767,"Patel, Jhaveri and Dugar",4814,TELECOM,PRIVATE_LIMITED,JALANDHAR,PUNJAB,2025-06-16 00:00:00,,ACTIVE,1222.94,True,False,False,False,False,False
MCH6681,Baria PLC,4131,BUS_TAXI,INDIVIDUAL,DELHI,DELHI,2026-02-17 00:00:00,0443076547,INACTIVE,1343.0,True,True,False,False,False,False
MCH1709,sachdeva-khanna,5999,OTHER,PARTNERSHIP,MADRAS,TAMIL_NADU,2023-08-25 07:56:38,XXXX5946,ACTIVE,481.17,True,False,False,False,False,False
MCH1610,Sodhi-Parekh,5411,GROCERY_STORE,PARTNERSHIP,AMRITSAR,PUNJAB,,XXXX7277,ACTIVE,1488.13,True,False,False,False,False,False
MCH5918,bora-rege,5699,GARMENTS,PARTNERSHIP,PUNE,MAHARASHTRA,2024-09-23 00:00:00,USII8978521648386,ACTIVE,,True,True,True,False,False,False
MCH6812,"Gade, Badami and Choudhary",4814,MOBILE_RECHARGE,SOLE_PROPRIETOR,ASR,PUNJAB,2023-12-21 00:00:00,,ACTIVE,,True,False,True,False,False,False
MCH7290,"Subramanian, B0rde and Ba1akrishnan",5699,CLOTHING,INDIVIDUAL,LUCKNOW,UTTAR_PRADESH,2023-03-17 00:00:00,IRWT0239440992204,ACTIVE,2695.0,True,True,False,False,False,False
MCH7981,"Singhal, Manne and Ray",5699,CLOTHS,PRIVATE_LIMITED,JALANDHAR,PUNJAB,2023-11-02 00:00:00,IOCQ7344534204502,ACTIVE,234.87,True,True,False,False,False,False
MCH9121,Divan-Char,5942,BOOKS_STATIONERY,PARTNERSHIP,AMRITSAR,PUNJAB,2025-02-18 00:00:00,YDYC9354203967320,INACTIVE,,True,True,True,False,False,False
MCH3806,Thakkar-Kara,5942,BOOKS,SOLE_PROPRIETOR,JAIPUR,RAJASTHAN,2024-09-06 10:40:33,SOII5443407300788,ACTIVE,2156.0,True,True,False,False,False,False
MCH6568,MINHAS PLC,7011,HOTEL_LODGING,SOLE_PROPRIETOR,AMRITSAR,PUNJAB,2024-04-10 18:11:31,8442730412,ACTIVE,1486.0,True,True,False,False,False,False
MCH1894,Tara-Gupta,5812,FOOD_SERVICES,INDIVIDUAL,HYDERABAD,TELANGANA,2024-11-27 16:55:26,,INACTIVE,2112.0,True,False,False,False,False,False
MCH8050,Bora-Oommen,5311,DEPARTMENT_STORE,INDIVIDUAL,JALANDHAR,PUNJAB,2023-12-16 05:28:51,YBIM5056880883544,ACTIVE,587.46,True,True,False,False,False,False
MCH8470,"GARG, SURI AND SAGAR",5699,FASHION,INDIVIDUAL,LUDHIANA,PUNJAB,2023-11-19 00:00:00,,ACTIVE,,True,False,False,False,False,False
MCH5833,Deep and Sons,5411,GROCERY,PARTNERSHIP,JAIPUR,RAJASTHAN,,,ACTIVE,4335.22,True,False,False,False,True,False
MCH1497,Lanka PLC,5912,MEDICAL,PRIVATE_LIMITED,ASR,PUNJAB,2025-09-24 00:00:00,,ACTIVE,1817.0,True,False,False,False,False,False
MCH5705,"PALAN, BHARGAVA AND JAGGI",4131,TRANSPORT,INDIVIDUAL,LUCKNOW,UTTAR_PRADESH,2026-02-05 00:00:00,,ACTIVE,1360.45,True,False,False,False,False,False
MCH9147,BORDE GROUP,5942,BOOK_STORE,SOLE_PROPRIETOR,MADRAS,TAMIL_NADU,,,ACTIVE,193.0,True,False,False,False,False,False
MCH7912,"Raju, Bhakta and Kaul",5942,BOOKS,PARTNERSHIP,JAIPUR,RAJASTHAN,2024-10-13 23:08:28,,ACTIVE,1561.88,True,False,False,False,False,False
MCH8416,"Bal, Kant and Gola",5411,KIRANA,PRIVATE_LIMITED,CHENNAI,TAMIL_NADU,2025-03-31 00:00:00,XXXX9605,ACTIVE,5069.39,True,False,False,False,False,False
MCH4129,"Lad, Raja and Sachdev",7011,HOTEL,PARTNERSHIP,MUMBAI,MAHARASHTRA,,0929537946,ACTIVE,954.07,True,True,False,False,True,False
MCH9027,"Dani, Soni and Nagy",7011,HOTELS,PARTNERSHIP,JALANDHAR,PUNJAB,2023-10-26 00:00:00,XXXX0115,ACTIVE,,True,False,True,False,False,False
MCH7574,Loke Ltd,,DEPT_STORE,SOLE_PROPRIETOR,KOLKATA,WEST_BENGAL,,XXXX9656,ACTIVE,,False,False,True,False,False,False
MCH9234,"Jhaveri, Chandran and Shukla",7011,HOSPITALITY,PARTNERSHIP,LUCKNOW,UTTAR_PRADESH,2024-07-26 00:00:00,XXXX3221,INACTIVE,762.04,True,False,False,False,False,False
MCH6113,Tara-Kala,5699,GARMENTS,PRIVATE_LIMITED,AMRITSAR,PUNJAB,,,ACTIVE,915.2,True,False,False,False,False,False
MCH5586,Andra-Sha,5699,CLOTHS,PRIVATE_LIMITED,AMRITSAR,PUNJAB,2023-07-03 00:00:00,4565854983,SUSPENDED,,True,True,True,False,False,False
MCH4782,Salvi-Comar,7011,HOTEL,SOLE_PROPRIETOR,JALANDHAR,PUNJAB,2025-07-13 09:44:30,XXXX1728,ACTIVE,876.5,True,False,False,False,False,False
MCH1518,Saini-Gole,5999,OTHER,PRIVATE_LIMITED,JALANDHAR,PUNJAB,2023-07-08 00:00:00,,ACTIVE,957.31,True,False,False,False,False,False
MCH8566,Magar-Kota,4131,TRANSPRT,PARTNERSHIP,ASR,PUNJAB,,,ACTIVE,1353.18,True,False,False,False,True,False
MCH8890,Halder Inc,7011,HOTELS,PRIVATE_LIMITED,LUCKNOW,UTTAR_PRADESH,2026-01-15 00:00:00,XXXX3843,SUSPENDED,2352.14,True,False,False,False,False,False
MCH6586,Pandya PLC,05999,MISCELLANEOUS,INDIVIDUAL,BENGALURU,KARNATAKA,2024-04-29 00:00:00,ADLW1268933500473,ACTIVE,520.0,False,True,False,False,False,False
MCH4212,Raman-Kohli,5411,GROCERY_STORES,PARTNERSHIP,LUDHIANA,PUNJAB,2024-10-27 10:39:27,AIWO1178745904405,ACTIVE,3361.0,True,True,False,False,False,False
MCH5602,Kaul PLC,5411,GROCERY_STORES,PRIVATE_LIMITED,HYDERABAD,TELANGANA,2023-05-17 00:00:00,2312889197,INACTIVE,469.06,True,True,False,False,False,False
MCH8291,walia inc,7011,HOTEL_LODGING,PRIVATE_LIMITED,LUDHIANA,PUNJAB,,,ACTIVE,1898.37,True,False,False,False,True,False
MCH3545,"CHACKO, OZA AND JAGGI",7011,HOTELS,SOLE_PROPRIETOR,HYD,TELANGANA,2023-09-30 00:00:00,,ACTIVE,867.82,True,False,False,False,False,False
MCH3889,upadhyay-chaudhry,4131,BUS_TAXI,INDIVIDUAL,LUDHIANA,PUNJAB,2026-01-16 00:00:00,5975404049,ACTIVE,,True,True,False,False,False,False
MCH5413,"K0shy, Batra and K0h1i",5311,DEPARTMENT_STORE,SOLE_PROPRIETOR,LKO,UTTAR_PRADESH,,,ACTIVE,608.0,True,False,False,False,True,False
MCH7533,"Boase, Krishnan and Tiwari",,CLOTHING,PARTNERSHIP,LKO,UTTAR_PRADESH,2025-04-06 21:09:50,YYIV1816207811981,ACTIVE,1221.0,False,True,False,False,False,False
MCH3412,Tak and Sons,7011,HOTEL_LODGING,SOLE_PROPRIETOR,JPR,RAJASTHAN,2024-10-31 00:00:00,XXXX3873,ACTIVE,4884.39,True,False,False,False,False,False
MCH1095,Mander Group,04814,PHONE_SERVICE,PARTNERSHIP,KOLKATA,WEST_BENGAL,2023-01-30 03:08:00,XXXX5510,ACTIVE,1277.94,False,False,False,False,False,False
MCH5775,Aurora-Dhillon,4131,TRAVEL,INDIVIDUAL,BANGALORE,KARNATAKA,2024-01-15 00:58:00,,INACTIVE,470.32,True,False,False,False,False,False
MCH2492,"dhawan, salvi and dara",5812,FOOD,PARTNERSHIP,LUCKNOW,UTTAR_PRADESH,,XXXX8560,INACTIVE,3500.9,True,False,False,False,True,False
MCH6890,Pandit-Narasimhan,7011,HOTEL,PRIVATE_LIMITED,CALCUTTA,WEST_BENGAL,2024-04-21 00:00:00,XXXX8046,INACTIVE,525.87,True,False,False,False,False,False
MCH9038,NAIDU GROUP,4131,TRANSPORT,PRIVATE_LIMITED,MUMBAI,MAHARASHTRA,,,ACTIVE,225.16,True,False,False,False,True,False
MCH1010,Menon-Andra,,GROCERY,PRIVATE_LIMITED,DELHI,DELHI,2024-11-17 00:00:00,XXXX4837,ACTIVE,678.36,False,False,False,False,False,False
MCH9133,"Rai, Nadig and Karpe",4131,TRANSPRT,PRIVATE_LIMITED,LUDHIANA,PUNJAB,,,ACTIVE,,True,False,True,False,True,False
MCH9363,Mannan Group,4131,TRANSPORT,PRIVATE_LIMITED,MUMBAI,MAHARASHTRA,2024-07-29 00:00:00,,ACTIVE,,True,False,False,False,False,False
MCH9035,Merchant PLC,5411,GROCERY_STORES,PRIVATE_LIMITED,JPR,RAJASTHAN,2023-02-04 00:00:00,UCPE5658691269773,ACTIVE,,True,True,True,False,False,False
MCH5642,Swaminathan-Ratti,7011,HOSPITALITY,SOLE_PROPRIETOR,BANGALORE,KARNATAKA,2024-09-16 00:00:00,,ACTIVE,1651.14,True,False,False,False,False,False
MCH2695,Patil Inc,5411,KIRANA,PARTNERSHIP,PUNE,MAHARASHTRA,2024-06-26 00:00:00,9565066028,ACTIVE,792.09,True,True,False,False,False,False
MCH8792,CHOPRA-NORI,5699,GARMENTS,PRIVATE_LIMITED,LUCKNOW,UTTAR_PRADESH,,XXXX7970,ACTIVE,,True,False,True,False,True,False
MCH7281,Kalita-Mistry,4814,MOBILE_RECHARGE,PRIVATE_LIMITED,HYDERABAD,TELANGANA,2024-11-24 00:00:00,XXXX5201,INACTIVE,2941.71,True,False,False,False,False,False
MCH4952,"Anne,ChoudhryandBhattacharyya",5812,RESTAURANTS,INDIVIDUAL,DILLI,DELHI,,XAPW5259361506192,ACTIVE,4302.0,True,True,False,False,False,False
MCH9739,"Gupta, Bhatia and Dhillon",4131,TRANSPRT,PRIVATE_LIMITED,JAIPUR,RAJASTHAN,2025-03-20 00:00:00,,ACTIVE,,True,False,True,False,False,False
MCH1268,Vyas Ltd,5311,RETAIL,INDIVIDUAL,AMRITSAR,PUNJAB,2023-06-28 00:00:00,,ACTIVE,,True,False,False,False,False,False
MCH8242,Choudhary-Pall,07011,HOTEL,PRIVATE_LIMITED,LUDHIANA,PUNJAB,2023-06-27 07:50:14,XXXX7286,ACTIVE,607.04,False,False,False,False,False,False
MCH5233,Raghavan-Mall,04814,MOBILE_RECHARGE,PARTNERSHIP,BENGALURU,KARNATAKA,,,ACTIVE,3087.5,False,False,False,False,True,False
MCH2131,Boase-Varghese,5699,CLOTHING,SOLE_PROPRIETOR,POONA,MAHARASHTRA,2025-03-29 00:00:00,,ACTIVE,2157.11,True,False,False,False,False,False
MCH1917,"Bera, Bhakta and Dhillon",5942,BOOKS,SOLE_PROPRIETOR,MUMBAI,MAHARASHTRA,2023-08-06 01:48:07,9839969668,ACTIVE,293.0,True,True,False,False,False,False
MCH1377,Sinha-Gaba,5411,KIRANA,PRIVATE_LIMITED,POONA,MAHARASHTRA,2025-12-04 06:37:25,YBUL0961027329909,INACTIVE,1471.43,True,True,False,False,False,False
MCH4842,Lall-Bakshi,7011,HOTEL_LODGING,SOLE_PROPRIETOR,JAIPUR,RAJASTHAN,2023-04-11 04:37:40,,ACTIVE,346.23,True,False,False,False,False,False
MCH5911,Chacko-Kota,5311,RETAIL,PARTNERSHIP,HYD,TELANGANA,2023-09-07 00:00:00,,ACTIVE,797.25,True,False,False,False,False,False
MCH5678,Kumar and Sons,5311,DEPARTMENT_STORE,PRIVATE_LIMITED,JPR,RAJASTHAN,2024-03-25 00:00:00,JJQM4342551832633,ACTIVE,6122.0,True,True,False,False,False,False
MCH1944,Morar Ltd,5812,FOOD_SERVICES,INDIVIDUAL,PUNE,MAHARASHTRA,2023-04-23 00:00:00,XXXX8672,ACTIVE,1207.98,True,False,False,False,False,False
MCH5497,Dayal and Sons,5999,MISCELLANEOUS,PRIVATE_LIMITED,DELHI,DELHI,2024-04-28 22:58:00,XXXX0595,ACTIVE,1767.24,True,False,False,False,False,False
MCH4002,"Bora, Kant and Chauhan",5411,GROCERY_STORE,INDIVIDUAL,BENGALURU,KARNATAKA,2023-06-16 12:46:40,7171127147,ACTIVE,,True,True,False,False,False,False
MCH6903,Lata-Raja,4131,TRANSPRT,SOLE_PROPRIETOR,PUNE,MAHARASHTRA,2023-06-08 00:00:00,XXXX0937,ACTIVE,2296.0,True,False,False,False,False,False
MCH6137,"Saxena, Aggarwa1 and Sem",5812,EATING_PLACE,INDIVIDUAL,HYDERABAD,TELANGANA,,3824594690,ACTIVE,421.31,True,True,False,False,False,False
MCH6147,Singhal-Murthy,4131,TRANSPORT,PARTNERSHIP,MUMBAY,MAHARASHTRA,,,ACTIVE,,True,False,True,False,True,False
MCH9325,"Patel, Parikh and Kaul",4814,TELECOM,PRIVATE_LIMITED,LUCKNOW,UTTAR_PRADESH,2023-03-13 00:58:46,9323786200,ACTIVE,1538.45,True,True,False,False,False,False
MCH6795,"Hans, Majumdar and Mangat",5999,MISC_RETAIL,INDIVIDUAL,HYDERABAD,TELANGANA,2023-06-05 00:00:00,,ACTIVE,1573.9,True,False,False,False,False,False
MCH7986,Pathak Inc,,RETAIL_OTHER,INDIVIDUAL,CHENNAI,TAMIL_NADU,2024-05-30 00:00:00,,INACTIVE,1602.91,False,False,False,False,False,False
MCH5740,Dayal-Desai,5699,CLOTHS,SOLE_PROPRIETOR,CHENNAI,TAMIL_NADU,,,ACTIVE,4887.0,True,False,False,False,True,False
MCH2902,Karpe LLC,,MEDICAL,PRIVATE_LIMITED,JAIPUR,RAJASTHAN,2023-07-25 18:13:40,JHGQ1740219623528,ACTIVE,1088.17,False,True,False,False,False,False
MCH6683,Konda-Nagar,4814,TELECOM,INDIVIDUAL,LDH,PUNJAB,2025-09-20 10:19:00,,ACTIVE,4740.89,True,False,False,False,False,False
MCH2755,Wason and Sons,5699,FASHION,PARTNERSHIP,BLR,KARNATAKA,,,ACTIVE,,True,False,True,False,False,False
MCH6400,Sem-Keer,5411,GROCERY_STORES,PARTNERSHIP,LUDHIANA,PUNJAB,2025-12-21 00:00:00,4217077300,ACTIVE,13683.2,True,True,False,False,False,False
MCH8951,Golla-Venkataraman,4814,PHONE_SERVICE,INDIVIDUAL,MUMBAI,MAHARASHTRA,2023-09-02 00:00:00,2811788004,ACTIVE,436.83,True,True,False,False,False,False
MCH8157,Lall-Char,,BOOKS,PRIVATE_LIMITED,JALANDHAR,PUNJAB,2023-07-08 23:15:42,CLWX6992397328584,ACTIVE,3861.94,False,True,False,False,False,False
MCH7810,Bail Inc,5942,BOOKS,SOLE_PROPRIETOR,LUDHIANA,PUNJAB,2025-01-25 00:00:00,9018773100,INACTIVE,,True,True,True,False,False,False
MCH7044,Chanda-Gaba,5812,RESTAURANTS,PRIVATE_LIMITED,BANGALORE,KARNATAKA,2023-06-04 10:26:47,SOPQ0539518853543,ACTIVE,402.62,True,True,False,False,False,False
MCH5573,"GUHA, DAYAL AND MUTTI",5411,GROCERIES,SOLE_PROPRIETOR,CHENNAI,TAMIL_NADU,,XXXX9546,ACTIVE,2684.58,True,False,False,False,False,False
MCH2764,"Yogi, Jani and Choudhry",4814,PHONE_SERVICE,INDIVIDUAL,LUDHIANA,PUNJAB,2024-04-19 00:00:00,3163531350,ACTIVE,516.18,True,True,False,False,False,False
MCH8436,"Seshadri, Minhas and Subramanian",4814,MOBILE_RECHARGE,INDIVIDUAL,DELHI,DELHI,2025-12-21 00:00:00,XXXX8739,ACTIVE,1427.93,True,False,False,False,False,False
MCH6369,"Chaudhry, Batra and Rama",4131,TRANSPORTATION,PARTNERSHIP,JALANDHAR,PUNJAB,2024-04-15 00:00:00,3514628122,INACTIVE,612.29,True,True,False,False,False,False
MCH5934,"bandi, devi and gulati",4131,BUS_TAXI,INDIVIDUAL,CHENNAI,TAMIL_NADU,,,ACTIVE,306.36,True,False,False,False,True,False
MCH1326,"Chaudhry, Agrawa1 and Sridhar",5942,BOOKS,SOLE_PROPRIETOR,BANGALORE,KARNATAKA,2024-05-20 00:00:00,ZQNQ7613300121760,ACTIVE,177.58,True,True,False,False,False,False
MCH9048,Sastry-Prakash,,RESTAURANTS,PRIVATE_LIMITED,PUNE,MAHARASHTRA,,,SUSPENDED,469.83,False,False,False,False,True,False
MCH9844,MENON AND SONS,4131,BUS_TAXI,SOLE_PROPRIETOR,BOMBAY,MAHARASHTRA,2024-04-14 00:00:00,,ACTIVE,1083.0,True,False,False,False,False,False
MCH3911,"Majumdar, Sane and Raval",5812,RESTAURANT,SOLE_PROPRIETOR,POONA,MAHARASHTRA,2025-09-05 21:26:37,2993218520,SUSPENDED,2093.32,True,True,False,False,False,False
MCH7164,lata-parmar,,FOOD,INDIVIDUAL,MADRAS,TAMIL_NADU,2023-11-18 00:00:00,8876915291,ACTIVE,,False,True,False,False,False,False
MCH6548,"Nayak, Kannan and Chatterjee",5999,RETAIL_OTHER,PRIVATE_LIMITED,JAIPUR,RAJASTHAN,2025-07-28 00:00:00,,ACTIVE,2065.28,True,False,False,False,False,False
MCH1908,Tara-Babu,5942,BOOKS_STATIONERY,SOLE_PROPRIETOR,CHENNAI,TAMIL_NADU,2023-12-13 15:54:11,,ACTIVE,4659.0,True,False,False,False,False,False
MCH2444,Barman-Prakash,5999,MISC_RETAIL,INDIVIDUAL,CHENNAI,TAMIL_NADU,,,ACTIVE,,True,False,False,False,False,False
MCH9151,Ravi Ltd,4131,TRANSPORT,PARTNERSHIP,JALANDHAR,PUNJAB,2025-06-26 08:37:00,,INACTIVE,779.12,True,False,False,False,False,False
MCH8555,Gopal LLC,5942,BOOK_STORE,PRIVATE_LIMITED,MADRAS,TAMIL_NADU,2025-06-13 00:00:00,3381139283,ACTIVE,,True,True,False,False,False,False
MCH2289,Sinha-Purohit,5699,FASHION,SOLE_PROPRIETOR,LKO,UTTAR_PRADESH,,4542627557,SUSPENDED,2284.55,True,True,False,False,False,False
MCH8283,Nagar Group,4814,MOBILE_RECHARGE,PARTNERSHIP,KOLKATA,WEST_BENGAL,2026-02-08 06:11:47,,ACTIVE,1032.5,True,False,False,False,False,False
MCH7919,Nadkarni Group,5912,MEDICAL_STORE,PRIVATE_LIMITED,MUMBAI,MAHARASHTRA,2023-05-22 17:33:55,,ACTIVE,,True,False,True,False,False,False
MCH8496,Sandhu PLC,5942,BOOK_STORE,PARTNERSHIP,HYDERABAD,TELANGANA,,PCDO3725942171870,INACTIVE,,True,True,False,False,True,False
MCH6843,"Thakkar, Date and Balasubramanian",5699,APPAREL,INDIVIDUAL,MUMBAY,MAHARASHTRA,2024-06-19 00:00:00,CATP2399171338860,ACTIVE,2750.74,True,True,False,False,False,False
MCH1335,"Wagle, Kamdar and Mallick",7011,HOSPITALITY,SOLE_PROPRIETOR,MUMBAI,MAHARASHTRA,,OQHA9321120180853,SUSPENDED,398.0,True,True,False,False,True,False
MCH4531,bail-ramachandran,4814,TELECOM,PRIVATE_LIMITED,JPR,RAJASTHAN,2025-05-11 18:13:55,XXXX9300,ACTIVE,597.69,True,False,False,False,False,False
MCH3351,"Loke, Narasimhan and Gandhi",5912,CHEMIST,PARTNERSHIP,ASR,PUNJAB,2023-06-22 00:00:00,,SUSPENDED,1029.99,True,False,False,False,False,False
MCH8425,"Bhatnagar,ComarandHans",7011,HOTELS,INDIVIDUAL,JALANDAR,PUNJAB,,NAVX0262232106872,ACTIVE,637.53,True,True,False,False,True,False
MCH4913,Baral-Bhattacharyya,4131,TRANSPORT,INDIVIDUAL,AMRITSAR,PUNJAB,2023-05-19 19:12:00,MXBT0588021899874,INACTIVE,697.03,True,True,False,False,False,False
MCH1448,TAK AND SONS,05999,OTHER,SOLE_PROPRIETOR,MUMBAY,MAHARASHTRA,2024-03-30 02:02:17,XXXX9348,ACTIVE,2897.23,False,False,False,False,False,False
MCH7013,"Menon, Bahri and Pal",MISC,HOTEL_LODGING,PARTNERSHIP,LUCKNOW,UTTAR_PRADESH,2024-02-23 00:00:00,YKID8300912408123,ACTIVE,419.34,False,True,False,False,False,False
MCH8192,"oza, sant and loke",5411,GROCERY_STORES,PRIVATE_LIMITED,KOLKATA,WEST_BENGAL,,XXXX6524,INACTIVE,408.0,True,False,False,False,True,False
MCH4274,BHAT-TAILOR,,GROCERY_STORE,PRIVATE_LIMITED,LDH,PUNJAB,2025-03-17 00:00:00,0718437905,INACTIVE,168.98,False,True,False,False,False,False
MCH7294,"Kuruvilla, Ahluwalia and Gole",5912,MEDICAL,PARTNERSHIP,PUNE,MAHARASHTRA,2023-06-11 00:00:00,FATQ4333129690113,ACTIVE,1573.98,True,True,False,False,False,False
MCH4815,"Mohan, Gaba and Banik",4131,TRANSPORTATION,SOLE_PROPRIETOR,JALANDHAR,PUNJAB,2025-01-13 00:00:00,,ACTIVE,4426.57,True,False,False,False,False,False
MCH2624,Pandya Group,5311,DEPARTMENT_STORE,INDIVIDUAL,BOMBAY,MAHARASHTRA,,3278618323,SUSPENDED,606.95,True,True,False,False,True,False
MCH1558,Shroff-Khanna,4814,TELECOM,PARTNERSHIP,BLR,KARNATAKA,2023-01-20 12:52:42,,ACTIVE,1953.35,True,False,False,False,False,False
MCH5631,CHADA-BUCH,7011,HOTEL,SOLE_PROPRIETOR,LKO,UTTAR_PRADESH,2023-03-06 00:00:00,YVOF0855521464981,SUSPENDED,2202.48,True,True,False,False,False,False
MCH5587,"Rama, Bail and Garde",5812,RESTAURANTS,SOLE_PROPRIETOR,JAIPUR,RAJASTHAN,2024-11-26 10:05:00,,INACTIVE,3401.0,True,False,False,False,False,False
MCH4306,"Narula, Hegde and Minhas",5411,GROCERY_STORES,PRIVATE_LIMITED,BLR,KARNATAKA,2025-08-03 01:58:17,,ACTIVE,,True,False,True,False,False,False
MCH4487,RANDHAWA-MALLICK,5311,DEPARTMENT_STORES,INDIVIDUAL,LUDHIANA,PUNJAB,2023-08-22 21:49:04,,ACTIVE,1290.99,True,False,False,False,False,False
MCH9930,Kale LLC,5699,CLOTHS,SOLE_PROPRIETOR,JAIPUR,RAJASTHAN,,,ACTIVE,1917.92,True,False,False,False,False,False
MCH9605,Chokshi LLC,5812,RESTAURANTS,SOLE_PROPRIETOR,BANGALORE,KARNATAKA,2026-01-31 00:00:00,,ACTIVE,2523.0,True,False,False,False,False,False
MCH5042,Narasimhan Ltd,7011,HOSPITALITY,PRIVATE_LIMITED,PUNE,MAHARASHTRA,,,ACTIVE,,True,False,False,False,True,False
MCH1842,"Singh, Dhillon and Garg",4814,TELECOM,PARTNERSHIP,LUCKNOW,UTTAR_PRADESH,2024-10-21 00:00:00,6092011664,INACTIVE,,True,True,True,False,False,False
MCH2859,"Doctor, Bir and Lanka",5411,GROCERY_STORE,PRIVATE_LIMITED,HYDERABAD,TELANGANA,2025-04-03 00:00:00,,ACTIVE,2296.45,True,False,False,False,False,False
MCH5129,dayal-saran,5912,PHARMACY,SOLE_PROPRIETOR,CHENNAI,TAMIL_NADU,2024-09-30 00:00:00,1476589127,ACTIVE,1504.46,True,True,False,False,False,False
MCH3469,Ha1der-Bains,,TELECOM,PRIVATE_LIMITED,LUDHIANA,PUNJAB,,AHBB0158183764134,ACTIVE,943.76,False,True,False,False,False,False
MCH3402,"Lala, Loyal and Trivedi",5999,MISCELLANEOUS,PARTNERSHIP,POONA,MAHARASHTRA,2025-12-14 00:00:00,4812392751,INACTIVE,1152.61,True,True,False,False,False,False
MCH5111,Ramachandran Group,,DEPARTMENT_STORES,PRIVATE_LIMITED,LUDHIANA,PUNJAB,,9740232667,ACTIVE,541.94,False,True,False,False,True,False
MCH4413,Bedi-Chanda,4131,TRANSPORT,PRIVATE_LIMITED,MADRAS,TAMIL_NADU,2024-01-16 00:17:39,,ACTIVE,3646.52,True,False,False,False,False,False
MCH9394,Balay Group,5311,DEPARTMENT_STORE,SOLE_PROPRIETOR,CHENNAI,TAMIL_NADU,,,ACTIVE,279.0,True,False,False,False,True,False
MCH7163,"Chowdhury, Goyal and Pradhan",4131,TRANSPORTATION,SOLE_PROPRIETOR,PUNE,MAHARASHTRA,,5098805593,ACTIVE,,True,True,True,False,True,False
MCH8198,Buch-Sengupta,5311,DEPARTMENT_STORES,INDIVIDUAL,KOLKATA,WEST_BENGAL,2023-01-18 00:00:00,,ACTIVE,2004.67,True,False,False,False,False,False
MCH6268,"yogi, sachar and mammen",5411,GROCERY_STORES,SOLE_PROPRIETOR,JALANDHAR,PUNJAB,2025-11-05 00:00:00,XXXX1380,ACTIVE,1773.0,True,False,False,False,False,False
MCH1710,"talwar, goyal and dhillon",5812,FOOD,PARTNERSHIP,DILLI,DELHI,2025-11-26 00:00:00,,ACTIVE,542.31,True,False,False,False,False,False
MCH1714,Kalita Group,5699,CLOTHS,SOLE_PROPRIETOR,AMRITSAR,PUNJAB,2024-03-31 14:28:04,XXXX3148,ACTIVE,3974.77,True,False,False,False,False,False
MCH5712,Goda-Kashyap,5942,BOOKS,PRIVATE_LIMITED,AMRITSAR,PUNJAB,2025-01-12 00:00:00,ILKC7960163227117,ACTIVE,,True,True,False,False,False,False
MCH1084,Krishnamurthy Inc,5999,OTHER,PRIVATE_LIMITED,JALANDAR,PUNJAB,2025-04-21 00:00:00,7207827487,ACTIVE,4469.21,True,True,False,False,False,False
MCH8132,BISWAS PLC,5411,GROCERY,SOLE_PROPRIETOR,PUNE,MAHARASHTRA,2024-11-22 00:00:00,CXST4288098118218,ACTIVE,1347.49,True,True,False,False,False,False
MCH2723,Mandal PLC,,EATING_PLACE,INDIVIDUAL,LUDHIANA,PUNJAB,2023-07-28 19:33:37,1234084041,ACTIVE,6532.68,False,True,False,False,False,False
MCH6221,Dey-Maharaj,5912,CHEMIST,PRIVATE_LIMITED,LUDHIANA,PUNJAB,2026-01-22 00:00:00,8909550882,INACTIVE,,True,True,True,False,False,False
MCH9114,Narayan-Kalita,5699,APPAREL,INDIVIDUAL,BENGALURU,KARNATAKA,2025-03-08 21:47:49,PHUX7313608770713,ACTIVE,2471.0,True,True,False,False,False,False
MCH3788,BHARGAVA AND SONS,4131,BUS_TAXI,PARTNERSHIP,BENGALURU,KARNATAKA,2025-12-18 00:00:00,SFPS7075877461991,ACTIVE,2495.65,True,True,False,False,False,False
MCH3061,Viswanathan Ltd,05942,BOOKS_STATIONERY,PRIVATE_LIMITED,LUCKNOW,UTTAR_PRADESH,2025-04-25 00:00:00,,INACTIVE,574.59,False,False,False,False,False,False
MCH2376,"Lata, Krishnamurthy and Lal",05311,RETAIL,PARTNERSHIP,JALANDHAR,PUNJAB,2025-12-05 00:00:00,,ACTIVE,113.0,False,False,False,False,False,False
MCH8933,magar inc,7011,HOTEL,SOLE_PROPRIETOR,LUCKNOW,UTTAR_PRADESH,,XXXX1861,ACTIVE,1568.46,True,False,False,False,True,False
MCH3438,Kapur-Mangat,4131,TRANSPORT,PARTNERSHIP,HYDERABAD,TELANGANA,,XXXX6916,ACTIVE,1153.19,True,False,False,False,False,False
MCH4040,"Bahri, Solanki and Magar",5311,DEPARTMENT_STORES,PRIVATE_LIMITED,CHENNAI,TAMIL_NADU,2025-01-28 03:48:23,DNQF3989342164675,ACTIVE,1173.0,True,True,False,False,False,False
MCH9912,"Gade, Bajaj and Zachariah",7011,HOTELS,SOLE_PROPRIETOR,LDH,PUNJAB,2023-02-22 18:06:00,,ACTIVE,564.0,True,False,False,False,False,False
MCH9846,Mukherjee Ltd,5812,RESTAURANT,SOLE_PROPRIETOR,CHENNAI,TAMIL_NADU,2024-09-15 00:00:00,XXXX2201,ACTIVE,1799.62,True,False,False,False,False,False
MCH3242,"upadhyay, dash and vaidya",5999,MISC_RETAIL,PARTNERSHIP,JPR,RAJASTHAN,,,ACTIVE,1731.73,True,False,False,False,False,False
MCH2701,BAIL LTD,,OTHER,INDIVIDUAL,JPR,RAJASTHAN,2025-02-27 08:06:00,JFSQ7616747260509,ACTIVE,863.24,False,True,False,False,False,False
MCH5371,Tailor Ltd,MISC,DEPARTMENT_STORE,SOLE_PROPRIETOR,JALANDHAR,PUNJAB,2024-10-08 00:00:00,3819002392,ACTIVE,2851.53,False,True,False,False,False,False
MCH4324,Choudhury Group,5311,DEPT_STORE,INDIVIDUAL,CHENNAI,TAMIL_NADU,,ZMED4163796029617,ACTIVE,10680.0,True,True,False,False,True,False
MCH9358,Shroff Ltd,5311,DEPARTMENT_STORE,SOLE_PROPRIETOR,KOLKATA,WEST_BENGAL,2023-05-21 00:00:00,RLLU5222765967468,ACTIVE,1856.54,True,True,False,False,False,False
MCH1352,MUKHERJEE-SETHI,5812,FOOD,SOLE_PROPRIETOR,PUNE,MAHARASHTRA,2024-03-19 01:21:36,,ACTIVE,,True,False,True,False,False,False
MCH8277,"Patil, Goyal and Sarin",5912,PHARMACIES,INDIVIDUAL,ASR,PUNJAB,2025-07-04 00:00:00,XXXX6940,INACTIVE,1542.69,True,False,False,False,False,False
MCH4124,kakar-prabhu,7011,HOTEL_LODGING,PARTNERSHIP,JALANDAR,PUNJAB,2023-01-21 00:00:00,DOCW0340939340492,ACTIVE,930.0,True,True,False,False,False,False
MCH4444,Kara-Murty,,MISC_RETAIL,PARTNERSHIP,JAIPUR,RAJASTHAN,2023-11-24 00:00:00,SVOB9088353520562,ACTIVE,1214.6,False,True,False,False,False,False
MCH9041,Kade-Sahota,4131,TRANSPRT,INDIVIDUAL,POONA,MAHARASHTRA,,8030172107,ACTIVE,2738.21,True,True,False,False,False,False
MCH1288,"jain, loke and zacharia",4131,TRANSPRT,SOLE_PROPRIETOR,BLR,KARNATAKA,2023-07-17 08:08:00,XXXX2041,ACTIVE,915.81,True,False,False,False,False,False
MCH8137,"Sankar,GuhaandKara",5912,MEDICAL_STORE,PRIVATE_LIMITED,HYD,TELANGANA,2023-08-20 00:00:00,OYZH8287026186914,ACTIVE,425.78,True,True,False,False,False,False
MCH1873,Oak-Ramachandran,,PHONE_SERVICE,PRIVATE_LIMITED,AMRITSAR,PUNJAB,2024-05-23 15:31:00,XXXX5817,ACTIVE,942.83,False,False,False,False,False,False
MCH8928,Deo PLC,4131,TRANSPORT,PARTNERSHIP,CHENNAI,TAMIL_NADU,2024-10-18 05:30:00,XXXX5889,ACTIVE,1547.93,True,False,False,False,False,False
MCH2634,"KARNIK, BAINS AND RATTI",5311,RETAIL,INDIVIDUAL,BENGALURU,KARNATAKA,2025-03-20 07:33:00,3474601890,ACTIVE,581.71,True,True,False,False,False,False
MCH1101,Sethi Ltd,05812,RESTAURANT,PARTNERSHIP,KOLKATA,WEST_BENGAL,,,ACTIVE,840.25,False,False,False,False,True,False
MCH6409,Wason and Sons,5699,CLOTHING,PRIVATE_LIMITED,BLR,KARNATAKA,,TVOP0202048560476,SUSPENDED,1111.14,True,True,False,False,True,False
MCH1612,Khare-Jha,7011,HOTEL_LODGING,SOLE_PROPRIETOR,PUNE,MAHARASHTRA,,XXXX6820,ACTIVE,3967.18,True,False,False,False,True,False
MCH1567,Bhargava-Bora,5812,FOOD,PRIVATE_LIMITED,JALANDHAR,PUNJAB,2024-12-20 00:00:00,PRCN9599813480981,ACTIVE,101.33,True,True,False,False,False,False
MCH2928,"Hans, Parmer and Buch",5812,FOOD_SERVICES,PRIVATE_LIMITED,LUDHIANA,PUNJAB,,,INACTIVE,1903.0,True,False,False,False,True,False
MCH4746,"Srivastava, Bhattacharyya and Morar",05999,MISCELLANEOUS,SOLE_PROPRIETOR,MADRAS,TAMIL_NADU,2025-07-29 00:00:00,,INACTIVE,402.85,False,False,False,False,False,False
MCH9729,Prabhakar Ltd,5812,RESTAURANTS,INDIVIDUAL,BENGALURU,KARNATAKA,2025-12-28 11:50:57,,ACTIVE,1127.0,True,False,False,False,False,False
MCH5727,"Sandal, Deshmukh and Lata",5699,CLOTHING,PARTNERSHIP,BANGALORE,KARNATAKA,2024-04-21 23:21:20,9631209751,ACTIVE,411.34,True,True,False,False,False,False
MCH3079,anne-sen,05942,BOOK_STORE,INDIVIDUAL,POONA,MAHARASHTRA,2025-08-04 00:00:00,,ACTIVE,,False,False,False,False,False,False
MCH9772,Vyas-Ganguly,5942,BOOKS,PARTNERSHIP,JALANDHAR,PUNJAB,2023-12-25 00:00:00,1012219749,ACTIVE,1198.91,True,True,False,False,False,False
MCH9045,"Kaul, Sethi and Vaidya",4814,TELECOM,PARTNERSHIP,BANGALORE,KARNATAKA,,6906668934,INACTIVE,1488.0,True,True,False,False,False,False
MCH7335,Keer-Goyal,5411,GROCERIES,SOLE_PROPRIETOR,MUMBAI,MAHARASHTRA,2025-01-25 13:25:00,XXXX8870,ACTIVE,470.18,True,False,False,False,False,False
MCH8934,Dubey and Sons,5411,GROCERIES,SOLE_PROPRIETOR,BENGALURU,KARNATAKA,2025-09-12 05:11:51,,INACTIVE,1359.0,True,False,False,False,False,False
MCH7574,"Saini, Dubey and Bava",,DEPT_STORE,PRIVATE_LIMITED,PUNE,MAHARASHTRA,2024-09-28 01:58:00,,ACTIVE,1109.44,False,False,False,False,False,False
MCH6095,"Sahota, Misra and Kata",,STATIONERY,PARTNERSHIP,HYD,TELANGANA,2024-11-29 00:00:00,,ACTIVE,665.0,False,False,False,False,False,False
MCH5121,Din-Dar,5812,EATING_PLACE,INDIVIDUAL,JALANDHAR,PUNJAB,,,ACTIVE,2367.99,True,False,False,False,False,False
MCH4964,SARKAR-GODA,5311,DEPT_STORE,PRIVATE_LIMITED,POONA,MAHARASHTRA,2025-07-14 00:00:00,,ACTIVE,1517.0,True,False,False,False,False,False
MCH7729,Keer LLC,5942,BOOKS,PRIVATE_LIMITED,MUMBAI,MAHARASHTRA,,,ACTIVE,884.0,True,False,False,False,False,False
MCH8741,VenkateshGroup,5411,GROCERY,PRIVATE_LIMITED,LUDHIANA,PUNJAB,2024-08-03 03:48:35,,ACTIVE,1511.0,True,False,False,False,False,False
MCH6917,"Deshmukh, Parmar and Lad",4814,PHONE_SERVICE,SOLE_PROPRIETOR,JAIPUR,RAJASTHAN,2023-07-29 00:00:00,KZXC7074900980989,ACTIVE,1543.47,True,True,False,False,False,False
MCH1214,Patel-Bhatti,5311,DEPARTMENT_STORE,INDIVIDUAL,JALANDHAR,PUNJAB,2024-10-05 17:31:40,XXXX0366,ACTIVE,1829.91,True,False,False,False,False,False
MCH1605,ShethandSons,4131,TRAVEL,SOLE_PROPRIETOR,MUMBAI,MAHARASHTRA,,9021316639,ACTIVE,1128.85,True,True,False,False,False,False
MCH7495,DHINGRA AND SONS,5999,MISCELLANEOUS,SOLE_PROPRIETOR,JALANDHAR,PUNJAB,,XXXX0797,INACTIVE,3168.53,True,False,False,False,False,False
MCH8600,Lata-Khurana,5411,GROCERIES,INDIVIDUAL,JALANDAR,PUNJAB,2023-06-16 00:00:00,5082992374,ACTIVE,861.64,True,True,False,False,False,False
MCH2618,"Loyal, Nadkarni and Mangal",5942,BOOKS,PARTNERSHIP,BANGALORE,KARNATAKA,2026-01-27 20:44:00,NZSX7829638547170,ACTIVE,816.0,True,True,False,False,False,False
MCH8555,Ar0ra PLC,5999,OTHER,PRIVATE_LIMITED,DELHI,DELHI,2023-04-15 00:00:00,9465965379,ACTIVE,1643.0,True,True,False,False,False,False
MCH5683,"ramesh, bhalla and murthy",4131,TRANSPRT,PRIVATE_LIMITED,KOLKATA,WEST_BENGAL,,,ACTIVE,3635.0,True,False,False,False,True,False
MCH8697,Karnik Ltd,05999,MISCELLANEOUS,SOLE_PROPRIETOR,HYDERABAD,TELANGANA,2023-01-19 11:39:00,ELBE1390395985700,ACTIVE,353.31,False,True,False,False,False,False
MCH7540,Solanki Inc,5999,MISCELLANEOUS,PARTNERSHIP,JALANDHAR,PUNJAB,,XXXX7550,ACTIVE,579.73,True,False,False,False,True,False
MCH4658,Kapadia Inc,5311,RETAIL,INDIVIDUAL,HYDERABAD,TELANGANA,2023-05-21 00:00:00,OORB1075233391671,ACTIVE,2693.95,True,True,False,False,False,False
MCH2503,DATE LLC,4814,TELECOM,PRIVATE_LIMITED,JAIPUR,RAJASTHAN,2023-08-06 00:20:53,,ACTIVE,1656.27,True,False,False,False,False,False
MCH1179,Suresh-Chand,5942,BOOKS,PARTNERSHIP,MADRAS,TAMIL_NADU,2025-11-19 00:00:00,,ACTIVE,,True,False,False,False,False,False
MCH5166,Rastogi Ltd,,GROCERY,INDIVIDUAL,HYD,TELANGANA,2025-11-10 00:00:00,XXXX4606,ACTIVE,1432.96,False,False,False,False,False,False
MCH2598,Sani Gr0up,,CLOTHING,PARTNERSHIP,PUNE,MAHARASHTRA,2025-11-27 17:05:19,1059212674,ACTIVE,489.0,False,True,False,False,False,False
MCH7648,"Trivedi, Ramachandran and Keer",,RETAIL_OTHER,PRIVATE_LIMITED,HYD,TELANGANA,2024-11-12 16:04:31,7503405109,SUSPENDED,1840.11,False,True,False,False,False,False
MCH7105,"PALAN, DOCTOR AND ARORA",5942,BOOKS_STATIONERY,SOLE_PROPRIETOR,HYDERABAD,TELANGANA,2025-04-18 00:00:00,1349306323,ACTIVE,969.67,True,True,False,False,False,False
MCH1774,patla-warrior,5912,CHEMIST,PARTNERSHIP,MUMBAI,MAHARASHTRA,2023-01-02 11:10:48,XREO9787326188727,ACTIVE,442.29,True,True,False,False,False,False
MCH2772,Rajagopalan-Lal,5699,CLOTHS,PARTNERSHIP,JALANDAR,PUNJAB,,YDTF9778396986125,SUSPENDED,594.07,True,True,False,False,True,False
MCH5597,"Shankar, Pandey and Sridhar",5812,EATING_PLACE,PRIVATE_LIMITED,LUCKNOW,UTTAR_PRADESH,,,ACTIVE,380.65,True,False,False,False,False,False
MCH4774,Wadhwa PLC,5311,DEPT_STORE,PARTNERSHIP,JALANDHAR,PUNJAB,2026-01-09 14:20:47,4049174087,ACTIVE,374.94,True,True,False,False,False,False
MCH6731,Wagle-Pau,5812,EATING_PLACE,PRIVATE_LIMITED,AMRITSAR,PUNJAB,2025-09-26 23:01:57,,ACTIVE,2980.89,True,False,False,False,False,False
MCH9015,PRASHAD INC,5812,RESTAURANTS,SOLE_PROPRIETOR,MADRAS,TAMIL_NADU,2025-08-05 00:00:00,ZMCX8700350444666,ACTIVE,787.45,True,True,False,False,False,False
MCH8727,Vig-Mann,5999,RETAIL_OTHER,PARTNERSHIP,DELHI,DELHI,,PYLB7387354028266,ACTIVE,157.65,True,True,False,False,False,False
MCH9968,Kata-Bawa,5311,DEPARTMENT_STORES,PRIVATE_LIMITED,LUCKNOW,UTTAR_PRADESH,2025-09-01 12:08:34,,ACTIVE,2070.31,True,False,False,False,False,False
MCH4250,"Mani, Roy and Manne",4131,BUS_TAXI,PRIVATE_LIMITED,BANGALORE,KARNATAKA,,,ACTIVE,77.0,True,False,False,False,True,False
MCH7444,Lanka-Shukla,5699,FASHION,PRIVATE_LIMITED,MUMBAI,MAHARASHTRA,2023-03-13 03:58:00,7637285335,ACTIVE,2750.67,True,True,False,False,False,False
MCH1674,Kari-Tara,4814,TELECOM,PARTNERSHIP,MUMBAY,MAHARASHTRA,2024-08-16 00:00:00,XXXX5872,ACTIVE,1266.21,True,False,False,False,False,False
MCH6626,Zacharia-Kapadia,5912,PHARMACY,PRIVATE_LIMITED,LKO,UTTAR_PRADESH,2024-07-25 00:00:00,,INACTIVE,2864.89,True,False,False,False,False,False
MCH5493,ROY GROUP,05812,EATING_PLACE,PARTNERSHIP,LUCKNOW,UTTAR_PRADESH,2024-05-11 12:32:56,8876014777,ACTIVE,,False,True,False,False,False,False
MCH5937,"Babu, Contractor and Sem",5411,GROCERY,PRIVATE_LIMITED,HYD,TELANGANA,,,INACTIVE,415.88,True,False,False,False,True,False
MCH9986,tak ltd,4131,TRANSPRT,PARTNERSHIP,DELHI,DELHI,2025-01-21 00:00:00,PVFQ1310778139722,ACTIVE,,True,True,True,False,False,False
MCH2726,"Rastogi, Behl and Purohit",5942,STATIONERY,SOLE_PROPRIETOR,MUMBAI,MAHARASHTRA,2025-04-04 00:00:00,XYEE0098710788916,ACTIVE,1692.27,True,True,False,False,False,False
MCH6926,Bhattacharyya and S0ns,MISC,MEDICAL_STORE,PRIVATE_LIMITED,JAIPUR,RAJASTHAN,2025-08-28 10:51:00,,ACTIVE,3997.27,False,False,False,False,False,False
MCH3080,lad-soman,05411,GROCERIES,SOLE_PROPRIETOR,JALANDHAR,PUNJAB,2024-12-01 13:22:52,,ACTIVE,,False,False,True,False,False,False
MCH8240,Sur LLC,5912,PHARMACIES,PARTNERSHIP,LUCKNOW,UTTAR_PRADESH,2025-08-10 00:00:00,0641477724,ACTIVE,1777.69,True,True,False,False,False,False
MCH1204,Rana Group,5311,DEPARTMENT_STORE,PRIVATE_LIMITED,JPR,RAJASTHAN,2025-05-24 15:30:29,,ACTIVE,733.33,True,False,False,False,False,False
MCH1347,D’ALIA GROUP,7011,HOSPITALITY,PRIVATE_LIMITED,CHENNAI,TAMIL_NADU,2023-07-02 00:00:00,XXXX4418,ACTIVE,1739.0,True,False,False,False,False,False
MCH2040,ATWAL-VARUGHESE,5311,DEPT_STORE,INDIVIDUAL,BLR,KARNATAKA,2025-06-26 00:00:00,,ACTIVE,2009.33,True,False,False,False,False,False
MCH2831,Rastogi-Devi,,MISCELLANEOUS,PRIVATE_LIMITED,DELHI,DELHI,2023-10-20 00:00:00,XXXX4746,ACTIVE,501.88,False,False,False,False,False,False
MCH4727,Dua-Mishra,5311,DEPARTMENT_STORE,SOLE_PROPRIETOR,PUNE,MAHARASHTRA,2024-05-18 00:00:00,9730998246,INACTIVE,1242.0,True,True,False,False,False,False
MCH4623,Bath-Keer,5942,STATIONERY,SOLE_PROPRIETOR,MUMBAI,MAHARASHTRA,2023-07-08 23:12:59,,ACTIVE,233.65,True,False,False,False,False,False
MCH5502,Dutta and Sons,5311,DEPARTMENT_STORES,PARTNERSHIP,KOLKATA,WEST_BENGAL,2025-04-08 00:00:00,5772238249,ACTIVE,,True,True,True,False,False,False
MCH5390,bajwa group,5942,STATIONERY,SOLE_PROPRIETOR,JAIPUR,RAJASTHAN,,XXXX7220,ACTIVE,2643.0,True,False,False,False,False,False
MCH2607,"Deep, Prasad and Dass",,CLOTHS,PRIVATE_LIMITED,HYD,TELANGANA,2023-05-29 00:00:00,4668596918,INACTIVE,1570.82,False,True,False,False,False,False
MCH3308,Misra Inc,5311,RETAIL,SOLE_PROPRIETOR,LDH,PUNJAB,,2104958437,ACTIVE,8756.33,True,True,False,False,False,False
MCH8245,BRAR LLC,5942,BOOKS,INDIVIDUAL,BLR,KARNATAKA,2024-01-18 00:00:00,,ACTIVE,,True,False,False,False,False,False
MCH4200,"Sood, Kurian and Raghavan",5699,APPAREL,INDIVIDUAL,JAIPUR,RAJASTHAN,2024-08-18 00:00:00,4567697450,ACTIVE,2010.35,True,True,False,False,False,False
MCH3288,Kuruvilla-Kala,4814,PHONE_SERVICE,PARTNERSHIP,CALCUTTA,WEST_BENGAL,2025-07-17 06:27:40,HFDT8427341893769,ACTIVE,,True,True,False,False,False,False
MCH8448,"Roy, Parekh and Ratti",7011,HOTEL_LODGING,PRIVATE_LIMITED,JAIPUR,RAJASTHAN,2024-07-25 22:15:50,,ACTIVE,364.74,True,False,False,False,False,False
MCH1491,"Sarna, Chand and Goda",4814,TELECOM,SOLE_PROPRIETOR,LUDHIANA,PUNJAB,2026-01-27 00:00:00,,ACTIVE,1075.6,True,False,False,False,False,False
MCH5183,Chandra LLC,05942,STATIONERY,INDIVIDUAL,JAIPUR,RAJASTHAN,2023-10-16 12:28:48,,ACTIVE,578.29,False,False,False,False,False,False
MCH3089,Tata PLC,5942,STATIONERY,SOLE_PROPRIETOR,JALANDHAR,PUNJAB,2025-08-30 00:00:00,XXXX2474,ACTIVE,,True,False,True,False,False,False
MCH3369,"yadav, deep and bassi",5999,MISC_RETAIL,INDIVIDUAL,LKO,UTTAR_PRADESH,2024-05-16 00:00:00,0407364103,ACTIVE,786.0,True,True,False,False,False,False
MCH7700,"Lanka, Setty and Muni",5812,EATING_PLACE,PARTNERSHIP,DELHI,DELHI,2025-06-14 00:00:00,,INACTIVE,,True,False,True,False,False,False
MCH2261,Gr0ver Inc,5812,RESTAURANT,SOLE_PROPRIETOR,MUMBAI,MAHARASHTRA,2025-11-25 01:19:55,,ACTIVE,1519.0,True,False,False,False,False,False
MCH3561,"KEER, NATT AND KADAKIA",4814,PHONE_SERVICE,INDIVIDUAL,KOLKATA,WEST_BENGAL,,,ACTIVE,277.0,True,False,False,False,True,False
MCH8603,mane ltd,5812,RESTAURANT,SOLE_PROPRIETOR,LUDHIANA,PUNJAB,2023-04-01 16:26:07,9861979521,ACTIVE,258.46,True,True,False,False,False,False
MCH5084,Doshi LLC,5942,BOOKS_STATIONERY,INDIVIDUAL,JALANDHAR,PUNJAB,,5224325531,ACTIVE,182.0,True,True,False,False,True,False
MCH1605,"Patla, Thaman and Chatterjee",4131,TRANSPORT,PARTNERSHIP,BANGALORE,KARNATAKA,2025-09-22 00:00:00,XXXX0679,ACTIVE,932.8,True,False,False,False,False,False
MCH3096,"Pradhan, Anne and Dhillon",5812,FOOD,INDIVIDUAL,KOLKATA,WEST_BENGAL,2025-02-25 00:00:00,XXXX9447,ACTIVE,,True,False,False,False,False,False
MCH8554,MANGAT PLC,5999,MISCELLANEOUS,SOLE_PROPRIETOR,MUMBAI,MAHARASHTRA,2023-04-03 00:00:00,,INACTIVE,,True,False,False,False,False,False
MCH9095,Mital-Reddy,4814,MOBILE_RECHARGE,PARTNERSHIP,LUCKNOW,UTTAR_PRADESH,,,SUSPENDED,1105.17,True,False,False,False,True,False
MCH9855,Samra-Manda,4814,MOBILE_RECHARGE,PRIVATE_LIMITED,CHENNAI,TAMIL_NADU,,PEIX9794404707965,ACTIVE,1167.22,True,True,False,False,True,False
MCH3987,Pandya Inc,,PHARMACY,PARTNERSHIP,AMRITSAR,PUNJAB,2025-10-14 00:00:00,,ACTIVE,,False,False,False,False,False,False
MCH3968,"Peri, Sane and Mohanty",5812,EATING_PLACE,INDIVIDUAL,MUMBAI,MAHARASHTRA,,,ACTIVE,1174.15,True,False,False,False,True,False
MCH4600,Devi Group,5311,DEPARTMENT_STORES,INDIVIDUAL,NEW_DELHI,DELHI,2024-02-17 00:00:00,2508192627,INACTIVE,1126.47,True,True,False,False,False,False
MCH2124,"Chander, Kohli and Dube",4131,TRANSPORT,INDIVIDUAL,DELHI,DELHI,2024-02-15 00:00:00,XXXX2531,ACTIVE,1551.09,True,False,False,False,False,False
MCH3442,Garg-Borah,4131,TRAVEL,PARTNERSHIP,CHENNAI,TAMIL_NADU,2023-09-29 10:20:54,2231701583,ACTIVE,3562.63,True,True,False,False,False,False
MCH8316,Bakshi-Rout,5311,DEPT_STORE,PRIVATE_LIMITED,DILLI,DELHI,2024-11-10 02:40:36,,ACTIVE,618.0,True,False,False,False,False,False
MCH5390,Pall-Vig,4131,TRANSPORT,PRIVATE_LIMITED,ASR,PUNJAB,2024-02-18 13:47:07,9048380759,ACTIVE,6624.25,True,True,False,False,False,False
MCH3586,"Ghose, Ganesh and Edwin",04814,TELECOM,SOLE_PROPRIETOR,KOLKATA,WEST_BENGAL,2023-09-15 06:20:33,ZJVL8370026948243,INACTIVE,1437.0,False,True,False,False,False,False
MCH2690,nagarajan inc,5912,MEDICAL,SOLE_PROPRIETOR,LKO,UTTAR_PRADESH,2023-06-22 00:00:00,LDEV4758391652112,SUSPENDED,3091.83,True,True,False,False,False,False
MCH7478,"Sami, Brahmbhatt and Khurana",5699,CLOTHING,PRIVATE_LIMITED,MUMBAY,MAHARASHTRA,2024-08-19 11:01:33,,INACTIVE,,True,False,False,False,False,False
MCH9815,"NARASIMHAN, VASA AND GOSWAMI",5942,BOOK_STORE,INDIVIDUAL,DELHI,DELHI,,MZNM1643262942719,ACTIVE,,True,True,True,False,True,False
MCH5090,Chacko-Dora,5411,GROCERY,SOLE_PROPRIETOR,HYDERABAD,TELANGANA,2023-12-27 00:00:00,DVGQ3463891046958,ACTIVE,,True,True,True,False,False,False
MCH8944,"Zachariah, Ratta and Contractor",05311,DEPARTMENT_STORES,PRIVATE_LIMITED,HYDERABAD,TELANGANA,2024-07-16 13:53:35,0653764901,ACTIVE,2179.0,False,True,False,False,False,False
MCH5106,Sagar LLC,05912,CHEMIST,INDIVIDUAL,JALANDHAR,PUNJAB,2026-02-23 06:38:00,,ACTIVE,1707.71,False,False,False,False,False,False
MCH8211,Seth LLC,5999,MISC_RETAIL,PARTNERSHIP,PUNE,MAHARASHTRA,2024-09-08 00:27:35,,ACTIVE,2939.69,True,False,False,False,False,False
MCH3088,Suresh LLC,5411,GROCERY,PARTNERSHIP,CHENNAI,TAMIL_NADU,2024-03-08 00:00:00,,ACTIVE,4739.6,True,False,False,False,False,False
MCH7280,"Sathe, Shan and Oommen",5411,GROCERIES,INDIVIDUAL,LUDHIANA,PUNJAB,2025-10-21 00:00:00,XXXX0221,ACTIVE,466.99,True,False,False,False,False,False
MCH5388,Mann-Oza,5942,BOOKS,PRIVATE_LIMITED,HYDERABAD,TELANGANA,,,ACTIVE,1696.0,True,False,False,False,False,False
MCH2591,"Deol, Palla and Goel",MISC,GROCERY,INDIVIDUAL,HYDERABAD,TELANGANA,2025-08-22 00:00:00,2241068743,ACTIVE,468.59,False,True,False,False,False,False
MCH5784,"Kakar, Palla and Vyas",5699,GARMENTS,PRIVATE_LIMITED,JALANDHAR,PUNJAB,2024-06-01 22:17:58,,ACTIVE,220.77,True,False,False,False,False,False
MCH1441,"Kakar, Parsa and Sodhi",5999,MISCELLANEOUS,PARTNERSHIP,LKO,UTTAR_PRADESH,,SBUL4886955523512,ACTIVE,1723.15,True,True,False,False,True,False
MCH5560,"D’Alia, Dasgupta and Chakrabarti",4131,TRANSPORTATION,SOLE_PROPRIETOR,JALANDHAR,PUNJAB,,,INACTIVE,1247.75,True,False,False,False,True,False
MCH2818,Sibal Inc,5411,GROCERY_STORE,SOLE_PROPRIETOR,JALANDHAR,PUNJAB,2025-06-03 00:00:00,HHRP3016788161129,ACTIVE,600.04,True,True,False,False,False,False
MCH6391,"BHATTI, KEER AND GUPTA",4814,TELECOM,INDIVIDUAL,MUMBAI,MAHARASHTRA,2025-08-22 10:17:00,,ACTIVE,684.0,True,False,False,False,False,False
MCH7228,SwaminathanLtd,,TELECOM,PARTNERSHIP,LUDHIANA,PUNJAB,2024-03-13 00:00:00,XXXX9584,ACTIVE,,False,False,False,False,False,False
MCH4501,BARMAN AND SONS,5812,RESTAURANT,PRIVATE_LIMITED,DILLI,DELHI,2025-04-24 00:00:00,,ACTIVE,523.04,True,False,False,False,False,False
MCH6722,Khalsa-Kapadia,05912,MEDICAL_STORE,PARTNERSHIP,BENGALURU,KARNATAKA,,4686133127,ACTIVE,2042.78,False,True,False,False,True,False
MCH2013,"Nanda, Saraf and Halder",5411,GROCERIES,INDIVIDUAL,KOLKATA,WEST_BENGAL,2025-04-22 00:00:00,,ACTIVE,,True,False,True,False,False,False
MCH7524,"Babu, Banerjee and Parsa",5812,RESTAURANT,INDIVIDUAL,CALCUTTA,WEST_BENGAL,,XXXX7557,ACTIVE,811.7,True,False,False,False,True,False
MCH4524,Tara Ltd,5999,MISCELLANEOUS,PRIVATE_LIMITED,HYDERABAD,TELANGANA,2025-07-23 17:42:29,,ACTIVE,1296.94,True,False,False,False,False,False
MCH3012,Sathe LLC,MISC,GROCERIES,PRIVATE_LIMITED,CHENNAI,TAMIL_NADU,2024-10-23 02:09:00,,SUSPENDED,448.76,False,False,False,False,False,False
MCH3564,"Konda, Natarajan and Chawla",5999,MISC_RETAIL,PRIVATE_LIMITED,AMRITSAR,PUNJAB,2025-10-08 00:00:00,,ACTIVE,982.65,True,False,False,False,False,False
MCH4373,Raman-Karnik,5942,BOOKS,PARTNERSHIP,DELHI,DELHI,2023-08-09 15:36:00,IPHA4538122781630,ACTIVE,,True,True,False,False,False,False
MCH8337,Date-Mand,05999,MISC_RETAIL,PARTNERSHIP,LDH,PUNJAB,2023-01-31 03:03:00,UXDC3751207514110,INACTIVE,333.78,False,True,False,False,False,False
MCH6351,Mahal-Padmanabhan,05812,RESTAURANT,PARTNERSHIP,BLR,KARNATAKA,2025-03-30 00:00:00,IXWO1858083433710,ACTIVE,3129.06,False,True,False,False,False,False
MCH7268,Mand-Char,5912,PHARMACIES,PRIVATE_LIMITED,MUMBAY,MAHARASHTRA,2025-06-20 02:06:05,,ACTIVE,1359.5,True,False,False,False,False,False
MCH5684,Dua-Ghose,5311,DEPARTMENT_STORES,PARTNERSHIP,PUNE,MAHARASHTRA,,,ACTIVE,465.0,True,False,False,False,True,False
MCH4179,"Choudhry, Bera and Pandit",5699,FASHION,PARTNERSHIP,KOLKATA,WEST_BENGAL,2025-08-14 04:33:40,ABQY2242292056782,ACTIVE,1930.08,True,True,False,False,False,False
MCH7149,Keer-Dua,4131,TRANSPORTATION,PRIVATE_LIMITED,DILLI,DELHI,,,SUSPENDED,,True,False,True,False,True,False
MCH1646,"Sane, Zacharia and Samra",5912,MEDICAL,INDIVIDUAL,JPR,RAJASTHAN,2023-12-31 00:00:00,5847905998,ACTIVE,1891.86,True,True,False,False,False,False
MCH7567,Bora-Venkatesh,5912,MEDICAL_STORE,PARTNERSHIP,LKO,UTTAR_PRADESH,,,ACTIVE,664.14,True,False,False,False,False,False
MCH5965,Wason LLC,4814,PHONE_SERVICE,PARTNERSHIP,HYDERABAD,TELANGANA,2025-06-03 21:59:21,,ACTIVE,2365.0,True,False,False,False,False,False
MCH9112,Pingle-Natt,5311,DEPARTMENT_STORES,SOLE_PROPRIETOR,LUCKNOW,UTTAR_PRADESH,2023-09-18 08:56:52,GWBM3117902848580,INACTIVE,356.0,True,True,False,False,False,False
MCH3039,Murty Inc,5411,GROCERY_STORES,INDIVIDUAL,DILLI,DELHI,2023-12-03 08:34:21,SVKA2268543185915,ACTIVE,1465.47,True,True,False,False,False,False
MCH6079,"Chaudhuri, Mody and Goswami",5912,MEDICAL_STORE,PARTNERSHIP,LDH,PUNJAB,2025-10-04 05:27:15,IGWP7360975530260,INACTIVE,,True,True,False,False,False,False
MCH1484,"Uppal, Butala and Tata",07011,HOSPITALITY,INDIVIDUAL,BANGALORE,KARNATAKA,2025-02-18 00:00:00,,ACTIVE,,False,False,True,False,False,False
MCH7847,Ramakrishnan-Misra,5411,GROCERIES,INDIVIDUAL,MUMBAY,MAHARASHTRA,,,ACTIVE,2108.0,True,False,False,False,True,False
MCH6896,Dugar-Minhas,,APPAREL,SOLE_PROPRIETOR,MUMBAI,MAHARASHTRA,2025-03-17 00:00:00,XXXX5745,ACTIVE,,False,False,False,False,False,False
MCH7289,Rajagopal-Contractor,,FOOD,PRIVATE_LIMITED,LUCKNOW,UTTAR_PRADESH,2023-04-20 01:30:24,7395909166,ACTIVE,1484.26,False,True,False,False,False,False
MCH4613,"Kapadia, Sankar and Nadig",5311,RETAIL,INDIVIDUAL,LKO,UTTAR_PRADESH,,ALEY9883118921328,ACTIVE,1451.15,True,True,False,False,True,False
MCH8080,Brar PLC,4814,TELECOM,INDIVIDUAL,PUNE,MAHARASHTRA,,,ACTIVE,1241.0,True,False,False,False,True,False
MCH7452,Kala LLC,5311,DEPARTMENT_STORE,SOLE_PROPRIETOR,BENGALURU,KARNATAKA,2025-07-07 00:00:00,4973608976,ACTIVE,1838.62,True,True,False,False,False,False
MCH4170,Bassi Group,5999,MISC_RETAIL,SOLE_PROPRIETOR,LUDHIANA,PUNJAB,2024-10-13 06:13:37,7567135746,ACTIVE,591.58,True,True,False,False,False,False
MCH9080,Jani and Sons,5699,APPAREL,PARTNERSHIP,LKO,UTTAR_PRADESH,2025-05-13 00:00:00,XXXX8347,SUSPENDED,672.43,True,False,False,False,False,False
MCH3468,Aurora-Ben,,HOSPITALITY,PRIVATE_LIMITED,HYD,TELANGANA,2025-03-16 00:00:00,,ACTIVE,199.0,False,False,False,False,False,False
MCH4871,KUNDA LTD,5812,FOOD,PARTNERSHIP,LUCKNOW,UTTAR_PRADESH,2024-09-02 06:08:34,,SUSPENDED,648.87,True,False,False,False,False,False
MCH3787,Rajan-Swaminathan,7011,HOTELS,PRIVATE_LIMITED,KOLKATA,WEST_BENGAL,2024-02-07 11:49:11,,ACTIVE,,True,False,False,False,False,False
MCH2737,"Sani, Chowdhury and Ganesan",5999,RETAIL_OTHER,PARTNERSHIP,BENGALURU,KARNATAKA,2023-05-01 00:00:00,1105547451,ACTIVE,610.07,True,True,False,False,False,False
MCH2076,Chad Ltd,05942,BOOK_STORE,SOLE_PROPRIETOR,JALANDHAR,PUNJAB,,7969775416,ACTIVE,579.16,False,True,False,False,True,False
MCH3499,"Mand, Munshi and Bali",5311,RETAIL,SOLE_PROPRIETOR,CHENNAI,TAMIL_NADU,2026-02-01 00:00:00,,ACTIVE,1115.88,True,False,False,False,False,False
MCH9713,"Toor, Nayak and Varma",5699,FASHION,INDIVIDUAL,JALANDHAR,PUNJAB,,,ACTIVE,,True,False,True,False,False,False
MCH9083,Vohra-Mishra,5812,FOOD_SERVICES,PARTNERSHIP,PUNE,MAHARASHTRA,2024-06-16 00:00:00,,ACTIVE,2189.0,True,False,False,False,False,False
MCH1097,"Narayan, Datta and Chowdhury",5999,OTHER,INDIVIDUAL,LKO,UTTAR_PRADESH,,,ACTIVE,343.8,True,False,False,False,True,False
MCH1816,"Dass, Chaudhry and Peri",5999,MISC_RETAIL,SOLE_PROPRIETOR,JAIPUR,RAJASTHAN,,,ACTIVE,800.46,True,False,False,False,True,False
MCH4975,"NAGY, KURUVILLA AND SAXENA",7011,HOTEL_LODGING,SOLE_PROPRIETOR,DELHI,DELHI,2025-05-25 00:00:00,,ACTIVE,621.98,True,False,False,False,False,False
MCH3163,Majumdar-Minhas,5999,OTHER,SOLE_PROPRIETOR,MADRAS,TAMIL_NADU,2025-04-05 12:08:30,OGEJ6099307050342,SUSPENDED,2179.72,True,True,False,False,False,False
MCH8837,Tata-Rajagopal,5411,GROCERY,PARTNERSHIP,LUDHIANA,PUNJAB,2023-09-03 00:00:00,,SUSPENDED,2586.19,True,False,False,False,False,False
MCH7034,Kohli Inc,,GROCERY,PARTNERSHIP,BENGALURU,KARNATAKA,2023-03-27 00:00:00,2103247749,ACTIVE,4369.0,False,True,False,False,False,False
MCH5529,"Ganguly, Mukherjee and Boase",,GROCERIES,PRIVATE_LIMITED,MADRAS,TAMIL_NADU,2025-04-01 00:00:00,EMNT5419387001495,ACTIVE,879.0,False,True,False,False,False,False
MCH7558,Lanka-Dixit,5812,EATING_PLACE,SOLE_PROPRIETOR,POONA,MAHARASHTRA,2024-04-21 08:12:32,DPGO5407180491231,ACTIVE,1010.63,True,True,False,False,False,False
MCH1262,Lad and Sons,7011,HOSPITALITY,INDIVIDUAL,JALANDAR,PUNJAB,2025-11-17 01:26:45,XXXX6412,ACTIVE,503.65,True,False,False,False,False,False
MCH2302,"Sekhon, Tak and Dhingra",5942,BOOK_STORE,SOLE_PROPRIETOR,AMRITSAR,PUNJAB,,8509370195,ACTIVE,852.28,True,True,False,False,True,False
MCH1247,"Nayak, Lala and Pillai",5411,GROCERIES,SOLE_PROPRIETOR,BENGALURU,KARNATAKA,2023-01-19 00:00:00,9109437765,INACTIVE,677.02,True,True,False,False,False,False
MCH1675,chokshi-mukherjee,5411,GROCERY_STORES,INDIVIDUAL,LDH,PUNJAB,,XXXX1927,ACTIVE,1694.04,True,False,False,False,True,False
MCH4951,Cheema-Dugal,5311,DEPARTMENT_STORES,INDIVIDUAL,AMRITSAR,PUNJAB,,,ACTIVE,,True,False,False,False,True,False
MCH9613,Tella Group,5912,PHARMACY,PARTNERSHIP,HYDERABAD,TELANGANA,2024-07-29 00:00:00,IJFC0895713811161,ACTIVE,,True,True,False,False,False,False
MCH9928,KrishnanInc,,HOSPITALITY,PRIVATE_LIMITED,JPR,RAJASTHAN,2025-05-06 06:23:57,8263891927,ACTIVE,477.53,False,True,False,False,False,False
MCH7211,Nagar-Bhagat,5699,APPAREL,PARTNERSHIP,BLR,KARNATAKA,2024-01-16 09:01:52,,ACTIVE,585.46,True,False,False,False,False,False
MCH5114,Sarraf-Iyengar,5912,CHEMIST,INDIVIDUAL,DELHI,DELHI,2025-02-26 09:24:05,XRZF4644234669872,ACTIVE,452.11,True,True,False,False,False,False
MCH2897,Bath Ltd,5999,OTHER,PRIVATE_LIMITED,HYDERABAD,TELANGANA,2025-07-23 05:48:07,,ACTIVE,2239.12,True,False,False,False,False,False
MCH6535,Nagy and Sons,05411,GROCERY,SOLE_PROPRIETOR,HYD,TELANGANA,2023-11-24 00:00:00,,ACTIVE,291.26,False,False,False,False,False,False
MCH7465,Bhatt Group,,MISC_RETAIL,INDIVIDUAL,PUNE,MAHARASHTRA,,XXXX7739,ACTIVE,3040.67,False,False,False,False,True,False
MCH7458,"hans, som and krish",,EATING_PLACE,SOLE_PROPRIETOR,BLR,KARNATAKA,2025-09-20 20:06:00,,ACTIVE,8448.66,False,False,False,False,False,False
MCH5019,"Mahajan, Gulati and Chakrabarti",05411,GROCERY_STORE,PARTNERSHIP,ASR,PUNJAB,2024-08-08 00:00:00,,ACTIVE,448.34,False,False,False,False,False,False
MCH9083,"Gera, Varghese and Karpe",5311,DEPARTMENT_STORE,PRIVATE_LIMITED,JAIPUR,RAJASTHAN,2025-05-19 00:31:00,9824715725,ACTIVE,3755.09,True,True,False,False,False,False
MCH2962,"Naik, Ranganathan and Sahota",4814,TELECOM,PARTNERSHIP,PUNE,MAHARASHTRA,2024-08-23 00:00:00,XXXX5665,ACTIVE,174.64,True,False,False,False,False,False
MCH6758,"Kaul, Vyas and Bobal",5912,CHEMIST,SOLE_PROPRIETOR,JAIPUR,RAJASTHAN,,OLOU3337406191926,ACTIVE,1560.09,True,True,False,False,False,False
MCH9070,"buch, samra and tata",5912,MEDICAL,PARTNERSHIP,LUCKNOW,UTTAR_PRADESH,2023-11-19 07:02:51,6049785311,ACTIVE,5075.53,True,True,False,False,False,False
MCH9928,Kalita-Dave,05999,MISCELLANEOUS,PRIVATE_LIMITED,MUMBAY,MAHARASHTRA,2023-02-14 00:00:00,,ACTIVE,2034.32,False,False,False,False,False,False
MCH6251,"Sodhi, Handa and Venkatesh",5411,GROCERY_STORES,SOLE_PROPRIETOR,LKO,UTTAR_PRADESH,2025-09-18 00:00:00,2729847488,SUSPENDED,291.55,True,True,False,False,False,False
MCH7863,"Lal, Hegde and Hora",5812,EATING_PLACE,PARTNERSHIP,LKO,UTTAR_PRADESH,2024-11-18 00:00:00,BRCS2990278425539,ACTIVE,673.1,True,True,False,False,False,False
MCH8602,Raghavan-Ah1uwa1ia,5411,GROCERIES,INDIVIDUAL,MADRAS,TAMIL_NADU,2023-01-19 00:00:00,,ACTIVE,,True,False,True,False,False,False
MCH6315,"Pal, Zacharia and Narayan",7011,HOTEL_LODGING,SOLE_PROPRIETOR,MUMBAI,MAHARASHTRA,2023-04-01 00:00:00,5478307805,ACTIVE,529.2,True,True,False,False,False,False
MCH7558,Keer-Krish,05942,BOOK_STORE,PRIVATE_LIMITED,CHENNAI,TAMIL_NADU,2024-03-29 10:23:34,XXXX0444,ACTIVE,777.64,False,False,False,False,False,False
MCH2886,"Raja, Hayre and Deshmukh",5912,MEDICAL,PRIVATE_LIMITED,CALCUTTA,WEST_BENGAL,,,ACTIVE,511.0,True,False,False,False,True,False
MCH8219,Devi Group,4814,MOBILE_RECHARGE,INDIVIDUAL,LUDHIANA,PUNJAB,2023-01-06 05:16:57,,ACTIVE,1980.0,True,False,False,False,False,False
MCH9075,BHAKTA INC,4814,PHONE_SERVICE,PARTNERSHIP,NEW_DELHI,DELHI,2023-10-20 00:00:00,,INACTIVE,1186.46,True,False,False,False,False,False
MCH7029,"Vasa, Zachariah and Narula",5812,RESTAURANTS,PRIVATE_LIMITED,KOLKATA,WEST_BENGAL,2025-01-15 00:00:00,6099382833,ACTIVE,2526.83,True,True,False,False,False,False
MCH9738,Barman-Rastogi,5411,GROCERY,PARTNERSHIP,MADRAS,TAMIL_NADU,2024-11-19 00:00:00,XXXX3047,ACTIVE,2419.77,True,False,False,False,False,False
MCH6280,Khanna-Kanda,5699,GARMENTS,SOLE_PROPRIETOR,PUNE,MAHARASHTRA,,1584508627,ACTIVE,243.27,True,True,False,False,False,False
MCH9542,"Singh, Johal and Khalsa",5942,BOOK_STORE,INDIVIDUAL,HYDERABAD,TELANGANA,2025-06-18 21:51:23,XXXX3154,ACTIVE,2463.46,True,False,False,False,False,False
MCH4009,Deo PLC,04814,PHONE_SERVICE,SOLE_PROPRIETOR,KOLKATA,WEST_BENGAL,2025-10-10 23:14:50,,ACTIVE,1937.0,False,False,False,False,False,False
MCH7796,"Kari, Sridhar and J0ha1",5411,KIRANA,PARTNERSHIP,POONA,MAHARASHTRA,,5623137802,ACTIVE,489.31,True,True,False,False,True,False
MCH2046,Konda-Garde,5411,KIRANA,SOLE_PROPRIETOR,LUCKNOW,UTTAR_PRADESH,2026-01-28 00:00:00,,ACTIVE,1405.98,True,False,False,False,False,False
MCH2842,Patel-Chacko,,HOTELS,INDIVIDUAL,BANGALORE,KARNATAKA,2025-08-13 00:00:00,,ACTIVE,2354.89,False,False,False,False,False,False
MCH7034,BHAVSAR LLC,5999,MISC_RETAIL,PARTNERSHIP,NEW_DELHI,DELHI,,,ACTIVE,251.0,True,False,False,False,True,False
MCH5180,"Gaba, Chacko and Khatri",5699,FASHION,PRIVATE_LIMITED,POONA,MAHARASHTRA,2025-02-12 00:00:00,XXXX8144,ACTIVE,753.85,True,False,False,False,False,False
MCH1995,"Sandhu, Kar and Chaudry",5699,APPAREL,PARTNERSHIP,MUMBAI,MAHARASHTRA,2024-01-25 00:00:00,,ACTIVE,4626.93,True,False,False,False,False,False
MCH2390,Bandi-Sidhu,5311,RETAIL,SOLE_PROPRIETOR,JPR,RAJASTHAN,,XXXX9688,ACTIVE,1091.1,True,False,False,False,False,False
MCH7353,Gh0se LLC,,GROCERIES,PRIVATE_LIMITED,PUNE,MAHARASHTRA,,,SUSPENDED,1477.74,False,False,False,False,True,False
MCH5305,taneja inc,7011,HOTELS,SOLE_PROPRIETOR,CHENNAI,TAMIL_NADU,,XXXX9718,ACTIVE,1731.48,True,False,False,False,True,False
MCH4848,"Borra, Balakrishnan and Chad",5699,APPAREL,PARTNERSHIP,DELHI,DELHI,2024-06-18 00:00:00,5183213301,ACTIVE,3072.49,True,True,False,False,False,False
MCH7597,Vohra-Mitter,,BUS_TAXI,SOLE_PROPRIETOR,PUNE,MAHARASHTRA,2025-07-31 00:00:00,BWIV7516426838159,ACTIVE,2111.86,False,True,False,False,False,False
MCH3023,Raj-Bajwa,4131,TRANSPORT,PARTNERSHIP,LUCKNOW,UTTAR_PRADESH,,YYPA0272541440376,ACTIVE,6135.0,True,True,False,False,True,False
MCH7017,"Roy, Khosla and Oak",UNKNOWN,MISC_RETAIL,SOLE_PROPRIETOR,LUCKNOW,UTTAR_PRADESH,2025-09-14 00:00:00,XXXX0409,ACTIVE,952.71,False,False,False,False,False,False
MCH3661,"Deshmukh, Patla and Goel",4131,TRANSPORTATION,INDIVIDUAL,LUDHIANA,PUNJAB,2023-11-17 00:00:00,XXXX0412,SUSPENDED,1439.0,True,False,False,False,False,False
MCH8910,Hayer-Mandal,5411,GROCERIES,SOLE_PROPRIETOR,LDH,PUNJAB,,XXXX1730,ACTIVE,597.8,True,False,False,False,False,False
MCH7128,Agarwal Group,5912,CHEMIST,PRIVATE_LIMITED,JALANDHAR,PUNJAB,,,ACTIVE,6405.9,True,False,False,False,True,False
MCH5758,"aggarwal, hayer and nayar",5999,RETAIL_OTHER,INDIVIDUAL,ASR,PUNJAB,2023-09-22 00:00:00,XXXX0401,ACTIVE,3630.79,True,False,False,False,False,False
MCH6119,"Hans, Gokhale and Shanker",5999,OTHER,PARTNERSHIP,BOMBAY,MAHARASHTRA,2024-01-28 00:00:00,,INACTIVE,1753.67,True,False,False,False,False,False
MCH5316,"Mand, Banerjee and Bhandari",5699,CLOTHING,PRIVATE_LIMITED,CHENNAI,TAMIL_NADU,,MZUJ8841043737441,ACTIVE,1934.84,True,True,False,False,False,False
MCH7502,GOKHALE LLC,5311,DEPT_STORE,INDIVIDUAL,ASR,PUNJAB,,5976838930,ACTIVE,1185.45,True,True,False,False,True,False
MCH6180,Thakur and Sons,5699,APPAREL,PRIVATE_LIMITED,LKO,UTTAR_PRADESH,2025-05-24 02:59:23,MWYN7782824521830,ACTIVE,699.96,True,True,False,False,False,False
MCH9335,srinivasan-shere,,DEPARTMENT_STORE,PARTNERSHIP,LUDHIANA,PUNJAB,2024-04-13 00:00:00,,ACTIVE,1875.12,False,False,False,False,False,False
MCH9710,"Mohanty, Lanka and Kamdar",5311,DEPT_STORE,INDIVIDUAL,BOMBAY,MAHARASHTRA,2024-11-13 00:00:00,EZNF2282969074066,INACTIVE,1462.25,True,True,False,False,False,False
MCH7591,Gour-Hora,5812,FOOD_SERVICES,SOLE_PROPRIETOR,ASR,PUNJAB,,XXXX5661,ACTIVE,1230.68,True,False,False,False,True,False
MCH2754,"Rastogi, Kamdar and Kumer",5912,MEDICAL,SOLE_PROPRIETOR,MADRAS,TAMIL_NADU,2023-04-27 00:00:00,,ACTIVE,2871.91,True,False,False,False,False,False
MCH7370,Peri LLC,4131,BUS_TAXI,PRIVATE_LIMITED,CALCUTTA,WEST_BENGAL,2023-09-28 00:00:00,0713043152,ACTIVE,1188.42,True,True,False,False,False,False
MCH8588,"Kala, Kant and Gola",,BUS_TAXI,INDIVIDUAL,CHENNAI,TAMIL_NADU,2025-11-24 00:00:00,5957904984,ACTIVE,,False,True,False,False,False,False
MCH2244,Master PLC,5912,CHEMIST,PRIVATE_LIMITED,JALANDAR,PUNJAB,,,INACTIVE,2383.0,True,False,False,False,True,False
MCH9565,Gaba LLC,5912,PHARMACY,INDIVIDUAL,CALCUTTA,WEST_BENGAL,2025-03-08 00:00:00,5752723069,INACTIVE,715.93,True,True,False,False,False,False
MCH6551,Oza LLC,7011,HOTEL_LODGING,PRIVATE_LIMITED,LUCKNOW,UTTAR_PRADESH,2023-07-11 00:00:00,,ACTIVE,578.45,True,False,False,False,False,False
MCH7972,Lata Inc,5411,GROCERY_STORES,PARTNERSHIP,BANGALORE,KARNATAKA,2024-12-16 00:00:00,6873256015,ACTIVE,,True,True,True,False,False,False
MCH3787,"Boase, Mand and Khatri",5411,KIRANA,PARTNERSHIP,PUNE,MAHARASHTRA,2025-03-21 00:49:00,4292433603,ACTIVE,1436.68,True,True,False,False,False,False
MCH2583,Gole-Prabhakar,4814,TELECOM,PRIVATE_LIMITED,BANGALORE,KARNATAKA,2025-04-21 00:00:00,XXXX1523,ACTIVE,323.0,True,False,False,False,False,False
MCH5707,varughese-hegde,,TELECOM,PRIVATE_LIMITED,LUCKNOW,UTTAR_PRADESH,2025-07-12 22:37:37,VFHE9510842870262,ACTIVE,,False,True,False,False,False,False
MCH1478,Sah0ta LLC,5912,PHARMACIES,INDIVIDUAL,JAIPUR,RAJASTHAN,2024-09-12 18:14:03,1321864172,INACTIVE,2037.0,True,True,False,False,False,False
MCH5190,Karpe Inc,5942,BOOKS_STATIONERY,SOLE_PROPRIETOR,NEW_DELHI,DELHI,2024-06-07 13:34:28,AIVF4646117807271,ACTIVE,2042.93,True,True,False,False,False,False
MCH5645,Dey Ltd,4814,TELECOM,PRIVATE_LIMITED,JALANDHAR,PUNJAB,2025-12-18 00:00:00,9437173245,ACTIVE,1164.31,True,True,False,False,False,False
MCH5872,KaleLLC,4131,TRANSPORT,PARTNERSHIP,BANGALORE,KARNATAKA,,,ACTIVE,1429.88,True,False,False,False,False,False
MCH6239,Varkey-More,5699,CLOTHING,PRIVATE_LIMITED,LKO,UTTAR_PRADESH,2025-08-20 00:00:00,,ACTIVE,849.3,True,False,False,False,False,False
MCH5188,"Dube, Nair and Datta",4131,BUS_TAXI,INDIVIDUAL,JALANDHAR,PUNJAB,2023-03-22 00:00:00,4717131081,ACTIVE,2008.92,True,True,False,False,False,False
MCH2551,"Krishnamurthy, Murthy and Savant",5699,FASHION,PRIVATE_LIMITED,PUNE,MAHARASHTRA,2023-09-27 00:00:00,XXXX9848,ACTIVE,3427.0,True,False,False,False,False,False
MCH8241,"MANE, WAGLE AND GANESAN",05311,DEPARTMENT_STORES,PARTNERSHIP,KOLKATA,WEST_BENGAL,2024-09-22 06:26:59,GUGG0514416234988,ACTIVE,814.25,False,True,False,False,False,False
MCH3267,Balasubramanian-Butala,UNKNOWN,CLOTHS,INDIVIDUAL,CHENNAI,TAMIL_NADU,2025-10-20 00:00:00,XXXX4438,ACTIVE,1843.39,False,False,False,False,False,False
MCH9404,BARAL AND SONS,4131,TRAVEL,PRIVATE_LIMITED,CALCUTTA,WEST_BENGAL,,,ACTIVE,,True,False,False,False,True,False
MCH1667,dalal ltd,7011,HOSPITALITY,SOLE_PROPRIETOR,HYDERABAD,TELANGANA,2025-02-16 00:00:00,,ACTIVE,3517.09,True,False,False,False,False,False
MCH4275,"Boase, Chanda and Bajaj",5311,DEPT_STORE,INDIVIDUAL,NEW_DELHI,DELHI,2025-06-29 18:15:12,XXXX6193,ACTIVE,684.1,True,False,False,False,False,False
MCH8065,Parekh Group,4131,TRANSPORT,PRIVATE_LIMITED,JAIPUR,RAJASTHAN,2024-03-11 16:19:57,,ACTIVE,1217.53,True,False,False,False,False,False
MCH8355,DADA AND SONS,5699,APPAREL,SOLE_PROPRIETOR,CHENNAI,TAMIL_NADU,2023-01-27 00:00:00,,ACTIVE,1302.55,True,False,False,False,False,False
MCH9343,Sridhar-Sarna,7011,HOSPITALITY,PARTNERSHIP,CHENNAI,TAMIL_NADU,2025-08-16 00:00:00,XXXX5274,ACTIVE,287.96,True,False,False,False,False,False
MCH2155,Vig-Bobal,4814,MOBILE_RECHARGE,PRIVATE_LIMITED,NEW_DELHI,DELHI,,XXXX5202,ACTIVE,8483.0,True,False,False,False,True,False
MCH8377,"garde, varty and vyas",4131,TRANSPORT,INDIVIDUAL,MUMBAI,MAHARASHTRA,2025-08-01 20:50:41,,ACTIVE,1200.23,True,False,False,False,False,False
MCH6274,Mall Inc,7011,HOTEL_LODGING,PARTNERSHIP,AMRITSAR,PUNJAB,2025-06-21 00:00:00,XXXX1310,ACTIVE,1700.39,True,False,False,False,False,False
MCH5698,Rana Ltd,5942,STATIONERY,PRIVATE_LIMITED,CHENNAI,TAMIL_NADU,2025-01-07 00:00:00,,ACTIVE,2808.27,True,False,False,False,False,False
MCH1940,ANNE GROUP,4131,TRANSPORT,SOLE_PROPRIETOR,HYDERABAD,TELANGANA,2025-01-16 19:34:00,XXXX3192,ACTIVE,2525.67,True,False,False,False,False,False
MCH1817,Wadhwa Group,,TELECOM,PARTNERSHIP,KOLKATA,WEST_BENGAL,2024-06-30 00:00:00,XZWP2134363743881,ACTIVE,200.17,False,True,False,False,False,False
MCH8852,Bali-Hora,UNKNOWN,PHARMACIES,INDIVIDUAL,DILLI,DELHI,,,ACTIVE,2821.74,False,False,False,False,True,False
MCH9143,Prakash Inc,5812,RESTAURANTS,PARTNERSHIP,LUCKNOW,UTTAR_PRADESH,,XXXX9977,ACTIVE,1791.89,True,False,False,False,True,False
MCH7338,"Verma, Rai and Patla",,MEDICAL,PRIVATE_LIMITED,BANGALORE,KARNATAKA,,XXXX7454,ACTIVE,2235.57,False,False,False,False,True,False
MCH9888,"Contractor, Mohanty and Devi",5912,PHARMACY,SOLE_PROPRIETOR,MADRAS,TAMIL_NADU,2025-09-23 23:00:00,XXXX3253,SUSPENDED,1367.96,True,False,False,False,False,False
MCH5496,Bhagat and Sons,5912,MEDICAL,PARTNERSHIP,LUCKNOW,UTTAR_PRADESH,2024-08-13 00:00:00,DOMQ3055982121356,ACTIVE,,True,True,True,False,False,False
MCH5361,"Baria,SantandMunshi",5942,STATIONERY,PRIVATE_LIMITED,DELHI,DELHI,2025-02-01 00:00:00,XXXX6510,ACTIVE,,True,False,True,False,False,False
MCH1199,"Chatterjee, Chada and Ghose",5812,EATING_PLACE,PRIVATE_LIMITED,MADRAS,TAMIL_NADU,2025-04-14 01:46:00,,ACTIVE,6574.56,True,False,False,False,False,False
MCH7350,Toor-Sachar,4814,TELECOM,PARTNERSHIP,BANGALORE,KARNATAKA,2023-10-29 00:11:00,8049687567,ACTIVE,1079.19,True,True,False,False,False,False
MCH3970,"Chawla, Sami and Mani",5942,BOOKS_STATIONERY,SOLE_PROPRIETOR,POONA,MAHARASHTRA,2023-04-25 00:00:00,XXXX3871,ACTIVE,2506.67,True,False,False,False,False,False
MCH3509,Tandon-Thakur,5999,OTHER,PRIVATE_LIMITED,POONA,MAHARASHTRA,2024-03-27 19:41:52,TBRS8526244076916,ACTIVE,253.7,True,True,False,False,False,False
MCH8188,"ram, krish and pai",5999,RETAIL_OTHER,PARTNERSHIP,LKO,UTTAR_PRADESH,2025-02-16 00:00:00,XXXX6724,INACTIVE,734.28,True,False,False,False,False,False
MCH3893,"Kapadia, Keer and Oak",5812,FOOD,PRIVATE_LIMITED,AMRITSAR,PUNJAB,,LOCC9278519241012,ACTIVE,,True,True,True,False,True,False
MCH5465,"KEER, GILL AND TANK",4814,TELECOM,INDIVIDUAL,JPR,RAJASTHAN,2023-10-23 00:00:00,WBGT3042878113023,ACTIVE,3170.0,True,True,False,False,False,False
MCH9837,Raval-Aurora,05812,RESTAURANTS,SOLE_PROPRIETOR,CALCUTTA,WEST_BENGAL,2023-04-26 00:00:00,,ACTIVE,2990.0,False,False,False,False,False,False
MCH3145,Chaudry and Sons,5311,DEPARTMENT_STORE,INDIVIDUAL,BENGALURU,KARNATAKA,2026-01-29 00:00:00,,ACTIVE,,True,False,False,False,False,False
MCH5100,Garde-Mody,,GROCERY_STORE,SOLE_PROPRIETOR,HYDERABAD,TELANGANA,,HBWM0411273165352,ACTIVE,347.68,False,True,False,False,True,False
MCH1122,"Rana, Choudhury and Garde",5912,MEDICAL,PARTNERSHIP,LDH,PUNJAB,2024-11-30 00:00:00,XXXX6047,ACTIVE,4792.92,True,False,False,False,False,False
MCH1874,KANDA-MANE,05942,BOOK_STORE,PARTNERSHIP,LUDHIANA,PUNJAB,,0940514966,ACTIVE,2286.66,False,True,False,False,True,False
MCH7881,MENON PLC,5311,DEPARTMENT_STORE,PARTNERSHIP,PUNE,MAHARASHTRA,2024-02-04 00:00:00,1137446678,ACTIVE,1357.1,True,True,False,False,False,False
MCH7395,Bera Group,5912,PHARMACY,PARTNERSHIP,JALANDAR,PUNJAB,,,ACTIVE,,True,False,True,False,False,False
MCH4547,rout inc,5812,RESTAURANT,PRIVATE_LIMITED,BENGALURU,KARNATAKA,2026-01-28 00:00:00,4666460002,ACTIVE,307.37,True,True,False,False,False,False
MCH8680,Bhatt-Toor,5311,DEPT_STORE,PRIVATE_LIMITED,JAIPUR,RAJASTHAN,2025-12-02 00:00:00,,ACTIVE,1399.6,True,False,False,False,False,False
MCH5646,badal-anand,4814,PHONE_SERVICE,PRIVATE_LIMITED,MUMBAI,MAHARASHTRA,,XXXX0079,ACTIVE,4606.04,True,False,False,False,True,False
MCH5898,"Dalal, Bhavsar and Taneja",5999,OTHER,PRIVATE_LIMITED,KOLKATA,WEST_BENGAL,2025-05-19 00:00:00,,ACTIVE,2660.29,True,False,False,False,False,False
MCH7724,"Thaman,ParsaandAurora",UNKNOWN,MOBILE_RECHARGE,INDIVIDUAL,PUNE,MAHARASHTRA,2025-01-08 00:00:00,,ACTIVE,1482.24,False,False,False,False,False,False
MCH2278,"Mohanty, Bobal and Minhas",07011,HOTEL_LODGING,SOLE_PROPRIETOR,POONA,MAHARASHTRA,2023-08-25 22:07:00,2573696997,ACTIVE,4540.82,False,True,False,False,False,False
MCH4377,Kale-Krishnan,5942,BOOK_STORE,PARTNERSHIP,BENGALURU,KARNATAKA,,,INACTIVE,2218.12,True,False,False,False,True,False
MCH1477,Ahluwalia-Devan,5912,MEDICAL_STORE,PARTNERSHIP,JPR,RAJASTHAN,2024-04-15 00:00:00,XXXX2364,ACTIVE,551.17,True,False,False,False,False,False
MCH4581,"Tailor, Ganesh and Menon",5812,RESTAURANTS,PARTNERSHIP,BOMBAY,MAHARASHTRA,,,INACTIVE,1137.0,True,False,False,False,True,False
MCH5020,Sarna-Sarraf,5411,GROCERY,INDIVIDUAL,LUCKNOW,UTTAR_PRADESH,2023-02-27 19:58:28,,ACTIVE,3351.89,True,False,False,False,False,False
MCH6965,Lala Group,5912,MEDICAL,PRIVATE_LIMITED,PUNE,MAHARASHTRA,2023-08-26 00:00:00,,ACTIVE,256.0,True,False,False,False,False,False
MCH9782,"Prashad, Sura and Mutti",5311,DEPARTMENT_STORE,SOLE_PROPRIETOR,AMRITSAR,PUNJAB,2025-04-17 00:00:00,,ACTIVE,2734.0,True,False,False,False,False,False
MCH6113,"Shen0y, Kapadia and Pradhan",5942,BOOKS_STATIONERY,INDIVIDUAL,AMRITSAR,PUNJAB,2025-05-21 01:21:00,OAOW4206990585455,ACTIVE,8727.62,True,True,False,False,False,False
MCH7471,DASS LLC,5812,RESTAURANT,SOLE_PROPRIETOR,LUCKNOW,UTTAR_PRADESH,2023-02-14 00:00:00,XXXX4634,ACTIVE,390.54,True,False,False,False,False,False
MCH9048,Kalla PLC,5812,FOOD,PARTNERSHIP,JALANDHAR,PUNJAB,2023-09-18 04:32:57,,ACTIVE,544.22,True,False,False,False,False,False
MCH6449,Chakraborty-Hans,5812,FOOD_SERVICES,SOLE_PROPRIETOR,HYDERABAD,TELANGANA,2024-03-01 00:00:00,XXXX5646,ACTIVE,1506.6,True,False,False,False,False,False
MCH5081,"Bhatia, Srinivasan and Sampath",5912,MEDICAL,PRIVATE_LIMITED,MADRAS,TAMIL_NADU,2024-01-19 00:00:00,6512242126,ACTIVE,869.22,True,True,False,False,False,False
MCH5505,Shan-Cherian,5311,DEPARTMENT_STORES,INDIVIDUAL,DELHI,DELHI,2023-08-19 00:00:00,,ACTIVE,3177.98,True,False,False,False,False,False
MCH7728,Gaba Ltd,7011,HOSPITALITY,PARTNERSHIP,JALANDHAR,PUNJAB,2024-06-07 00:00:00,,ACTIVE,970.98,True,False,False,False,False,False
MCH3386,"balay, chacko and dani",5311,DEPARTMENT_STORES,PRIVATE_LIMITED,JAIPUR,RAJASTHAN,2025-10-27 15:17:05,XXXX2339,ACTIVE,2775.53,True,False,False,False,False,False
MCH3753,Kala Ltd,4814,MOBILE_RECHARGE,INDIVIDUAL,KOLKATA,WEST_BENGAL,2024-03-20 00:00:00,XXXX7019,ACTIVE,411.14,True,False,False,False,False,False
MCH4676,Shan Inc,5999,OTHER,SOLE_PROPRIETOR,MUMBAI,MAHARASHTRA,2026-01-20 00:00:00,DCZB8927650142403,ACTIVE,2805.31,True,True,False,False,False,False
MCH5055,Aggarwal-Doctor,05912,MEDICAL,PRIVATE_LIMITED,HYDERABAD,TELANGANA,2024-07-04 02:56:33,,ACTIVE,3805.08,False,False,False,False,False,False
MCH7297,"Bhasin, Sankar and Pradhan",5812,FOOD_SERVICES,PRIVATE_LIMITED,DELHI,DELHI,2025-05-03 21:06:30,,ACTIVE,,True,False,False,False,False,False
MCH8798,"Taneja, Maharaj and Sa1vi",5942,STATIONERY,PARTNERSHIP,MUMBAI,MAHARASHTRA,,,SUSPENDED,2125.0,True,False,False,False,False,False
MCH4454,"varghese, shenoy and mahajan",05812,RESTAURANTS,PARTNERSHIP,MUMBAI,MAHARASHTRA,2025-06-21 20:18:19,,ACTIVE,1952.0,False,False,False,False,False,False
MCH6575,Sanghvi PLC,05942,BOOK_STORE,INDIVIDUAL,LUCKNOW,UTTAR_PRADESH,2025-02-15 00:00:00,JZFS4748636238917,ACTIVE,819.0,False,True,False,False,False,False
MCH1130,Bhargava-Dara,5311,DEPARTMENT_STORE,INDIVIDUAL,AMRITSAR,PUNJAB,2025-06-14 00:00:00,8689036086,ACTIVE,2188.62,True,True,False,False,False,False
MCH9401,Ravi LLC,07011,HOTELS,SOLE_PROPRIETOR,PUNE,MAHARASHTRA,2025-11-14 00:00:00,1215375647,ACTIVE,1824.72,False,True,False,False,False,False
MCH4702,Nath Group,5311,RETAIL,SOLE_PROPRIETOR,LUCKNOW,UTTAR_PRADESH,2024-08-15 23:18:00,,ACTIVE,584.0,True,False,False,False,False,False
MCH3604,Dara-Borde,5942,STATIONERY,SOLE_PROPRIETOR,LDH,PUNJAB,,,ACTIVE,,True,False,False,False,True,False
MCH7724,Gade-Tata,05912,MEDICAL,SOLE_PROPRIETOR,NEW_DELHI,DELHI,2023-07-04 00:00:00,8406773720,ACTIVE,1191.59,False,True,False,False,False,False
MCH9199,"BAIL, PERI AND BARIA",,DEPT_STORE,PARTNERSHIP,CHENNAI,TAMIL_NADU,2024-01-14 00:00:00,MIRO8677255410818,ACTIVE,7748.66,False,True,False,False,False,False
MCH7709,Kala LLC,5411,GROCERY_STORE,PARTNERSHIP,JALANDHAR,PUNJAB,2023-06-21 15:24:12,,ACTIVE,,True,False,False,False,False,False
MCH4606,"MORAR, DALAL AND MUKHERJEE",5912,PHARMACIES,PARTNERSHIP,BENGALURU,KARNATAKA,2023-05-26 00:00:00,,INACTIVE,1103.98,True,False,False,False,False,False
MCH3499,"Gaba, Nanda and Pillay",5812,FOOD,PRIVATE_LIMITED,MUMBAI,MAHARASHTRA,2023-09-30 00:00:00,,ACTIVE,804.98,True,False,False,False,False,False
MCH4573,"Borde, Patil and Taneja",4814,PHONE_SERVICE,INDIVIDUAL,CHENNAI,TAMIL_NADU,2023-10-27 00:00:00,KZVD4103515080767,ACTIVE,642.81,True,True,False,False,False,False
MCH4169,"Vaidya, Vasa and Palan",4814,MOBILE_RECHARGE,INDIVIDUAL,HYD,TELANGANA,2024-11-15 00:00:00,,ACTIVE,1965.48,True,False,False,False,False,False
MCH1083,Chaudhry-Bhat,5812,FOOD,SOLE_PROPRIETOR,JALANDHAR,PUNJAB,2025-04-30 00:00:00,DSMZ2555394666399,INACTIVE,730.39,True,True,False,False,False,False
MCH9503,"Lanka, Bhasin and Srinivas",5411,KIRANA,PARTNERSHIP,CALCUTTA,WEST_BENGAL,2024-10-29 00:00:00,,ACTIVE,1065.1,True,False,False,False,False,False
MCH5798,DIVAN-MAHAL,5812,EATING_PLACE,INDIVIDUAL,JAIPUR,RAJASTHAN,2023-02-19 00:00:00,1492699438,ACTIVE,110.98,True,True,False,False,False,False
MCH7804,Deo-Pandya,5812,FOOD,PARTNERSHIP,JAIPUR,RAJASTHAN,,XXXX1482,SUSPENDED,492.54,True,False,False,False,False,False
MCH7639,brar-chana,5999,OTHER,SOLE_PROPRIETOR,MUMBAI,MAHARASHTRA,2025-02-20 05:32:00,XXXX2309,ACTIVE,4805.68,True,False,False,False,False,False
MCH2788,"Dash, Mallick and Sachdev",5812,RESTAURANT,INDIVIDUAL,BLR,KARNATAKA,2025-04-06 04:08:29,WZXG3956270476463,ACTIVE,3989.94,True,True,False,False,False,False
MCH9813,"Padmanabhan,BrahmbhattandTrivedi",5411,GROCERY_STORES,PRIVATE_LIMITED,LUDHIANA,PUNJAB,2025-01-27 10:19:00,XXXX5772,ACTIVE,2491.37,True,False,False,False,False,False
MCH5367,Varughese-Kala,5942,BOOK_STORE,SOLE_PROPRIETOR,LUDHIANA,PUNJAB,2024-09-24 20:00:00,,ACTIVE,1142.44,True,False,False,False,False,False
MCH3256,"Patil, Tripathi and Seshadri",5942,BOOKS,PARTNERSHIP,LUDHIANA,PUNJAB,2025-02-11 00:00:00,0074721461,ACTIVE,4035.32,True,True,False,False,False,False
MCH6853,Prashad PLC,7011,HOTEL,PRIVATE_LIMITED,DILLI,DELHI,2024-06-13 00:00:00,KVIV4494971706487,ACTIVE,410.64,True,True,False,False,False,False
MCH8226,Das-Subramanian,5999,OTHER,PARTNERSHIP,JAIPUR,RAJASTHAN,2024-03-26 00:00:00,6578658444,ACTIVE,789.74,True,True,False,False,False,False
MCH8372,Parsa-Chokshi,4814,TELECOM,PRIVATE_LIMITED,AMRITSAR,PUNJAB,,XXXX0623,ACTIVE,714.9,True,False,False,False,True,False
MCH5590,"Bhandari, M0re and Bhatti",4131,TRAVEL,PARTNERSHIP,PUNE,MAHARASHTRA,2024-10-07 00:00:00,CXPI7064872826114,INACTIVE,2034.57,True,True,False,False,False,False
MCH6578,LAL-SACHDEVA,4131,BUS_TAXI,PARTNERSHIP,JALANDAR,PUNJAB,,2444694216,ACTIVE,1965.27,True,True,False,False,True,False
MCH6030,"DHILLON, SUNDER AND SODHI",05999,MISCELLANEOUS,PARTNERSHIP,JPR,RAJASTHAN,2025-02-19 00:00:00,FIPF1132011620068,ACTIVE,884.98,False,True,False,False,False,False
MCH2056,"Kadakia, Nagi and Ramakrishnan",5699,CLOTHS,SOLE_PROPRIETOR,BOMBAY,MAHARASHTRA,2023-02-23 00:00:00,XXXX6025,ACTIVE,2168.0,True,False,False,False,False,False
MCH1083,Chaudhry-Bhat,5812,FOOD,SOLE_PROPRIETOR,JALANDHAR,PUNJAB,2025-04-30 00:00:00,DSMZ2555394666399,SUSPENDED,730.39,True,True,False,False,False,False
MCH4041,Salvi-Mishra,5812,RESTAURANTS,SOLE_PROPRIETOR,ASR,PUNJAB,,IIMZ0020327103815,INACTIVE,1291.58,True,True,False,False,False,False
MCH3859,"mall, bassi and seshadri",05411,GROCERIES,PARTNERSHIP,MUMBAY,MAHARASHTRA,,,ACTIVE,610.0,False,False,False,False,False,False
MCH8007,Chaudhari Inc,5699,GARMENTS,SOLE_PROPRIETOR,POONA,MAHARASHTRA,2025-11-26 16:25:31,KFYF9189766472754,ACTIVE,1165.41,True,True,False,False,False,False
MCH9731,Chaudhry-Pillay,5311,DEPT_STORE,INDIVIDUAL,JAIPUR,RAJASTHAN,2025-09-19 16:43:34,4390962437,ACTIVE,516.39,True,True,False,False,False,False
MCH5790,Devi and Sons,5942,STATIONERY,PARTNERSHIP,JPR,RAJASTHAN,2024-06-03 01:35:36,LANA4621044039956,ACTIVE,8961.2,True,True,False,False,False,False
MCH1189,"rai, doctor and dar",5699,APPAREL,SOLE_PROPRIETOR,MUMBAY,MAHARASHTRA,2024-11-13 20:40:00,8075572970,ACTIVE,1513.0,True,True,False,False,False,False
MCH6504,"wagle, choudhry and patla",5942,STATIONERY,PRIVATE_LIMITED,JALANDAR,PUNJAB,2025-11-14 00:00:00,,ACTIVE,1748.0,True,False,False,False,False,False
MCH1213,Ray LLC,5912,PHARMACIES,PARTNERSHIP,PUNE,MAHARASHTRA,2024-01-07 18:33:52,1805958295,INACTIVE,1556.0,True,True,False,False,False,False
MCH3854,"Was0n, Chauhan and Gh0se",5812,FOOD_SERVICES,PRIVATE_LIMITED,HYDERABAD,TELANGANA,2025-09-01 00:00:00,FZNK7723155067265,ACTIVE,528.0,True,True,False,False,False,False
MCH8884,"Dubey, Srinivasan and Pillai",,STATIONERY,SOLE_PROPRIETOR,CHENNAI,TAMIL_NADU,2023-07-03 00:00:00,,ACTIVE,,False,False,False,False,False,False
MCH6692,Parekh Group,5942,BOOK_STORE,PARTNERSHIP,ASR,PUNJAB,2023-12-23 00:00:00,XXXX5642,ACTIVE,3070.0,True,False,False,False,False,False
MCH2148,Dora Ltd,5912,PHARMACY,PRIVATE_LIMITED,ASR,PUNJAB,2024-05-30 17:40:28,,ACTIVE,343.34,True,False,False,False,False,False
MCH7323,Buch PLC,07011,HOTEL_LODGING,PARTNERSHIP,AMRITSAR,PUNJAB,2023-08-11 12:36:40,XXXX4242,ACTIVE,552.97,False,False,False,False,False,False
MCH3447,ANDRA-EDWIN,5699,FASHION,INDIVIDUAL,HYD,TELANGANA,2023-10-09 13:58:47,XXXX8236,ACTIVE,1619.69,True,False,False,False,False,False
MCH6804,Johal and Sons,5699,CLOTHS,SOLE_PROPRIETOR,CHENNAI,TAMIL_NADU,2025-10-13 00:00:00,9253208573,INACTIVE,4018.13,True,True,False,False,False,False
MCH3569,Choudhury-Prashad,05942,STATIONERY,SOLE_PROPRIETOR,LKO,UTTAR_PRADESH,2025-02-17 00:00:00,,ACTIVE,1411.0,False,False,False,False,False,False
MCH7364,VIG-BALA,7011,HOTEL_LODGING,SOLE_PROPRIETOR,MUMBAI,MAHARASHTRA,2024-08-29 05:57:59,XXXX1900,ACTIVE,1242.0,True,False,False,False,False,False
MCH5511,"Pandya, Dugar and Dube",05999,MISCELLANEOUS,INDIVIDUAL,DELHI,DELHI,,,ACTIVE,997.89,False,False,False,False,True,False
MCH6517,"Vig, Sen and Kumar",5699,CLOTHS,SOLE_PROPRIETOR,DELHI,DELHI,2023-05-05 00:00:00,,ACTIVE,1024.93,True,False,False,False,False,False
MCH9779,De0-Agate,4814,TELECOM,INDIVIDUAL,CALCUTTA,WEST_BENGAL,2024-03-24 00:00:00,,ACTIVE,2425.1,True,False,False,False,False,False
MCH5217,Swamy Ltd,5411,KIRANA,PRIVATE_LIMITED,CALCUTTA,WEST_BENGAL,2023-02-22 00:00:00,5295856120,ACTIVE,1618.62,True,True,False,False,False,False
MCH4732,"RAMANATHAN, KANDA AND KARNIK",5812,EATING_PLACE,PRIVATE_LIMITED,LUCKNOW,UTTAR_PRADESH,2025-08-13 05:58:00,,ACTIVE,3954.51,True,False,False,False,False,False
MCH5027,Mukhopadhyay-Brar,5999,RETAIL_OTHER,PARTNERSHIP,LUDHIANA,PUNJAB,2023-10-17 00:00:00,CWYO9756460575495,ACTIVE,3103.67,True,True,False,False,False,False
MCH4411,"Kale, Issac and Sibal",5999,RETAIL_OTHER,PRIVATE_LIMITED,MUMBAI,MAHARASHTRA,2025-12-23 00:00:00,GYAZ8851086848708,ACTIVE,566.46,True,True,False,False,False,False
MCH2104,Iyengar PLC,,FASHION,PRIVATE_LIMITED,LKO,UTTAR_PRADESH,2025-03-20 13:20:17,,SUSPENDED,1344.05,False,False,False,False,False,False
MCH6928,"Mutti, Palla and Zacharia",4814,TELECOM,PARTNERSHIP,KOLKATA,WEST_BENGAL,,1804027882,ACTIVE,2042.85,True,True,False,False,True,False
MCH2177,"Boase, Bajaj and Krish",05999,OTHER,PRIVATE_LIMITED,JALANDHAR,PUNJAB,2025-08-01 00:00:00,,ACTIVE,420.77,False,False,False,False,False,False
MCH4354,Natarajan-Lad,7011,HOTEL_LODGING,PARTNERSHIP,AMRITSAR,PUNJAB,2023-08-18 00:00:00,XXXX6382,ACTIVE,703.43,True,False,False,False,False,False
MCH7273,De-Gokhale,4131,BUS_TAXI,SOLE_PROPRIETOR,JALANDHAR,PUNJAB,2024-05-23 07:01:00,NXVM2607916550138,ACTIVE,654.26,True,True,False,False,False,False
MCH1456,Madan-Ganesh,5699,APPAREL,INDIVIDUAL,AMRITSAR,PUNJAB,,,ACTIVE,,True,False,False,False,True,False
MCH7181,"Dar, Dada and Kala",4131,TRANSPRT,PARTNERSHIP,CALCUTTA,WEST_BENGAL,2023-04-14 00:00:00,XXXX4833,ACTIVE,859.59,True,False,False,False,False,False
MCH6314,"kuruvilla, lalla and mallick",5699,CLOTHS,PRIVATE_LIMITED,LUCKNOW,UTTAR_PRADESH,,,ACTIVE,697.89,True,False,False,False,True,False
MCH7864,"Kumer, Iyer and Bhavsar",4131,TRAVEL,PRIVATE_LIMITED,AMRITSAR,PUNJAB,2024-12-30 05:51:45,9319227409,ACTIVE,611.66,True,True,False,False,False,False
MCH5294,Bhakta Group,4814,TELECOM,PRIVATE_LIMITED,JAIPUR,RAJASTHAN,2023-12-27 00:00:00,XXXX2441,ACTIVE,765.13,True,False,False,False,False,False
MCH9219,Baria Inc,4814,TELECOM,SOLE_PROPRIETOR,JPR,RAJASTHAN,2024-07-29 00:00:00,7495991370,ACTIVE,1931.0,True,True,False,False,False,False
MCH5070,Rau-Nagar,5999,RETAIL_OTHER,PRIVATE_LIMITED,MADRAS,TAMIL_NADU,2024-12-04 11:51:13,,ACTIVE,11139.0,True,False,False,False,False,False
MCH1889,Bakshi LLC,5999,RETAIL_OTHER,INDIVIDUAL,JALANDHAR,PUNJAB,2024-02-13 09:50:36,XXXX2818,ACTIVE,2474.04,True,False,False,False,False,False
MCH6224,La1-Anand,5912,CHEMIST,PRIVATE_LIMITED,NEW_DELHI,DELHI,2025-07-28 00:00:00,3453251138,ACTIVE,3823.0,True,True,False,False,False,False
MCH7709,Sangha LLC,5812,EATING_PLACE,SOLE_PROPRIETOR,JALANDHAR,PUNJAB,,LORK7301099084726,ACTIVE,968.83,True,True,False,False,True,False
MCH4769,"Venkataraman, Dey and Patil",7011,HOTELS,PARTNERSHIP,LDH,PUNJAB,2023-11-01 00:00:00,,ACTIVE,145.49,True,False,False,False,False,False
MCH4274,Walia Group,4131,TRANSPORTATION,PRIVATE_LIMITED,MUMBAI,MAHARASHTRA,2025-10-29 00:00:00,OSZC0719397300693,ACTIVE,1705.04,True,True,False,False,False,False
MCH1772,"Sarin,KothariandLal",,MEDICAL,INDIVIDUAL,JALANDHAR,PUNJAB,2025-09-11 00:00:00,GQQF2119444967880,ACTIVE,,False,True,True,False,False,False
MCH1818,BAKSHI-GOLLA,5699,CLOTHING,PRIVATE_LIMITED,KOLKATA,WEST_BENGAL,,7575233501,ACTIVE,4859.19,True,True,False,False,True,False
MCH6343,Prabhakar Ltd,5411,GROCERY,SOLE_PROPRIETOR,LUDHIANA,PUNJAB,2025-11-13 00:00:00,,INACTIVE,8227.32,True,False,False,False,False,False
MCH8114,"raman, sandal and bedi",4814,PHONE_SERVICE,INDIVIDUAL,JALANDHAR,PUNJAB,2024-02-08 00:00:00,LFZC4951241506007,ACTIVE,1612.23,True,True,False,False,False,False
MCH7335,"Narayan, Cheema and Chana",05812,FOOD,PRIVATE_LIMITED,MADRAS,TAMIL_NADU,2025-03-18 19:16:00,EHXK3209295259680,ACTIVE,699.42,False,True,False,False,False,False
MCH8125,"Jaggi, Samra and Narula",4131,TRANSPORT,SOLE_PROPRIETOR,CHENNAI,TAMIL_NADU,2023-10-19 00:00:00,XXXX6695,ACTIVE,983.23,True,False,False,False,False,False
MCH2718,"Krishna, Prabhu and Kara",7011,HOTELS,INDIVIDUAL,BENGALURU,KARNATAKA,2024-12-20 00:00:00,VEWG4998867762324,ACTIVE,529.14,True,True,False,False,False,False
MCH3718,"S0m, Barman and Bhavsar",5411,KIRANA,SOLE_PROPRIETOR,PUNE,MAHARASHTRA,,2345441898,ACTIVE,312.19,True,True,False,False,False,False
MCH3338,"Mistry, Majumdar and Ghosh",04814,MOBILE_RECHARGE,INDIVIDUAL,LUDHIANA,PUNJAB,2024-04-26 08:50:51,KYYU5062619258958,ACTIVE,1989.0,False,True,False,False,False,False
MCH8038,"singh, baria and kakar",5912,PHARMACY,PRIVATE_LIMITED,LKO,UTTAR_PRADESH,2024-12-20 17:52:56,5855829731,ACTIVE,1174.3,True,True,False,False,False,False
MCH6634,"BOBAL, RANDHAWA AND GUHA",MISC,OTHER,SOLE_PROPRIETOR,DELHI,DELHI,2024-07-17 00:00:00,4957341463,ACTIVE,3780.75,False,True,False,False,False,False
MCH2028,Viswanathan LLC,,TELECOM,INDIVIDUAL,PUNE,MAHARASHTRA,2024-05-23 00:00:00,XXXX2833,ACTIVE,634.0,False,False,False,False,False,False
MCH9722,"KRISHNA, SAXENA AND AURORA",4814,MOBILE_RECHARGE,INDIVIDUAL,LUCKNOW,UTTAR_PRADESH,,XXXX5150,ACTIVE,,True,False,False,False,False,False
MCH8966,Talwar PLC,5999,RETAIL_OTHER,SOLE_PROPRIETOR,MADRAS,TAMIL_NADU,2023-07-23 00:00:00,LXSL0666403926452,ACTIVE,432.95,True,True,False,False,False,False
MCH5378,biswas-seshadri,UNKNOWN,KIRANA,SOLE_PROPRIETOR,KOLKATA,WEST_BENGAL,,,ACTIVE,815.52,False,False,False,False,True,False
MCH5741,Rajagopalan PLC,5942,BOOKS_STATIONERY,INDIVIDUAL,HYD,TELANGANA,2025-10-29 08:07:02,2788746336,INACTIVE,1562.28,True,True,False,False,False,False
MCH1721,"Mammen, Ka1a and Gara",7011,HOTEL,INDIVIDUAL,KOLKATA,WEST_BENGAL,2023-10-07 01:39:20,,ACTIVE,1736.83,True,False,False,False,False,False
MCH7647,"Bala, Mody and Kumer",5912,MEDICAL,PARTNERSHIP,MUMBAY,MAHARASHTRA,2025-12-30 18:11:40,XXXX0768,INACTIVE,3285.0,True,False,False,False,False,False
MCH7358,Basak-Patla,5999,MISC_RETAIL,SOLE_PROPRIETOR,DELHI,DELHI,2025-12-19 00:00:00,1781542230,ACTIVE,3053.41,True,True,False,False,False,False
MCH5912,shenoy plc,4814,TELECOM,INDIVIDUAL,BANGALORE,KARNATAKA,2023-12-12 00:00:00,,ACTIVE,551.95,True,False,False,False,False,False
MCH6380,Naik-Kalla,5999,OTHER,INDIVIDUAL,PUNE,MAHARASHTRA,2026-01-02 06:05:56,6290942991,SUSPENDED,,True,True,True,False,False,False
MCH7225,APTE-WADHWA,5812,FOOD_SERVICES,INDIVIDUAL,JALANDHAR,PUNJAB,2025-03-07 07:20:55,XXXX2773,ACTIVE,,True,False,True,False,False,False
MCH5924,Chana-Thaman,04814,PHONE_SERVICE,SOLE_PROPRIETOR,NEW_DELHI,DELHI,2025-09-27 23:42:15,XXXX2862,ACTIVE,1054.56,False,False,False,False,False,False
MCH1680,"Dube, Sekhon and Nagarajan",05699,CLOTHS,SOLE_PROPRIETOR,LUDHIANA,PUNJAB,2025-02-03 01:50:32,,ACTIVE,855.0,False,False,False,False,False,False
MCH7060,"Nayak, Parmer and Anand",,PHARMACIES,PRIVATE_LIMITED,KOLKATA,WEST_BENGAL,2023-05-26 00:00:00,,ACTIVE,1299.1,False,False,False,False,False,False
MCH8909,"PALAN, WALI AND WAGLE",5999,OTHER,INDIVIDUAL,DILLI,DELHI,,AMLI0055772138931,ACTIVE,1366.3,True,True,False,False,False,False
MCH7548,Dhillon Inc,4814,PHONE_SERVICE,PRIVATE_LIMITED,HYDERABAD,TELANGANA,2025-08-24 00:00:00,XXXX6625,SUSPENDED,4170.0,True,False,False,False,False,False
MCH6043,NATT INC,5311,RETAIL,SOLE_PROPRIETOR,MUMBAI,MAHARASHTRA,2024-01-24 00:00:00,,ACTIVE,766.54,True,False,False,False,False,False
MCH5607,Sengupta-Murty,5942,BOOKS,SOLE_PROPRIETOR,DELHI,DELHI,,GVNH6755841589954,ACTIVE,2739.15,True,True,False,False,True,False
MCH4529,varkey-pant,,CLOTHING,PRIVATE_LIMITED,LDH,PUNJAB,2024-06-01 00:00:00,6768398433,ACTIVE,1710.62,False,True,False,False,False,False
MCH3518,Borah and Sons,4131,TRANSPORTATION,SOLE_PROPRIETOR,MUMBAY,MAHARASHTRA,,GCBI5958315675126,ACTIVE,451.33,True,True,False,False,True,False
MCH3477,"Mangal, Comar and Krish",5311,DEPARTMENT_STORE,SOLE_PROPRIETOR,MUMBAI,MAHARASHTRA,2025-03-30 09:40:40,,ACTIVE,13897.21,True,False,False,False,False,False
MCH4777,Babu-Choudhry,4814,MOBILE_RECHARGE,INDIVIDUAL,DELHI,DELHI,2026-01-10 00:00:00,,ACTIVE,373.4,True,False,False,False,False,False
MCH7440,Rastogi-Manne,5699,GARMENTS,SOLE_PROPRIETOR,LUCKNOW,UTTAR_PRADESH,2025-10-27 00:00:00,,ACTIVE,2334.42,True,False,False,False,False,False
MCH1352,"Bandi, Soman and Manne",5812,FOOD,INDIVIDUAL,JALANDAR,PUNJAB,2026-01-28 00:00:00,,ACTIVE,4146.0,True,False,False,False,False,False
MCH1400,Kapoor-Bhalla,5699,APPAREL,PARTNERSHIP,MADRAS,TAMIL_NADU,2023-05-17 00:00:00,,ACTIVE,913.08,True,False,False,False,False,False
MCH9937,"Sant, Dada and Biswas",4814,PHONE_SERVICE,PARTNERSHIP,HYD,TELANGANA,,,INACTIVE,663.0,True,False,False,False,True,False
MCH8151,Dalal PLC,5699,APPAREL,INDIVIDUAL,JALANDAR,PUNJAB,2024-08-01 20:15:56,WQMC9295186993346,ACTIVE,1200.0,True,True,False,False,False,False
MCH5768,Minhas Gr0up,UNKNOWN,TELECOM,SOLE_PROPRIETOR,HYDERABAD,TELANGANA,,BVES3790408976679,ACTIVE,1396.68,False,True,False,False,True,False
MCH2914,Sharaf-Tara,5311,RETAIL,INDIVIDUAL,KOLKATA,WEST_BENGAL,,,ACTIVE,542.0,True,False,False,False,True,False
MCH3085,Reddy-Wagle,07011,HOTELS,SOLE_PROPRIETOR,BLR,KARNATAKA,2025-05-27 00:00:00,,ACTIVE,258.0,False,False,False,False,False,False
MCH2345,"Kibe, Verma and Koshy",4814,PHONE_SERVICE,INDIVIDUAL,BENGALURU,KARNATAKA,2024-06-28 00:00:00,2126684184,ACTIVE,808.61,True,True,False,False,False,False
MCH3134,Rajan PLC,5311,DEPT_STORE,INDIVIDUAL,JAIPUR,RAJASTHAN,2024-09-30 00:49:20,YYBA4456378455566,ACTIVE,993.0,True,True,False,False,False,False
MCH3263,SARNA-CHAUHAN,5812,FOOD_SERVICES,SOLE_PROPRIETOR,LKO,UTTAR_PRADESH,2025-05-18 00:00:00,4897875203,ACTIVE,2348.1,True,True,False,False,False,False
MCH5261,M0dy Gr0up,5942,BOOK_STORE,INDIVIDUAL,JAIPUR,RAJASTHAN,,,ACTIVE,345.16,True,False,False,False,True,False
MCH9931,"Wadhwa, Loyal and Bhat",4814,TELECOM,PARTNERSHIP,LKO,UTTAR_PRADESH,2024-05-03 20:57:24,,SUSPENDED,,True,False,True,False,False,False
MCH8597,Hayre-Badami,5812,FOOD,PRIVATE_LIMITED,AMRITSAR,PUNJAB,2023-05-26 00:00:00,XXXX4723,ACTIVE,1847.81,True,False,False,False,False,False
MCH6071,nagy inc,5311,DEPT_STORE,PRIVATE_LIMITED,DELHI,DELHI,,XXXX2349,ACTIVE,,True,False,True,False,False,False
MCH8957,MADAN-KOTHARI,5699,APPAREL,SOLE_PROPRIETOR,LUDHIANA,PUNJAB,,XXXX2329,ACTIVE,934.34,True,False,False,False,False,False
MCH1605,Kar-Peri,,MISC_RETAIL,INDIVIDUAL,DILLI,DELHI,2025-12-14 20:52:47,,ACTIVE,3940.67,False,False,False,False,False,False
MCH8509,RAMAN-HANS,5699,CLOTHING,INDIVIDUAL,LUCKNOW,UTTAR_PRADESH,2024-05-16 00:00:00,XXXX2100,INACTIVE,882.0,True,False,False,False,False,False
MCH1450,"HORA, KUNDA AND DANI",5311,DEPARTMENT_STORE,SOLE_PROPRIETOR,LUDHIANA,PUNJAB,2023-10-30 00:00:00,XXXX1537,INACTIVE,1853.9,True,False,False,False,False,False
MCH2424,Kari-Morar,5999,MISCELLANEOUS,SOLE_PROPRIETOR,MUMBAY,MAHARASHTRA,,7720169821,ACTIVE,763.93,True,True,False,False,False,False
MCH3612,Dara-Rama,05942,BOOK_STORE,SOLE_PROPRIETOR,DELHI,DELHI,2024-04-10 00:00:00,,ACTIVE,2252.16,False,False,False,False,False,False
MCH9082,Din-Batta,5311,DEPARTMENT_STORES,PRIVATE_LIMITED,MUMBAI,MAHARASHTRA,2024-02-18 00:00:00,XXXX5721,INACTIVE,4454.42,True,False,False,False,False,False
MCH1727,Chacko LLC,05999,RETAIL_OTHER,PARTNERSHIP,AMRITSAR,PUNJAB,2023-07-23 00:00:00,,ACTIVE,1914.68,False,False,False,False,False,False
MCH1280,"Ben, Madan and Dey",5942,BOOKS,PRIVATE_LIMITED,LUCKNOW,UTTAR_PRADESH,2025-06-13 00:00:00,,ACTIVE,1308.81,True,False,False,False,False,False
MCH2448,shan ltd,5699,APPAREL,PRIVATE_LIMITED,DELHI,DELHI,2023-03-22 16:55:53,,ACTIVE,331.32,True,False,False,False,False,False
MCH1021,VARGHESE-RAMACHANDRAN,5812,FOOD_SERVICES,PRIVATE_LIMITED,ASR,PUNJAB,,,ACTIVE,734.0,True,False,False,False,False,False
MCH9004,KaurInc,05699,APPAREL,PARTNERSHIP,BENGALURU,KARNATAKA,,XXXX9308,ACTIVE,1124.44,False,False,False,False,True,False
MCH4010,"Barad, Mukherjee and Joshi",05411,KIRANA,SOLE_PROPRIETOR,ASR,PUNJAB,2024-01-28 00:00:00,,ACTIVE,992.35,False,False,False,False,False,False
MCH1379,Chokshi Ltd,5912,MEDICAL_STORE,INDIVIDUAL,CHENNAI,TAMIL_NADU,2024-01-23 00:00:00,XXXX4340,ACTIVE,2729.5,True,False,False,False,False,False
MCH3014,Nagarajan-Bandi,5311,RETAIL,INDIVIDUAL,DELHI,DELHI,,XXXX4761,ACTIVE,3013.17,True,False,False,False,True,False
MCH2100,"Jani, Bobal and Singhal",7011,HOSPITALITY,INDIVIDUAL,BANGALORE,KARNATAKA,,,ACTIVE,1281.0,True,False,False,False,False,False
MCH5040,Kumer-M0rar,4131,TRANSPRT,PRIVATE_LIMITED,CHENNAI,TAMIL_NADU,,,ACTIVE,5948.0,True,False,False,False,True,False
MCH8151,"Sangha, Master and Chand",5999,OTHER,SOLE_PROPRIETOR,NEW_DELHI,DELHI,,,ACTIVE,606.88,True,False,False,False,True,False
MCH3941,Bassi-Deshmukh,4814,TELECOM,INDIVIDUAL,AMRITSAR,PUNJAB,2025-10-25 00:00:00,,ACTIVE,979.98,True,False,False,False,False,False
MCH1531,Savant and Sons,7011,HOTEL,PRIVATE_LIMITED,DELHI,DELHI,2026-02-10 00:00:00,,INACTIVE,1019.94,True,False,False,False,False,False
MCH6025,Wable and Sons,4814,MOBILE_RECHARGE,SOLE_PROPRIETOR,PUNE,MAHARASHTRA,2026-01-14 04:31:00,,ACTIVE,2018.15,True,False,False,False,False,False
MCH9396,Baria-Bhasin,05912,MEDICAL_STORE,PARTNERSHIP,PUNE,MAHARASHTRA,2025-01-24 00:00:00,WSGG2231313442332,ACTIVE,,False,True,True,False,False,False
MCH2742,"Manne, Patil and Mukhopadhyay",5942,STATIONERY,SOLE_PROPRIETOR,POONA,MAHARASHTRA,,JAUF9449397976214,ACTIVE,1389.0,True,True,False,False,True,False
MCH5831,KIBE INC,4814,TELECOM,SOLE_PROPRIETOR,LUDHIANA,PUNJAB,2024-01-21 16:49:33,,ACTIVE,2267.19,True,False,False,False,False,False
MCH2179,CHANDA-SURA,5699,FASHION,PRIVATE_LIMITED,JALANDHAR,PUNJAB,2026-01-07 00:00:00,XXXX4523,ACTIVE,1281.24,True,False,False,False,False,False
MCH3753,vohra-din,5699,CLOTHING,PRIVATE_LIMITED,CALCUTTA,WEST_BENGAL,2025-03-30 00:00:00,8109513390,ACTIVE,754.9,True,True,False,False,False,False
MCH5958,"panchal, krishnan and thakkar",5812,RESTAURANTS,PRIVATE_LIMITED,MADRAS,TAMIL_NADU,2025-06-16 00:00:00,1176480578,INACTIVE,999.64,True,True,False,False,False,False
MCH2767,Banik-Biswas,,GROCERY_STORES,INDIVIDUAL,MUMBAI,MAHARASHTRA,,,INACTIVE,4259.84,False,False,False,False,True,False
MCH9584,"Bhat, Shukla and Bajaj",5311,DEPARTMENT_STORES,PRIVATE_LIMITED,MUMBAI,MAHARASHTRA,2025-02-04 10:04:43,XXXX2185,INACTIVE,4140.74,True,False,False,False,False,False
MCH5208,mann inc,05411,GROCERIES,PRIVATE_LIMITED,HYDERABAD,TELANGANA,,,SUSPENDED,1269.59,False,False,False,False,True,False
MCH7432,taneja-hari,5699,CLOTHS,SOLE_PROPRIETOR,BENGALURU,KARNATAKA,2025-11-24 07:34:00,,ACTIVE,1291.31,True,False,False,False,False,False
MCH3340,Bhargava LLC,5699,CLOTHS,SOLE_PROPRIETOR,KOLKATA,WEST_BENGAL,2025-10-12 02:52:58,,SUSPENDED,,True,False,True,False,False,False
MCH9332,GALA INC,5699,CLOTHS,PRIVATE_LIMITED,AMRITSAR,PUNJAB,2023-03-21 00:00:00,XXXX9903,ACTIVE,1348.88,True,False,False,False,False,False
MCH2123,Lala and Sons,5311,DEPARTMENT_STORES,PRIVATE_LIMITED,MUMBAI,MAHARASHTRA,,,ACTIVE,13187.41,True,False,False,False,True,False
MCH2792,"VARKEY, UPPAL AND MITTER",,TRANSPORT,PARTNERSHIP,DELHI,DELHI,2024-11-06 13:47:30,4127542367,ACTIVE,130.0,False,True,False,False,False,False
MCH5230,Bajaj Ltd,MISC,TRANSPORTATION,PARTNERSHIP,DELHI,DELHI,,8842729592,ACTIVE,3959.52,False,True,False,False,True,False
MCH9972,"Bakshi, Tata and Parmer",05311,DEPARTMENT_STORES,SOLE_PROPRIETOR,HYD,TELANGANA,2024-08-14 00:00:00,ATOC5117985834296,ACTIVE,1398.48,False,True,False,False,False,False
MCH6365,Raghavan LLC,4131,TRANSPRT,PARTNERSHIP,HYD,TELANGANA,2023-10-28 00:00:00,,ACTIVE,2729.02,True,False,False,False,False,False
MCH8890,Mane-Sheth,05999,MISCELLANEOUS,INDIVIDUAL,JPR,RAJASTHAN,,XXXX2596,INACTIVE,,False,False,True,False,False,False
MCH3672,"Ray, Radhakrishnan and Parmar",7011,HOTEL_LODGING,PRIVATE_LIMITED,LUCKNOW,UTTAR_PRADESH,2024-11-30 20:09:36,GKAL4059180951446,ACTIVE,,True,True,True,False,False,False
MCH3187,"Mand, Singhal and Raman",5912,PHARMACY,SOLE_PROPRIETOR,CALCUTTA,WEST_BENGAL,2023-07-11 07:10:22,ZOEN9168175383897,ACTIVE,4276.66,True,True,False,False,False,False
MCH6247,Dhar-Ram,4814,PHONE_SERVICE,INDIVIDUAL,JPR,RAJASTHAN,2026-01-14 00:00:00,,ACTIVE,468.52,True,False,False,False,False,False
MCH4438,Vasa-Divan,5311,DEPARTMENT_STORE,PARTNERSHIP,KOLKATA,WEST_BENGAL,,DDPR9154239625573,ACTIVE,1288.65,True,True,False,False,True,False
MCH7960,Comar-Ramesh,5411,GROCERY,SOLE_PROPRIETOR,AMRITSAR,PUNJAB,,XXXX2411,ACTIVE,,True,False,False,False,True,False
MCH3578,"badal, gopal and walla",4131,TRANSPORTATION,INDIVIDUAL,AMRITSAR,PUNJAB,2024-05-19 20:33:00,CBPY2495238962575,ACTIVE,14795.0,True,True,False,False,False,False
MCH7279,das plc,5999,RETAIL_OTHER,PARTNERSHIP,JAIPUR,RAJASTHAN,,WTVS1342257023005,ACTIVE,1157.26,True,True,False,False,False,False
MCH9457,"Grover, Deep and Subramaniam",4131,TRAVEL,PARTNERSHIP,BLR,KARNATAKA,2026-01-19 00:00:00,XXXX7189,ACTIVE,276.66,True,False,False,False,False,False
MCH5265,"Jain, Jaggi and Gara",5699,CLOTHING,INDIVIDUAL,JAIPUR,RAJASTHAN,2023-10-05 00:00:00,XXXX8547,ACTIVE,617.01,True,False,False,False,False,False
MCH1053,"gera, grover and sehgal",4814,MOBILE_RECHARGE,INDIVIDUAL,AMRITSAR,PUNJAB,2025-02-22 00:00:00,,ACTIVE,,True,False,True,False,False,False
MCH7840,Sood LLC,5311,DEPARTMENT_STORE,INDIVIDUAL,PUNE,MAHARASHTRA,2023-09-26 00:00:00,XXXX2181,ACTIVE,394.0,True,False,False,False,False,False
MCH7828,Samra Ltd,5912,MEDICAL,PRIVATE_LIMITED,CALCUTTA,WEST_BENGAL,2023-10-03 00:00:00,,ACTIVE,2295.0,True,False,False,False,False,False
MCH5954,"Chand, Dora and Dey",UNKNOWN,RESTAURANT,PRIVATE_LIMITED,CHENNAI,TAMIL_NADU,2025-08-28 14:38:01,,ACTIVE,1159.45,False,False,False,False,False,False
MCH4944,"Pillai, Kurian and Sunder",MISC,KIRANA,SOLE_PROPRIETOR,MUMBAI,MAHARASHTRA,2023-04-08 22:00:12,XXXX3249,ACTIVE,907.45,False,False,False,False,False,False
MCH3216,K0thari-Bhatia,05411,GROCERY_STORES,SOLE_PROPRIETOR,HYDERABAD,TELANGANA,2025-01-28 12:09:00,3754349166,ACTIVE,1987.15,False,True,False,False,False,False
MCH6260,MITTAL PLC,5912,PHARMACY,PRIVATE_LIMITED,LUCKNOW,UTTAR_PRADESH,2025-01-27 15:46:00,XXXX9807,ACTIVE,,True,False,False,False,False,False
MCH6396,Ganesan-Lad,5311,DEPT_STORE,PRIVATE_LIMITED,JAIPUR,RAJASTHAN,2023-03-16 23:22:53,1072029777,SUSPENDED,3700.61,True,True,False,False,False,False
MCH8428,"Keer, Batra and Kapadia",7011,HOTEL,PARTNERSHIP,JALANDAR,PUNJAB,2024-08-19 14:22:51,,ACTIVE,2475.47,True,False,False,False,False,False
MCH7042,BARAD-RAMAN,4814,TELECOM,SOLE_PROPRIETOR,CHENNAI,TAMIL_NADU,,XXXX5012,ACTIVE,986.23,True,False,False,False,True,False
MCH9021,Sandhu-Jayaraman,5311,DEPT_STORE,PRIVATE_LIMITED,DELHI,DELHI,,,ACTIVE,1258.68,True,False,False,False,False,False
MCH3475,"Wadhwa, Banik and Prakash",5812,RESTAURANT,PRIVATE_LIMITED,JAIPUR,RAJASTHAN,2025-01-16 00:00:00,4792307270,ACTIVE,335.53,True,True,False,False,False,False
MCH2990,Nazareth Ltd,04814,TELECOM,INDIVIDUAL,NEW_DELHI,DELHI,,NNKA9590521959789,ACTIVE,1043.0,False,True,False,False,False,False
MCH8098,"Sahni, Bahri and Apte",5912,PHARMACY,INDIVIDUAL,POONA,MAHARASHTRA,2025-08-27 08:34:00,XXXX6599,ACTIVE,1970.0,True,False,False,False,False,False
MCH2154,"Badal, Yadav and Mane",05999,MISCELLANEOUS,SOLE_PROPRIETOR,LKO,UTTAR_PRADESH,2023-08-02 02:36:07,XXXX9820,ACTIVE,,False,False,True,False,False,False
MCH4720,sha ltd,5411,KIRANA,PARTNERSHIP,CHENNAI,TAMIL_NADU,,0136765801,ACTIVE,874.68,True,True,False,False,True,False
MCH5097,SATHE INC,5311,DEPARTMENT_STORE,SOLE_PROPRIETOR,JAIPUR,RAJASTHAN,,XXXX5532,ACTIVE,997.33,True,False,False,False,True,False
MCH7628,"Mander, Guha and Varty",4814,PHONE_SERVICE,SOLE_PROPRIETOR,MUMBAI,MAHARASHTRA,,0845621446,SUSPENDED,8496.25,True,True,False,False,True,False
MCH2749,KASHYAP-PILLAI,04131,TRANSPORT,PRIVATE_LIMITED,BANGALORE,KARNATAKA,2024-07-15 00:00:00,,INACTIVE,,False,False,False,False,False,False
MCH9966,TOOR GROUP,,RETAIL_OTHER,PARTNERSHIP,KOLKATA,WEST_BENGAL,2024-03-11 00:00:00,1428945380,ACTIVE,681.04,False,True,False,False,False,False
MCH7495,"Subramaniam, Radhakrishnan and Bahri",5411,GROCERY_STORES,INDIVIDUAL,AMRITSAR,PUNJAB,2023-05-14 00:00:00,XXXX3800,INACTIVE,1584.42,True,False,False,False,False,False
MCH6466,Randhawa LLC,5311,RETAIL,INDIVIDUAL,PUNE,MAHARASHTRA,,WUJF6073785687916,ACTIVE,3082.9,True,True,False,False,True,False
MCH4744,Tiwari-Bedi,5942,STATIONERY,SOLE_PROPRIETOR,POONA,MAHARASHTRA,2024-07-13 00:00:00,0085843923,INACTIVE,1636.0,True,True,False,False,False,False
MCH6861,Gandhi-Shukla,,KIRANA,PARTNERSHIP,KOLKATA,WEST_BENGAL,2024-01-09 00:00:00,,ACTIVE,1540.0,False,False,False,False,False,False
MCH9593,Varty-Lala,5942,BOOKS,INDIVIDUAL,LKO,UTTAR_PRADESH,2024-02-08 00:00:00,DUTM3222823880955,ACTIVE,3004.61,True,True,False,False,False,False
MCH8929,Nagi-Bala,5311,DEPARTMENT_STORES,SOLE_PROPRIETOR,CALCUTTA,WEST_BENGAL,2024-12-17 17:24:00,XXXX2967,ACTIVE,232.0,True,False,False,False,False,False
MCH8489,"Nadkarni, Murty and Chad",05912,MEDICAL,PARTNERSHIP,LUDHIANA,PUNJAB,2023-11-29 00:00:00,,ACTIVE,713.56,False,False,False,False,False,False
MCH6244,Memon and Sons,5311,RETAIL,INDIVIDUAL,MUMBAI,MAHARASHTRA,2025-11-24 00:00:00,,INACTIVE,,True,False,True,False,False,False
MCH2085,KALA-SHAH,4131,TRANSPRT,PRIVATE_LIMITED,POONA,MAHARASHTRA,2024-07-22 00:00:00,XXXX7338,ACTIVE,3590.82,True,False,False,False,False,False
MCH9482,"Vasa, Chada and Iyengar",5411,GROCERY_STORES,PARTNERSHIP,HYD,TELANGANA,,XXXX4559,ACTIVE,600.13,True,False,False,False,False,False
MCH6501,Ka1a-Garg,,CLOTHING,SOLE_PROPRIETOR,LUDHIANA,PUNJAB,2023-05-07 00:00:00,5422601773,ACTIVE,471.98,False,True,False,False,False,False
MCH2007,"MAHAL, DIVAN AND SHARAF",5999,OTHER,SOLE_PROPRIETOR,JALANDHAR,PUNJAB,2023-02-02 22:14:37,4814016835,ACTIVE,435.32,True,True,False,False,False,False
MCH3105,Bandi PLC,5311,DEPARTMENT_STORES,SOLE_PROPRIETOR,MUMBAY,MAHARASHTRA,2026-01-05 07:13:24,1280850023,ACTIVE,1578.41,True,True,False,False,False,False
MCH7654,Chakraborty Inc,5699,GARMENTS,SOLE_PROPRIETOR,LKO,UTTAR_PRADESH,,,ACTIVE,1250.0,True,False,False,False,False,False
MCH2778,madan plc,5912,MEDICAL,SOLE_PROPRIETOR,AMRITSAR,PUNJAB,2024-03-25 00:00:00,XXXX3934,ACTIVE,4029.72,True,False,False,False,False,False
MCH6056,IYENGAR-HEGDE,04131,TRANSPORT,PARTNERSHIP,AMRITSAR,PUNJAB,2025-03-23 00:00:00,,ACTIVE,1004.69,False,False,False,False,False,False
MCH9704,"Maharaj, Sangha and Suresh",5411,KIRANA,PRIVATE_LIMITED,POONA,MAHARASHTRA,,FJDE3725342913526,ACTIVE,,True,True,True,False,True,False
MCH2915,"Chakrabarti, Hora and Sha",4814,TELECOM,PARTNERSHIP,CHENNAI,TAMIL_NADU,2024-03-15 00:00:00,1253622214,ACTIVE,18355.56,True,True,False,False,False,False
MCH9916,"Sur, Palla and Goyal",04814,TELECOM,PRIVATE_LIMITED,PUNE,MAHARASHTRA,2023-09-04 08:24:31,7186592814,ACTIVE,282.0,False,True,False,False,False,False
MCH3260,Viswanathan Inc,4131,TRANSPORT,INDIVIDUAL,ASR,PUNJAB,2025-09-24 18:33:11,,INACTIVE,2698.89,True,False,False,False,False,False
MCH1609,Ram-Palla,4814,MOBILE_RECHARGE,PRIVATE_LIMITED,MUMBAI,MAHARASHTRA,2023-07-17 21:30:00,8485226822,ACTIVE,554.3,True,True,False,False,False,False
MCH5934,Krish-Doshi,4131,TRANSPORT,INDIVIDUAL,JAIPUR,RAJASTHAN,2024-02-24 03:10:41,2184684980,ACTIVE,2895.4,True,True,False,False,False,False
MCH6508,Varty Inc,5912,PHARMACIES,INDIVIDUAL,JALANDAR,PUNJAB,2025-09-18 00:00:00,,ACTIVE,3434.37,True,False,False,False,False,False
MCH2950,"Rastogi, Bhavsar and Varghese",5942,STATIONERY,PRIVATE_LIMITED,BLR,KARNATAKA,2024-11-26 00:00:00,6783380146,ACTIVE,2370.66,True,True,False,False,False,False
MCH5904,Karan Ltd,5699,FASHION,SOLE_PROPRIETOR,BENGALURU,KARNATAKA,2023-11-29 00:00:00,,ACTIVE,1441.0,True,False,False,False,False,False
MCH9299,Pathak-Menon,05812,FOOD_SERVICES,SOLE_PROPRIETOR,LUDHIANA,PUNJAB,2024-04-28 07:03:55,,ACTIVE,3015.0,False,False,False,False,False,False
MCH7431,Nagarajan and Sons,7011,HOTEL,SOLE_PROPRIETOR,JAIPUR,RAJASTHAN,,XXXX7904,ACTIVE,1657.0,True,False,False,False,True,False
MCH3330,"Keer, Gupta and Som",5311,DEPARTMENT_STORES,PRIVATE_LIMITED,JALANDHAR,PUNJAB,2025-11-26 00:00:00,LOCM5644673929837,ACTIVE,3134.69,True,True,False,False,False,False
MCH6805,Dora Ltd,05311,DEPARTMENT_STORE,PRIVATE_LIMITED,MUMBAI,MAHARASHTRA,2025-09-17 00:00:00,4896284694,ACTIVE,371.73,False,True,False,False,False,False
MCH7280,Baral Ltd,5812,FOOD_SERVICES,INDIVIDUAL,JALANDAR,PUNJAB,2025-12-18 14:28:00,,ACTIVE,5521.6,True,False,False,False,False,False
MCH4667,solanki-batta,5699,CLOTHS,INDIVIDUAL,KOLKATA,WEST_BENGAL,2025-07-05 00:00:00,3048400302,ACTIVE,,True,True,True,False,False,False
MCH5401,Dave PLC,5311,DEPARTMENT_STORE,PARTNERSHIP,BOMBAY,MAHARASHTRA,2023-06-03 00:00:00,,ACTIVE,3231.0,True,False,False,False,False,False
MCH7464,DuttaLLC,04131,TRAVEL,PRIVATE_LIMITED,LUCKNOW,UTTAR_PRADESH,2024-09-18 00:00:00,,ACTIVE,270.92,False,False,False,False,False,False
MCH4909,"Sharaf, Lalla and Rattan",,BOOKS,SOLE_PROPRIETOR,CALCUTTA,WEST_BENGAL,2025-02-16 20:04:00,5725440715,ACTIVE,650.04,False,True,False,False,False,False
MCH7830,Narayanan-Barad,5912,PHARMACIES,PRIVATE_LIMITED,JAIPUR,RAJASTHAN,2025-12-14 17:19:27,9447863643,SUSPENDED,1497.41,True,True,False,False,False,False
MCH3454,Rajagopal-Wason,5812,RESTAURANT,PARTNERSHIP,HYDERABAD,TELANGANA,2024-08-22 15:32:00,XXXX7731,ACTIVE,,True,False,True,False,False,False
MCH8572,"Sheth,SethandKulkarni",4814,PHONE_SERVICE,INDIVIDUAL,JAIPUR,RAJASTHAN,2026-01-15 00:00:00,AQKO8183766323405,ACTIVE,4326.0,True,True,False,False,False,False
MCH7917,Parsa-Madan,5411,GROCERIES,SOLE_PROPRIETOR,PUNE,MAHARASHTRA,2023-04-02 01:07:51,XXXX8810,INACTIVE,,True,False,True,False,False,False
MCH8431,"Brahmbhatt, Ranganathan and Sangha",5912,MEDICAL,PARTNERSHIP,HYD,TELANGANA,2023-04-29 00:00:00,,ACTIVE,1715.36,True,False,False,False,False,False
MCH4490,"Chawla, Prabhakar and Gupta",5812,RESTAURANTS,PRIVATE_LIMITED,CHENNAI,TAMIL_NADU,,XXXX6406,ACTIVE,279.0,True,False,False,False,False,False
MCH3362,Chander-Sangha,5411,GROCERIES,PRIVATE_LIMITED,ASR,PUNJAB,2026-02-26 04:43:00,,SUSPENDED,12795.59,True,False,False,False,False,False
MCH9393,Chand-Vasa,05942,STATIONERY,INDIVIDUAL,LUDHIANA,PUNJAB,2024-12-23 11:24:00,2020254669,ACTIVE,2868.44,False,True,False,False,False,False
MCH1636,"Natt, Mitter and Oza",7011,HOTEL_LODGING,SOLE_PROPRIETOR,DELHI,DELHI,2025-01-17 21:22:17,,ACTIVE,987.0,True,False,False,False,False,False
MCH8096,Srinivas-Verma,,MOBILE_RECHARGE,PARTNERSHIP,BOMBAY,MAHARASHTRA,,,ACTIVE,2241.14,False,False,False,False,False,False
MCH6450,bobal ltd,5699,CLOTHS,INDIVIDUAL,LUCKNOW,UTTAR_PRADESH,2025-06-25 00:00:00,UETF4584172674537,SUSPENDED,3737.71,True,True,False,False,False,False
MCH6332,Varkey-Jha,5699,GARMENTS,SOLE_PROPRIETOR,AMRITSAR,PUNJAB,2025-10-13 15:26:59,,ACTIVE,,True,False,True,False,False,False
MCH7383,Mander LLC,,MISC_RETAIL,SOLE_PROPRIETOR,HYDERABAD,TELANGANA,2025-03-25 01:21:17,,ACTIVE,2244.22,False,False,False,False,False,False
MCH6397,"CHACKO, GANGULY AND GALA",4814,MOBILE_RECHARGE,SOLE_PROPRIETOR,DELHI,DELHI,2023-06-18 10:02:06,KTQR3750781117068,ACTIVE,,True,True,False,False,False,False
MCH1359,Palan-Minhas,,CLOTHS,INDIVIDUAL,MADRAS,TAMIL_NADU,2024-08-24 00:00:00,,ACTIVE,1891.91,False,False,False,False,False,False
MCH7701,Ravel-Lala,5411,GROCERY_STORE,PRIVATE_LIMITED,LUDHIANA,PUNJAB,2025-05-12 05:37:27,XXXX7294,ACTIVE,1411.44,True,False,False,False,False,False
MCH7395,Bose and Sons,7011,HOTEL_LODGING,INDIVIDUAL,BENGALURU,KARNATAKA,,XXXX9489,ACTIVE,431.0,True,False,False,False,True,False
MCH4165,nayar plc,5311,DEPARTMENT_STORES,PRIVATE_LIMITED,DELHI,DELHI,,,SUSPENDED,1388.15,True,False,False,False,True,False
MCH9137,Chakrabarti PLC,4131,TRANSPRT,PRIVATE_LIMITED,JAIPUR,RAJASTHAN,2023-11-19 00:00:00,XXXX6117,ACTIVE,347.82,True,False,False,False,False,False
MCH1663,"Edwin, Kala and Barad",4131,BUS_TAXI,INDIVIDUAL,CHENNAI,TAMIL_NADU,,FGIZ0772949946430,ACTIVE,449.21,True,True,False,False,True,False
MCH1380,Bhatia-Oza,4814,TELECOM,PARTNERSHIP,JAIPUR,RAJASTHAN,2023-07-11 00:00:00,,SUSPENDED,479.32,True,False,False,False,False,False
MCH7746,LUTHRA GROUP,5699,CLOTHS,PRIVATE_LIMITED,JAIPUR,RAJASTHAN,2025-10-08 00:00:00,4338266840,ACTIVE,1244.49,True,True,False,False,False,False
MCH6593,Sharma-Ahuja,5411,KIRANA,SOLE_PROPRIETOR,JALANDAR,PUNJAB,2025-06-27 17:43:12,RJHM5836701029342,ACTIVE,3094.86,True,True,False,False,False,False
MCH4951,"Sha, Shan and D’Alia",4814,TELECOM,PRIVATE_LIMITED,MUMBAI,MAHARASHTRA,2023-08-05 18:25:08,6408029678,INACTIVE,,True,True,False,False,False,False
MCH2921,Bakshi-Narayanan,7011,HOSPITALITY,PRIVATE_LIMITED,LUCKNOW,UTTAR_PRADESH,2024-06-18 00:00:00,XXXX0910,ACTIVE,,True,False,True,False,False,False
MCH2697,Shan-Warrior,4131,TRANSPORT,PRIVATE_LIMITED,BANGALORE,KARNATAKA,,,INACTIVE,1199.93,True,False,False,False,True,False
MCH3376,Sama-Gaba,5411,KIRANA,INDIVIDUAL,HYDERABAD,TELANGANA,,XXXX4890,ACTIVE,732.24,True,False,False,False,False,False
MCH9203,Lad LLC,5812,EATING_PLACE,INDIVIDUAL,CHENNAI,TAMIL_NADU,2023-09-29 00:00:00,,ACTIVE,,True,False,True,False,False,False
MCH8981,Tara-Sinha,5999,RETAIL_OTHER,INDIVIDUAL,BENGALURU,KARNATAKA,2025-10-02 00:00:00,1533662903,ACTIVE,3617.0,True,True,False,False,False,False
MCH9867,TripathiLtd,5942,BOOKS_STATIONERY,INDIVIDUAL,HYDERABAD,TELANGANA,,,ACTIVE,936.0,True,False,False,False,True,False
MCH5316,Madan Ltd,5311,DEPARTMENT_STORES,INDIVIDUAL,KOLKATA,WEST_BENGAL,2023-05-11 17:42:55,,INACTIVE,706.61,True,False,False,False,False,False
MCH1848,Dugar and Sons,4814,TELECOM,PARTNERSHIP,CHENNAI,TAMIL_NADU,2023-08-19 00:00:00,QLVN5575786751509,SUSPENDED,644.35,True,True,False,False,False,False
MCH8633,Pillai-Lata,5912,MEDICAL,INDIVIDUAL,AMRITSAR,PUNJAB,2025-04-02 00:00:00,6437885672,ACTIVE,1325.55,True,True,False,False,False,False
MCH4515,Memon-Upadhyay,4131,TRANSPRT,SOLE_PROPRIETOR,LUCKNOW,UTTAR_PRADESH,2024-04-03 17:37:57,,ACTIVE,2435.25,True,False,False,False,False,False
MCH1058,"Vyas,VirkandDatta",05311,DEPT_STORE,PARTNERSHIP,POONA,MAHARASHTRA,2023-01-20 00:00:00,XXXX0826,ACTIVE,1504.39,False,False,False,False,False,False
MCH1541,Chopra LLC,5311,DEPT_STORE,PRIVATE_LIMITED,CHENNAI,TAMIL_NADU,2023-10-31 00:00:00,XXXX8788,ACTIVE,,True,False,True,False,False,False
MCH8505,"Dora, Bhatia and Bhatia",5411,GROCERY_STORE,PARTNERSHIP,AMRITSAR,PUNJAB,2023-05-17 00:00:00,SAIK5515592782318,ACTIVE,2376.66,True,True,False,False,False,False
MCH5064,Pandey-Sangha,5699,CLOTHS,SOLE_PROPRIETOR,BANGALORE,KARNATAKA,2023-12-31 00:00:00,XXXX3296,ACTIVE,2028.77,True,False,False,False,False,False
MCH6839,Kapoor-Dubey,04814,TELECOM,PARTNERSHIP,DILLI,DELHI,2024-10-13 00:00:00,,INACTIVE,2336.23,False,False,False,False,False,False
MCH6545,Garg PLC,5699,FASHION,PARTNERSHIP,LUDHIANA,PUNJAB,2024-02-20 00:00:00,,ACTIVE,1653.52,True,False,False,False,False,False
MCH8059,Kapadia PLC,4814,TELECOM,SOLE_PROPRIETOR,BOMBAY,MAHARASHTRA,2023-06-05 00:00:00,,INACTIVE,263.96,True,False,False,False,False,False
MCH6831,Kurian and Sons,4131,TRANSPORTATION,PRIVATE_LIMITED,PUNE,MAHARASHTRA,2024-09-08 00:00:00,,ACTIVE,350.65,True,False,False,False,False,False
MCH4630,bhandari group,7011,HOTEL,PARTNERSHIP,HYDERABAD,TELANGANA,2025-07-13 12:30:35,GJVT8091874035086,INACTIVE,,True,True,False,False,False,False
MCH4148,"Wali, Babu and Tank",4814,PHONE_SERVICE,PARTNERSHIP,JAIPUR,RAJASTHAN,2023-01-08 00:00:00,PUUF6382776692306,ACTIVE,2368.62,True,True,False,False,False,False
MCH2395,Dara-Natarajan,5999,MISC_RETAIL,PRIVATE_LIMITED,JALANDAR,PUNJAB,,7691266983,ACTIVE,,True,True,True,False,False,False
MCH4047,KAUL-BARAD,5311,DEPT_STORE,SOLE_PROPRIETOR,MUMBAY,MAHARASHTRA,2025-05-13 00:00:00,XXXX0729,ACTIVE,986.5,True,False,False,False,False,False
MCH6469,"Bahl, Barad and Dhillon",5311,DEPARTMENT_STORE,PRIVATE_LIMITED,CHENNAI,TAMIL_NADU,,,ACTIVE,,True,False,True,False,True,False
MCH1142,"Master, Soni and Kapadia",4814,PHONE_SERVICE,SOLE_PROPRIETOR,CHENNAI,TAMIL_NADU,2024-10-06 12:07:57,4563871051,ACTIVE,252.13,True,True,False,False,False,False
MCH5236,"More, Luthra and Deol",5999,RETAIL_OTHER,PARTNERSHIP,AMRITSAR,PUNJAB,2023-02-11 00:00:00,,ACTIVE,1110.58,True,False,False,False,False,False
MCH9080,Sarraf Group,4814,TELECOM,PRIVATE_LIMITED,JALANDHAR,PUNJAB,2023-09-06 11:01:24,ZYKY9821545261930,ACTIVE,,True,True,True,False,False,False
MCH8794,Mani-Zachariah,5411,GROCERY,PARTNERSHIP,BLR,KARNATAKA,2026-01-04 01:33:25,AKYW5964261838493,INACTIVE,6393.53,True,True,False,False,False,False
MCH4208,devi-mangal,5942,BOOK_STORE,SOLE_PROPRIETOR,LUDHIANA,PUNJAB,2025-08-27 16:16:44,,ACTIVE,1564.41,True,False,False,False,False,False
MCH2754,"Lata,WadhwaandParsa",5812,RESTAURANT,SOLE_PROPRIETOR,BENGALURU,KARNATAKA,2023-06-11 00:00:00,,ACTIVE,11880.54,True,False,False,False,False,False
MCH2709,"Iyengar, Dugar and Chacko",7011,HOTEL_LODGING,PRIVATE_LIMITED,JAIPUR,RAJASTHAN,2023-09-16 04:28:40,XXXX4012,ACTIVE,2413.11,True,False,False,False,False,False
MCH4289,singhal-dasgupta,,FASHION,PARTNERSHIP,BENGALURU,KARNATAKA,2025-02-17 00:00:00,ZEDE0222029565689,ACTIVE,,False,True,True,False,False,False
MCH5914,"Agarwal, Pant and Ravi",5311,DEPT_STORE,PRIVATE_LIMITED,HYDERABAD,TELANGANA,2023-10-23 09:35:36,XXXX4508,ACTIVE,,True,False,True,False,False,False
MCH3946,Dhar-Buch,5812,FOOD,PARTNERSHIP,DELHI,DELHI,2025-07-02 06:28:57,YGDI8437831559376,ACTIVE,1451.62,True,True,False,False,False,False
MCH2402,Dhillon Group,5912,PHARMACY,INDIVIDUAL,MUMBAY,MAHARASHTRA,2024-02-12 07:15:12,IEQW6694363532348,ACTIVE,1477.89,True,True,False,False,False,False
MCH7604,"Varkey, Hayer and Ratti",5411,KIRANA,PARTNERSHIP,CHENNAI,TAMIL_NADU,2025-02-17 00:00:00,XXXX6093,ACTIVE,868.52,True,False,False,False,False,False
MCH3604,"Shetty, Bali and Sama",5411,GROCERIES,PARTNERSHIP,LUDHIANA,PUNJAB,2023-01-04 01:07:44,IQHJ3383226507557,INACTIVE,394.0,True,True,False,False,False,False
MCH7919,mistry-bhatt,4814,PHONE_SERVICE,INDIVIDUAL,LKO,UTTAR_PRADESH,,,ACTIVE,563.19,True,False,False,False,True,False
MCH7154,"Raj, Ram and Chokshi",5812,FOOD,PRIVATE_LIMITED,CHENNAI,TAMIL_NADU,,,ACTIVE,242.8,True,False,False,False,True,False
MCH8446,Pingle Inc,5912,PHARMACIES,INDIVIDUAL,JALANDAR,PUNJAB,,IMWK0138526461627,INACTIVE,1069.0,True,True,False,False,True,False
MCH7138,Shere-Shankar,05411,GROCERY_STORES,SOLE_PROPRIETOR,CHENNAI,TAMIL_NADU,2024-03-07 10:53:23,CDLC2524893044250,ACTIVE,1960.27,False,True,False,False,False,False
MCH9040,Sharma-Dubey,,STATIONERY,SOLE_PROPRIETOR,JPR,RAJASTHAN,2023-06-25 10:52:00,XXXX1697,ACTIVE,573.1,False,False,False,False,False,False
MCH9393,Narasimhan Inc,4131,TRANSPORTATION,PARTNERSHIP,KOLKATA,WEST_BENGAL,2024-09-18 13:34:26,8072590742,ACTIVE,1156.0,True,True,False,False,False,False
MCH3140,Sarraf-Viswanathan,4131,TRAVEL,PARTNERSHIP,LUDHIANA,PUNJAB,2023-07-30 00:00:00,4937611894,SUSPENDED,1614.0,True,True,False,False,False,False
MCH3021,"HEGDE, KIBE AND GADE",4814,MOBILE_RECHARGE,PRIVATE_LIMITED,KOLKATA,WEST_BENGAL,2023-09-13 19:33:51,,ACTIVE,,True,False,False,False,False,False
MCH5307,"Balan, Varughese and Dave",5812,RESTAURANTS,PARTNERSHIP,PUNE,MAHARASHTRA,,SMCN8377573336751,ACTIVE,204.07,True,True,False,False,False,False
MCH9906,sani-tailor,05311,DEPARTMENT_STORES,PARTNERSHIP,CHENNAI,TAMIL_NADU,2024-11-20 00:00:00,,ACTIVE,3953.0,False,False,False,False,False,False
MCH6216,"Bhatti, Dass and Deshpande",05411,GROCERY,INDIVIDUAL,LUDHIANA,PUNJAB,,XXXX5234,ACTIVE,1325.06,False,False,False,False,True,False
MCH7987,Mangat-Sundaram,5912,MEDICAL,INDIVIDUAL,CHENNAI,TAMIL_NADU,2023-02-25 00:00:00,XXXX1113,ACTIVE,,True,False,True,False,False,False
MCH4652,Mistry Inc,5812,RESTAURANTS,PRIVATE_LIMITED,LUDHIANA,PUNJAB,2024-07-25 18:24:49,0761661593,ACTIVE,3458.11,True,True,False,False,False,False
MCH1021,Naik-Karpe,5411,GROCERY,SOLE_PROPRIETOR,MUMBAI,MAHARASHTRA,2025-11-16 17:48:36,BPUY6277335937444,ACTIVE,2341.57,True,True,False,False,False,False
MCH8915,"Chadha, Patil and Bose",4131,TRANSPRT,SOLE_PROPRIETOR,JAIPUR,RAJASTHAN,2025-10-19 00:00:00,,ACTIVE,,True,False,True,False,False,False
MCH4000,"Dewan, Sunder and Bhakta",5411,GROCERIES,PRIVATE_LIMITED,CALCUTTA,WEST_BENGAL,2023-06-25 20:40:27,KUHA3646516215943,ACTIVE,,True,True,True,False,False,False
MCH4856,Gera-Nanda,5311,RETAIL,PRIVATE_LIMITED,PUNE,MAHARASHTRA,,2286237129,ACTIVE,711.0,True,True,False,False,True,False
MCH8901,Narasimhan and Sons,4814,MOBILE_RECHARGE,PRIVATE_LIMITED,AMRITSAR,PUNJAB,,3421072904,ACTIVE,772.61,True,True,False,False,True,False
MCH6939,Sampath Ltd,5999,MISC_RETAIL,SOLE_PROPRIETOR,LKO,UTTAR_PRADESH,,XXXX8052,SUSPENDED,2962.51,True,False,False,False,True,False
MCH7442,"Tand0n, Tak and Mane",5699,APPAREL,PARTNERSHIP,CHENNAI,TAMIL_NADU,2024-09-12 00:00:00,,ACTIVE,1620.41,True,False,False,False,False,False
MCH9101,Pal-Ramesh,,TRANSPORT,PARTNERSHIP,PUNE,MAHARASHTRA,2024-05-29 14:48:09,XXXX0762,ACTIVE,1223.0,False,False,False,False,False,False
MCH8363,Salvi Group,7011,HOTEL_LODGING,SOLE_PROPRIETOR,LUCKNOW,UTTAR_PRADESH,2024-11-20 00:00:00,,ACTIVE,833.32,True,False,False,False,False,False
MCH8511,Narain-Nori,5411,GROCERY,PARTNERSHIP,KOLKATA,WEST_BENGAL,2023-04-02 14:35:12,,ACTIVE,4133.84,True,False,False,False,False,False
MCH7945,"Barad, Wagle and Raju",5912,CHEMIST,INDIVIDUAL,LUDHIANA,PUNJAB,2023-01-24 00:00:00,EHNZ2779616653327,ACTIVE,268.67,True,True,False,False,False,False
MCH1221,Nadig-Ray,05942,BOOKS,INDIVIDUAL,DELHI,DELHI,2024-12-22 00:00:00,7362492315,ACTIVE,618.0,False,True,False,False,False,False
MCH9175,BHATT LTD,7011,HOSPITALITY,SOLE_PROPRIETOR,BLR,KARNATAKA,2025-04-27 18:17:00,2467254885,ACTIVE,567.73,True,True,False,False,False,False
MCH3025,"Sachdeva, Bora and Hegde",04131,TRANSPORT,PRIVATE_LIMITED,PUNE,MAHARASHTRA,2024-08-15 00:00:00,3805315664,ACTIVE,611.84,False,True,False,False,False,False
MCH2608,"Loyal, Ghosh and Gaba",05999,OTHER,INDIVIDUAL,HYD,TELANGANA,2025-03-21 00:00:00,ZBIP4363265097456,ACTIVE,869.47,False,True,False,False,False,False
MCH9145,"Yadav, Bhatti and Atwal",4814,TELECOM,PARTNERSHIP,DELHI,DELHI,2025-11-24 00:00:00,,ACTIVE,845.36,True,False,False,False,False,False
MCH2354,"TOOR, NAGI AND DARA",5912,MEDICAL,SOLE_PROPRIETOR,PUNE,MAHARASHTRA,2024-04-12 23:57:41,AIXG4946165098881,ACTIVE,1954.79,True,True,False,False,False,False
MCH8069,MEMON INC,,HOTEL,INDIVIDUAL,AMRITSAR,PUNJAB,,XXXX8900,ACTIVE,557.54,False,False,False,False,True,False
MCH3797,"Dhaliwal, Parekh and Dey",7011,HOTEL_LODGING,PARTNERSHIP,JALANDHAR,PUNJAB,2024-11-02 00:00:00,XXXX1096,SUSPENDED,,True,False,False,False,False,False
MCH4336,"Prasad, Bhagat and De",5411,GROCERIES,PARTNERSHIP,HYDERABAD,TELANGANA,2023-05-22 00:00:00,FQWT9362753717033,ACTIVE,614.99,True,True,False,False,False,False
MCH5257,Kara-Sibal,4814,TELECOM,INDIVIDUAL,BENGALURU,KARNATAKA,,WHEV2991802850485,ACTIVE,1601.92,True,True,False,False,False,False
MCH4971,"Gopal, Jayaraman and Narayan",5942,BOOK_STORE,INDIVIDUAL,LKO,UTTAR_PRADESH,2024-11-20 07:33:00,,ACTIVE,650.74,True,False,False,False,False,False
MCH4736,"Jani, Chaudhry and Chaudhuri",4131,TRANSPORTATION,INDIVIDUAL,DELHI,DELHI,2025-07-06 00:00:00,,ACTIVE,,True,False,False,False,False,False
MCH9858,Nayar Group,7011,HOTEL,SOLE_PROPRIETOR,POONA,MAHARASHTRA,2024-11-23 17:57:00,,ACTIVE,648.23,True,False,False,False,False,False
MCH2649,Pandya PLC,,KIRANA,INDIVIDUAL,PUNE,MAHARASHTRA,2025-05-31 00:00:00,XXXX1050,ACTIVE,6206.32,False,False,False,False,False,False
MCH5496,Dar PLC,5912,CHEMIST,SOLE_PROPRIETOR,JALANDHAR,PUNJAB,,,ACTIVE,374.06,True,False,False,False,True,False
MCH5219,"PRAKASH, AMBLE AND MUKHOPADHYAY",7011,HOSPITALITY,SOLE_PROPRIETOR,JAIPUR,RAJASTHAN,2024-06-21 13:59:32,,ACTIVE,,True,False,True,False,False,False
MCH7190,Som-Kibe,5699,CLOTHS,PRIVATE_LIMITED,LUCKNOW,UTTAR_PRADESH,2023-04-09 07:24:49,,ACTIVE,2254.41,True,False,False,False,False,False
MCH1515,"MALL, KARA AND SASTRY",5699,CLOTHS,PARTNERSHIP,HYDERABAD,TELANGANA,2024-07-19 00:00:00,9073071658,ACTIVE,,True,True,False,False,False,False
MCH4972,Prabhu-Murty,5812,FOOD,PARTNERSHIP,AMRITSAR,PUNJAB,2023-05-01 04:53:55,YKBG1517599142176,ACTIVE,,True,True,True,False,False,False
MCH4197,Chaudry Group,5912,PHARMACY,PRIVATE_LIMITED,PUNE,MAHARASHTRA,,UHGU5811611698099,ACTIVE,4814.44,True,True,False,False,False,False
MCH2676,Subramanian Inc,5912,MEDICAL_STORE,PARTNERSHIP,CALCUTTA,WEST_BENGAL,,2515678335,ACTIVE,1679.3,True,True,False,False,True,False
MCH5799,"Sankaran, Kadakia and Banerjee",7011,HOTELS,PARTNERSHIP,AMRITSAR,PUNJAB,2026-01-26 00:00:00,,ACTIVE,1412.02,True,False,False,False,False,False
MCH9716,"Kadakia, Mishra and Ba1i",05812,RESTAURANTS,PRIVATE_LIMITED,LUCKNOW,UTTAR_PRADESH,,4695594803,ACTIVE,,False,True,True,False,True,False
MCH5164,"Yohannan,SahniandBasak",,DEPARTMENT_STORE,INDIVIDUAL,MUMBAY,MAHARASHTRA,2023-09-01 00:00:00,8938397659,INACTIVE,830.61,False,True,False,False,False,False
MCH3072,"Bhargava, Shan and Char",5812,RESTAURANTS,PRIVATE_LIMITED,JALANDHAR,PUNJAB,2025-11-24 00:00:00,TOQS1924554113450,ACTIVE,2675.68,True,True,False,False,False,False
MCH5995,Palla Group,5812,RESTAURANTS,INDIVIDUAL,KOLKATA,WEST_BENGAL,,TCYK9099122126833,ACTIVE,,True,True,False,False,True,False
MCH6827,Mangat and Sons,5912,CHEMIST,SOLE_PROPRIETOR,JALANDAR,PUNJAB,,4120235225,ACTIVE,1859.4,True,True,False,False,False,False
MCH7098,"Bora, Char and Dube",7011,HOSPITALITY,PRIVATE_LIMITED,BLR,KARNATAKA,2024-09-24 00:00:00,,ACTIVE,2947.0,True,False,False,False,False,False
MCH9772,"Memon, Virk and Mital",,FOOD,INDIVIDUAL,AMRITSAR,PUNJAB,,,ACTIVE,2402.93,False,False,False,False,False,False
MCH3880,Raja and Sons,05912,MEDICAL,PRIVATE_LIMITED,JPR,RAJASTHAN,,,ACTIVE,641.53,False,False,False,False,False,False
MCH4228,"SINGHAL, BHASIN AND KAUL",5699,CLOTHS,PRIVATE_LIMITED,ASR,PUNJAB,2025-05-23 00:00:00,6707310647,ACTIVE,896.57,True,True,False,False,False,False
MCH9439,Jani LLC,5411,GROCERY,SOLE_PROPRIETOR,BLR,KARNATAKA,2024-02-24 00:00:00,2073250929,ACTIVE,275.02,True,True,False,False,False,False
MCH3139,Arya-Rau,7011,HOSPITALITY,SOLE_PROPRIETOR,KOLKATA,WEST_BENGAL,2024-05-17 00:00:00,,ACTIVE,10507.41,True,False,False,False,False,False
MCH1578,gala ltd,5999,MISCELLANEOUS,INDIVIDUAL,BLR,KARNATAKA,2023-04-13 00:00:00,,ACTIVE,446.42,True,False,False,False,False,False
MCH9403,"Bains,BanerjeeandBansal",7011,HOTELS,PARTNERSHIP,MUMBAI,MAHARASHTRA,2025-02-22 16:11:00,,INACTIVE,1838.83,True,False,False,False,False,False
MCH7355,"Raval, Goswami and Sem",4814,MOBILE_RECHARGE,PRIVATE_LIMITED,PUNE,MAHARASHTRA,2023-12-29 00:00:00,,ACTIVE,2675.45,True,False,False,False,False,False
MCH7408,Bala Group,,RETAIL_OTHER,PRIVATE_LIMITED,HYDERABAD,TELANGANA,2026-01-13 00:00:00,CMJA0173542788867,ACTIVE,1032.22,False,True,False,False,False,False
MCH3382,Walla-Rau,5311,DEPT_STORE,INDIVIDUAL,BOMBAY,MAHARASHTRA,,,SUSPENDED,2452.74,True,False,False,False,False,False
MCH5036,Dutt-Nagy,5812,RESTAURANTS,INDIVIDUAL,NEW_DELHI,DELHI,2023-03-15 00:48:00,,ACTIVE,1947.0,True,False,False,False,False,False
MCH2862,Bhasin Group,5699,GARMENTS,PARTNERSHIP,JPR,RAJASTHAN,2023-07-20 00:00:00,FHYX9050690414655,ACTIVE,544.8,True,True,False,False,False,False
MCH8501,Koshy-Mukherjee,7011,HOTELS,PARTNERSHIP,HYDERABAD,TELANGANA,2023-08-21 00:00:00,,ACTIVE,3180.8,True,False,False,False,False,False
MCH7852,"Kapadia, K0nda and Luthra",UNKNOWN,HOTEL,SOLE_PROPRIETOR,CHENNAI,TAMIL_NADU,2023-05-12 06:13:06,XXXX7199,SUSPENDED,4401.63,False,False,False,False,False,False
MCH6257,"Parsa, Rana and Raja",5812,FOOD_SERVICES,PARTNERSHIP,BLR,KARNATAKA,2023-03-28 20:34:00,0948269604,ACTIVE,2744.98,True,True,False,False,False,False
MCH1406,Parmer-Goswami,7011,HOTELS,PRIVATE_LIMITED,BENGALURU,KARNATAKA,2024-07-11 00:00:00,XXXX3050,ACTIVE,2632.53,True,False,False,False,False,False
MCH9914,nayar group,5311,DEPT_STORE,INDIVIDUAL,AMRITSAR,PUNJAB,2024-05-26 03:30:00,PBUY1561698017263,ACTIVE,5811.91,True,True,False,False,False,False
MCH5676,"BHATTI, CHAHAL AND MISHRA",5311,RETAIL,INDIVIDUAL,JALANDHAR,PUNJAB,2025-07-15 05:45:20,9996182575,ACTIVE,744.63,True,True,False,False,False,False
MCH2894,NORI-KURIAN,5812,RESTAURANTS,PARTNERSHIP,LUCKNOW,UTTAR_PRADESH,2024-12-15 00:00:00,RJBD4464019057563,SUSPENDED,,True,True,True,False,False,False
MCH8419,Nigam Inc,4814,PHONE_SERVICE,SOLE_PROPRIETOR,ASR,PUNJAB,,WLCE4900884368712,ACTIVE,462.51,True,True,False,False,True,False
MCH9266,Chatterjee Group,5411,GROCERY_STORE,SOLE_PROPRIETOR,BENGALURU,KARNATAKA,,XXXX2510,SUSPENDED,726.18,True,False,False,False,False,False
MCH8900,Murthy-Vala,5699,APPAREL,PARTNERSHIP,CALCUTTA,WEST_BENGAL,2024-09-27 00:00:00,PZJY7011608000971,ACTIVE,314.81,True,True,False,False,False,False
MCH5356,Rege LLC,5411,GROCERY_STORE,SOLE_PROPRIETOR,LDH,PUNJAB,,,INACTIVE,917.24,True,False,False,False,True,False
MCH8999,Babu and Sons,7011,HOSPITALITY,PRIVATE_LIMITED,JAIPUR,RAJASTHAN,2023-02-19 00:00:00,6301987055,ACTIVE,1204.0,True,True,False,False,False,False
MCH9813,MENON GROUP,,RETAIL_OTHER,INDIVIDUAL,DELHI,DELHI,,XXXX6379,SUSPENDED,12265.27,False,False,False,False,True,False
MCH1817,"Mohanty, Behl and Rao",4131,TRANSPORT,INDIVIDUAL,POONA,MAHARASHTRA,2025-07-23 00:00:00,,INACTIVE,2347.62,True,False,False,False,False,False
MCH5687,"Prasad, Tank and Char",04131,TRANSPORT,INDIVIDUAL,LUDHIANA,PUNJAB,,XXXX6544,ACTIVE,487.38,False,False,False,False,False,False
MCH6376,"Naik, Dhillon and Sama",5942,BOOKS,PARTNERSHIP,JALANDAR,PUNJAB,2024-01-20 00:00:00,KHDL5323426037616,ACTIVE,2593.39,True,True,False,False,False,False
MCH6980,sarna-rajagopal,5999,MISC_RETAIL,PARTNERSHIP,JALANDHAR,PUNJAB,2024-02-13 12:55:41,,ACTIVE,5229.33,True,False,False,False,False,False
MCH7493,Sachdeva-Pillai,5699,CLOTHS,PRIVATE_LIMITED,KOLKATA,WEST_BENGAL,2026-01-18 20:12:00,1151514873,INACTIVE,203.44,True,True,False,False,False,False
MCH2314,"Tank, Bera and Dash",MISC,FOOD,SOLE_PROPRIETOR,KOLKATA,WEST_BENGAL,,,ACTIVE,2905.93,False,False,False,False,True,False
MCH5019,"Sah0ta, Rama and Rama",05912,PHARMACY,PARTNERSHIP,LKO,UTTAR_PRADESH,2025-07-27 00:00:00,XXXX3502,ACTIVE,955.0,False,False,False,False,False,False
MCH3895,Wable-Sarna,,HOTELS,PRIVATE_LIMITED,JAIPUR,RAJASTHAN,2024-06-20 00:00:00,,INACTIVE,797.39,False,False,False,False,False,False
MCH9909,"Gade, Tiwari and Solanki",5699,CLOTHS,INDIVIDUAL,PUNE,MAHARASHTRA,2024-08-23 00:00:00,XXXX1254,ACTIVE,2922.02,True,False,False,False,False,False
MCH6188,Balay LLC,7011,HOTEL_LODGING,PARTNERSHIP,PUNE,MAHARASHTRA,2023-04-30 10:37:50,7260180361,ACTIVE,3749.0,True,True,False,False,False,False
MCH4441,"Sachdev, Doctor and Subramanian",5311,DEPARTMENT_STORE,PARTNERSHIP,CHENNAI,TAMIL_NADU,2023-06-08 00:00:00,6376514375,INACTIVE,3222.79,True,True,False,False,False,False
MCH7996,Bhargava LLC,5912,MEDICAL,PRIVATE_LIMITED,AMRITSAR,PUNJAB,2024-12-18 00:00:00,BYTJ9061277350740,INACTIVE,,True,True,True,False,False,False
MCH1514,"Lata, Raja and Parsa",5311,RETAIL,PRIVATE_LIMITED,JALANDHAR,PUNJAB,2024-06-14 17:26:04,XXXX1457,ACTIVE,553.18,True,False,False,False,False,False
MCH1661,Mani-Jayaraman,5812,EATING_PLACE,PRIVATE_LIMITED,HYDERABAD,TELANGANA,2024-09-16 22:00:20,XXXX6928,ACTIVE,813.04,True,False,False,False,False,False
MCH4356,"Basak, Sur and Sundaram",UNKNOWN,TELECOM,PARTNERSHIP,DILLI,DELHI,2024-07-22 00:00:00,,ACTIVE,1661.0,False,False,False,False,False,False
MCH6708,Soman and Sons,5912,MEDICAL_STORE,PRIVATE_LIMITED,LDH,PUNJAB,2025-06-03 00:00:00,9694442119,ACTIVE,957.0,True,True,False,False,False,False
MCH6257,"Ba1i, Ahuja and Natarajan",4131,TRANSPRT,INDIVIDUAL,DELHI,DELHI,2025-11-27 00:00:00,,SUSPENDED,1050.0,True,False,False,False,False,False
MCH6731,dhar llc,5311,DEPARTMENT_STORES,PRIVATE_LIMITED,CALCUTTA,WEST_BENGAL,,,ACTIVE,1373.69,True,False,False,False,True,False
MCH8187,"Chada, Mammen and Lanka",04131,TRAVEL,SOLE_PROPRIETOR,LDH,PUNJAB,2025-06-03 00:00:00,3255945345,ACTIVE,671.0,False,True,False,False,False,False
MCH7720,"Gulati, Kothari and Mital",7011,HOTELS,SOLE_PROPRIETOR,POONA,MAHARASHTRA,2025-02-21 00:00:00,,ACTIVE,501.87,True,False,False,False,False,False
MCH3610,"Deo, Krish and Lanka",05699,APPAREL,PRIVATE_LIMITED,MADRAS,TAMIL_NADU,2025-01-07 11:18:09,3505089399,ACTIVE,,False,True,False,False,False,False
MCH5420,Sahni-Ghosh,7011,HOTEL,SOLE_PROPRIETOR,KOLKATA,WEST_BENGAL,2025-09-26 21:42:00,1296057901,ACTIVE,1993.6,True,True,False,False,False,False
MCH7552,SOM AND SONS,4814,TELECOM,SOLE_PROPRIETOR,PUNE,MAHARASHTRA,2025-07-21 00:00:00,4455888078,ACTIVE,1934.0,True,True,False,False,False,False
MCH9918,Lanka-Oommen,05411,GROCERY,PRIVATE_LIMITED,AMRITSAR,PUNJAB,2023-02-08 00:00:00,,ACTIVE,562.01,False,False,False,False,False,False
MCH2546,Kant Group,UNKNOWN,MEDICAL_STORE,SOLE_PROPRIETOR,AMRITSAR,PUNJAB,,VVGC5802490491946,ACTIVE,4120.12,False,True,False,False,True,False
MCH7178,Devan and Sons,5411,GROCERY_STORE,SOLE_PROPRIETOR,KOLKATA,WEST_BENGAL,2023-11-11 00:00:00,,INACTIVE,758.21,True,False,False,False,False,False
MCH5376,"Narayanan, Palla and Tripathi",4814,PHONE_SERVICE,SOLE_PROPRIETOR,LUDHIANA,PUNJAB,2025-08-14 00:00:00,IUFK0088105725528,ACTIVE,2169.37,True,True,False,False,False,False
MCH2857,Bhattacharyya Inc,4131,TRANSPRT,PRIVATE_LIMITED,JALANDAR,PUNJAB,2025-07-13 00:00:00,AFIK7241528245690,ACTIVE,4557.38,True,True,False,False,False,False
MCH7419,Minhas Inc,5699,CLOTHING,INDIVIDUAL,BENGALURU,KARNATAKA,2023-05-03 00:00:00,IRMQ2437668083455,ACTIVE,,True,True,False,False,False,False
MCH4127,Subramaniam-Jhaveri,4131,BUS_TAXI,SOLE_PROPRIETOR,JPR,RAJASTHAN,2024-05-22 00:00:00,XXXX1628,ACTIVE,5333.88,True,False,False,False,False,False
MCH5265,Natt-Munshi,05411,GROCERY_STORES,PRIVATE_LIMITED,POONA,MAHARASHTRA,2024-07-22 00:00:00,4213217107,ACTIVE,2606.12,False,True,False,False,False,False
MCH6043,Saran-Rai,5411,GROCERIES,PRIVATE_LIMITED,JAIPUR,RAJASTHAN,2025-11-17 00:00:00,,ACTIVE,2845.67,True,False,False,False,False,False
MCH2956,"wali, khatri and mistry",4814,MOBILE_RECHARGE,SOLE_PROPRIETOR,LUCKNOW,UTTAR_PRADESH,,3651063150,INACTIVE,4934.63,True,True,False,False,True,False
MCH4419,Gill-Ratta,5912,MEDICAL_STORE,SOLE_PROPRIETOR,JPR,RAJASTHAN,2024-09-15 14:40:00,ETZF4377515836271,ACTIVE,1442.51,True,True,False,False,False,False
MCH7737,Pal-Rama,5311,DEPT_STORE,PARTNERSHIP,LUDHIANA,PUNJAB,,XXXX1213,ACTIVE,1196.31,True,False,False,False,True,False
MCH1060,Sampath-Dora,MISC,RESTAURANTS,PARTNERSHIP,JALANDAR,PUNJAB,2023-07-27 03:57:00,,ACTIVE,2594.73,False,False,False,False,False,False
MCH5000,Lad Group,5999,MISCELLANEOUS,PRIVATE_LIMITED,KOLKATA,WEST_BENGAL,2025-01-05 17:26:50,,ACTIVE,,True,False,True,False,False,False
MCH8281,Krishnan-Kuruvilla,7011,HOTELS,INDIVIDUAL,MADRAS,TAMIL_NADU,2024-01-16 23:49:43,5487927446,ACTIVE,,True,True,True,False,False,False
MCH4301,Thakur Inc,5942,BOOKS_STATIONERY,PARTNERSHIP,NEW_DELHI,DELHI,2023-04-29 06:39:16,,ACTIVE,4449.0,True,False,False,False,False,False
MCH4459,"Gola, Dara and Anne",05411,GROCERY_STORES,PRIVATE_LIMITED,ASR,PUNJAB,2024-10-20 16:40:00,2438786419,ACTIVE,,False,True,False,False,False,False
MCH3433,"Pathak, Sathe and Rama",5411,GROCERY_STORE,PRIVATE_LIMITED,KOLKATA,WEST_BENGAL,2025-12-22 00:00:00,XXXX0746,INACTIVE,3697.0,True,False,False,False,False,False
MCH9494,Sama Group,4814,TELECOM,INDIVIDUAL,BLR,KARNATAKA,2023-11-01 04:57:39,9680001784,ACTIVE,,True,True,True,False,False,False
MCH9749,Virk Ltd,MISC,TRANSPORT,PRIVATE_LIMITED,PUNE,MAHARASHTRA,2023-05-24 00:00:00,7433630126,ACTIVE,4831.0,False,True,False,False,False,False
MCH4172,"khosla, tak and mahajan",5912,MEDICAL_STORE,PARTNERSHIP,KOLKATA,WEST_BENGAL,2024-03-23 00:00:00,,ACTIVE,1964.28,True,False,False,False,False,False
MCH6513,Ch0pra-Kannan,05699,FASHION,SOLE_PROPRIETOR,PUNE,MAHARASHTRA,,XXXX5329,ACTIVE,240.8,False,False,False,False,True,False
MCH9821,Natt-Kibe,5699,FASHION,PRIVATE_LIMITED,MADRAS,TAMIL_NADU,2025-05-03 00:00:00,XXXX1748,ACTIVE,4072.48,True,False,False,False,False,False
MCH1796,Kohli-Nagar,5942,BOOKS,INDIVIDUAL,AMRITSAR,PUNJAB,2024-07-20 00:00:00,,ACTIVE,741.16,True,False,False,False,False,False
MCH9913,Das Ltd,4814,PHONE_SERVICE,PARTNERSHIP,LUCKNOW,UTTAR_PRADESH,2024-08-10 00:00:00,,ACTIVE,442.64,True,False,False,False,False,False
MCH1032,Manda-Hayer,7011,HOTELS,PARTNERSHIP,AMRITSAR,PUNJAB,2025-04-20 00:00:00,XXXX4099,ACTIVE,674.56,True,False,False,False,False,False
MCH1054,Cheema Ltd,5311,DEPARTMENT_STORE,PRIVATE_LIMITED,PUNE,MAHARASHTRA,2023-05-27 00:00:00,,ACTIVE,868.09,True,False,False,False,False,False
MCH7032,"Mangat, Naik and Kakar",7011,HOTELS,PRIVATE_LIMITED,ASR,PUNJAB,,,ACTIVE,,True,False,False,False,True,False
MCH3666,Gera-Ranganathan,4131,TRANSPORT,PARTNERSHIP,JAIPUR,RAJASTHAN,2023-04-12 00:00:00,,ACTIVE,243.55,True,False,False,False,False,False
MCH8581,"Sundaram, Sekhon and Andra",7011,HOTEL,PARTNERSHIP,JALANDAR,PUNJAB,2024-11-14 00:00:00,,ACTIVE,953.97,True,False,False,False,False,False
MCH5747,"NARASIMHAN, DOSHI AND PALL",5812,FOOD,PRIVATE_LIMITED,CALCUTTA,WEST_BENGAL,,XXXX9034,ACTIVE,4280.12,True,False,False,False,True,False
MCH4220,GOPAL-DARA,05699,APPAREL,INDIVIDUAL,BENGALURU,KARNATAKA,2025-10-02 13:08:23,,ACTIVE,532.47,False,False,False,False,False,False
MCH2149,"DAS, ROY AND SRIDHAR",04131,TRANSPORTATION,INDIVIDUAL,JALANDAR,PUNJAB,2024-05-16 00:00:00,,ACTIVE,,False,False,False,False,False,False
MCH8073,"Chaudhary, Nori and Aggarwal",4814,TELECOM,PRIVATE_LIMITED,BOMBAY,MAHARASHTRA,,UFCA0209377639619,ACTIVE,2535.65,True,True,False,False,True,False
MCH1739,Joshi Group,,BOOK_STORE,INDIVIDUAL,LDH,PUNJAB,2024-08-31 19:16:02,IRPP9017025863509,INACTIVE,,False,True,False,False,False,False
MCH1676,"Palla, Gupta and Narain",4814,TELECOM,SOLE_PROPRIETOR,JALANDAR,PUNJAB,2025-11-27 17:23:23,,ACTIVE,750.53,True,False,False,False,False,False
MCH5040,Oza-Gulati,5699,GARMENTS,PARTNERSHIP,MUMBAI,MAHARASHTRA,,,ACTIVE,1665.61,True,False,False,False,False,False
MCH8999,"panchal, aurora and kamdar",5311,DEPARTMENT_STORE,PRIVATE_LIMITED,LKO,UTTAR_PRADESH,2023-10-25 05:37:20,XXXX8730,ACTIVE,,True,False,False,False,False,False
MCH2249,Konda Ltd,05411,GROCERY,PRIVATE_LIMITED,CALCUTTA,WEST_BENGAL,2023-10-28 17:22:02,IPUT2600707533349,ACTIVE,1258.0,False,True,False,False,False,False
MCH8355,Chacko-D’Alia,5311,DEPARTMENT_STORES,PRIVATE_LIMITED,BANGALORE,KARNATAKA,2024-08-14 00:00:00,ZJXY9541779110030,INACTIVE,413.17,True,True,False,False,False,False
MCH5644,Prabhu-Chaudhry,5699,CLOTHING,INDIVIDUAL,HYDERABAD,TELANGANA,,ZHTO8764288741052,ACTIVE,,True,True,True,False,True,False
MCH4051,Sharma-Viswanathan,4131,TRANSPORT,INDIVIDUAL,DELHI,DELHI,2025-02-23 00:00:00,,ACTIVE,1135.12,True,False,False,False,False,False
MCH4102,Oza-Sarna,5699,CLOTHING,INDIVIDUAL,NEW_DELHI,DELHI,2025-01-20 00:00:00,1096969735,ACTIVE,1950.82,True,True,False,False,False,False
MCH8911,Bava LLC,5942,BOOKS,SOLE_PROPRIETOR,HYD,TELANGANA,2025-06-14 08:41:00,,ACTIVE,3342.77,True,False,False,False,False,False
MCH7914,Grover-Karnik,4814,TELECOM,SOLE_PROPRIETOR,JPR,RAJASTHAN,2023-11-30 00:00:00,,ACTIVE,1922.54,True,False,False,False,False,False
MCH5973,Biswas-Dass,5699,FASHION,SOLE_PROPRIETOR,LKO,UTTAR_PRADESH,2025-11-25 00:00:00,XXXX1507,ACTIVE,,True,False,False,False,False,False
MCH2077,KARA PLC,5812,EATING_PLACE,INDIVIDUAL,AMRITSAR,PUNJAB,2025-11-15 02:48:00,XXXX1473,ACTIVE,239.1,True,False,False,False,False,False
MCH3424,Tandon-Raja,5411,GROCERY_STORES,PRIVATE_LIMITED,PUNE,MAHARASHTRA,,LJDU7390595746498,INACTIVE,1643.97,True,True,False,False,True,False
MCH5079,Ramaswamy-Trivedi,05311,DEPT_STORE,PRIVATE_LIMITED,BLR,KARNATAKA,2024-07-01 00:00:00,MSIB5848944508855,SUSPENDED,549.02,False,True,False,False,False,False
MCH2674,Mistry and Sons,5942,BOOKS_STATIONERY,SOLE_PROPRIETOR,HYDERABAD,TELANGANA,,XXXX8847,ACTIVE,569.39,True,False,False,False,False,False
MCH1229,"Sen, Dewan and Tripathi",5942,STATIONERY,PRIVATE_LIMITED,ASR,PUNJAB,2025-02-19 00:00:00,JECT9983029325791,ACTIVE,2028.74,True,True,False,False,False,False
MCH7137,Nanda-Nazareth,4814,TELECOM,PRIVATE_LIMITED,PUNE,MAHARASHTRA,,,ACTIVE,1165.18,True,False,False,False,True,False
MCH6990,Apte-Choudhary,4131,TRANSPRT,PARTNERSHIP,BANGALORE,KARNATAKA,,,ACTIVE,3342.47,True,False,False,False,True,False
MCH3913,Tank-Pathak,5311,DEPARTMENT_STORES,INDIVIDUAL,JALANDHAR,PUNJAB,,,ACTIVE,2215.86,True,False,False,False,False,False
MCH7469,Dua LLC,5812,RESTAURANTS,SOLE_PROPRIETOR,PUNE,MAHARASHTRA,,0464385224,INACTIVE,1848.0,True,True,False,False,False,False
MCH7749,Nigam Inc,,PHONE_SERVICE,PRIVATE_LIMITED,PUNE,MAHARASHTRA,2023-01-23 00:00:00,STDX5070330242192,ACTIVE,7003.66,False,True,False,False,False,False
MCH1787,JOHAL AND SONS,5942,BOOKS_STATIONERY,SOLE_PROPRIETOR,MADRAS,TAMIL_NADU,,8096098187,ACTIVE,1495.88,True,True,False,False,True,False
MCH6815,"Borra, Talwar and Jha",4814,TELECOM,PARTNERSHIP,JALANDAR,PUNJAB,,0561076238,ACTIVE,750.82,True,True,False,False,False,False
MCH1039,Lal-Barad,4814,TELECOM,SOLE_PROPRIETOR,LKO,UTTAR_PRADESH,2025-07-28 00:43:00,,ACTIVE,3062.03,True,False,False,False,False,False
MCH7508,Garg-Deo,5942,BOOKS,PARTNERSHIP,AMRITSAR,PUNJAB,2024-11-15 00:00:00,XXXX5011,ACTIVE,1956.49,True,False,False,False,False,False
MCH4434,Andra and Sons,5999,OTHER,PRIVATE_LIMITED,LUDHIANA,PUNJAB,2025-02-21 00:35:17,,ACTIVE,233.0,True,False,False,False,False,False
MCH7354,"CHATTERJEE, SARNA AND HANDA",,FASHION,SOLE_PROPRIETOR,BENGALURU,KARNATAKA,2023-10-13 16:44:55,,ACTIVE,728.0,False,False,False,False,False,False
MCH2296,Buch Ltd,4131,BUS_TAXI,PARTNERSHIP,LUDHIANA,PUNJAB,2023-06-19 12:35:26,XXXX9780,ACTIVE,8012.35,True,False,False,False,False,False
MCH8768,"Rout, Dixit and Malhotra",7011,HOTEL,PRIVATE_LIMITED,JALANDHAR,PUNJAB,2024-06-05 00:00:00,,INACTIVE,556.74,True,False,False,False,False,False
MCH6233,Vohra Ltd,5942,BOOKS,PARTNERSHIP,DELHI,DELHI,2026-02-26 00:00:00,,ACTIVE,2389.79,True,False,False,False,False,False
MCH2327,KIBE-CHAR,5812,FOOD,PARTNERSHIP,HYDERABAD,TELANGANA,,XXXX0303,ACTIVE,848.32,True,False,False,False,True,False
MCH3079,"Bobal, Balay and Batra",7011,HOTEL,PRIVATE_LIMITED,BENGALURU,KARNATAKA,,XXXX1002,ACTIVE,486.3,True,False,False,False,False,False
MCH3552,"morar, ahuja and ravel",5942,STATIONERY,SOLE_PROPRIETOR,PUNE,MAHARASHTRA,,4264827743,ACTIVE,8846.0,True,True,False,False,True,False
MCH5362,"Date, Gandhi and Bath",05942,BOOKS_STATIONERY,PARTNERSHIP,DELHI,DELHI,2023-03-27 14:31:00,XXXX8502,ACTIVE,,False,False,False,False,False,False
MCH9018,Zacharia and Sons,5942,STATIONERY,INDIVIDUAL,BLR,KARNATAKA,2024-03-06 00:00:00,,ACTIVE,594.92,True,False,False,False,False,False
MCH8288,Kakar-Sood,5311,DEPARTMENT_STORE,PRIVATE_LIMITED,BLR,KARNATAKA,2024-05-04 00:00:00,1654192370,ACTIVE,1556.66,True,True,False,False,False,False
MCH2177,Ramakrishnan Inc,5411,GROCERIES,INDIVIDUAL,JPR,RAJASTHAN,2023-10-13 20:27:27,UGOR9246572099156,ACTIVE,1755.18,True,True,False,False,False,False
MCH5042,Nagi-Raja,,PHARMACIES,INDIVIDUAL,KOLKATA,WEST_BENGAL,2024-04-25 11:13:41,3533096055,ACTIVE,3524.4,False,True,False,False,False,False
MCH5339,"vaidya, hari and mistry",5999,OTHER,INDIVIDUAL,DELHI,DELHI,2024-08-07 00:00:00,5298779846,ACTIVE,514.42,True,True,False,False,False,False
MCH2268,"Verma, Aurora and De",5999,MISCELLANEOUS,PRIVATE_LIMITED,JALANDHAR,PUNJAB,,NBDA6083922141930,ACTIVE,995.42,True,True,False,False,False,False
MCH9706,"Mohan, Sahni and Doctor",5699,GARMENTS,PARTNERSHIP,LUCKNOW,UTTAR_PRADESH,2023-10-26 00:00:00,,ACTIVE,,True,False,False,False,False,False
MCH3122,"TOOR, KUNDA AND MUNSHI",5942,STATIONERY,PARTNERSHIP,MUMBAY,MAHARASHTRA,2025-04-14 21:07:00,3432360123,ACTIVE,797.24,True,True,False,False,False,False
MCH2719,"SOOD, CHACKO AND CHAUDRY",4131,TRANSPORT,PARTNERSHIP,MUMBAI,MAHARASHTRA,,,ACTIVE,3699.12,True,False,False,False,True,False
MCH7558,Bandi-Khanna,5999,OTHER,PARTNERSHIP,BLR,KARNATAKA,2025-05-19 00:00:00,,ACTIVE,1002.06,True,False,False,False,False,False
MCH9004,"Nigam, Hegde and Sura",5912,PHARMACIES,PARTNERSHIP,HYD,TELANGANA,,,INACTIVE,926.37,True,False,False,False,False,False
MCH1428,De-Natarajan,4131,TRANSPORTATION,INDIVIDUAL,MUMBAI,MAHARASHTRA,2025-12-30 00:00:00,IPNL0786549644750,ACTIVE,1289.0,True,True,False,False,False,False
MCH5955,"Rana, Mangat and De",4814,MOBILE_RECHARGE,SOLE_PROPRIETOR,KOLKATA,WEST_BENGAL,,XXXX7902,ACTIVE,1491.64,True,False,False,False,True,False
MCH6667,Konda-Jain,05912,PHARMACY,SOLE_PROPRIETOR,HYDERABAD,TELANGANA,2024-10-16 00:00:00,,ACTIVE,2831.62,False,False,False,False,False,False
MCH3189,Walla-Sawhney,4814,TELECOM,PARTNERSHIP,BLR,KARNATAKA,2024-05-14 00:00:00,8245733998,ACTIVE,,True,True,False,False,False,False
MCH2486,"Mohanty, Iyer and Sharma",7011,HOTEL_LODGING,INDIVIDUAL,CHENNAI,TAMIL_NADU,2023-10-23 21:00:00,FCPB2927426048520,ACTIVE,2266.0,True,True,False,False,False,False
MCH9457,"Rege, Kalita and Sibal",,HOTEL,PARTNERSHIP,HYDERABAD,TELANGANA,,,ACTIVE,3319.89,False,False,False,False,False,False
MCH7387,Lad-Comar,5812,RESTAURANT,SOLE_PROPRIETOR,JALANDHAR,PUNJAB,2025-02-25 03:44:32,DFES3088920437736,ACTIVE,4968.31,True,True,False,False,False,False
MCH7891,BAKSHI PLC,5411,GROCERY_STORES,INDIVIDUAL,BANGALORE,KARNATAKA,,5025889978,ACTIVE,3419.67,True,True,False,False,True,False
MCH2533,"Chana, Joshi and Saran",,TRANSPORT,PARTNERSHIP,LUCKNOW,UTTAR_PRADESH,2023-11-21 00:00:00,,ACTIVE,296.0,False,False,False,False,False,False
MCH2523,Sarma Inc,5999,RETAIL_OTHER,INDIVIDUAL,KOLKATA,WEST_BENGAL,,,ACTIVE,2146.62,True,False,False,False,True,False
MCH2612,Vala Ltd,7011,HOTELS,SOLE_PROPRIETOR,LUCKNOW,UTTAR_PRADESH,,,ACTIVE,,True,False,False,False,True,False
MCH2473,Lanka Inc,5942,BOOKS,INDIVIDUAL,BENGALURU,KARNATAKA,2025-01-20 01:42:00,7620940119,ACTIVE,1883.19,True,True,False,False,False,False
MCH9790,Kumar-Dua,4814,MOBILE_RECHARGE,SOLE_PROPRIETOR,CALCUTTA,WEST_BENGAL,2024-12-09 00:00:00,XXXX3101,ACTIVE,375.28,True,False,False,False,False,False
MCH4778,wali llc,4131,TRANSPORTATION,PRIVATE_LIMITED,LUCKNOW,UTTAR_PRADESH,2025-01-02 00:00:00,DJNF3001962539740,ACTIVE,1242.33,True,True,False,False,False,False
MCH6857,Barad and Sons,7011,HOTEL,PARTNERSHIP,JALANDAR,PUNJAB,2025-09-24 12:38:27,8351493566,ACTIVE,2452.63,True,True,False,False,False,False
MCH1940,Ravel Inc,4814,MOBILE_RECHARGE,SOLE_PROPRIETOR,CHENNAI,TAMIL_NADU,2025-09-17 00:00:00,,INACTIVE,1112.95,True,False,False,False,False,False
MCH7715,Tata-Borah,5999,RETAIL_OTHER,PRIVATE_LIMITED,KOLKATA,WEST_BENGAL,,XXXX1003,INACTIVE,1652.04,True,False,False,False,True,False
MCH6930,dhingra plc,4131,TRANSPRT,SOLE_PROPRIETOR,KOLKATA,WEST_BENGAL,2025-12-26 00:00:00,0573344250,ACTIVE,,True,True,False,False,False,False
MCH5422,sawhney llc,MISC,FASHION,SOLE_PROPRIETOR,CALCUTTA,WEST_BENGAL,,MLTB5743748396701,ACTIVE,866.35,False,True,False,False,True,False
MCH4312,Dada-Hari,5699,CLOTHS,SOLE_PROPRIETOR,LDH,PUNJAB,2024-02-17 00:00:00,XXXX5151,ACTIVE,2174.33,True,False,False,False,False,False
MCH6498,"Banik, Nadig and Mann",5812,EATING_PLACE,INDIVIDUAL,LUDHIANA,PUNJAB,2024-10-30 00:59:00,,ACTIVE,1076.6,True,False,False,False,False,False
MCH1969,Gole LLC,4131,TRAVEL,PRIVATE_LIMITED,CHENNAI,TAMIL_NADU,,URWV6656600871469,ACTIVE,,True,True,True,False,False,False
MCH2471,"Pillai, Chopra and Modi",7011,HOTEL,PRIVATE_LIMITED,NEW_DELHI,DELHI,,QSMG3289733481830,ACTIVE,606.04,True,True,False,False,False,False
MCH6004,Raval and Sons,5812,EATING_PLACE,PARTNERSHIP,BANGALORE,KARNATAKA,2025-10-20 12:33:00,,ACTIVE,477.72,True,False,False,False,False,False
MCH6825,Biswas-Nadig,5999,OTHER,SOLE_PROPRIETOR,JALANDHAR,PUNJAB,,FNXI2179536432243,SUSPENDED,872.49,True,True,False,False,True,False
MCH7446,"SAMI, NARAYAN AND ROY",05942,BOOKS_STATIONERY,PARTNERSHIP,LUDHIANA,PUNJAB,2023-02-08 00:00:00,,INACTIVE,6191.17,False,False,False,False,False,False
MCH4685,Mukhopadhyay-Cheema,,BOOKS,PRIVATE_LIMITED,CHENNAI,TAMIL_NADU,2023-07-22 11:31:48,3857368814,SUSPENDED,,False,True,False,False,False,False
MCH4496,"Pandya, Bhalla and Malhotra",4814,TELECOM,PARTNERSHIP,JPR,RAJASTHAN,2025-07-23 09:17:00,6668375188,ACTIVE,,True,True,False,False,False,False
MCH7371,"Anand, Bains and Parmer",5311,DEPARTMENT_STORE,PARTNERSHIP,LUCKNOW,UTTAR_PRADESH,2023-04-13 04:10:55,3361678460,ACTIVE,,True,True,True,False,False,False
MCH5809,Virk-Peri,5942,STATIONERY,INDIVIDUAL,JAIPUR,RAJASTHAN,2023-07-25 09:05:00,7094756781,INACTIVE,1513.53,True,True,False,False,False,False
MCH8174,Bera Group,5311,DEPARTMENT_STORES,PRIVATE_LIMITED,PUNE,MAHARASHTRA,2023-12-23 04:06:09,XXXX5992,ACTIVE,1502.14,True,False,False,False,False,False
MCH9287,"Datta, Virk and Arya",5999,MISC_RETAIL,INDIVIDUAL,AMRITSAR,PUNJAB,2025-09-21 00:00:00,XXXX9129,ACTIVE,636.69,True,False,False,False,False,False
MCH5298,Keer and Sons,5999,MISCELLANEOUS,PARTNERSHIP,BENGALURU,KARNATAKA,,,INACTIVE,600.45,True,False,False,False,False,False
MCH6285,Kumer-Mane,7011,HOTEL,PRIVATE_LIMITED,BENGALURU,KARNATAKA,2024-10-01 00:00:00,,ACTIVE,567.98,True,False,False,False,False,False
MCH8926,Ramesh-Mukhopadhyay,5912,MEDICAL,SOLE_PROPRIETOR,DILLI,DELHI,2024-01-16 00:00:00,3730788940,ACTIVE,5318.08,True,True,False,False,False,False
MCH4610,"Barad,ChandaandRana",5942,BOOKS_STATIONERY,PRIVATE_LIMITED,HYDERABAD,TELANGANA,2024-12-23 00:00:00,3247180851,ACTIVE,2989.03,True,True,False,False,False,False
MCH3156,"Bal, Deo and Kala",5999,MISCELLANEOUS,PARTNERSHIP,LUCKNOW,UTTAR_PRADESH,,8908434715,ACTIVE,2486.0,True,True,False,False,False,False
MCH3988,Barad-Bawa,7011,HOTEL_LODGING,INDIVIDUAL,AMRITSAR,PUNJAB,2023-11-20 00:00:00,XXXX1285,ACTIVE,602.31,True,False,False,False,False,False
MCH3044,Gupta PLC,5942,STATIONERY,SOLE_PROPRIETOR,BLR,KARNATAKA,2023-04-27 00:00:00,,INACTIVE,582.54,True,False,False,False,False,False
MCH9609,Mohanty LLC,UNKNOWN,BOOKS,PARTNERSHIP,MUMBAI,MAHARASHTRA,2025-02-23 00:00:00,2458956606,ACTIVE,,False,True,True,False,False,False
MCH9769,Yogi-Dixit,5411,GROCERY_STORES,PRIVATE_LIMITED,AMRITSAR,PUNJAB,,ITST4174155209610,SUSPENDED,1299.88,True,True,False,False,False,False
MCH8024,"Basu, Magar and Venkatesh",,TELECOM,INDIVIDUAL,HYD,TELANGANA,2025-09-13 23:45:00,,ACTIVE,1611.07,False,False,False,False,False,False
MCH7623,Pandya LLC,,STATIONERY,PARTNERSHIP,BOMBAY,MAHARASHTRA,2026-01-23 00:00:00,XXXX7491,ACTIVE,701.06,False,False,False,False,False,False
MCH2378,"Rau, Pradhan and Bansa1",5411,KIRANA,INDIVIDUAL,LKO,UTTAR_PRADESH,2024-02-09 01:00:15,8007526864,ACTIVE,6158.0,True,True,False,False,False,False
MCH5720,Karnik Group,5942,BOOKS,PARTNERSHIP,AMRITSAR,PUNJAB,2023-10-28 00:00:00,9007561693,ACTIVE,6186.34,True,True,False,False,False,False
MCH3263,Barman Inc,,BOOKS_STATIONERY,PARTNERSHIP,KOLKATA,WEST_BENGAL,2024-12-24 00:00:00,XXXX0034,ACTIVE,,False,False,True,False,False,False
MCH1071,"Keer, Roy and Narayanan",,MEDICAL,SOLE_PROPRIETOR,JPR,RAJASTHAN,2025-04-17 00:00:00,4373595007,ACTIVE,619.21,False,True,False,False,False,False
MCH2647,Saha Inc,5999,MISCELLANEOUS,PRIVATE_LIMITED,LKO,UTTAR_PRADESH,,,ACTIVE,1551.4,True,False,False,False,True,False
MCH5320,Ramaswamy-Sarma,4814,MOBILE_RECHARGE,SOLE_PROPRIETOR,HYDERABAD,TELANGANA,,9234288178,ACTIVE,750.06,True,True,False,False,True,False
MCH7436,Mane-Trivedi,5912,MEDICAL_STORE,INDIVIDUAL,BENGALURU,KARNATAKA,2024-09-14 00:00:00,,ACTIVE,,True,False,True,False,False,False
MCH3077,Warrior Ltd,4131,TRANSPRT,PARTNERSHIP,KOLKATA,WEST_BENGAL,,,ACTIVE,1448.69,True,False,False,False,True,False
MCH8025,"Karnik, Hayer and Khalsa",4814,PHONE_SERVICE,PARTNERSHIP,LKO,UTTAR_PRADESH,2023-08-14 14:32:00,4642162943,ACTIVE,1781.41,True,True,False,False,False,False
MCH2422,SAMPATH-BALASUBRAMANIAN,,PHONE_SERVICE,PRIVATE_LIMITED,BANGALORE,KARNATAKA,2025-06-25 00:00:00,7967511719,ACTIVE,2352.58,False,True,False,False,False,False
MCH2766,Kanda-Brahmbhatt,5311,DEPT_STORE,SOLE_PROPRIETOR,MADRAS,TAMIL_NADU,2025-06-18 00:00:00,5339281473,ACTIVE,1540.08,True,True,False,False,False,False
MCH9834,Pau Ltd,,RETAIL_OTHER,PRIVATE_LIMITED,JALANDAR,PUNJAB,,XXXX5411,ACTIVE,428.09,False,False,False,False,True,False
MCH5108,"Te11a, Naik and Rajag0pa1",7011,HOTELS,PRIVATE_LIMITED,NEW_DELHI,DELHI,2023-02-17 06:26:08,,ACTIVE,1054.85,True,False,False,False,False,False
MCH4526,"Mittal, Saha and Puri",5699,APPAREL,SOLE_PROPRIETOR,BLR,KARNATAKA,2025-06-19 00:00:00,,ACTIVE,893.38,True,False,False,False,False,False
MCH1664,Karan Ltd,4131,TRAVEL,PARTNERSHIP,CHENNAI,TAMIL_NADU,,XXXX0248,ACTIVE,,True,False,False,False,True,False
MCH4643,Sandhu-Kakar,4131,TRANSPRT,PRIVATE_LIMITED,BENGALURU,KARNATAKA,2024-03-30 00:00:00,,ACTIVE,551.11,True,False,False,False,False,False
MCH7248,Rajagopalan Group,7011,HOTELS,PARTNERSHIP,HYDERABAD,TELANGANA,2024-05-22 00:00:00,,ACTIVE,859.24,True,False,False,False,False,False
MCH2085,"Varma, Dua and Bhattacharyya",,BOOKS_STATIONERY,PARTNERSHIP,ASR,PUNJAB,2023-11-29 15:20:07,,ACTIVE,,False,False,True,False,False,False
MCH5001,Narayan LLC,5812,EATING_PLACE,PARTNERSHIP,POONA,MAHARASHTRA,2023-06-17 00:00:00,JVBH8016822587770,ACTIVE,1893.51,True,True,False,False,False,False
MCH9801,"Manda, Bansal and Devan",5812,RESTAURANT,PARTNERSHIP,PUNE,MAHARASHTRA,,XXXX9062,SUSPENDED,1106.68,True,False,False,False,True,False
MCH7622,Agrawal-Yogi,4131,TRANSPRT,PARTNERSHIP,AMRITSAR,PUNJAB,2025-10-19 00:00:00,,ACTIVE,,True,False,True,False,False,False
MCH2353,sood-vasa,5411,GROCERY_STORE,SOLE_PROPRIETOR,MUMBAI,MAHARASHTRA,2026-01-24 05:19:00,,ACTIVE,2728.11,True,False,False,False,False,False
MCH4989,din-bhatia,05912,CHEMIST,SOLE_PROPRIETOR,AMRITSAR,PUNJAB,2024-07-22 00:00:00,8027810029,ACTIVE,2169.45,False,True,False,False,False,False
MCH4006,"Guha, Bumb and Bora",,TRANSPORT,SOLE_PROPRIETOR,JAIPUR,RAJASTHAN,,KYVL1514303273723,ACTIVE,2379.0,False,True,False,False,True,False
MCH9289,Baria-Nagy,5999,MISC_RETAIL,SOLE_PROPRIETOR,CHENNAI,TAMIL_NADU,,,ACTIVE,620.71,True,False,False,False,False,False
MCH1041,Pat1a-S0m,,FASHION,PRIVATE_LIMITED,KOLKATA,WEST_BENGAL,2024-04-21 00:00:00,,ACTIVE,3701.53,False,False,False,False,False,False
MCH4914,BORA INC,,DEPARTMENT_STORE,SOLE_PROPRIETOR,JAIPUR,RAJASTHAN,,,ACTIVE,4227.85,False,False,False,False,True,False
MCH3211,"Mani, Hora and Hayer",5912,PHARMACY,PRIVATE_LIMITED,BENGALURU,KARNATAKA,2026-01-31 00:00:00,SYDI3812560844687,ACTIVE,3678.27,True,True,False,False,False,False
MCH9408,Arya-Vig,4131,TRANSPORT,INDIVIDUAL,BENGALURU,KARNATAKA,2023-12-24 00:00:00,6291585633,ACTIVE,,True,True,True,False,False,False
MCH2152,"Choudhry, Chauhan and Dayal",5942,STATIONERY,PRIVATE_LIMITED,POONA,MAHARASHTRA,2025-11-28 17:27:17,6428134605,ACTIVE,1507.67,True,True,False,False,False,False
MCH4534,BUMB-GANGULY,05699,CLOTHS,PARTNERSHIP,CHENNAI,TAMIL_NADU,2025-11-12 19:14:58,YNBM1819285405206,ACTIVE,1225.88,False,True,False,False,False,False
MCH6744,GREWAL INC,5999,MISCELLANEOUS,PRIVATE_LIMITED,HYD,TELANGANA,,,ACTIVE,1886.71,True,False,False,False,True,False
MCH8271,Konda-Bawa,5699,CLOTHS,SOLE_PROPRIETOR,MADRAS,TAMIL_NADU,2023-10-05 00:57:38,WSNV9244788716456,ACTIVE,1087.99,True,True,False,False,False,False
MCH9111,"Dhar, Thaker and Madan",5999,MISC_RETAIL,PRIVATE_LIMITED,CALCUTTA,WEST_BENGAL,,IKTX4120845617487,ACTIVE,1785.1,True,True,False,False,True,False
MCH3335,Choudhary Ltd,5699,APPAREL,PARTNERSHIP,LUCKNOW,UTTAR_PRADESH,,,ACTIVE,413.6,True,False,False,False,True,False
MCH4843,Dugar-Master,5912,MEDICAL,SOLE_PROPRIETOR,HYDERABAD,TELANGANA,2024-05-18 00:00:00,4521971795,ACTIVE,1023.41,True,True,False,False,False,False
MCH3920,SharmaLLC,UNKNOWN,BOOK_STORE,PRIVATE_LIMITED,LKO,UTTAR_PRADESH,2024-06-23 21:51:00,1753085069,SUSPENDED,1885.7,False,True,False,False,False,False
MCH4951,"natt, dyal and gill",5411,GROCERY_STORE,PRIVATE_LIMITED,POONA,MAHARASHTRA,,,ACTIVE,430.18,True,False,False,False,True,False
MCH8575,"Doctor, Merchant and Bhatti",4814,TELECOM,PARTNERSHIP,CALCUTTA,WEST_BENGAL,2024-04-18 00:00:00,,ACTIVE,2693.45,True,False,False,False,False,False
MCH1118,ChokshiInc,4131,TRANSPORT,PARTNERSHIP,JALANDAR,PUNJAB,2025-07-26 00:00:00,XXXX1304,ACTIVE,590.75,True,False,False,False,False,False
MCH7871,"Mital, Palla and Saraf",5699,CLOTHS,SOLE_PROPRIETOR,HYDERABAD,TELANGANA,2026-02-17 14:36:44,QSZR3521803060698,ACTIVE,,True,True,True,False,False,False
MCH4643,"Dha1iwa1, Pathak and Ping1e",7011,HOTEL,PARTNERSHIP,CHENNAI,TAMIL_NADU,,,ACTIVE,382.94,True,False,False,False,False,False
MCH4626,"Lalla, Handa and Ahuja",5999,RETAIL_OTHER,PRIVATE_LIMITED,BENGALURU,KARNATAKA,2023-07-31 00:00:00,,ACTIVE,1497.15,True,False,False,False,False,False
MCH1018,Kannan-Khatri,5311,DEPT_STORE,INDIVIDUAL,JALANDAR,PUNJAB,2023-03-19 00:00:00,,ACTIVE,1791.0,True,False,False,False,False,False
MCH9782,Bhardwaj-Varghese,4131,TRAVEL,INDIVIDUAL,LUDHIANA,PUNJAB,2023-02-18 14:33:29,GXDH5697468169226,ACTIVE,1522.0,True,True,False,False,False,False
MCH5983,"Morar, Memon and Kala",5311,DEPARTMENT_STORE,SOLE_PROPRIETOR,PUNE,MAHARASHTRA,2025-05-06 09:44:28,4976019828,ACTIVE,,True,True,True,False,False,False
MCH4695,Patel-Halder,5812,RESTAURANTS,SOLE_PROPRIETOR,PUNE,MAHARASHTRA,2026-02-11 16:57:07,,ACTIVE,652.55,True,False,False,False,False,False
MCH1014,"Agate, Saxena and Pandit",05311,DEPARTMENT_STORE,PARTNERSHIP,JALANDAR,PUNJAB,2023-12-21 00:00:00,3851769270,ACTIVE,1096.96,False,True,False,False,False,False
MCH8125,Nagi-Ranganathan,4814,PHONE_SERVICE,SOLE_PROPRIETOR,CALCUTTA,WEST_BENGAL,2024-10-04 00:00:00,XXXX7501,INACTIVE,7428.0,True,False,False,False,False,False
MCH8372,BanerjeeLtd,5912,PHARMACY,INDIVIDUAL,HYDERABAD,TELANGANA,2023-10-26 00:00:00,,ACTIVE,4531.0,True,False,False,False,False,False
MCH2513,BhallaInc,,GARMENTS,PARTNERSHIP,AMRITSAR,PUNJAB,2023-11-09 00:00:00,6553818868,ACTIVE,5544.37,False,True,False,False,False,False
MCH4846,arora-raghavan,5999,RETAIL_OTHER,PRIVATE_LIMITED,JAIPUR,RAJASTHAN,2025-09-12 15:21:55,XXXX5049,ACTIVE,,True,False,True,False,False,False
MCH4886,Mangat-Gh0se,5999,MISC_RETAIL,SOLE_PROPRIETOR,POONA,MAHARASHTRA,,8646245603,ACTIVE,551.0,True,True,False,False,True,False
MCH7359,Chacko-Dugar,5942,BOOKS_STATIONERY,PRIVATE_LIMITED,MUMBAI,MAHARASHTRA,,1437980069,ACTIVE,654.0,True,True,False,False,False,False
MCH1071,Wali and Sons,4814,PHONE_SERVICE,SOLE_PROPRIETOR,BANGALORE,KARNATAKA,2025-01-21 00:00:00,,ACTIVE,1437.33,True,False,False,False,False,False
MCH5580,Chatterjee-Andra,04131,TRAVEL,PRIVATE_LIMITED,LUCKNOW,UTTAR_PRADESH,2026-01-01 00:00:00,2440958731,ACTIVE,512.38,False,True,False,False,False,False
MCH4870,Rana Inc,04814,TELECOM,INDIVIDUAL,AMRITSAR,PUNJAB,,,SUSPENDED,1127.0,False,False,False,False,True,False
MCH8891,"Natt,ManeandPau",,TELECOM,PRIVATE_LIMITED,MUMBAI,MAHARASHTRA,2025-03-13 09:17:17,6087577130,ACTIVE,1140.0,False,True,False,False,False,False
MCH6401,"Shenoy, Doctor and Gola",5912,MEDICAL,INDIVIDUAL,MUMBAI,MAHARASHTRA,2025-02-09 13:26:39,,SUSPENDED,690.47,True,False,False,False,False,False
MCH7156,Lata-Som,5812,FOOD_SERVICES,PRIVATE_LIMITED,BENGALURU,KARNATAKA,2023-02-24 00:00:00,,ACTIVE,739.29,True,False,False,False,False,False
MCH4749,Sane-Kota,07011,HOTELS,PARTNERSHIP,LUDHIANA,PUNJAB,2025-08-28 00:00:00,XXXX8682,ACTIVE,2066.82,False,False,False,False,False,False
MCH2503,Chatterjee-Saran,5699,FASHION,INDIVIDUAL,JALANDAR,PUNJAB,2024-08-14 00:00:00,XXXX3264,ACTIVE,1760.1,True,False,False,False,False,False
MCH9756,"Dugal, Virk and Dhaliwal",4131,TRANSPORT,PARTNERSHIP,JALANDHAR,PUNJAB,2023-01-01 08:25:47,SZBM8211536669889,ACTIVE,494.0,True,True,False,False,False,False
MCH2568,"Dhaliwal, Bhat and Sarin",5411,KIRANA,PARTNERSHIP,MUMBAI,MAHARASHTRA,2023-04-28 00:00:00,3925852137,ACTIVE,803.0,True,True,False,False,False,False
MCH4802,"Mistry, Roy and Salvi",,DEPT_STORE,SOLE_PROPRIETOR,CHENNAI,TAMIL_NADU,2024-08-23 18:00:36,2812418940,INACTIVE,468.0,False,True,False,False,False,False
MCH8418,Jaggi Inc,07011,HOTEL_LODGING,INDIVIDUAL,PUNE,MAHARASHTRA,,5753448100,INACTIVE,,False,True,True,False,True,False
MCH7357,Varkey LLC,7011,HOTELS,PRIVATE_LIMITED,CALCUTTA,WEST_BENGAL,2025-08-05 00:00:00,,ACTIVE,665.88,True,False,False,False,False,False
MCH9080,"Goswami, Nagy and Sathe",4131,TRAVEL,SOLE_PROPRIETOR,JPR,RAJASTHAN,,,ACTIVE,6603.0,True,False,False,False,True,False
MCH9232,Ahuja-Chaudhry,4131,TRANSPORTATION,INDIVIDUAL,HYDERABAD,TELANGANA,2023-04-20 00:00:00,XXXX7963,ACTIVE,361.11,True,False,False,False,False,False
MCH9690,Bai1-Sarin,7011,HOTELS,PARTNERSHIP,AMRITSAR,PUNJAB,,XXXX0228,ACTIVE,3320.22,True,False,False,False,True,False
MCH4874,"chanda, bahl and kohli",5699,GARMENTS,SOLE_PROPRIETOR,BOMBAY,MAHARASHTRA,2024-12-02 00:00:00,,ACTIVE,709.03,True,False,False,False,False,False
MCH7203,Sani-Memon,,RETAIL,SOLE_PROPRIETOR,ASR,PUNJAB,2023-03-25 00:00:00,OFZD1453201567778,ACTIVE,,False,True,True,False,False,False
MCH9931,ray ltd,5912,MEDICAL_STORE,PRIVATE_LIMITED,CHENNAI,TAMIL_NADU,2023-06-28 07:48:26,8013465643,ACTIVE,7044.3,True,True,False,False,False,False
MCH2421,Chanda PLC,4131,TRANSPORT,PARTNERSHIP,LUCKNOW,UTTAR_PRADESH,,VAVC3668026777539,ACTIVE,146.0,True,True,False,False,True,False
MCH7216,PILLAI AND SONS,4814,MOBILE_RECHARGE,INDIVIDUAL,AMRITSAR,PUNJAB,,,ACTIVE,356.0,True,False,False,False,True,False
MCH3371,Raju Inc,4131,TRANSPORT,PARTNERSHIP,HYDERABAD,TELANGANA,2025-04-19 05:25:00,ENEX5677212292143,ACTIVE,4057.11,True,True,False,False,False,False
MCH3498,AGATE AND SONS,4814,TELECOM,INDIVIDUAL,CHENNAI,TAMIL_NADU,,,ACTIVE,1499.04,True,False,False,False,False,False
MCH4052,Bal-Choudhary,5812,FOOD,PARTNERSHIP,JALANDHAR,PUNJAB,,XXXX5480,ACTIVE,2217.99,True,False,False,False,False,False
MCH1569,"Bal, Wali and Sheth",4814,MOBILE_RECHARGE,PRIVATE_LIMITED,CHENNAI,TAMIL_NADU,2025-10-11 00:00:00,XXXX9971,ACTIVE,1678.57,True,False,False,False,False,False
MCH9654,Saini-Bath,5942,BOOKS,PRIVATE_LIMITED,LUDHIANA,PUNJAB,,XXXX5605,ACTIVE,2570.91,True,False,False,False,True,False
MCH3445,"Madan, Naidu and Andra",7011,HOTELS,PRIVATE_LIMITED,JAIPUR,RAJASTHAN,2023-07-09 00:00:00,2270103966,ACTIVE,983.3,True,True,False,False,False,False
MCH9474,"Bajwa, Bhandari and Parmar",5912,PHARMACY,SOLE_PROPRIETOR,KOLKATA,WEST_BENGAL,2024-03-16 19:46:00,0765979563,ACTIVE,1464.0,True,True,False,False,False,False
MCH5598,"Thakur, Verma and Venkataraman",5912,CHEMIST,INDIVIDUAL,JALANDHAR,PUNJAB,2023-09-13 00:00:00,,ACTIVE,2948.79,True,False,False,False,False,False
MCH9593,"Vora, Natt and Butala",5411,GROCERY,SOLE_PROPRIETOR,LUDHIANA,PUNJAB,,XXXX8685,ACTIVE,,True,False,True,False,True,False
MCH7856,"Sood, Dalal and Butala",7011,HOTELS,PRIVATE_LIMITED,NEW_DELHI,DELHI,,1705220103,ACTIVE,2048.0,True,True,False,False,True,False
MCH1219,Buta1a Ltd,05699,GARMENTS,SOLE_PROPRIETOR,LKO,UTTAR_PRADESH,2025-10-23 00:00:00,1736220262,ACTIVE,1046.51,False,True,False,False,False,False
MCH8610,Pandey and Sons,5999,RETAIL_OTHER,SOLE_PROPRIETOR,BENGALURU,KARNATAKA,,LZLP7648523257090,ACTIVE,1014.0,True,True,False,False,False,False
MCH1318,GUPTA LLC,4814,TELECOM,PRIVATE_LIMITED,JAIPUR,RAJASTHAN,,0618978505,ACTIVE,,True,True,False,False,False,False
MCH7340,Devi and Sons,,CLOTHS,PARTNERSHIP,CALCUTTA,WEST_BENGAL,,1367853568,ACTIVE,1101.37,False,True,False,False,True,False
MCH3191,Dhawan-Warrior,4131,BUS_TAXI,SOLE_PROPRIETOR,HYDERABAD,TELANGANA,2024-09-12 01:09:18,,ACTIVE,1885.9,True,False,False,False,False,False
MCH1132,Cheema Inc,5999,RETAIL_OTHER,SOLE_PROPRIETOR,LUDHIANA,PUNJAB,2023-09-10 00:00:00,3299217122,ACTIVE,,True,True,False,False,False,False
MCH1657,"Kaur, Sandhu and Shanker",05699,CLOTHS,PRIVATE_LIMITED,MUMBAI,MAHARASHTRA,2025-01-14 15:44:00,,ACTIVE,1224.96,False,False,False,False,False,False
MCH2969,Randhawa-Karnik,7011,HOTEL,SOLE_PROPRIETOR,BENGALURU,KARNATAKA,2023-07-27 00:00:00,,ACTIVE,310.59,True,False,False,False,False,False
MCH5881,Baria-Keer,4131,TRANSPRT,PRIVATE_LIMITED,JAIPUR,RAJASTHAN,2026-02-09 03:41:16,,INACTIVE,2633.32,True,False,False,False,False,False
MCH8537,Mital and Sons,5411,GROCERY,PARTNERSHIP,JALANDAR,PUNJAB,2023-05-14 00:00:00,XXXX8286,ACTIVE,,True,False,True,False,False,False
MCH2096,GolePLC,5942,BOOKS,INDIVIDUAL,DELHI,DELHI,,3610900033,INACTIVE,6529.52,True,True,False,False,False,False
MCH9340,Mallick-Konda,5999,OTHER,INDIVIDUAL,BENGALURU,KARNATAKA,2025-01-24 13:55:00,,INACTIVE,1550.33,True,False,False,False,False,False
MCH8511,Bhattacharyya LLC,4131,TRAVEL,SOLE_PROPRIETOR,KOLKATA,WEST_BENGAL,2025-09-13 17:14:01,5718101424,ACTIVE,1377.4,True,True,False,False,False,False
MCH6519,Mane-Madan,05699,CLOTHING,PARTNERSHIP,LUDHIANA,PUNJAB,2024-12-25 00:00:00,,ACTIVE,978.4,False,False,False,False,False,False
MCH1163,"Gour, Comar and Palan",4814,TELECOM,PARTNERSHIP,LDH,PUNJAB,2025-10-25 00:00:00,BYWD2962302915002,INACTIVE,5449.73,True,True,False,False,False,False
MCH5231,Om-Shah,5912,PHARMACY,INDIVIDUAL,JAIPUR,RAJASTHAN,2023-04-29 00:00:00,2208124689,ACTIVE,165.39,True,True,False,False,False,False
MCH2778,Buch-Lala,5912,PHARMACIES,INDIVIDUAL,HYDERABAD,TELANGANA,2023-04-27 00:00:00,XXXX6570,ACTIVE,,True,False,False,False,False,False
MCH8263,"Kapoor, Khanna and Mohan",5311,RETAIL,INDIVIDUAL,LUDHIANA,PUNJAB,2025-01-08 00:00:00,,ACTIVE,5404.0,True,False,False,False,False,False
MCH4290,Konda-Memon,5311,DEPARTMENT_STORE,PRIVATE_LIMITED,NEW_DELHI,DELHI,,,INACTIVE,3295.4,True,False,False,False,True,False
MCH6877,Nadkarni and Sons,UNKNOWN,KIRANA,INDIVIDUAL,LUDHIANA,PUNJAB,,,ACTIVE,1757.0,False,False,False,False,True,False
MCH8733,"Dhillon, Goel and Dar",4814,TELECOM,SOLE_PROPRIETOR,CALCUTTA,WEST_BENGAL,2024-03-27 19:48:14,XXXX9551,ACTIVE,,True,False,True,False,False,False
MCH5203,"Goel, Mishra and Ram",4814,TELECOM,SOLE_PROPRIETOR,BLR,KARNATAKA,2023-04-28 00:00:00,,ACTIVE,3326.82,True,False,False,False,False,False
MCH1982,"Behl, Jayaraman and Divan",5699,APPAREL,SOLE_PROPRIETOR,BOMBAY,MAHARASHTRA,,,ACTIVE,298.94,True,False,False,False,True,False
MCH1163,Chauhan Group,05912,MEDICAL_STORE,SOLE_PROPRIETOR,CALCUTTA,WEST_BENGAL,,,ACTIVE,2218.96,False,False,False,False,True,False
MCH6851,Chaudhary and S0ns,4131,TRANSPRT,INDIVIDUAL,KOLKATA,WEST_BENGAL,,XXXX0557,ACTIVE,4509.31,True,False,False,False,True,False
MCH7539,"Kalita, Din and Ganesh",5311,RETAIL,PRIVATE_LIMITED,CHENNAI,TAMIL_NADU,2024-01-05 01:38:27,5865236657,ACTIVE,,True,True,False,False,False,False
MCH9014,Konda-Ram,4814,TELECOM,SOLE_PROPRIETOR,LDH,PUNJAB,2025-08-15 00:00:00,,ACTIVE,485.94,True,False,False,False,False,False
MCH4450,ZACHARIAH-BATRA,5311,RETAIL,SOLE_PROPRIETOR,AMRITSAR,PUNJAB,2023-09-17 15:10:46,,ACTIVE,1045.82,True,False,False,False,False,False
MCH9458,Raja Ltd,5311,RETAIL,PARTNERSHIP,AMRITSAR,PUNJAB,2025-12-15 00:00:00,XXXX6323,ACTIVE,480.87,True,False,False,False,False,False
MCH5227,"Yogi, Varghese and Balay",5812,FOOD_SERVICES,INDIVIDUAL,MUMBAI,MAHARASHTRA,2024-02-10 00:00:00,,ACTIVE,2005.26,True,False,False,False,False,False
MCH3481,"RAJA, BRAR AND NAGAR",,GROCERY_STORES,PRIVATE_LIMITED,NEW_DELHI,DELHI,2023-03-13 00:00:00,XXXX8620,ACTIVE,1791.83,False,False,False,False,False,False
MCH4652,Varghese-Ramachandran,04131,TRANSPORTATION,PRIVATE_LIMITED,AMRITSAR,PUNJAB,2024-10-30 00:00:00,0536639184,ACTIVE,,False,True,True,False,False,False
MCH3990,Dey-Chaudhari,5912,PHARMACY,INDIVIDUAL,CHENNAI,TAMIL_NADU,2025-03-14 00:00:00,IPYG2797181414167,ACTIVE,,True,True,True,False,False,False
MCH7029,Purohit Ltd,4814,MOBILE_RECHARGE,PARTNERSHIP,BENGALURU,KARNATAKA,2025-03-28 00:44:27,7715883452,INACTIVE,1186.22,True,True,False,False,False,False
MCH3778,Karnik Inc,5912,PHARMACIES,SOLE_PROPRIETOR,JAIPUR,RAJASTHAN,,2560479060,INACTIVE,1211.0,True,True,False,False,False,False
MCH9345,Mahal Inc,4814,TELECOM,PRIVATE_LIMITED,AMRITSAR,PUNJAB,2025-11-30 00:00:00,5557853955,ACTIVE,4834.52,True,True,False,False,False,False
MCH6190,Pal Ltd,5699,CLOTHS,PRIVATE_LIMITED,LUDHIANA,PUNJAB,2023-03-01 00:00:00,,ACTIVE,376.59,True,False,False,False,False,False
MCH8540,Tiwari Ltd,5999,OTHER,SOLE_PROPRIETOR,JAIPUR,RAJASTHAN,2024-06-27 07:54:00,,ACTIVE,,True,False,False,False,False,False
MCH1492,Ganesan LLC,5999,OTHER,PARTNERSHIP,HYDERABAD,TELANGANA,2023-08-19 12:27:00,1007001196,ACTIVE,3316.76,True,True,False,False,False,False
MCH3172,SONI-VARTY,4814,TELECOM,SOLE_PROPRIETOR,BANGALORE,KARNATAKA,2025-07-10 02:41:34,XXXX7710,ACTIVE,3097.6,True,False,False,False,False,False
MCH7885,Atwal-Jha,4131,BUS_TAXI,PRIVATE_LIMITED,JALANDHAR,PUNJAB,2023-08-15 00:00:00,XXXX1162,SUSPENDED,,True,False,False,False,False,False
MCH2492,More LLC,5699,CLOTHS,PARTNERSHIP,JAIPUR,RAJASTHAN,2023-04-22 00:00:00,3899609403,INACTIVE,,True,True,False,False,False,False
MCH5021,"Badami, Chatterjee and Handa",4814,MOBILE_RECHARGE,SOLE_PROPRIETOR,HYD,TELANGANA,2024-08-22 22:52:16,,ACTIVE,443.63,True,False,False,False,False,False
MCH9571,buch inc,5812,RESTAURANTS,INDIVIDUAL,HYDERABAD,TELANGANA,,DKEU4746665718428,ACTIVE,1270.83,True,True,False,False,False,False
MCH9158,"Sachdeva, Va1a and Bedi",5812,RESTAURANTS,SOLE_PROPRIETOR,LUCKNOW,UTTAR_PRADESH,,8244922873,INACTIVE,6181.65,True,True,False,False,False,False
MCH2525,"Nath, Gaba and Viswanathan",05699,FASHION,INDIVIDUAL,MUMBAY,MAHARASHTRA,2024-12-29 12:44:00,,ACTIVE,518.76,False,False,False,False,False,False
MCH4359,Mistry-Parekh,5912,PHARMACIES,PRIVATE_LIMITED,MUMBAI,MAHARASHTRA,,YQCO7150849658211,SUSPENDED,684.0,True,True,False,False,True,False
MCH8049,Balan-Shah,5699,GARMENTS,PRIVATE_LIMITED,LKO,UTTAR_PRADESH,,,ACTIVE,,True,False,False,False,True,False
MCH2129,Bhavsar-De,5912,PHARMACY,SOLE_PROPRIETOR,HYDERABAD,TELANGANA,,2500999511,ACTIVE,4898.0,True,True,False,False,False,False
MCH2776,Datta Ltd,4814,TELECOM,PARTNERSHIP,JPR,RAJASTHAN,2024-11-09 21:59:20,QUCG6914808410390,ACTIVE,1643.13,True,True,False,False,False,False
MCH7205,Dara PLC,5912,CHEMIST,SOLE_PROPRIETOR,LUDHIANA,PUNJAB,2023-09-26 00:00:00,,ACTIVE,1778.94,True,False,False,False,False,False
MCH8761,chokshi llc,7011,HOSPITALITY,INDIVIDUAL,HYD,TELANGANA,,9822762385,ACTIVE,963.43,True,True,False,False,True,False
MCH6598,Rajagopalan Inc,5812,FOOD,INDIVIDUAL,HYDERABAD,TELANGANA,2023-04-27 00:00:00,,ACTIVE,2194.0,True,False,False,False,False,False
MCH2910,"Mitter, Sekhon and Kunda",5912,PHARMACIES,SOLE_PROPRIETOR,LUCKNOW,UTTAR_PRADESH,2023-11-04 03:45:23,XXXX8939,ACTIVE,1288.6,True,False,False,False,False,False
MCH5122,K0ta-R0y,5699,CLOTHS,INDIVIDUAL,DELHI,DELHI,2025-08-20 00:00:00,XXXX7270,ACTIVE,390.64,True,False,False,False,False,False
MCH5929,Chaudry-Pal,7011,HOTELS,PRIVATE_LIMITED,CHENNAI,TAMIL_NADU,,RXEM4030982599966,ACTIVE,705.57,True,True,False,False,True,False
MCH6165,"chandran, dey and dalal",,APPAREL,PRIVATE_LIMITED,DELHI,DELHI,2025-08-29 16:50:00,CFEB4939576870397,ACTIVE,1513.56,False,True,False,False,False,False
MCH1750,"Dube, Natt and V0hra",4131,TRANSPRT,INDIVIDUAL,PUNE,MAHARASHTRA,2024-12-18 12:18:45,XXXX3705,ACTIVE,,True,False,False,False,False,False
MCH2064,date and sons,5812,RESTAURANT,PRIVATE_LIMITED,DELHI,DELHI,,,ACTIVE,1715.0,True,False,False,False,True,False
MCH1462,Swamy Inc,5912,CHEMIST,PRIVATE_LIMITED,JALANDAR,PUNJAB,2023-09-13 00:00:00,CPHK2049802773880,INACTIVE,1411.0,True,True,False,False,False,False
MCH7353,NADIG LLC,4814,MOBILE_RECHARGE,INDIVIDUAL,HYDERABAD,TELANGANA,,XXXX4294,ACTIVE,1097.0,True,False,False,False,True,False
MCH2067,"Barad, Rai and Kapur",5411,GROCERY_STORES,PRIVATE_LIMITED,JAIPUR,RAJASTHAN,2023-03-04 00:00:00,5177364796,ACTIVE,999.18,True,True,False,False,False,False
MCH6148,GANESAN-JOHAL,4814,PHONE_SERVICE,PARTNERSHIP,MUMBAI,MAHARASHTRA,2023-10-08 00:00:00,XXXX8688,ACTIVE,778.99,True,False,False,False,False,False
MCH2028,"Sanghvi, Sibal and Vala",,TRANSPORTATION,INDIVIDUAL,BOMBAY,MAHARASHTRA,,,ACTIVE,868.81,False,False,False,False,True,False
MCH4200,Karnik Ltd,,TRANSPRT,SOLE_PROPRIETOR,POONA,MAHARASHTRA,2024-04-27 00:00:00,MNTN2594343179544,ACTIVE,951.15,False,True,False,False,False,False
MCH2632,Agate-Gandhi,5311,DEPT_STORE,PARTNERSHIP,MADRAS,TAMIL_NADU,2026-01-14 00:00:00,ZCSO2053232739383,ACTIVE,,True,True,True,False,False,False
MCH4322,Khanna-Sarma,05311,DEPT_STORE,SOLE_PROPRIETOR,JALANDAR,PUNJAB,2025-05-02 00:00:00,,ACTIVE,575.07,False,False,False,False,False,False
MCH4805,"KRISHNAN, BHATNAGAR AND PRASAD",,STATIONERY,PARTNERSHIP,AMRITSAR,PUNJAB,2025-07-12 00:00:00,,ACTIVE,284.87,False,False,False,False,False,False
MCH4867,"Bedi, Ganesan and Radhakrishnan",7011,HOTELS,PRIVATE_LIMITED,PUNE,MAHARASHTRA,2023-05-04 00:00:00,,ACTIVE,2651.67,True,False,False,False,False,False
MCH7353,Bhat-Munshi,5912,MEDICAL,PARTNERSHIP,MADRAS,TAMIL_NADU,,,ACTIVE,,True,False,False,False,True,False
MCH6556,"Andra, Chaudhary and Kunda",04814,TELECOM,PARTNERSHIP,BENGALURU,KARNATAKA,2023-12-31 00:00:00,IBEQ5874818667293,SUSPENDED,327.82,False,True,False,False,False,False
MCH7095,SONI-DUBEY,5812,RESTAURANTS,INDIVIDUAL,MUMBAI,MAHARASHTRA,,,ACTIVE,589.1,True,False,False,False,True,False
MCH9905,Pate1-S00d,7011,HOTEL_LODGING,SOLE_PROPRIETOR,JAIPUR,RAJASTHAN,2025-11-21 00:00:00,ZWIP5852637363100,ACTIVE,,True,True,False,False,False,False
MCH2037,Kadakia LLC,MISC,GROCERY_STORES,PARTNERSHIP,NEW_DELHI,DELHI,2024-10-13 00:00:00,ZTLJ8328872113925,ACTIVE,426.54,False,True,False,False,False,False
MCH5355,"Sundaram, Gara and Bajwa",5812,RESTAURANT,SOLE_PROPRIETOR,KOLKATA,WEST_BENGAL,2023-08-03 00:00:00,,ACTIVE,3350.71,True,False,False,False,False,False
MCH1250,Kata Group,5812,EATING_PLACE,PRIVATE_LIMITED,CHENNAI,TAMIL_NADU,2023-12-22 01:25:00,,ACTIVE,1162.22,True,False,False,False,False,False
MCH1185,"Buch, Barad and Toor",5999,OTHER,PARTNERSHIP,JALANDHAR,PUNJAB,2024-06-16 00:00:00,6769671490,ACTIVE,2955.34,True,True,False,False,False,False
MCH7817,Lata PLC,05812,FOOD_SERVICES,PRIVATE_LIMITED,MADRAS,TAMIL_NADU,2025-07-27 00:00:00,,INACTIVE,3090.66,False,False,False,False,False,False
MCH2423,Ratti-Gupta,4131,TRAVEL,PRIVATE_LIMITED,HYDERABAD,TELANGANA,,8487553058,ACTIVE,1549.78,True,True,False,False,True,False
MCH2806,Jhaveri-Babu,7011,HOSPITALITY,SOLE_PROPRIETOR,LUCKNOW,UTTAR_PRADESH,2023-09-15 11:54:30,XXXX2533,INACTIVE,1939.0,True,False,False,False,False,False
MCH7344,Banerjee Inc,4131,TRANSPORT,SOLE_PROPRIETOR,LDH,PUNJAB,,XXXX7344,SUSPENDED,1385.4,True,False,False,False,True,False
MCH1884,Nagi LLC,4131,TRANSPRT,PRIVATE_LIMITED,BENGALURU,KARNATAKA,2025-01-08 00:00:00,ROSD8740992299086,ACTIVE,628.95,True,True,False,False,False,False
MCH3754,Dugal-Chawla,5812,FOOD_SERVICES,PARTNERSHIP,CALCUTTA,WEST_BENGAL,2025-01-18 00:00:00,MIWY6996336112119,ACTIVE,,True,True,True,False,False,False
MCH3029,hegde-sood,5699,CLOTHING,PARTNERSHIP,LDH,PUNJAB,2023-11-30 03:01:00,TXOB9117990620646,ACTIVE,669.4,True,True,False,False,False,False
MCH9249,"Aggarwal, Agarwal and Naidu",5699,GARMENTS,PARTNERSHIP,MADRAS,TAMIL_NADU,2025-12-23 00:00:00,XXXX8648,ACTIVE,,True,False,True,False,False,False
MCH1767,Bhatnagar-Ka1a,,TELECOM,INDIVIDUAL,JALANDAR,PUNJAB,,2537411732,ACTIVE,314.16,False,True,False,False,False,False
MCH4336,"Dube, Baria and Nath",5411,KIRANA,PRIVATE_LIMITED,JALANDHAR,PUNJAB,2026-01-06 20:58:43,,ACTIVE,,True,False,True,False,False,False
MCH1482,"Bahri,SarinandHora",5999,MISCELLANEOUS,PARTNERSHIP,HYDERABAD,TELANGANA,2024-01-26 00:00:00,2731738944,SUSPENDED,1651.0,True,True,False,False,False,False
MCH2284,Wadhwa-Karpe,,TRAVEL,SOLE_PROPRIETOR,LUCKNOW,UTTAR_PRADESH,,,INACTIVE,2337.52,False,False,False,False,False,False
MCH2885,"Varkey, Goda and Bala",5812,EATING_PLACE,PRIVATE_LIMITED,MUMBAI,MAHARASHTRA,2023-01-23 00:00:00,0317882844,INACTIVE,4853.92,True,True,False,False,False,False
MCH8328,Raman-Dass,,GROCERY_STORE,PARTNERSHIP,JALANDHAR,PUNJAB,2024-09-29 00:00:00,,ACTIVE,2484.83,False,False,False,False,False,False
MCH6345,Mani Group,5999,OTHER,PARTNERSHIP,LUDHIANA,PUNJAB,,,ACTIVE,1339.21,True,False,False,False,False,False
MCH2522,SINGHAL-CHANA,5999,MISCELLANEOUS,PARTNERSHIP,LUDHIANA,PUNJAB,,,INACTIVE,,True,False,False,False,True,False
MCH1838,Sarraf-Bhakta,,MISCELLANEOUS,PARTNERSHIP,BENGALURU,KARNATAKA,2023-04-20 03:12:53,XXXX3450,ACTIVE,584.0,False,False,False,False,False,False
MCH6700,RAVI LTD,4814,TELECOM,PARTNERSHIP,PUNE,MAHARASHTRA,,,ACTIVE,219.11,True,False,False,False,False,False
MCH3231,Gokhale Group,5411,GROCERY,INDIVIDUAL,JALANDHAR,PUNJAB,,,ACTIVE,205.0,True,False,False,False,False,False
MCH7411,"Bhasin, Soman and Savant",4814,MOBILE_RECHARGE,SOLE_PROPRIETOR,CHENNAI,TAMIL_NADU,,,INACTIVE,2298.88,True,False,False,False,False,False
MCH6035,Brar-Kohli,,RESTAURANT,PARTNERSHIP,LUDHIANA,PUNJAB,2023-10-06 04:49:23,,ACTIVE,4518.69,False,False,False,False,False,False
MCH7600,"Minhas, Rattan and Oak",5311,RETAIL,SOLE_PROPRIETOR,LUDHIANA,PUNJAB,2023-10-13 19:20:00,XXXX9742,ACTIVE,10025.0,True,False,False,False,False,False
MCH8638,ramanathan-apte,05942,BOOK_STORE,PARTNERSHIP,CHENNAI,TAMIL_NADU,2025-04-16 00:00:00,XXXX4259,ACTIVE,985.8,False,False,False,False,False,False
MCH9537,Mahal Group,5999,MISCELLANEOUS,PRIVATE_LIMITED,JALANDHAR,PUNJAB,2023-05-13 00:00:00,,ACTIVE,777.57,True,False,False,False,False,False
MCH5121,ramakrishnan inc,4131,TRANSPRT,SOLE_PROPRIETOR,LUDHIANA,PUNJAB,2023-11-27 00:00:00,,ACTIVE,3794.33,True,False,False,False,False,False
MCH8619,Salvi-Nazareth,5411,GROCERY,SOLE_PROPRIETOR,NEW_DELHI,DELHI,2024-07-25 00:00:00,,ACTIVE,860.21,True,False,False,False,False,False
MCH9484,"bail, sen and bava",,MEDICAL_STORE,SOLE_PROPRIETOR,JALANDAR,PUNJAB,2024-11-30 00:00:00,,ACTIVE,1401.0,False,False,False,False,False,False
MCH1567,SURESH LTD,,CLOTHS,INDIVIDUAL,CHENNAI,TAMIL_NADU,2024-08-12 00:00:00,XXXX6891,ACTIVE,3203.25,False,False,False,False,False,False
MCH6986,"Joshi, Chacko and Sawhney",05411,KIRANA,INDIVIDUAL,MUMBAI,MAHARASHTRA,2025-11-05 00:00:00,3156013270,ACTIVE,606.88,False,True,False,False,False,False
MCH1086,Agrawal-Sule,MISC,APPAREL,INDIVIDUAL,LUDHIANA,PUNJAB,2023-11-13 00:00:00,,ACTIVE,1355.59,False,False,False,False,False,False
MCH8634,Palla-Brar,5912,MEDICAL,PARTNERSHIP,JALANDAR,PUNJAB,2023-06-13 00:00:00,FVKP3398609583042,ACTIVE,843.2,True,True,False,False,False,False
MCH5274,Thakur and Sons,4814,TELECOM,SOLE_PROPRIETOR,CHENNAI,TAMIL_NADU,2025-04-21 09:59:18,,ACTIVE,983.36,True,False,False,False,False,False
MCH7412,Chand-Bada1,5812,FOOD_SERVICES,PRIVATE_LIMITED,MUMBAI,MAHARASHTRA,2025-08-15 00:00:00,,SUSPENDED,539.2,True,False,False,False,False,False
MCH3234,Lad Inc,,MOBILE_RECHARGE,INDIVIDUAL,CALCUTTA,WEST_BENGAL,2024-02-21 00:00:00,LTGH4419649542857,ACTIVE,,False,True,True,False,False,False
MCH1656,Dhar PLC,5311,DEPARTMENT_STORE,PARTNERSHIP,AMRITSAR,PUNJAB,2025-05-29 22:52:00,OTBM8790953463908,ACTIVE,2992.0,True,True,False,False,False,False
MCH8074,Prakash-Bera,4814,TELECOM,INDIVIDUAL,JALANDHAR,PUNJAB,,2437188894,ACTIVE,439.79,True,True,False,False,True,False
MCH3677,Choudhury-Radhakrishnan,7011,HOTEL_LODGING,PARTNERSHIP,JALANDHAR,PUNJAB,2025-01-29 00:00:00,,ACTIVE,226.71,True,False,False,False,False,False
MCH2646,Parsa-Gole,5999,MISC_RETAIL,PRIVATE_LIMITED,HYDERABAD,TELANGANA,2025-12-18 03:23:00,JJBK8920317843679,ACTIVE,450.19,True,True,False,False,False,False
MCH6268,"Pillay, Borah and Roy",5812,RESTAURANT,SOLE_PROPRIETOR,ASR,PUNJAB,,2204602404,ACTIVE,1108.0,True,True,False,False,True,False
MCH7156,Lata-Som,5812,FOOD_SERVICES,PRIVATE_LIMITED,BENGALURU,KARNATAKA,2023-02-24 00:00:00,,SUSPENDED,739.29,True,False,False,False,False,False
MCH9831,deep-kanda,4814,PHONE_SERVICE,SOLE_PROPRIETOR,PUNE,MAHARASHTRA,2025-07-29 00:00:00,XXXX7811,ACTIVE,796.02,True,False,False,False,False,False
MCH9367,Luthra and Sons,MISC,BOOKS_STATIONERY,PRIVATE_LIMITED,AMRITSAR,PUNJAB,2023-05-31 17:55:00,,ACTIVE,1752.0,False,False,False,False,False,False
MCH7523,venkataraman-hans,04131,TRANSPORT,SOLE_PROPRIETOR,POONA,MAHARASHTRA,2025-04-28 00:00:00,6156184588,ACTIVE,6157.65,False,True,False,False,False,False
MCH1872,chaudry group,5999,OTHER,PRIVATE_LIMITED,BLR,KARNATAKA,2024-02-02 00:00:00,2703911432,ACTIVE,1044.41,True,True,False,False,False,False
MCH6002,Bal Group,5912,MEDICAL_STORE,PARTNERSHIP,DILLI,DELHI,2025-05-14 00:00:00,,ACTIVE,718.0,True,False,False,False,False,False
MCH9187,MANE AND SONS,5812,RESTAURANTS,INDIVIDUAL,HYDERABAD,TELANGANA,2025-12-18 00:00:00,,ACTIVE,508.01,True,False,False,False,False,False
MCH3084,Mani-Chowdhury,5699,CLOTHS,PARTNERSHIP,HYD,TELANGANA,2023-09-27 01:37:00,,ACTIVE,1594.62,True,False,False,False,False,False
MCH3997,Chatterjee Group,5999,RETAIL_OTHER,INDIVIDUAL,LUDHIANA,PUNJAB,2023-04-30 00:00:00,HIRQ3582999375796,SUSPENDED,,True,True,False,False,False,False
MCH6562,Kant Inc,7011,HOTEL_LODGING,SOLE_PROPRIETOR,CHENNAI,TAMIL_NADU,2024-10-14 00:00:00,XXXX2723,ACTIVE,2590.35,True,False,False,False,False,False
MCH9877,Borra and Sons,4814,TELECOM,INDIVIDUAL,BENGALURU,KARNATAKA,2023-04-12 21:37:32,YYFP6378402221168,ACTIVE,416.84,True,True,False,False,False,False
MCH6623,Kakar and Sons,5912,PHARMACY,INDIVIDUAL,POONA,MAHARASHTRA,,8474818927,ACTIVE,1424.35,True,True,False,False,False,False
MCH1188,M0rar Ltd,5912,PHARMACIES,INDIVIDUAL,HYDERABAD,TELANGANA,2024-02-19 00:00:00,3674511273,ACTIVE,1156.7,True,True,False,False,False,False
MCH7877,Parekh-Borra,05942,BOOK_STORE,PRIVATE_LIMITED,BOMBAY,MAHARASHTRA,2024-02-29 00:00:00,XXXX5911,ACTIVE,,False,False,False,False,False,False
MCH7769,"Atwal, Loke and Prasad",04814,TELECOM,PARTNERSHIP,MUMBAI,MAHARASHTRA,2024-07-21 00:00:00,,ACTIVE,232.38,False,False,False,False,False,False
MCH8850,"Sachdev, Nayar and Arora",5411,GROCERY,PARTNERSHIP,LUDHIANA,PUNJAB,2025-04-07 03:43:08,,SUSPENDED,,True,False,False,False,False,False
MCH1625,saran ltd,4814,MOBILE_RECHARGE,PARTNERSHIP,CALCUTTA,WEST_BENGAL,2024-10-17 02:52:00,6216492189,ACTIVE,1093.54,True,True,False,False,False,False
MCH9052,ramaswamy-chhabra,,BOOKS_STATIONERY,PARTNERSHIP,MUMBAI,MAHARASHTRA,,,ACTIVE,,False,False,True,False,True,False
MCH8431,"Bail, Sura and Misra",5411,GROCERIES,PARTNERSHIP,LUCKNOW,UTTAR_PRADESH,2023-02-24 00:00:00,BOES1880983766713,ACTIVE,6861.27,True,True,False,False,False,False
MCH2492,"Bhatti, Kala and Sahni",4131,TRAVEL,INDIVIDUAL,HYDERABAD,TELANGANA,,,ACTIVE,2662.9,True,False,False,False,True,False
MCH6602,Thakkar Ltd,4131,TRAVEL,PARTNERSHIP,MUMBAY,MAHARASHTRA,2023-01-03 08:43:35,XXXX6968,ACTIVE,483.25,True,False,False,False,False,False
MCH9944,"Parikh, Mutti and Saha",4131,TRANSPORTATION,PARTNERSHIP,JALANDHAR,PUNJAB,2025-08-03 12:22:46,YTTI1528625741410,ACTIVE,1826.64,True,True,False,False,False,False
MCH8536,"BASAK, SAMI AND CHAR",5311,RETAIL,PRIVATE_LIMITED,MUMBAI,MAHARASHTRA,,,ACTIVE,335.5,True,False,False,False,False,False
MCH3139,"Dhar, Kumar and Sawhney",5699,GARMENTS,PARTNERSHIP,PUNE,MAHARASHTRA,2025-01-24 00:00:00,XXXX0682,INACTIVE,2338.9,True,False,False,False,False,False
MCH2368,Chadha-Barman,05912,PHARMACY,INDIVIDUAL,JALANDHAR,PUNJAB,2025-11-27 00:00:00,7857705450,SUSPENDED,3326.29,False,True,False,False,False,False
MCH3229,Keer-Kale,5912,PHARMACY,SOLE_PROPRIETOR,MUMBAY,MAHARASHTRA,2024-02-28 21:40:00,UDDZ7214972649948,ACTIVE,276.23,True,True,False,False,False,False
MCH8615,Kurian Inc,UNKNOWN,PHONE_SERVICE,PRIVATE_LIMITED,HYD,TELANGANA,2024-03-25 00:00:00,,ACTIVE,3051.58,False,False,False,False,False,False
MCH1154,Saran and Sons,5912,PHARMACIES,PRIVATE_LIMITED,PUNE,MAHARASHTRA,2023-12-26 00:00:00,TCTB2753134775657,ACTIVE,871.24,True,True,False,False,False,False
MCH2487,Venkatesh Ltd,MISC,HOTEL,PARTNERSHIP,LUDHIANA,PUNJAB,,MCTW2396874836471,ACTIVE,2913.12,False,True,False,False,False,False
MCH2980,Mander and Sons,5411,GROCERIES,SOLE_PROPRIETOR,CALCUTTA,WEST_BENGAL,2023-04-03 00:00:00,,ACTIVE,1129.72,True,False,False,False,False,False
MCH9718,Bumb PLC,5699,CLOTHS,PRIVATE_LIMITED,JALANDHAR,PUNJAB,,XXXX7725,ACTIVE,,True,False,False,False,False,False
MCH5673,Palan-Memon,4131,BUS_TAXI,SOLE_PROPRIETOR,DELHI,DELHI,2023-09-16 00:00:00,5428187851,ACTIVE,414.92,True,True,False,False,False,False
MCH2995,Kurian-Kumar,5699,CLOTHS,INDIVIDUAL,AMRITSAR,PUNJAB,2023-10-16 02:32:49,,ACTIVE,,True,False,False,False,False,False
MCH6615,PILLAY GROUP,5942,BOOK_STORE,INDIVIDUAL,HYD,TELANGANA,2025-09-12 23:50:08,3204013146,SUSPENDED,,True,True,True,False,False,False
MCH5391,Nagi-Pandya,5411,KIRANA,PARTNERSHIP,KOLKATA,WEST_BENGAL,2025-12-24 00:00:00,,SUSPENDED,1471.0,True,False,False,False,False,False
MCH8170,"Dyal, Chadha and Shenoy",4814,PHONE_SERVICE,PARTNERSHIP,HYD,TELANGANA,2024-12-15 00:00:00,4344277649,ACTIVE,589.07,True,True,False,False,False,False
MCH4622,Toor-Rajan,7011,HOTEL_LODGING,PRIVATE_LIMITED,LDH,PUNJAB,2024-06-20 14:20:00,,ACTIVE,2524.16,True,False,False,False,False,False
MCH2040,"Balan, Sahota and Nagi",5699,CLOTHING,SOLE_PROPRIETOR,KOLKATA,WEST_BENGAL,,,ACTIVE,409.0,True,False,False,False,False,False
MCH7803,Naik LLC,5999,RETAIL_OTHER,PARTNERSHIP,DELHI,DELHI,,,ACTIVE,,True,False,True,False,False,False
MCH6559,Patla Ltd,7011,HOTEL_LODGING,SOLE_PROPRIETOR,BENGALURU,KARNATAKA,2025-12-18 00:00:00,,ACTIVE,922.45,True,False,False,False,False,False
MCH8262,Sanghvi Ltd,5411,GROCERY_STORE,SOLE_PROPRIETOR,BENGALURU,KARNATAKA,2024-06-10 00:00:00,,ACTIVE,4676.0,True,False,False,False,False,False
MCH8149,"Chandran, Mander and Parmar",5812,FOOD_SERVICES,PARTNERSHIP,KOLKATA,WEST_BENGAL,,,ACTIVE,1378.0,True,False,False,False,False,False
MCH4484,"Mukherjee, Tella and Malhotra",5812,RESTAURANT,PARTNERSHIP,BANGALORE,KARNATAKA,,8422535984,ACTIVE,2091.93,True,True,False,False,True,False
MCH9164,MITAL AND SONS,,CLOTHS,PRIVATE_LIMITED,DILLI,DELHI,,,ACTIVE,4681.79,False,False,False,False,True,False
MCH7906,"Ganesan, Gopal and Ratta",5912,CHEMIST,INDIVIDUAL,JPR,RAJASTHAN,2023-08-04 00:00:00,6930056996,ACTIVE,733.85,True,True,False,False,False,False
MCH4055,Sinha-Sundaram,7011,HOTEL,INDIVIDUAL,CHENNAI,TAMIL_NADU,,BRZM1208408639064,SUSPENDED,978.27,True,True,False,False,False,False
MCH1016,"Mangat, Som and Deshmukh",5942,BOOKS_STATIONERY,INDIVIDUAL,PUNE,MAHARASHTRA,,OOIR2591293670615,SUSPENDED,756.28,True,True,False,False,True,False
MCH4081,Srinivasan-Bahri,4814,MOBILE_RECHARGE,SOLE_PROPRIETOR,DELHI,DELHI,2025-06-07 00:00:00,,ACTIVE,2928.84,True,False,False,False,False,False
MCH7302,Murthy and Sons,5411,GROCERY,PARTNERSHIP,BANGALORE,KARNATAKA,2025-01-23 00:00:00,,ACTIVE,3381.11,True,False,False,False,False,False
MCH1906,"TANEJA, MAHAJAN AND SARNA",05311,RETAIL,INDIVIDUAL,BANGALORE,KARNATAKA,2026-01-16 00:00:00,ZMCC2986180199571,INACTIVE,2772.0,False,True,False,False,False,False
MCH4976,Walla and Sons,5942,BOOKS_STATIONERY,SOLE_PROPRIETOR,BENGALURU,KARNATAKA,2025-10-21 00:00:00,XKET6356016924037,ACTIVE,929.0,True,True,False,False,False,False
MCH2749,Borde PLC,07011,HOTEL_LODGING,PARTNERSHIP,JALANDAR,PUNJAB,2025-11-15 14:42:20,AKGD7711918524900,ACTIVE,299.85,False,True,False,False,False,False
MCH2813,"Sha, Bhatia and Vig",UNKNOWN,DEPT_STORE,INDIVIDUAL,CHENNAI,TAMIL_NADU,2024-10-24 13:37:28,5399147177,SUSPENDED,3821.16,False,True,False,False,False,False
MCH7294,"Singh, Ramanathan and Setty",5942,BOOKS_STATIONERY,PRIVATE_LIMITED,JALANDAR,PUNJAB,,,SUSPENDED,1690.0,True,False,False,False,True,False
MCH4299,Master PLC,5699,CLOTHS,PRIVATE_LIMITED,DELHI,DELHI,2023-05-31 00:00:00,XXXX0419,ACTIVE,3539.65,True,False,False,False,False,False
MCH8052,Mangat-Ganesh,4131,TRANSPORT,SOLE_PROPRIETOR,CALCUTTA,WEST_BENGAL,2024-01-05 09:32:24,,ACTIVE,527.34,True,False,False,False,False,False
MCH7875,Narasimhan PLC,5411,KIRANA,PRIVATE_LIMITED,AMRITSAR,PUNJAB,,,ACTIVE,585.43,True,False,False,False,True,False
MCH9253,Gole LLC,5699,CLOTHS,SOLE_PROPRIETOR,AMRITSAR,PUNJAB,2024-05-09 20:29:36,XXXX9261,ACTIVE,1349.23,True,False,False,False,False,False
MCH3410,Mutti PLC,7011,HOTEL,SOLE_PROPRIETOR,CHENNAI,TAMIL_NADU,2023-05-23 00:00:00,5994810528,ACTIVE,4042.64,True,True,False,False,False,False
MCH2755,Chaudhuri and S0ns,5942,BOOKS,INDIVIDUAL,MUMBAY,MAHARASHTRA,2025-11-29 00:00:00,,ACTIVE,440.0,True,False,False,False,False,False
MCH3435,"MITTER, CHAKRABARTI AND SWAMINATHAN",5812,FOOD,INDIVIDUAL,LUDHIANA,PUNJAB,2023-04-23 00:00:00,XXXX3745,ACTIVE,1050.63,True,False,False,False,False,False
MCH7403,Prabhakar Group,5942,BOOKS_STATIONERY,SOLE_PROPRIETOR,CHENNAI,TAMIL_NADU,2025-12-29 05:54:46,XXXX4472,INACTIVE,657.74,True,False,False,False,False,False
MCH1926,"Bail, Bala and Bahl",5942,BOOKS,PARTNERSHIP,POONA,MAHARASHTRA,,,ACTIVE,,True,False,True,False,True,False
MCH2996,Rege-Khanna,5411,GROCERY,INDIVIDUAL,LUCKNOW,UTTAR_PRADESH,2023-10-15 00:00:00,,INACTIVE,,True,False,True,False,False,False
MCH5749,Master LLC,,RESTAURANT,PRIVATE_LIMITED,KOLKATA,WEST_BENGAL,2024-04-30 00:00:00,PVNW9033788560313,ACTIVE,6699.41,False,True,False,False,False,False
MCH9088,Bajaj-Karnik,5912,CHEMIST,INDIVIDUAL,MUMBAY,MAHARASHTRA,2025-03-11 00:00:00,,SUSPENDED,1838.62,True,False,False,False,False,False
MCH1947,BHATTI PLC,,TRANSPRT,SOLE_PROPRIETOR,HYDERABAD,TELANGANA,2025-10-17 03:35:00,,ACTIVE,860.05,False,False,False,False,False,False
MCH6221,Shukla and Sons,4131,TRANSPORTATION,SOLE_PROPRIETOR,CHENNAI,TAMIL_NADU,2025-01-25 13:39:54,,ACTIVE,1793.34,True,False,False,False,False,False
MCH2827,Bala-Bhatti,5999,MISCELLANEOUS,INDIVIDUAL,BANGALORE,KARNATAKA,,5191749246,INACTIVE,381.0,True,True,False,False,True,False
MCH4176,Sani-Bhalla,UNKNOWN,HOTEL_LODGING,INDIVIDUAL,DELHI,DELHI,2024-07-22 00:00:00,XXXX6805,ACTIVE,1216.13,False,False,False,False,False,False
MCH5210,Rege-Sridhar,5942,BOOK_STORE,PRIVATE_LIMITED,JALANDHAR,PUNJAB,2024-05-10 00:00:00,VHMQ6214837340223,ACTIVE,1199.73,True,True,False,False,False,False
MCH7493,Nanda LLC,5411,GROCERIES,PARTNERSHIP,NEW_DELHI,DELHI,2024-12-01 00:24:51,,ACTIVE,537.94,True,False,False,False,False,False
MCH4621,Ravel-Chaudhuri,5942,STATIONERY,PRIVATE_LIMITED,DELHI,DELHI,2024-08-04 00:00:00,RGWL4221508668071,ACTIVE,,True,True,True,False,False,False
MCH6079,Gulati Inc,4131,TRANSPORT,SOLE_PROPRIETOR,PUNE,MAHARASHTRA,2023-01-29 08:05:00,XXXX5091,ACTIVE,2029.26,True,False,False,False,False,False
MCH6122,RAI LTD,4131,TRANSPORT,PRIVATE_LIMITED,JALANDAR,PUNJAB,,JNKS9651802205909,INACTIVE,2198.19,True,True,False,False,True,False
MCH9537,"Kohli, Bedi and Khatri",5812,FOOD,PARTNERSHIP,LUCKNOW,UTTAR_PRADESH,2023-02-03 00:00:00,ETHU3692414694902,ACTIVE,,True,True,True,False,False,False
MCH9503,Kulkarni LLC,4131,TRANSPRT,INDIVIDUAL,HYD,TELANGANA,2026-01-22 21:02:00,FRMH0087238544779,INACTIVE,1312.52,True,True,False,False,False,False
MCH5849,Balakrishnan Ltd,5699,FASHION,PRIVATE_LIMITED,LUCKNOW,UTTAR_PRADESH,,,ACTIVE,6558.56,True,False,False,False,True,False
MCH4034,Tiwari-Lad,5999,OTHER,INDIVIDUAL,LDH,PUNJAB,2023-12-13 00:00:00,XXXX6100,SUSPENDED,2041.77,True,False,False,False,False,False
MCH2860,Ahluwalia Ltd,7011,HOTEL_LODGING,PRIVATE_LIMITED,BENGALURU,KARNATAKA,2026-01-27 00:00:00,EAAS5526551207941,ACTIVE,250.0,True,True,False,False,False,False
MCH1969,Narain-Menon,5311,RETAIL,INDIVIDUAL,DILLI,DELHI,2025-11-16 00:00:00,FJVW1497261653850,ACTIVE,453.33,True,True,False,False,False,False
MCH3993,VAIDYA LTD,5999,OTHER,PARTNERSHIP,CHENNAI,TAMIL_NADU,2023-12-23 03:28:00,YBKO6037061844125,ACTIVE,372.73,True,True,False,False,False,False
MCH5895,Dey LLC,4131,TRAVEL,INDIVIDUAL,CHENNAI,TAMIL_NADU,,,ACTIVE,693.85,True,False,False,False,True,False
MCH8238,"Lala, Seth and Tak",5699,CLOTHING,PARTNERSHIP,JPR,RAJASTHAN,2024-07-22 00:00:00,XXXX3627,ACTIVE,952.06,True,False,False,False,False,False
MCH4588,"Gole, Raval and Hans",UNKNOWN,FOOD,SOLE_PROPRIETOR,BENGALURU,KARNATAKA,2025-03-14 00:00:00,2064667231,ACTIVE,1061.34,False,True,False,False,False,False
MCH9785,Bains-Bhavsar,05999,RETAIL_OTHER,PARTNERSHIP,BOMBAY,MAHARASHTRA,2023-08-07 00:00:00,,ACTIVE,54.42,False,False,False,False,False,False
MCH2179,Prakash Inc,5411,GROCERIES,PARTNERSHIP,JALANDAR,PUNJAB,2025-05-14 00:00:00,XBTI4209602657255,ACTIVE,5901.01,True,True,False,False,False,False
MCH8289,"Ch0udhury, Chakrabarti and Kha1sa",4131,TRANSPORT,SOLE_PROPRIETOR,LUCKNOW,UTTAR_PRADESH,,1750486763,ACTIVE,954.52,True,True,False,False,True,False
MCH8466,dani plc,5999,RETAIL_OTHER,SOLE_PROPRIETOR,LKO,UTTAR_PRADESH,2024-11-20 00:00:00,0971517189,ACTIVE,1946.42,True,True,False,False,False,False
MCH1750,Sastry-Chaudhari,,APPAREL,INDIVIDUAL,DILLI,DELHI,2024-11-17 00:00:00,XXXX2201,ACTIVE,1155.0,False,False,False,False,False,False
MCH6991,dani ltd,UNKNOWN,BUS_TAXI,PARTNERSHIP,BENGALURU,KARNATAKA,2025-07-16 00:00:00,5759081808,ACTIVE,,False,True,True,False,False,False
MCH3265,"PRAKASH, WABLE AND GANESH",MISC,TELECOM,INDIVIDUAL,JAIPUR,RAJASTHAN,2025-11-13 00:00:00,,INACTIVE,1446.0,False,False,False,False,False,False
MCH9355,Vig PLC,5912,PHARMACY,PARTNERSHIP,JALANDHAR,PUNJAB,,KRTG3596169904435,ACTIVE,1697.72,True,True,False,False,True,False
MCH4455,Iyer LLC,5411,KIRANA,INDIVIDUAL,BANGALORE,KARNATAKA,,JMHS4435674556652,ACTIVE,586.02,True,True,False,False,False,False
MCH2641,Varma-Saha,5999,OTHER,INDIVIDUAL,BLR,KARNATAKA,2024-10-09 00:00:00,,INACTIVE,5621.28,True,False,False,False,False,False
MCH4352,suri ltd,5912,MEDICAL_STORE,INDIVIDUAL,LUCKNOW,UTTAR_PRADESH,2023-08-21 00:00:00,,ACTIVE,,True,False,True,False,False,False
MCH5260,"Memon, Ben and Sant",5912,MEDICAL,SOLE_PROPRIETOR,JALANDHAR,PUNJAB,2024-07-25 00:00:00,XXXX7324,ACTIVE,1467.0,True,False,False,False,False,False
MCH4061,Mody-Vig,5999,MISCELLANEOUS,INDIVIDUAL,AMRITSAR,PUNJAB,2024-07-28 06:12:20,,ACTIVE,2007.74,True,False,False,False,False,False
MCH3095,HANS-SHAN,5999,MISC_RETAIL,PARTNERSHIP,CALCUTTA,WEST_BENGAL,2024-05-28 00:00:00,9222512011,ACTIVE,1208.82,True,True,False,False,False,False
MCH7944,Bassi-Dyal,4131,BUS_TAXI,SOLE_PROPRIETOR,KOLKATA,WEST_BENGAL,2025-11-04 00:00:00,YDDT9877099170196,ACTIVE,1227.24,True,True,False,False,False,False
MCH9149,varghese plc,5411,KIRANA,INDIVIDUAL,JAIPUR,RAJASTHAN,2025-12-26 00:00:00,,ACTIVE,3708.64,True,False,False,False,False,False
MCH2265,"Bail, Gopal and Khare",UNKNOWN,PHARMACIES,PARTNERSHIP,LKO,UTTAR_PRADESH,,VZCP3787385327453,INACTIVE,,False,True,True,False,True,False
MCH8253,Dutt-Narain,5411,GROCERY_STORES,SOLE_PROPRIETOR,HYDERABAD,TELANGANA,2024-04-15 01:54:00,XXXX4097,ACTIVE,1104.19,True,False,False,False,False,False
MCH1809,Grewal Inc,5311,DEPARTMENT_STORES,PRIVATE_LIMITED,BLR,KARNATAKA,2025-10-31 03:18:09,1597132394,ACTIVE,2181.93,True,True,False,False,False,False
MCH7473,"Nair, Ramachandran and Mane",5311,RETAIL,SOLE_PROPRIETOR,HYDERABAD,TELANGANA,2023-09-07 00:00:00,3598989275,INACTIVE,,True,True,True,False,False,False
MCH8101,"Jani, Varghese and Barman",,CLOTHS,SOLE_PROPRIETOR,DELHI,DELHI,,ZAGS9531645948920,INACTIVE,734.89,False,True,False,False,False,False
MCH6254,MURTHY GROUP,4814,TELECOM,PARTNERSHIP,AMRITSAR,PUNJAB,,7655418410,INACTIVE,,True,True,False,False,True,False
MCH7992,Goel Group,4814,TELECOM,INDIVIDUAL,BENGALURU,KARNATAKA,2023-10-18 00:00:00,UIMY5187810690637,ACTIVE,609.52,True,True,False,False,False,False
MCH5054,"Kara, Mandal and Mitra",5812,EATING_PLACE,SOLE_PROPRIETOR,KOLKATA,WEST_BENGAL,2024-01-29 00:00:00,,SUSPENDED,5895.31,True,False,False,False,False,False
MCH1040,chand plc,5912,MEDICAL,INDIVIDUAL,PUNE,MAHARASHTRA,2024-09-08 00:00:00,,ACTIVE,653.92,True,False,False,False,False,False
MCH1104,Chander LLC,4814,TELECOM,PRIVATE_LIMITED,DELHI,DELHI,,,ACTIVE,778.62,True,False,False,False,True,False
MCH2387,Dar-Dass,5912,CHEMIST,PARTNERSHIP,LUCKNOW,UTTAR_PRADESH,,,ACTIVE,1022.15,True,False,False,False,False,False
MCH2335,GaneshLtd,5999,MISCELLANEOUS,PRIVATE_LIMITED,POONA,MAHARASHTRA,2025-03-03 00:00:00,,ACTIVE,,True,False,False,False,False,False
MCH6277,"PARMER, BERA AND NORI",,TRANSPRT,PARTNERSHIP,MUMBAI,MAHARASHTRA,2024-04-02 00:00:00,,ACTIVE,514.01,False,False,False,False,False,False
MCH5122,Garde Ltd,05699,GARMENTS,PARTNERSHIP,MUMBAI,MAHARASHTRA,,GIIN6826016830316,ACTIVE,957.5,False,True,False,False,True,False
MCH7580,DHALIWAL-SHANKAR,4814,MOBILE_RECHARGE,SOLE_PROPRIETOR,MUMBAI,MAHARASHTRA,2023-07-04 00:00:00,XXXX8286,ACTIVE,1155.73,True,False,False,False,False,False
MCH1729,GANESH PLC,5812,FOOD_SERVICES,PRIVATE_LIMITED,HYDERABAD,TELANGANA,2025-05-23 00:00:00,XXXX6365,ACTIVE,,True,False,False,False,False,False
MCH2571,Deep-Chakraborty,5812,RESTAURANTS,PARTNERSHIP,DELHI,DELHI,2024-07-31 00:00:00,,SUSPENDED,3828.75,True,False,False,False,False,False
MCH9296,Ramanathan Ltd,05912,PHARMACIES,INDIVIDUAL,JAIPUR,RAJASTHAN,2025-01-29 16:04:16,,ACTIVE,1253.48,False,False,False,False,False,False
MCH8571,"Garde, Toor and Malhotra",04814,PHONE_SERVICE,PARTNERSHIP,AMRITSAR,PUNJAB,2023-05-31 00:00:00,,ACTIVE,266.55,False,False,False,False,False,False
MCH6242,Som Inc,5311,DEPARTMENT_STORE,SOLE_PROPRIETOR,JAIPUR,RAJASTHAN,2023-06-27 04:59:14,ELTM3518126936690,ACTIVE,,True,True,True,False,False,False
MCH8058,"Jayaraman, Pall and Goel",5912,PHARMACY,PARTNERSHIP,KOLKATA,WEST_BENGAL,2023-06-25 00:00:00,DJCR4230820318730,ACTIVE,1476.23,True,True,False,False,False,False
MCH5242,Mishra-Dua,5311,DEPARTMENT_STORE,INDIVIDUAL,MUMBAI,MAHARASHTRA,2024-06-08 00:00:00,XXXX0138,ACTIVE,,True,False,True,False,False,False
MCH3379,Sura Inc,5411,GROCERY_STORES,SOLE_PROPRIETOR,MADRAS,TAMIL_NADU,2023-11-28 00:00:00,,ACTIVE,851.53,True,False,False,False,False,False
MCH9211,Dubey-Kurian,7011,HOTEL_LODGING,INDIVIDUAL,JALANDHAR,PUNJAB,,XXXX5476,ACTIVE,2981.74,True,False,False,False,True,False
MCH2694,Misra PLC,05699,CLOTHING,INDIVIDUAL,PUNE,MAHARASHTRA,,,INACTIVE,2669.29,False,False,False,False,False,False
MCH9289,LALL LLC,7011,HOTEL_LODGING,PRIVATE_LIMITED,KOLKATA,WEST_BENGAL,2025-12-08 09:38:21,PFKV1152289254196,ACTIVE,3024.28,True,True,False,False,False,False
MCH4503,Acharya LLC,5411,GROCERIES,PRIVATE_LIMITED,DELHI,DELHI,2024-09-12 20:47:57,,ACTIVE,241.19,True,False,False,False,False,False
MCH8493,BUCH INC,5912,MEDICAL_STORE,INDIVIDUAL,CHENNAI,TAMIL_NADU,2025-01-17 02:45:11,YMCT2319815382495,ACTIVE,2394.24,True,True,False,False,False,False
MCH4613,"Batra, Devi and Buch",5699,GARMENTS,INDIVIDUAL,DILLI,DELHI,2023-10-03 00:00:00,6706330376,INACTIVE,,True,True,True,False,False,False
MCH4456,Krish-Panchal,5411,GROCERY,INDIVIDUAL,LUCKNOW,UTTAR_PRADESH,,,ACTIVE,1642.08,True,False,False,False,True,False
MCH4369,"Tandon, Viswanathan and Chaudhary",5812,FOOD,PRIVATE_LIMITED,PUNE,MAHARASHTRA,2023-01-13 00:00:00,1839441599,SUSPENDED,226.61,True,True,False,False,False,False
MCH9559,Randhawa-Mody,5699,FASHION,SOLE_PROPRIETOR,ASR,PUNJAB,2025-06-08 00:00:00,XXXX2517,INACTIVE,543.84,True,False,False,False,False,False
MCH4318,Nagar and Sons,4131,TRANSPRT,SOLE_PROPRIETOR,LKO,UTTAR_PRADESH,2023-12-20 15:21:00,3039905093,ACTIVE,1159.12,True,True,False,False,False,False
MCH2473,"Gill, Deol and Deep",5411,GROCERY_STORES,PRIVATE_LIMITED,LUCKNOW,UTTAR_PRADESH,,YWZO7271967683864,ACTIVE,1433.28,True,True,False,False,True,False
MCH1161,"Kuruvilla, Pall and Ravel",5411,GROCERY_STORE,PRIVATE_LIMITED,JALANDHAR,PUNJAB,2023-12-29 00:00:00,,ACTIVE,549.82,True,False,False,False,False,False
MCH9563,Sharaf-Tella,,HOTELS,SOLE_PROPRIETOR,KOLKATA,WEST_BENGAL,2025-02-09 00:00:00,,ACTIVE,1375.95,False,False,False,False,False,False
MCH6465,Chadha-Char,05912,MEDICAL_STORE,PARTNERSHIP,KOLKATA,WEST_BENGAL,2023-04-22 17:00:00,5666974983,ACTIVE,749.37,False,True,False,False,False,False
MCH8631,Chaudhari-Chhabra,5699,CLOTHING,SOLE_PROPRIETOR,LUCKNOW,UTTAR_PRADESH,2024-02-17 00:00:00,7902410971,ACTIVE,1011.95,True,True,False,False,False,False
MCH9582,"Aggarwal, Morar and Vohra",4814,TELECOM,PRIVATE_LIMITED,CHENNAI,TAMIL_NADU,,1610482956,ACTIVE,2012.0,True,True,False,False,True,False
MCH6617,Buch Group,5699,CLOTHS,SOLE_PROPRIETOR,HYDERABAD,TELANGANA,2024-09-01 00:00:00,,ACTIVE,1759.15,True,False,False,False,False,False
MCH3616,trivedi-ramachandran,5411,GROCERY_STORE,PARTNERSHIP,JALANDHAR,PUNJAB,2025-07-02 00:00:00,XXXX1853,INACTIVE,181.96,True,False,False,False,False,False
MCH9391,Vasa-Mitra,4814,PHONE_SERVICE,INDIVIDUAL,JALANDAR,PUNJAB,2024-10-30 00:00:00,XXXX6623,ACTIVE,1456.23,True,False,False,False,False,False
MCH9379,Nazareth and Sons,5999,MISC_RETAIL,INDIVIDUAL,KOLKATA,WEST_BENGAL,,XXXX1135,INACTIVE,242.0,True,False,False,False,False,False
MCH7288,"Kumar, Sachdeva and Natarajan",5999,MISCELLANEOUS,PRIVATE_LIMITED,CALCUTTA,WEST_BENGAL,2026-02-01 06:24:52,,SUSPENDED,,True,False,False,False,False,False
MCH2051,Deshpande PLC,5912,MEDICAL,PRIVATE_LIMITED,CHENNAI,TAMIL_NADU,2024-10-06 00:00:00,6948597427,ACTIVE,625.93,True,True,False,False,False,False
MCH4507,Bassi-Merchant,5812,EATING_PLACE,SOLE_PROPRIETOR,MADRAS,TAMIL_NADU,2024-05-30 00:00:00,XXXX7969,ACTIVE,3598.7,True,False,False,False,False,False
MCH9647,"Bhat, Tank and Aurora",7011,HOTEL_LODGING,INDIVIDUAL,KOLKATA,WEST_BENGAL,2024-08-18 00:00:00,8968048918,ACTIVE,5590.39,True,True,False,False,False,False
MCH1082,Oommen Inc,7011,HOTEL,PARTNERSHIP,AMRITSAR,PUNJAB,,6717543820,ACTIVE,833.19,True,True,False,False,False,False
MCH7017,DeepGroup,,HOSPITALITY,INDIVIDUAL,DILLI,DELHI,,,ACTIVE,1258.92,False,False,False,False,False,False
MCH8506,"HANDA, SAHNI AND SAWHNEY",4814,TELECOM,PARTNERSHIP,HYDERABAD,TELANGANA,,,ACTIVE,339.0,True,False,False,False,True,False
MCH6839,VARUGHESE LLC,5912,MEDICAL,INDIVIDUAL,JPR,RAJASTHAN,,4050131250,ACTIVE,1354.0,True,True,False,False,True,False
MCH8735,Ha1der-Mane,5411,GROCERY,PARTNERSHIP,PUNE,MAHARASHTRA,2023-04-12 04:45:53,PJBJ0308854019653,ACTIVE,7303.0,True,True,False,False,False,False
MCH9443,"Bumb, Sama and Prashad",4131,TRANSPORT,SOLE_PROPRIETOR,LUCKNOW,UTTAR_PRADESH,2024-03-28 00:00:00,,ACTIVE,712.16,True,False,False,False,False,False
MCH3125,Din-Dara,05699,CLOTHS,PARTNERSHIP,DELHI,DELHI,2025-11-15 00:00:00,NBXZ1237892442741,ACTIVE,3672.47,False,True,False,False,False,False
MCH3092,"Dutta, Vasa and Jayaraman",5999,MISCELLANEOUS,PRIVATE_LIMITED,AMRITSAR,PUNJAB,,4110907056,ACTIVE,1605.55,True,True,False,False,False,False
MCH1365,Agate PLC,5942,STATIONERY,PARTNERSHIP,PUNE,MAHARASHTRA,,,ACTIVE,,True,False,True,False,True,False
MCH8679,Dutt-Goel,04814,PHONE_SERVICE,PRIVATE_LIMITED,KOLKATA,WEST_BENGAL,2024-08-14 00:00:00,XXXX4631,ACTIVE,423.15,False,False,False,False,False,False
MCH3722,"BEN, DHINGRA AND GARDE",5942,BOOKS,PRIVATE_LIMITED,DELHI,DELHI,2025-01-28 00:00:00,,INACTIVE,163.22,True,False,False,False,False,False
MCH5606,Sunder Inc,,HOSPITALITY,PARTNERSHIP,LUDHIANA,PUNJAB,2023-06-25 00:00:00,TYTS3020219689289,ACTIVE,965.69,False,True,False,False,False,False
MCH6384,"Rave1, Mane and Madan",05912,PHARMACIES,PARTNERSHIP,DELHI,DELHI,2023-04-26 06:56:00,8497490345,ACTIVE,334.08,False,True,False,False,False,False
MCH4170,Bahri-Mangat,5812,FOOD_SERVICES,SOLE_PROPRIETOR,POONA,MAHARASHTRA,2023-03-15 00:00:00,XXXX2954,ACTIVE,926.11,True,False,False,False,False,False
MCH9537,Chakrab0rty PLC,5942,BOOKS_STATIONERY,INDIVIDUAL,AMRITSAR,PUNJAB,2025-01-02 06:24:34,XXXX8422,ACTIVE,,True,False,True,False,False,False
MCH9787,Nigam LLC,7011,HOTELS,PRIVATE_LIMITED,JAIPUR,RAJASTHAN,2023-06-18 00:00:00,,ACTIVE,717.19,True,False,False,False,False,False
MCH8895,Chakraborty-Apte,7011,HOTELS,SOLE_PROPRIETOR,JALANDAR,PUNJAB,2023-05-04 01:45:30,8501954276,ACTIVE,2412.11,True,True,False,False,False,False
MCH1773,Prakash-Malhotra,5411,GROCERY_STORES,INDIVIDUAL,JALANDHAR,PUNJAB,,XEKJ5137440988369,ACTIVE,1551.73,True,True,False,False,False,False
MCH3662,dey llc,5999,MISC_RETAIL,SOLE_PROPRIETOR,CALCUTTA,WEST_BENGAL,2023-09-24 17:57:18,XXXX8815,SUSPENDED,,True,False,False,False,False,False
MCH6301,"Apte, Vohra and Gade",4814,TELECOM,PARTNERSHIP,JALANDAR,PUNJAB,2023-03-30 00:00:00,,ACTIVE,2355.49,True,False,False,False,False,False
MCH5745,Sawhney-Apte,,CHEMIST,PRIVATE_LIMITED,DELHI,DELHI,2025-06-04 03:56:54,6957896911,ACTIVE,2109.42,False,True,False,False,False,False
MCH6441,Boase Group,5942,BOOKS,SOLE_PROPRIETOR,AMRITSAR,PUNJAB,2024-10-18 00:00:00,XXXX1328,ACTIVE,4755.4,True,False,False,False,False,False
MCH6394,YogiInc,5699,CLOTHS,PRIVATE_LIMITED,CALCUTTA,WEST_BENGAL,2023-10-20 00:00:00,,ACTIVE,1717.76,True,False,False,False,False,False
MCH7172,Chandran-Palla,5311,DEPARTMENT_STORES,PARTNERSHIP,PUNE,MAHARASHTRA,2025-09-23 00:00:00,XXXX0145,ACTIVE,1177.65,True,False,False,False,False,False
MCH4843,KURUVILLA-PILLAY,4814,PHONE_SERVICE,INDIVIDUAL,BENGALURU,KARNATAKA,2025-08-18 00:00:00,VYHF0905352746746,ACTIVE,,True,True,True,False,False,False
MCH7272,Bansal-Das,05912,PHARMACY,SOLE_PROPRIETOR,LUDHIANA,PUNJAB,2023-12-20 21:43:00,XXXX6496,ACTIVE,391.71,False,False,False,False,False,False
MCH9906,"Raj, Goda and Rastogi",05912,PHARMACY,PRIVATE_LIMITED,PUNE,MAHARASHTRA,2025-01-31 00:00:00,2812012011,ACTIVE,543.33,False,True,False,False,False,False
MCH5797,Bhatt Ltd,5942,BOOKS_STATIONERY,INDIVIDUAL,CHENNAI,TAMIL_NADU,,XXXX5629,ACTIVE,1641.0,True,False,False,False,False,False
MCH4356,"Guha, Sheth and Ravi",5912,MEDICAL,PARTNERSHIP,KOLKATA,WEST_BENGAL,2024-07-06 00:00:00,3427547300,ACTIVE,2725.51,True,True,False,False,False,False
MCH8558,Dutt-Tailor,5311,RETAIL,SOLE_PROPRIETOR,AMRITSAR,PUNJAB,2024-12-29 00:00:00,,ACTIVE,857.14,True,False,False,False,False,False
MCH1764,"Kurian, Vaidya and Loyal",5999,MISC_RETAIL,INDIVIDUAL,LKO,UTTAR_PRADESH,2025-11-16 04:20:00,QLVG4760642998653,SUSPENDED,419.98,True,True,False,False,False,False
MCH3308,Setty LLC,5942,BOOK_STORE,PARTNERSHIP,POONA,MAHARASHTRA,2023-06-28 00:00:00,,ACTIVE,883.84,True,False,False,False,False,False
MCH7664,Datta Ltd,UNKNOWN,TRAVEL,PARTNERSHIP,KOLKATA,WEST_BENGAL,,XXXX7337,ACTIVE,990.98,False,False,False,False,False,False
MCH4521,Raman PLC,5699,APPAREL,PRIVATE_LIMITED,HYDERABAD,TELANGANA,,,ACTIVE,4397.68,True,False,False,False,True,False
MCH2356,Baria PLC,,CHEMIST,INDIVIDUAL,LDH,PUNJAB,2024-04-02 11:05:22,,ACTIVE,2672.62,False,False,False,False,False,False
MCH7772,"Chatterjee, Wason and Nadkarni",5311,DEPT_STORE,PARTNERSHIP,BOMBAY,MAHARASHTRA,2026-01-02 19:37:55,XXXX1871,ACTIVE,541.48,True,False,False,False,False,False
MCH2894,Rege-Baria,5699,GARMENTS,PRIVATE_LIMITED,DELHI,DELHI,2024-12-22 00:00:00,XXXX3813,ACTIVE,2107.84,True,False,False,False,False,False
MCH1370,Wable LLC,4814,TELECOM,PRIVATE_LIMITED,JALANDAR,PUNJAB,2023-11-19 00:00:00,6802604838,ACTIVE,3898.88,True,True,False,False,False,False
MCH6370,"Dass, Hegde and Viswanathan",05812,FOOD_SERVICES,PARTNERSHIP,JAIPUR,RAJASTHAN,2023-03-24 18:53:14,PUYW3534134349316,ACTIVE,2201.27,False,True,False,False,False,False
MCH5963,GOYAL-SUR,5812,RESTAURANTS,PRIVATE_LIMITED,CHENNAI,TAMIL_NADU,2025-09-14 08:31:00,XXXX6740,ACTIVE,3785.0,True,False,False,False,False,False
MCH8295,MAMMEN LLC,5999,MISCELLANEOUS,PRIVATE_LIMITED,CHENNAI,TAMIL_NADU,,XXXX0713,ACTIVE,1554.58,True,False,False,False,True,False
MCH5980,Arya LLC,7011,HOSPITALITY,PRIVATE_LIMITED,LUDHIANA,PUNJAB,,,ACTIVE,2432.63,True,False,False,False,False,False
MCH2956,BAVA LTD,,TELECOM,INDIVIDUAL,DELHI,DELHI,2023-01-18 00:00:00,2075067293,ACTIVE,2838.96,False,True,False,False,False,False
MCH8958,Verma-Biswas,5699,CLOTHS,PARTNERSHIP,AMRITSAR,PUNJAB,,,ACTIVE,7196.61,True,False,False,False,True,False
MCH4457,"Chanda, Parikh and Hayre",5999,RETAIL_OTHER,PRIVATE_LIMITED,AMRITSAR,PUNJAB,,,ACTIVE,,True,False,False,False,False,False
MCH1785,Shere-Pall,5311,DEPARTMENT_STORE,SOLE_PROPRIETOR,CALCUTTA,WEST_BENGAL,,,ACTIVE,2271.85,True,False,False,False,True,False
MCH4357,Som and Sons,5311,RETAIL,INDIVIDUAL,LDH,PUNJAB,,XXXX0823,ACTIVE,,True,False,False,False,False,False
MCH8209,Pai-Gokhale,5311,RETAIL,PRIVATE_LIMITED,JPR,RAJASTHAN,2023-03-22 21:49:14,,INACTIVE,426.65,True,False,False,False,False,False
MCH7311,Dhar PLC,5411,GROCERY_STORE,PRIVATE_LIMITED,MUMBAI,MAHARASHTRA,,,ACTIVE,148.28,True,False,False,False,False,False
MCH5683,"Magar, Cherian and Wable",5912,CHEMIST,PARTNERSHIP,AMRITSAR,PUNJAB,2024-08-07 00:00:00,3259910905,ACTIVE,1544.64,True,True,False,False,False,False
MCH8391,Talwar-Bhasin,MISC,GARMENTS,INDIVIDUAL,LUDHIANA,PUNJAB,2025-10-21 00:00:00,9793728885,ACTIVE,2052.0,False,True,False,False,False,False
MCH8060,"Pall, Lal and Ahluwalia",5812,FOOD,INDIVIDUAL,LKO,UTTAR_PRADESH,,OYJG7569387470582,ACTIVE,4990.63,True,True,False,False,True,False
MCH4319,Luthra-D’Alia,,APPAREL,PARTNERSHIP,MADRAS,TAMIL_NADU,2024-07-23 16:12:09,,ACTIVE,5413.24,False,False,False,False,False,False
MCH7609,Mitta1 PLC,5912,MEDICAL_STORE,INDIVIDUAL,JALANDHAR,PUNJAB,2025-03-10 00:00:00,XXXX5424,ACTIVE,,True,False,True,False,False,False
MCH5972,Mane Ltd,5942,BOOKS_STATIONERY,INDIVIDUAL,AMRITSAR,PUNJAB,,XXXX0204,ACTIVE,644.97,True,False,False,False,True,False
MCH7572,"Nori, Kibe and Das",5699,FASHION,SOLE_PROPRIETOR,LUCKNOW,UTTAR_PRADESH,2023-11-28 00:00:00,BLHB3138092170893,ACTIVE,870.0,True,True,False,False,False,False
MCH2530,Palla-Datta,5942,BOOKS,PARTNERSHIP,POONA,MAHARASHTRA,2023-08-03 00:00:00,,ACTIVE,2593.27,True,False,False,False,False,False
MCH3499,"Gaba, Nanda and Pillay",5812,FOOD,PRIVATE_LIMITED,MUMBAI,MAHARASHTRA,2023-09-30 00:00:00,,ACTIVE,804.98,True,False,False,False,False,False
MCH3788,Kuruvilla Ltd,5411,GROCERY_STORES,SOLE_PROPRIETOR,HYDERABAD,TELANGANA,2024-10-03 00:00:00,,SUSPENDED,4329.09,True,False,False,False,False,False
MCH1493,"Kar, Nath and Koshy",5942,BOOKS_STATIONERY,INDIVIDUAL,BLR,KARNATAKA,2023-01-28 00:00:00,XXXX9866,ACTIVE,,True,False,False,False,False,False
MCH6105,lala group,7011,HOTEL,SOLE_PROPRIETOR,BENGALURU,KARNATAKA,2023-01-25 00:00:00,,ACTIVE,1595.66,True,False,False,False,False,False
MCH5697,"Kapadia, Sharma and Maharaj",,RETAIL_OTHER,PARTNERSHIP,POONA,MAHARASHTRA,2023-08-27 00:00:00,IHYO1132265068472,ACTIVE,4565.23,False,True,False,False,False,False
MCH4072,Singhal-Natarajan,5812,RESTAURANT,SOLE_PROPRIETOR,CHENNAI,TAMIL_NADU,,XXXX4620,ACTIVE,2593.54,True,False,False,False,False,False
MCH1732,Badal-Chacko,4131,TRAVEL,SOLE_PROPRIETOR,KOLKATA,WEST_BENGAL,,,ACTIVE,888.6,True,False,False,False,True,False
MCH2610,Chopra-Narayanan,5311,DEPT_STORE,SOLE_PROPRIETOR,DELHI,DELHI,,,ACTIVE,1284.93,True,False,False,False,True,False
MCH3898,Wadhwa-Sahni,5699,FASHION,PRIVATE_LIMITED,LDH,PUNJAB,2025-08-05 00:00:00,,ACTIVE,,True,False,False,False,False,False
MCH5939,"mohan, varughese and johal",5411,GROCERY_STORE,PARTNERSHIP,BENGALURU,KARNATAKA,2024-12-20 00:00:00,XXXX0991,ACTIVE,4307.34,True,False,False,False,False,False
MCH6742,Mammen Gr0up,4814,PHONE_SERVICE,PRIVATE_LIMITED,KOLKATA,WEST_BENGAL,2024-03-20 00:00:00,XXXX8463,ACTIVE,6284.1,True,False,False,False,False,False
MCH9601,Murthy-Sagar,5999,RETAIL_OTHER,PRIVATE_LIMITED,DELHI,DELHI,,4391317650,ACTIVE,2574.06,True,True,False,False,False,False
MCH9793,Brar Ltd,,FASHION,PRIVATE_LIMITED,BANGALORE,KARNATAKA,,4222281666,ACTIVE,198.68,False,True,False,False,False,False
MCH4349,"naik, pandey and din",4131,TRANSPORTATION,PARTNERSHIP,BENGALURU,KARNATAKA,2023-06-30 20:31:00,,ACTIVE,2172.69,True,False,False,False,False,False
MCH2081,Date PLC,5311,DEPARTMENT_STORES,PRIVATE_LIMITED,LKO,UTTAR_PRADESH,2023-04-01 00:00:00,XXXX3660,ACTIVE,275.64,True,False,False,False,False,False
MCH8181,Mall-Chatterjee,4131,TRANSPORTATION,INDIVIDUAL,AMRITSAR,PUNJAB,,6803575158,ACTIVE,,True,True,True,False,False,False
MCH4363,NARAYAN-SANGHA,7011,HOTEL_LODGING,SOLE_PROPRIETOR,JALANDHAR,PUNJAB,,,ACTIVE,598.32,True,False,False,False,False,False
MCH4900,Issac-Venkataraman,5912,PHARMACIES,SOLE_PROPRIETOR,KOLKATA,WEST_BENGAL,2023-08-15 07:39:24,,ACTIVE,1519.72,True,False,False,False,False,False
MCH8157,"mahal, srinivas and vasa",,PHARMACY,SOLE_PROPRIETOR,DELHI,DELHI,2024-10-09 09:16:57,XFHS0358306861946,INACTIVE,1033.09,False,True,False,False,False,False
MCH5247,Nagi Ltd,4814,TELECOM,PARTNERSHIP,AMRITSAR,PUNJAB,,,SUSPENDED,632.92,True,False,False,False,True,False
MCH2116,Chaudhari and Sons,5699,GARMENTS,INDIVIDUAL,JPR,RAJASTHAN,,XXXX7517,ACTIVE,947.14,True,False,False,False,True,False
MCH1254,Pant-Muni,4131,TRAVEL,PARTNERSHIP,DELHI,DELHI,2023-10-21 00:00:00,,ACTIVE,781.27,True,False,False,False,False,False
MCH2191,"Raval, Halder and Brahmbhatt",5999,RETAIL_OTHER,SOLE_PROPRIETOR,BENGALURU,KARNATAKA,2023-09-15 00:00:00,,ACTIVE,2745.45,True,False,False,False,False,False
MCH1227,Dyal Ltd,5999,OTHER,INDIVIDUAL,LUDHIANA,PUNJAB,2025-09-21 00:00:00,QLYV4506400926648,ACTIVE,602.09,True,True,False,False,False,False
MCH8085,VERMA-RAMACHANDRAN,5942,STATIONERY,INDIVIDUAL,PUNE,MAHARASHTRA,2025-10-22 00:00:00,7310237630,ACTIVE,,True,True,False,False,False,False
MCH1882,kamdar-banik,5812,FOOD,PARTNERSHIP,LUDHIANA,PUNJAB,,,INACTIVE,427.5,True,False,False,False,False,False
MCH5494,Bhavsar-Jhaveri,5912,CHEMIST,INDIVIDUAL,LUDHIANA,PUNJAB,2023-05-23 00:00:00,SVWM6177755227439,ACTIVE,325.0,True,True,False,False,False,False
MCH9640,Aurora and Sons,04131,TRAVEL,SOLE_PROPRIETOR,LUCKNOW,UTTAR_PRADESH,2023-09-09 06:54:50,6211538586,ACTIVE,1623.21,False,True,False,False,False,False
MCH9679,RAMAN LTD,,HOTEL_LODGING,SOLE_PROPRIETOR,DELHI,DELHI,,PIVF1729636161305,INACTIVE,310.73,False,True,False,False,True,False
MCH7519,"Sarkar, Garg and Kumar",4131,BUS_TAXI,PARTNERSHIP,LKO,UTTAR_PRADESH,,6307100507,INACTIVE,771.94,True,True,False,False,True,False
MCH7061,Grover and Sons,7011,HOSPITALITY,INDIVIDUAL,JPR,RAJASTHAN,2023-06-12 22:13:21,,ACTIVE,462.72,True,False,False,False,False,False
MCH3916,"Parmer, Chakrabarti and Sibal",04131,TRANSPORT,INDIVIDUAL,JAIPUR,RAJASTHAN,2025-01-03 00:00:00,XXXX6443,ACTIVE,794.0,False,False,False,False,False,False
MCH5043,"Chakraborty, Gour and Kothari",4131,TRAVEL,PRIVATE_LIMITED,CALCUTTA,WEST_BENGAL,2025-03-17 00:00:00,ROSR2212738533894,INACTIVE,614.63,True,True,False,False,False,False
MCH1343,"Madan,TrivediandGanguly",,GARMENTS,INDIVIDUAL,BLR,KARNATAKA,2025-10-15 00:00:00,QSCH7195613672769,ACTIVE,1927.76,False,True,False,False,False,False
MCH6666,Baral Inc,05699,CLOTHING,INDIVIDUAL,BENGALURU,KARNATAKA,2025-12-22 00:00:00,DXHD9016941179950,ACTIVE,381.87,False,True,False,False,False,False
MCH2997,Karan Inc,7011,HOSPITALITY,PRIVATE_LIMITED,LUCKNOW,UTTAR_PRADESH,2023-10-16 17:07:00,1402967436,ACTIVE,1286.53,True,True,False,False,False,False
MCH1257,Varma-Maharaj,5942,BOOKS,SOLE_PROPRIETOR,CALCUTTA,WEST_BENGAL,2023-04-15 16:16:00,VIAW9051693811302,ACTIVE,3059.27,True,True,False,False,False,False
MCH8719,kala llc,5311,DEPARTMENT_STORE,INDIVIDUAL,KOLKATA,WEST_BENGAL,2025-10-25 00:00:00,,ACTIVE,2779.32,True,False,False,False,False,False
MCH3086,Pant Inc,5812,FOOD,PRIVATE_LIMITED,CHENNAI,TAMIL_NADU,2023-10-13 11:54:24,XXXX6152,ACTIVE,287.52,True,False,False,False,False,False
MCH1642,Zacharia-Dhawan,5411,GROCERY_STORE,PARTNERSHIP,KOLKATA,WEST_BENGAL,2023-01-02 04:08:32,XXXX3812,ACTIVE,363.0,True,False,False,False,False,False
MCH4094,jani-mistry,5311,DEPT_STORE,PARTNERSHIP,AMRITSAR,PUNJAB,,,ACTIVE,5482.47,True,False,False,False,True,False
MCH5416,Upadhyay LLC,5942,STATIONERY,INDIVIDUAL,CHENNAI,TAMIL_NADU,2024-07-24 00:00:00,XXXX2133,ACTIVE,,True,False,False,False,False,False
MCH5618,Biswas and Sons,5912,PHARMACIES,PARTNERSHIP,DELHI,DELHI,,XXXX7039,ACTIVE,833.5,True,False,False,False,True,False
MCH2765,"SANT, NATT AND SAWHNEY",7011,HOTEL,PRIVATE_LIMITED,KOLKATA,WEST_BENGAL,,XXXX8678,INACTIVE,1191.66,True,False,False,False,True,False
MCH3554,"Chowdhury, Mann and Mitter",4131,TRANSPORTATION,INDIVIDUAL,JALANDHAR,PUNJAB,2025-04-27 19:48:07,XXXX2146,ACTIVE,893.92,True,False,False,False,False,False
MCH8718,Chaudhari-Bhalla,5812,EATING_PLACE,INDIVIDUAL,POONA,MAHARASHTRA,2024-07-23 04:38:30,,ACTIVE,,True,False,False,False,False,False
MCH5683,subramanian group,5311,DEPT_STORE,PRIVATE_LIMITED,LKO,UTTAR_PRADESH,2024-10-24 15:26:50,XUFZ9750077803623,SUSPENDED,774.44,True,True,False,False,False,False
MCH9786,"Pai, Thakkar and Krish",5311,DEPARTMENT_STORE,PRIVATE_LIMITED,HYDERABAD,TELANGANA,,,ACTIVE,1876.06,True,False,False,False,False,False
MCH3011,"Ahluwalia, Contractor and Comar",5311,DEPARTMENT_STORES,SOLE_PROPRIETOR,DILLI,DELHI,2023-11-30 00:00:00,XXXX1217,INACTIVE,2626.62,True,False,False,False,False,False
MCH3508,Prabhu and Sons,4131,TRAVEL,PRIVATE_LIMITED,DELHI,DELHI,2024-07-26 00:00:00,,ACTIVE,1850.0,True,False,False,False,False,False
MCH5805,natarajan-walla,04131,BUS_TAXI,PARTNERSHIP,LUDHIANA,PUNJAB,2025-06-03 12:56:57,XXXX1704,ACTIVE,449.15,False,False,False,False,False,False
MCH3689,"Palla, Gara and Malhotra",5942,STATIONERY,PARTNERSHIP,BENGALURU,KARNATAKA,2025-02-04 00:00:00,JSVI9099789537273,INACTIVE,1319.27,True,True,False,False,False,False
MCH1755,Kulkarni and Sons,4814,PHONE_SERVICE,INDIVIDUAL,MUMBAI,MAHARASHTRA,2025-12-29 00:00:00,9887027328,ACTIVE,,True,True,True,False,False,False
MCH1277,Bhatnagar-Borah,5812,RESTAURANT,INDIVIDUAL,KOLKATA,WEST_BENGAL,,4086473586,ACTIVE,3540.87,True,True,False,False,False,False
MCH9696,D’Alia-Bhardwaj,5999,MISC_RETAIL,PRIVATE_LIMITED,LUCKNOW,UTTAR_PRADESH,2024-02-17 21:42:16,XXXX0392,ACTIVE,3568.12,True,False,False,False,False,False
MCH2166,SANT-VENKATESH,5912,PHARMACY,INDIVIDUAL,ASR,PUNJAB,2024-09-20 00:00:00,9608426270,ACTIVE,789.14,True,True,False,False,False,False
MCH4165,"Dhar,PallaandKorpal",4814,TELECOM,PRIVATE_LIMITED,PUNE,MAHARASHTRA,2024-05-29 00:00:00,EWYW3013882760872,SUSPENDED,,True,True,False,False,False,False
MCH2938,"Babu, Lata and Zacharia",5411,KIRANA,PRIVATE_LIMITED,POONA,MAHARASHTRA,2024-09-06 00:00:00,ZZOP9174222804228,ACTIVE,823.9,True,True,False,False,False,False
MCH6982,"Baral, Ramachandran and Keer",5942,STATIONERY,PARTNERSHIP,LKO,UTTAR_PRADESH,2025-09-13 00:00:00,IVWY4612352669313,SUSPENDED,5234.31,True,True,False,False,False,False
MCH2220,Tailor and Sons,5311,DEPT_STORE,SOLE_PROPRIETOR,MUMBAY,MAHARASHTRA,2025-06-23 20:54:27,,ACTIVE,940.64,True,False,False,False,False,False
MCH1885,mahal ltd,05999,OTHER,PRIVATE_LIMITED,HYDERABAD,TELANGANA,2025-11-07 18:42:57,,ACTIVE,618.0,False,False,False,False,False,False
MCH7904,Kapadia-Pandya,5942,BOOKS_STATIONERY,PARTNERSHIP,CHENNAI,TAMIL_NADU,2023-09-20 00:00:00,XXXX8842,ACTIVE,6260.03,True,False,False,False,False,False
MCH2211,KRISHNAN-SIBAL,5942,BOOKS_STATIONERY,INDIVIDUAL,BENGALURU,KARNATAKA,2023-05-28 18:32:06,,ACTIVE,1189.37,True,False,False,False,False,False
MCH7932,SETHI LTD,4814,TELECOM,PRIVATE_LIMITED,BENGALURU,KARNATAKA,2025-04-20 22:28:00,AUYT1495828220876,ACTIVE,4410.18,True,True,False,False,False,False
MCH6765,Sengupta-Keer,5912,CHEMIST,INDIVIDUAL,NEW_DELHI,DELHI,2025-11-17 00:00:00,XXXX7076,ACTIVE,1250.47,True,False,False,False,False,False
MCH7442,Thakur-Rana,05999,MISCELLANEOUS,PARTNERSHIP,KOLKATA,WEST_BENGAL,2026-01-17 22:14:00,,ACTIVE,,False,False,True,False,False,False
MCH6566,"Purohit, Chacko and Kadakia",4814,MOBILE_RECHARGE,PRIVATE_LIMITED,CHENNAI,TAMIL_NADU,,YAOU8203503390794,INACTIVE,1923.82,True,True,False,False,True,False
MCH7728,"Banerjee, Iyengar and Ganguly",7011,HOTEL,INDIVIDUAL,JAIPUR,RAJASTHAN,,XXXX5198,ACTIVE,750.16,True,False,False,False,True,False
MCH3029,Sarma PLC,4131,TRANSPRT,SOLE_PROPRIETOR,BOMBAY,MAHARASHTRA,2024-06-15 00:00:00,1403660080,ACTIVE,163.28,True,True,False,False,False,False
MCH3656,kurian-chad,,RESTAURANT,INDIVIDUAL,CALCUTTA,WEST_BENGAL,2024-12-18 00:21:00,,ACTIVE,,False,False,False,False,False,False
MCH9393,Vala-Bahri,04814,PHONE_SERVICE,SOLE_PROPRIETOR,KOLKATA,WEST_BENGAL,2024-06-09 10:37:28,KRHX3053527242378,SUSPENDED,1926.43,False,True,False,False,False,False
MCH1948,Prabhakar-Kari,5699,APPAREL,SOLE_PROPRIETOR,MUMBAY,MAHARASHTRA,2025-11-21 00:00:00,,ACTIVE,,True,False,True,False,False,False
MCH2964,"Nanda, Comar and Sachdev",,RESTAURANTS,SOLE_PROPRIETOR,DELHI,DELHI,,,INACTIVE,1238.67,False,False,False,False,True,False
MCH9883,Modi PLC,5411,KIRANA,SOLE_PROPRIETOR,DELHI,DELHI,2024-08-25 00:00:00,XXXX9460,ACTIVE,492.1,True,False,False,False,False,False
MCH8968,"MAJUMDAR, SETTY AND SAHNI",5812,RESTAURANT,PRIVATE_LIMITED,ASR,PUNJAB,2026-02-23 13:01:00,,INACTIVE,477.9,True,False,False,False,False,False
MCH6410,Dua-Kara,5699,CLOTHING,INDIVIDUAL,DILLI,DELHI,,,ACTIVE,1003.3,True,False,False,False,False,False
MCH7844,Singh-Mane,,GROCERY_STORE,SOLE_PROPRIETOR,LDH,PUNJAB,2024-10-31 00:00:00,,ACTIVE,1309.0,False,False,False,False,False,False
MCH1424,"GOEL, BALAY AND DUA",7011,HOTEL_LODGING,PRIVATE_LIMITED,JALANDAR,PUNJAB,2025-10-19 00:36:54,,ACTIVE,5339.46,True,False,False,False,False,False
MCH1101,"Deo, Gill and Dhaliwal",5812,EATING_PLACE,PRIVATE_LIMITED,DELHI,DELHI,2023-05-26 09:37:00,,ACTIVE,1076.28,True,False,False,False,False,False
MCH2257,Mandal-Sankaran,5311,DEPARTMENT_STORES,INDIVIDUAL,MUMBAI,MAHARASHTRA,2024-04-18 23:11:42,,ACTIVE,4831.04,True,False,False,False,False,False
MCH9335,"Sarraf, Wable and Deshmukh",5912,MEDICAL_STORE,INDIVIDUAL,AMRITSAR,PUNJAB,,,ACTIVE,399.0,True,False,False,False,True,False
MCH3487,Subramanian Inc,5812,RESTAURANT,INDIVIDUAL,POONA,MAHARASHTRA,2025-07-26 00:00:00,,ACTIVE,1612.87,True,False,False,False,False,False
MCH6224,"Khatri, Swaminathan and Loke",4131,TRANSPORT,SOLE_PROPRIETOR,ASR,PUNJAB,,CTJV7649423556703,ACTIVE,561.32,True,True,False,False,True,False
MCH3071,Misra-Padmanabhan,5812,RESTAURANTS,SOLE_PROPRIETOR,LUDHIANA,PUNJAB,2024-07-24 08:52:44,IJYT4830685989652,ACTIVE,,True,True,False,False,False,False
MCH5426,"DORA, SEHGAL AND CHOUDHURY",4131,TRANSPORT,INDIVIDUAL,DILLI,DELHI,2025-11-14 00:00:00,6432706759,ACTIVE,598.49,True,True,False,False,False,False
MCH8736,Dora-Sachar,5311,DEPARTMENT_STORES,PRIVATE_LIMITED,MUMBAI,MAHARASHTRA,2024-10-11 13:06:21,XXXX8019,ACTIVE,2228.33,True,False,False,False,False,False
MCH4443,Sachar-Banik,5942,STATIONERY,PARTNERSHIP,JPR,RAJASTHAN,,BADT3910512012474,ACTIVE,2375.86,True,True,False,False,True,False
MCH1585,Khalsa-Kulkarni,5311,DEPT_STORE,PARTNERSHIP,NEW_DELHI,DELHI,2023-05-22 00:00:00,XXXX6587,ACTIVE,3398.13,True,False,False,False,False,False
MCH4781,"Mohan, Sharaf and Narula",,RETAIL,SOLE_PROPRIETOR,DILLI,DELHI,2024-01-08 00:00:00,3603337866,ACTIVE,482.6,False,True,False,False,False,False
MCH8632,"Koshy, Suri and Dey",5812,RESTAURANTS,INDIVIDUAL,DELHI,DELHI,2025-11-14 10:58:44,BRHB3883781562442,ACTIVE,3705.21,True,True,False,False,False,False
MCH4093,Krishnamurthy PLC,7011,HOTEL,PRIVATE_LIMITED,LUCKNOW,UTTAR_PRADESH,2024-03-15 00:00:00,XXXX5675,INACTIVE,1291.9,True,False,False,False,False,False
MCH7773,Goel-Srivastava,5999,MISCELLANEOUS,INDIVIDUAL,JAIPUR,RAJASTHAN,2024-07-18 00:00:00,XXXX1201,SUSPENDED,,True,False,False,False,False,False
MCH4911,"Nigam, Mahajan and Misra",5411,GROCERY_STORE,INDIVIDUAL,BENGALURU,KARNATAKA,2025-06-14 00:00:00,,ACTIVE,689.3,True,False,False,False,False,False
MCH3640,Parikh-Raghavan,7011,HOTEL,SOLE_PROPRIETOR,HYDERABAD,TELANGANA,,0058678829,ACTIVE,400.1,True,True,False,False,True,False
MCH4037,chaudhuri llc,5311,DEPT_STORE,INDIVIDUAL,HYD,TELANGANA,2024-11-23 00:00:00,0677487191,ACTIVE,,True,True,True,False,False,False
MCH1483,Mohan-Kari,5942,BOOKS,PRIVATE_LIMITED,AMRITSAR,PUNJAB,,XXXX3338,ACTIVE,1901.08,True,False,False,False,True,False
MCH7023,Walla-Raj,5311,DEPARTMENT_STORE,INDIVIDUAL,DELHI,DELHI,2023-03-16 11:15:32,,ACTIVE,1307.24,True,False,False,False,False,False
MCH4897,Bedi-Mitra,,MEDICAL,INDIVIDUAL,LKO,UTTAR_PRADESH,,,INACTIVE,,False,False,True,False,False,False
MCH7723,"Pandya, Barman and Biswas",5699,GARMENTS,PRIVATE_LIMITED,LUDHIANA,PUNJAB,2025-01-06 01:31:38,MLMI7440738115367,ACTIVE,3268.86,True,True,False,False,False,False
MCH7310,Mander Group,05699,CLOTHING,PARTNERSHIP,LUCKNOW,UTTAR_PRADESH,2025-09-08 05:21:18,WNOZ8918272123966,INACTIVE,1987.96,False,True,False,False,False,False
MCH7007,Sastry-Soni,7011,HOTELS,SOLE_PROPRIETOR,CHENNAI,TAMIL_NADU,,XXXX4092,INACTIVE,,True,False,True,False,True,False
MCH5583,"Sama, Thaman and Bakshi",4814,MOBILE_RECHARGE,INDIVIDUAL,PUNE,MAHARASHTRA,2023-07-21 01:11:03,XXXX8722,ACTIVE,2696.94,True,False,False,False,False,False
MCH1297,Luthra and Sons,5411,GROCERY_STORES,PRIVATE_LIMITED,NEW_DELHI,DELHI,2023-06-12 01:16:32,5942366474,ACTIVE,381.86,True,True,False,False,False,False
MCH2648,Batta LLC,5999,RETAIL_OTHER,PARTNERSHIP,JAIPUR,RAJASTHAN,,,SUSPENDED,416.94,True,False,False,False,True,False
MCH2923,Virk Group,4814,PHONE_SERVICE,INDIVIDUAL,JALANDAR,PUNJAB,,,ACTIVE,681.07,True,False,False,False,False,False
MCH2765,Mukhopadhyay Inc,5311,DEPT_STORE,SOLE_PROPRIETOR,LKO,UTTAR_PRADESH,2024-11-19 00:00:00,XXXX9677,ACTIVE,3568.4,True,False,False,False,False,False
MCH5717,"Kuruvilla, Deol and Rama",5942,STATIONERY,SOLE_PROPRIETOR,JAIPUR,RAJASTHAN,2023-05-16 23:01:00,,ACTIVE,8901.44,True,False,False,False,False,False
MCH7313,Comar-Din,4814,TELECOM,PRIVATE_LIMITED,MUMBAI,MAHARASHTRA,2026-01-18 00:00:00,8645351517,ACTIVE,1884.45,True,True,False,False,False,False
MCH7010,kuruvilla-shanker,5411,KIRANA,SOLE_PROPRIETOR,DILLI,DELHI,2023-07-22 00:00:00,,SUSPENDED,524.4,True,False,False,False,False,False
MCH8679,MANGAL-GOLE,5942,BOOKS,PRIVATE_LIMITED,JAIPUR,RAJASTHAN,2023-11-01 00:00:00,4734640473,ACTIVE,971.58,True,True,False,False,False,False
MCH3556,"Sant, 0ak and Jani",4814,PHONE_SERVICE,PRIVATE_LIMITED,CALCUTTA,WEST_BENGAL,2024-03-29 00:00:00,,ACTIVE,,True,False,True,False,False,False
MCH6313,Ramanathan PLC,UNKNOWN,GROCERY,SOLE_PROPRIETOR,MUMBAI,MAHARASHTRA,,THOM0066375833437,ACTIVE,3430.73,False,True,False,False,False,False
MCH5343,Sangha-Pillay,5411,KIRANA,INDIVIDUAL,LKO,UTTAR_PRADESH,,4912596257,INACTIVE,1724.67,True,True,False,False,False,False
MCH4064,"Sidhu, Kunda and Hayre",7011,HOTEL_LODGING,INDIVIDUAL,PUNE,MAHARASHTRA,,XXXX9354,ACTIVE,1462.39,True,False,False,False,True,False
MCH5167,Bose and Sons,5942,BOOK_STORE,PRIVATE_LIMITED,JALANDHAR,PUNJAB,2025-08-20 17:50:00,,INACTIVE,1269.25,True,False,False,False,False,False
MCH8005,"Kumar, Ahluwalia and Thaman",4131,TRANSPORTATION,SOLE_PROPRIETOR,BENGALURU,KARNATAKA,2025-06-30 00:00:00,,ACTIVE,,True,False,True,False,False,False
MCH2224,luthra-nagy,,BOOK_STORE,INDIVIDUAL,JAIPUR,RAJASTHAN,2025-10-23 00:00:00,HRLX9724386565153,INACTIVE,890.7,False,True,False,False,False,False
MCH6079,"SESHADRI, MUNI AND BANIK",7011,HOTEL_LODGING,INDIVIDUAL,KOLKATA,WEST_BENGAL,2026-02-24 00:00:00,,ACTIVE,434.97,True,False,False,False,False,False
MCH2232,Borde-Sule,5311,DEPARTMENT_STORE,PARTNERSHIP,HYDERABAD,TELANGANA,2025-02-24 00:00:00,9040784909,ACTIVE,642.26,True,True,False,False,False,False
MCH6172,Raja Inc,5812,FOOD,SOLE_PROPRIETOR,HYDERABAD,TELANGANA,2024-11-09 00:00:00,,ACTIVE,1050.0,True,False,False,False,False,False
MCH9348,"TOOR, PAREKH AND AGATE",5942,BOOKS,PRIVATE_LIMITED,ASR,PUNJAB,2025-03-30 00:00:00,HCSS6943242832650,ACTIVE,4472.44,True,True,False,False,False,False
MCH4416,Raju and S0ns,5999,MISCELLANEOUS,INDIVIDUAL,BENGALURU,KARNATAKA,,6909361511,SUSPENDED,3955.0,True,True,False,False,True,False
MCH3275,Sridhar and Sons,5699,GARMENTS,PARTNERSHIP,NEW_DELHI,DELHI,2024-04-15 07:33:51,,SUSPENDED,,True,False,False,False,False,False
MCH5607,Ba1a and S0ns,UNKNOWN,TRANSPORT,INDIVIDUAL,DELHI,DELHI,2023-07-24 00:00:00,,ACTIVE,2712.11,False,False,False,False,False,False
MCH6097,MANNAN PLC,5812,RESTAURANT,PARTNERSHIP,LKO,UTTAR_PRADESH,2025-02-13 00:39:51,XXXX8307,ACTIVE,258.41,True,False,False,False,False,False
MCH9310,Ganguly-Tella,07011,HOSPITALITY,INDIVIDUAL,PUNE,MAHARASHTRA,2024-03-29 00:00:00,XXXX9831,ACTIVE,,False,False,True,False,False,False
MCH9943,Mukhopadhyay-Kale,5699,FASHION,PRIVATE_LIMITED,AMRITSAR,PUNJAB,2025-11-30 15:51:23,HLRA9462438432419,ACTIVE,2114.46,True,True,False,False,False,False
MCH6645,Kalla Ltd,UNKNOWN,CLOTHS,PARTNERSHIP,ASR,PUNJAB,2023-01-29 13:22:00,CBQP9610741406951,ACTIVE,329.87,False,True,False,False,False,False
MCH4406,"Chand, Ahuja and Behl",07011,HOTEL_LODGING,PRIVATE_LIMITED,PUNE,MAHARASHTRA,2023-06-09 00:00:00,,ACTIVE,3629.0,False,False,False,False,False,False
MCH4792,Agrawal-Prabhu,5812,FOOD,SOLE_PROPRIETOR,MADRAS,TAMIL_NADU,2025-11-02 16:37:14,,INACTIVE,1844.0,True,False,False,False,False,False
MCH1064,Mishra-Badami,5942,BOOKS,SOLE_PROPRIETOR,LUCKNOW,UTTAR_PRADESH,,,ACTIVE,2393.66,True,False,False,False,True,False
MCH2679,"Barman, Bains and Shan",05912,CHEMIST,PRIVATE_LIMITED,MUMBAI,MAHARASHTRA,2024-12-25 00:00:00,2613968880,ACTIVE,1334.82,False,True,False,False,False,False
MCH2118,Kakar Group,5812,FOOD,SOLE_PROPRIETOR,DILLI,DELHI,2023-07-08 08:31:00,,ACTIVE,683.0,True,False,False,False,False,False
MCH5505,Wagle Ltd,04131,TRANSPORT,PARTNERSHIP,LKO,UTTAR_PRADESH,2025-01-06 00:00:00,,INACTIVE,318.93,False,False,False,False,False,False
MCH9452,Kapoor-Kara,5999,OTHER,PRIVATE_LIMITED,KOLKATA,WEST_BENGAL,,TTFV4828934746515,INACTIVE,,True,True,False,False,False,False
MCH1261,"Cheema, Savant and Bakshi",5311,RETAIL,SOLE_PROPRIETOR,LUDHIANA,PUNJAB,2024-06-03 00:00:00,EXGQ1328686965867,INACTIVE,,True,True,False,False,False,False
MCH8873,"Pathak, Bath and Kant",4131,TRANSPRT,PARTNERSHIP,PUNE,MAHARASHTRA,,,ACTIVE,2212.3,True,False,False,False,True,False
MCH4606,Vyas-Mukhopadhyay,7011,HOTELS,PRIVATE_LIMITED,HYDERABAD,TELANGANA,2025-09-29 00:00:00,XXXX6697,ACTIVE,745.57,True,False,False,False,False,False
MCH8276,"Kakar, Handa and Sachdeva",5812,EATING_PLACE,SOLE_PROPRIETOR,MUMBAI,MAHARASHTRA,2025-09-23 00:00:00,XXXX1898,ACTIVE,2410.37,True,False,False,False,False,False
MCH6608,"puri, dar and mann",,KIRANA,PRIVATE_LIMITED,DELHI,DELHI,2024-02-10 07:57:42,,ACTIVE,,False,False,True,False,False,False
MCH7605,Kakar-Dhi110n,5311,RETAIL,PRIVATE_LIMITED,BLR,KARNATAKA,2025-07-21 00:00:00,XXXX1255,INACTIVE,1126.42,True,False,False,False,False,False
MCH8480,Doshi-Sarin,4131,TRANSPORTATION,INDIVIDUAL,PUNE,MAHARASHTRA,2023-07-02 00:00:00,,ACTIVE,,True,False,True,False,False,False
MCH8876,Rai LLC,4131,TRAVEL,SOLE_PROPRIETOR,BOMBAY,MAHARASHTRA,2025-02-17 00:00:00,MDBH5898755219705,ACTIVE,1825.17,True,True,False,False,False,False
MCH5845,kara group,5999,MISC_RETAIL,PRIVATE_LIMITED,ASR,PUNJAB,2023-12-31 03:38:30,XXXX0508,ACTIVE,1557.96,True,False,False,False,False,False
MCH5482,"Baral, Tak and Rajan",5812,EATING_PLACE,INDIVIDUAL,CALCUTTA,WEST_BENGAL,2025-06-23 15:48:14,XXXX1905,INACTIVE,710.53,True,False,False,False,False,False
MCH4640,Choudhary-Joshi,5699,CLOTHING,PARTNERSHIP,JPR,RAJASTHAN,,GOPL6469934819715,ACTIVE,857.62,True,True,False,False,False,False
MCH3811,"bhat, anand and bakshi",,HOTELS,INDIVIDUAL,BENGALURU,KARNATAKA,,4680162216,ACTIVE,563.14,False,True,False,False,False,False
MCH3254,"Chanda, Maharaj and Chandra",4131,TRANSPORTATION,PARTNERSHIP,HYD,TELANGANA,2025-11-03 00:00:00,TXWB1746078464859,ACTIVE,1842.04,True,True,False,False,False,False
MCH6228,"Kar, Agarwal and Karpe",5812,EATING_PLACE,PRIVATE_LIMITED,BENGALURU,KARNATAKA,2024-08-05 00:00:00,,SUSPENDED,1145.75,True,False,False,False,False,False
MCH9008,"GOUR, AMBLE AND BAKSHI",5411,GROCERY_STORES,SOLE_PROPRIETOR,AMRITSAR,PUNJAB,2024-12-18 18:50:53,NUSH9143769186873,ACTIVE,1167.35,True,True,False,False,False,False
MCH1532,sarna-kota,05999,MISCELLANEOUS,PRIVATE_LIMITED,NEW_DELHI,DELHI,2024-10-21 00:00:00,,ACTIVE,4843.68,False,False,False,False,False,False
MCH2696,"Dave, Chaudhari and Bhatti",5411,GROCERIES,INDIVIDUAL,DELHI,DELHI,2024-11-25 00:00:00,XXXX0248,SUSPENDED,,True,False,True,False,False,False
MCH7627,Maharaj-Narain,5311,DEPARTMENT_STORES,INDIVIDUAL,LKO,UTTAR_PRADESH,2023-03-26 02:43:00,YXZM1071683755810,ACTIVE,508.95,True,True,False,False,False,False
MCH7830,Hegde Ltd,,TRANSPRT,SOLE_PROPRIETOR,BANGALORE,KARNATAKA,,,ACTIVE,,False,False,False,False,False,False
MCH9021,Dubey PLC,4814,TELECOM,PRIVATE_LIMITED,JPR,RAJASTHAN,,DCIU7751773884205,INACTIVE,214.99,True,True,False,False,True,False
MCH2813,"Panchal, Pradhan and Bora",5812,FOOD,INDIVIDUAL,JALANDHAR,PUNJAB,,,ACTIVE,,True,False,True,False,True,False
MCH7709,"JANI, SIDHU AND TRIPATHI",4131,TRANSPORT,PARTNERSHIP,JAIPUR,RAJASTHAN,,KEWA6292181807133,ACTIVE,451.31,True,True,False,False,True,False
MCH6104,Keer-Gade,5311,DEPARTMENT_STORE,INDIVIDUAL,CALCUTTA,WEST_BENGAL,,DQNV8530720672123,INACTIVE,935.82,True,True,False,False,True,False
MCH8316,Nagi PLC,5812,RESTAURANT,PRIVATE_LIMITED,MADRAS,TAMIL_NADU,2023-09-23 00:00:00,XXXX1199,ACTIVE,1504.17,True,False,False,False,False,False
MCH6660,BISWAS GROUP,4131,TRANSPORTATION,SOLE_PROPRIETOR,CHENNAI,TAMIL_NADU,2025-03-18 22:30:52,,ACTIVE,204.05,True,False,False,False,False,False
MCH1177,"Mistry, Savant and Jha",4131,TRANSPORTATION,SOLE_PROPRIETOR,AMRITSAR,PUNJAB,2025-08-29 18:32:00,,ACTIVE,1663.99,True,False,False,False,False,False
MCH9205,Lala Ltd,4131,TRANSPORT,PRIVATE_LIMITED,KOLKATA,WEST_BENGAL,2024-11-26 04:12:00,XXXX6473,SUSPENDED,569.25,True,False,False,False,False,False
MCH7733,Bora Inc,,TELECOM,PRIVATE_LIMITED,LKO,UTTAR_PRADESH,2024-01-22 00:00:00,XXXX3762,ACTIVE,5028.38,False,False,False,False,False,False
MCH9140,Dugar-Uppal,5411,GROCERY_STORES,PARTNERSHIP,JAIPUR,RAJASTHAN,2024-12-06 06:26:10,,ACTIVE,1470.42,True,False,False,False,False,False
MCH2398,Kapur-Dani,5311,DEPT_STORE,INDIVIDUAL,CHENNAI,TAMIL_NADU,2023-09-15 16:58:35,IWCQ2998069556193,ACTIVE,711.05,True,True,False,False,False,False
MCH5141,Gera-Kashyap,4814,TELECOM,PARTNERSHIP,LUDHIANA,PUNJAB,,,ACTIVE,2000.07,True,False,False,False,True,False
MCH9126,Anne-Chahal,5411,GROCERY,PARTNERSHIP,HYDERABAD,TELANGANA,2023-03-05 00:00:00,,ACTIVE,,True,False,False,False,False,False
MCH1583,SARIN-MORE,5812,RESTAURANTS,PRIVATE_LIMITED,ASR,PUNJAB,2023-10-05 00:00:00,1923155303,ACTIVE,1435.48,True,True,False,False,False,False
MCH2283,"Dhawan, Pa11a and Krishnan",7011,HOTEL_LODGING,PARTNERSHIP,HYD,TELANGANA,,2734680306,ACTIVE,954.74,True,True,False,False,False,False
MCH5646,Luthra PLC,5942,BOOKS_STATIONERY,SOLE_PROPRIETOR,MADRAS,TAMIL_NADU,,,ACTIVE,2198.41,True,False,False,False,True,False
MCH1269,SHUKLA PLC,5699,CLOTHING,INDIVIDUAL,HYD,TELANGANA,2025-03-03 19:00:09,,ACTIVE,1758.28,True,False,False,False,False,False
MCH4881,"Wadhwa, Morar and Kara",5912,PHARMACIES,SOLE_PROPRIETOR,JALANDAR,PUNJAB,2023-08-26 00:00:00,XXXX1836,ACTIVE,367.72,True,False,False,False,False,False
MCH6492,PERI LLC,05912,PHARMACIES,INDIVIDUAL,MUMBAI,MAHARASHTRA,2025-08-20 09:18:03,,ACTIVE,3574.25,False,False,False,False,False,False
MCH6422,"Bhatnagar, Bora and Venkataraman",5912,PHARMACIES,SOLE_PROPRIETOR,POONA,MAHARASHTRA,,,ACTIVE,1587.75,True,False,False,False,True,False
MCH1210,"Dua, Buch and Kaul",,BOOK_STORE,PRIVATE_LIMITED,BOMBAY,MAHARASHTRA,,9379400368,SUSPENDED,1903.0,False,True,False,False,False,False
MCH8801,BEDI INC,5912,PHARMACY,SOLE_PROPRIETOR,LKO,UTTAR_PRADESH,2024-08-11 00:00:00,XXXX1264,ACTIVE,3479.49,True,False,False,False,False,False
MCH5715,"Bansal,AryaandBhat",5912,PHARMACY,PRIVATE_LIMITED,BANGALORE,KARNATAKA,2025-01-20 00:00:00,,ACTIVE,1290.0,True,False,False,False,False,False
MCH7429,"Sandal, Raja and Gopal",7011,HOTEL_LODGING,SOLE_PROPRIETOR,BLR,KARNATAKA,2023-12-15 00:00:00,,ACTIVE,1419.21,True,False,False,False,False,False
MCH3596,CHOUDHRY LTD,4131,TRANSPORT,PRIVATE_LIMITED,LUCKNOW,UTTAR_PRADESH,,NDFD6315987877623,ACTIVE,311.69,True,True,False,False,True,False
MCH2884,Malhotra-Sarin,5942,BOOKS_STATIONERY,SOLE_PROPRIETOR,PUNE,MAHARASHTRA,2025-02-27 00:00:00,,ACTIVE,683.54,True,False,False,False,False,False
MCH1098,"raval, yadav and yogi",7011,HOTEL,PRIVATE_LIMITED,JAIPUR,RAJASTHAN,,XXXX3614,ACTIVE,181.0,True,False,False,False,True,False
MCH1118,"BASAK, PILLAI AND ARORA",5999,RETAIL_OTHER,PRIVATE_LIMITED,MADRAS,TAMIL_NADU,,,ACTIVE,3933.25,True,False,False,False,True,False
MCH2267,Bobal and Sons,7011,HOTEL_LODGING,PARTNERSHIP,DELHI,DELHI,,NKYD4958921832559,ACTIVE,2114.71,True,True,False,False,True,False
MCH2727,Ahluwalia and Sons,5942,BOOKS_STATIONERY,PARTNERSHIP,BLR,KARNATAKA,2023-07-24 00:00:00,FLWS4381228751020,ACTIVE,133.58,True,True,False,False,False,False
MCH3308,"DHAWAN, RANGANATHAN AND LUTHRA",5699,GARMENTS,PARTNERSHIP,AMRITSAR,PUNJAB,,XXXX7835,INACTIVE,2438.38,True,False,False,False,True,False
MCH6560,"Pandit, Jayaraman and Chokshi",4814,PHONE_SERVICE,INDIVIDUAL,HYD,TELANGANA,2023-05-29 00:00:00,3945566171,ACTIVE,11930.97,True,True,False,False,False,False
MCH9400,"Dara, Desai and Sethi",5999,OTHER,PARTNERSHIP,MUMBAI,MAHARASHTRA,2025-08-23 00:00:00,,ACTIVE,2120.88,True,False,False,False,False,False
MCH7675,Suresh-Tandon,4131,BUS_TAXI,PARTNERSHIP,PUNE,MAHARASHTRA,2025-01-24 00:00:00,,ACTIVE,1022.55,True,False,False,False,False,False
MCH5328,Kaur Group,05699,GARMENTS,PARTNERSHIP,LUCKNOW,UTTAR_PRADESH,2025-04-07 20:09:14,,ACTIVE,1594.0,False,False,False,False,False,False
MCH1449,"Chadha, Ramakrishnan and Badami",7011,HOTEL_LODGING,PARTNERSHIP,HYDERABAD,TELANGANA,2023-09-28 15:52:52,,SUSPENDED,1634.83,True,False,False,False,False,False
MCH9277,Pa1-R0ut,5942,STATIONERY,INDIVIDUAL,ASR,PUNJAB,2026-02-10 18:58:24,,ACTIVE,963.33,True,False,False,False,False,False
MCH5210,"Gill, Acharya and Naidu",5912,CHEMIST,PARTNERSHIP,AMRITSAR,PUNJAB,2024-12-10 00:00:00,1435006704,SUSPENDED,1319.3,True,True,False,False,False,False
MCH1434,Kale and Sons,5812,RESTAURANTS,PRIVATE_LIMITED,JALANDAR,PUNJAB,2023-04-25 00:00:00,0258989067,ACTIVE,985.73,True,True,False,False,False,False
MCH7184,Dara Inc,,GROCERY_STORE,SOLE_PROPRIETOR,MUMBAY,MAHARASHTRA,2023-08-31 00:00:00,,ACTIVE,1095.25,False,False,False,False,False,False
MCH5684,Arora PLC,5699,CLOTHS,SOLE_PROPRIETOR,KOLKATA,WEST_BENGAL,2023-11-15 16:39:00,XXXX4030,ACTIVE,898.89,True,False,False,False,False,False
MCH8650,Konda Ltd,5999,MISCELLANEOUS,SOLE_PROPRIETOR,LUDHIANA,PUNJAB,2024-05-27 00:00:00,XXXX1884,ACTIVE,578.35,True,False,False,False,False,False
MCH2274,"KUNDA, VIG AND PARSA",5999,OTHER,SOLE_PROPRIETOR,MUMBAI,MAHARASHTRA,,XXXX2871,ACTIVE,3028.0,True,False,False,False,True,False
MCH9413,Kala-Sarkar,5912,PHARMACIES,SOLE_PROPRIETOR,HYDERABAD,TELANGANA,2023-10-25 07:38:39,XXXX4409,ACTIVE,869.76,True,False,False,False,False,False
MCH9516,"SULE, BORRA AND RATTAN",MISC,FOOD,PARTNERSHIP,AMRITSAR,PUNJAB,2023-01-19 00:01:38,,ACTIVE,,False,False,True,False,False,False
MCH3659,Kashyap LLC,4131,BUS_TAXI,PARTNERSHIP,POONA,MAHARASHTRA,2025-07-06 00:00:00,,ACTIVE,403.54,True,False,False,False,False,False
MCH8370,"ramaswamy, dugal and upadhyay",4131,TRANSPRT,SOLE_PROPRIETOR,NEW_DELHI,DELHI,,XXXX7519,ACTIVE,538.41,True,False,False,False,False,False
MCH9807,PILLAY-SULE,05912,CHEMIST,PARTNERSHIP,LDH,PUNJAB,2024-09-17 00:00:00,,ACTIVE,3555.86,False,False,False,False,False,False
MCH6983,Barman-Chand,5311,DEPARTMENT_STORES,PARTNERSHIP,DELHI,DELHI,2024-10-07 12:44:43,,ACTIVE,3713.18,True,False,False,False,False,False
MCH4094,Thakur-Shah,05311,DEPT_STORE,INDIVIDUAL,MADRAS,TAMIL_NADU,2024-12-25 00:00:00,8582719146,ACTIVE,1848.8,False,True,False,False,False,False
MCH2416,"Gokhale, Dua and Murty",5411,KIRANA,SOLE_PROPRIETOR,NEW_DELHI,DELHI,2024-09-15 00:00:00,0489469400,ACTIVE,4341.41,True,True,False,False,False,False
MCH1838,Manda-Deshpande,05942,STATIONERY,PARTNERSHIP,JALANDHAR,PUNJAB,2025-09-04 06:22:16,XYTA4197098019941,ACTIVE,2224.32,False,True,False,False,False,False
MCH9946,Koshy Group,UNKNOWN,STATIONERY,PRIVATE_LIMITED,HYDERABAD,TELANGANA,,XXXX9561,SUSPENDED,1728.0,False,False,False,False,False,False
MCH5274,"Nair, Dave and Hayre",4131,TRAVEL,INDIVIDUAL,BLR,KARNATAKA,,AJZR1927630901873,ACTIVE,598.65,True,True,False,False,True,False
MCH3399,MUNI AND SONS,5699,GARMENTS,PRIVATE_LIMITED,AMRITSAR,PUNJAB,,2117257070,ACTIVE,,True,True,True,False,True,False
MCH5823,GARDE LLC,5311,DEPARTMENT_STORES,SOLE_PROPRIETOR,BENGALURU,KARNATAKA,2023-03-15 00:00:00,XXXX1484,INACTIVE,1075.77,True,False,False,False,False,False
MCH9130,Chhabra LLC,5812,EATING_PLACE,PRIVATE_LIMITED,JALANDHAR,PUNJAB,,,ACTIVE,1786.29,True,False,False,False,True,False
MCH3553,"Goda, Padmanabhan and Goswami",4131,TRANSPORTATION,INDIVIDUAL,JAIPUR,RAJASTHAN,,,SUSPENDED,1035.0,True,False,False,False,False,False
MCH2610,"Dhar, Mahajan and Sarkar",5912,PHARMACY,PRIVATE_LIMITED,DILLI,DELHI,2025-08-09 18:24:29,GLOR5725383010765,ACTIVE,,True,True,True,False,False,False
MCH6392,NAZARETH PLC,7011,HOTEL,INDIVIDUAL,HYD,TELANGANA,2023-05-06 00:00:00,2855125611,ACTIVE,3645.82,True,True,False,False,False,False
MCH6862,Misra-Dada,4814,TELECOM,PRIVATE_LIMITED,KOLKATA,WEST_BENGAL,2025-08-12 00:00:00,XXXX0069,ACTIVE,736.0,True,False,False,False,False,False
MCH2564,Bumb and Sons,7011,HOTELS,PRIVATE_LIMITED,HYD,TELANGANA,2025-04-18 00:00:00,XXXX0675,ACTIVE,1155.71,True,False,False,False,False,False
MCH7040,Bhasin-Lala,5942,STATIONERY,INDIVIDUAL,MUMBAI,MAHARASHTRA,,FTZP5237157996499,SUSPENDED,2406.66,True,True,False,False,True,False
MCH3760,Das-Ahuja,5812,EATING_PLACE,SOLE_PROPRIETOR,LUCKNOW,UTTAR_PRADESH,2023-01-13 00:00:00,QOFI2681256583657,ACTIVE,755.0,True,True,False,False,False,False
MCH3700,"Sinha, Purohit and Shetty",5912,CHEMIST,INDIVIDUAL,BENGALURU,KARNATAKA,,2727095091,INACTIVE,1238.03,True,True,False,False,True,False
MCH2232,Saha PLC,7011,HOTEL_LODGING,PARTNERSHIP,DILLI,DELHI,2023-09-28 00:00:00,8260481168,INACTIVE,1033.0,True,True,False,False,False,False
MCH7422,Divan-Vaidya,5942,BOOK_STORE,INDIVIDUAL,JAIPUR,RAJASTHAN,2024-07-26 13:42:00,7661131218,SUSPENDED,170.31,True,True,False,False,False,False
MCH2849,Gokhale-Iyengar,4814,TELECOM,PARTNERSHIP,JALANDHAR,PUNJAB,,8509639866,ACTIVE,1215.62,True,True,False,False,False,False
MCH3572,Kohli PLC,,TRAVEL,SOLE_PROPRIETOR,DELHI,DELHI,2025-11-20 00:00:00,XXXX5864,ACTIVE,,False,False,True,False,False,False
MCH9001,Sangha-Ravi,05912,PHARMACY,INDIVIDUAL,BANGALORE,KARNATAKA,2024-10-17 00:00:00,,ACTIVE,242.09,False,False,False,False,False,False
MCH7473,"Goswami, Narang and Chaudhari",5411,GROCERIES,PARTNERSHIP,HYD,TELANGANA,,,ACTIVE,1709.42,True,False,False,False,False,False
MCH8358,Tripathi-Borah,5912,PHARMACIES,PRIVATE_LIMITED,KOLKATA,WEST_BENGAL,2025-06-12 00:00:00,BKSI3267781366733,ACTIVE,1758.66,True,True,False,False,False,False
MCH7463,CHAUDRY-NATARAJAN,5912,MEDICAL_STORE,PARTNERSHIP,CHENNAI,TAMIL_NADU,,VIFS4477584866493,ACTIVE,,True,True,False,False,True,False
MCH8910,Varkey Group,5912,PHARMACIES,INDIVIDUAL,LUDHIANA,PUNJAB,2025-02-07 02:32:41,XXXX9985,ACTIVE,9929.86,True,False,False,False,False,False
MCH2879,"Sidhu, Kumer and Venkatesh",4131,BUS_TAXI,PARTNERSHIP,BLR,KARNATAKA,2024-02-14 00:00:00,,ACTIVE,1726.8,True,False,False,False,False,False
MCH3416,"Rau, Baral and Karan",4814,PHONE_SERVICE,PRIVATE_LIMITED,LUDHIANA,PUNJAB,2024-02-02 00:00:00,,ACTIVE,894.0,True,False,False,False,False,False
MCH3600,Bhat-Naik,5999,RETAIL_OTHER,PRIVATE_LIMITED,ASR,PUNJAB,,0307550331,ACTIVE,3889.22,True,True,False,False,False,False
MCH3571,"Aurora, Kamdar and Vasa",5411,KIRANA,PRIVATE_LIMITED,LKO,UTTAR_PRADESH,2023-02-03 00:00:00,,ACTIVE,583.65,True,False,False,False,False,False
MCH1552,uppal plc,4131,TRANSPRT,SOLE_PROPRIETOR,HYDERABAD,TELANGANA,,,ACTIVE,1136.0,True,False,False,False,False,False
MCH9311,"Dyal, Mohan and Patla",5942,BOOKS,SOLE_PROPRIETOR,BENGALURU,KARNATAKA,2025-02-16 00:00:00,8480146699,ACTIVE,1774.56,True,True,False,False,False,False
MCH5822,Gandhi-Krish,5311,RETAIL,SOLE_PROPRIETOR,BANGALORE,KARNATAKA,,7874103727,ACTIVE,1268.39,True,True,False,False,True,False
MCH1861,Vora-Balan,5411,GROCERIES,SOLE_PROPRIETOR,PUNE,MAHARASHTRA,2025-10-17 00:39:00,MBHV3858162453364,INACTIVE,2646.57,True,True,False,False,False,False
MCH9811,natarajan-goswami,5699,CLOTHING,PARTNERSHIP,MUMBAY,MAHARASHTRA,2023-08-24 00:06:28,,ACTIVE,5908.31,True,False,False,False,False,False
MCH7226,"Peri, Barad and Panchal",5942,BOOKS,SOLE_PROPRIETOR,DELHI,DELHI,2024-11-30 00:00:00,VDWB1270434840968,ACTIVE,4237.0,True,True,False,False,False,False
MCH9245,zachariah-suri,5311,RETAIL,INDIVIDUAL,JALANDHAR,PUNJAB,2023-05-03 00:00:00,ZBKQ5898737738506,ACTIVE,328.18,True,True,False,False,False,False
MCH1219,Srinivas-Bobal,5912,PHARMACIES,SOLE_PROPRIETOR,MADRAS,TAMIL_NADU,2023-08-27 00:00:00,,ACTIVE,2814.27,True,False,False,False,False,False
MCH3488,Sarna-Ramaswamy,5699,CLOTHING,PRIVATE_LIMITED,KOLKATA,WEST_BENGAL,2025-12-10 17:02:29,XXXX7182,ACTIVE,1118.6,True,False,False,False,False,False
MCH1040,Krishnan and S0ns,5411,KIRANA,SOLE_PROPRIETOR,JALANDAR,PUNJAB,2023-01-06 00:00:00,5805252531,ACTIVE,1030.03,True,True,False,False,False,False
MCH9140,Raghavan-Batta,4814,TELECOM,INDIVIDUAL,BENGALURU,KARNATAKA,2024-11-04 20:20:17,HHIC1764468874406,ACTIVE,755.01,True,True,False,False,False,False
MCH8870,Solanki-Cherian,4131,TRANSPORTATION,PARTNERSHIP,KOLKATA,WEST_BENGAL,2025-07-04 00:00:00,HJDK9008014525015,ACTIVE,1597.0,True,True,False,False,False,False
MCH3541,"SRIVASTAVA, TELLA AND KONDA",4814,MOBILE_RECHARGE,PRIVATE_LIMITED,DELHI,DELHI,2024-10-31 00:00:00,XXXX6960,INACTIVE,2341.43,True,False,False,False,False,False
MCH4439,DESHPANDE LTD,5812,EATING_PLACE,PARTNERSHIP,BENGALURU,KARNATAKA,2025-04-02 00:00:00,XXXX4378,ACTIVE,,True,False,True,False,False,False
MCH2767,"Munshi, Kohli and Pai",,GARMENTS,PRIVATE_LIMITED,LKO,UTTAR_PRADESH,2026-02-28 11:47:10,6694122395,ACTIVE,1994.09,False,True,False,False,False,False
MCH8606,Prabhakar Ltd,5942,BOOK_STORE,PARTNERSHIP,MUMBAY,MAHARASHTRA,2024-11-25 22:32:00,,ACTIVE,602.72,True,False,False,False,False,False
MCH9276,TRIVEDI-KUNDA,5699,CLOTHS,INDIVIDUAL,DELHI,DELHI,2025-12-31 04:58:00,XXXX9182,ACTIVE,2310.01,True,False,False,False,False,False
MCH6692,Kamdar Inc,5999,RETAIL_OTHER,PRIVATE_LIMITED,LUCKNOW,UTTAR_PRADESH,,,ACTIVE,116.28,True,False,False,False,True,False
MCH8057,Kalla Group,5912,MEDICAL_STORE,SOLE_PROPRIETOR,MUMBAI,MAHARASHTRA,2025-08-29 00:00:00,,ACTIVE,437.01,True,False,False,False,False,False
MCH5263,"Narang, Kata and Pillai",5311,DEPARTMENT_STORES,PRIVATE_LIMITED,LUDHIANA,PUNJAB,,,ACTIVE,,True,False,False,False,True,False
MCH8893,Anand-Dada,5411,KIRANA,PRIVATE_LIMITED,DELHI,DELHI,2023-02-15 00:00:00,,ACTIVE,598.72,True,False,False,False,False,False
MCH4709,Ramakrishnan-Palla,4814,PHONE_SERVICE,INDIVIDUAL,BLR,KARNATAKA,2026-02-15 00:00:00,AMXA0608566091033,ACTIVE,1190.3,True,True,False,False,False,False
MCH2444,"Sachar, Das and Deo",4131,BUS_TAXI,SOLE_PROPRIETOR,JALANDAR,PUNJAB,2025-05-12 00:00:00,,ACTIVE,563.27,True,False,False,False,False,False
MCH7580,"Setty, Kala and Ramesh",7011,HOTEL,PARTNERSHIP,JPR,RAJASTHAN,2025-10-20 00:00:00,,ACTIVE,,True,False,True,False,False,False
MCH1087,"Mitter, Sawhney and Luthra",7011,HOTELS,PARTNERSHIP,MADRAS,TAMIL_NADU,2025-04-19 00:00:00,,SUSPENDED,2381.71,True,False,False,False,False,False
MCH4066,Nazareth Group,UNKNOWN,BOOK_STORE,SOLE_PROPRIETOR,KOLKATA,WEST_BENGAL,2023-01-28 16:03:19,XMZT2343976498711,ACTIVE,,False,True,True,False,False,False
MCH8169,"Kapur, Prashad and Srinivasan",5999,MISCELLANEOUS,INDIVIDUAL,JAIPUR,RAJASTHAN,,XXXX1277,ACTIVE,1294.0,True,False,False,False,True,False
MCH9022,"Kunda,DugarandKari",5699,GARMENTS,INDIVIDUAL,AMRITSAR,PUNJAB,2026-01-24 00:00:00,,ACTIVE,1439.0,True,False,False,False,False,False
MCH3287,"dave, ganesan and biswas",5311,RETAIL,INDIVIDUAL,BENGALURU,KARNATAKA,,7925995111,ACTIVE,1007.0,True,True,False,False,False,False
MCH2522,Savant-Sangha,5311,RETAIL,PARTNERSHIP,MUMBAI,MAHARASHTRA,,1167145374,ACTIVE,702.03,True,True,False,False,True,False
MCH4362,Sura LLC,7011,HOTEL_LODGING,INDIVIDUAL,JAIPUR,RAJASTHAN,2023-04-23 00:00:00,2143307806,SUSPENDED,218.0,True,True,False,False,False,False
MCH9060,"RAMASWAMY, SINGHAL AND DEEP",05999,RETAIL_OTHER,INDIVIDUAL,MUMBAI,MAHARASHTRA,,,ACTIVE,1011.0,False,False,False,False,True,False
MCH5890,Apte-Sant,5311,DEPARTMENT_STORE,PARTNERSHIP,ASR,PUNJAB,2026-01-27 00:00:00,BNKX3894227656030,INACTIVE,2687.77,True,True,False,False,False,False
MCH1327,GandhiPLC,5699,GARMENTS,SOLE_PROPRIETOR,LKO,UTTAR_PRADESH,2023-11-02 00:00:00,XXXX1458,ACTIVE,902.09,True,False,False,False,False,False
MCH8636,GHOSH-DASH,05942,STATIONERY,PARTNERSHIP,ASR,PUNJAB,2023-09-06 09:12:03,8172688665,ACTIVE,3699.41,False,True,False,False,False,False
MCH2676,"Kohli, Biswas and Aggarwal",5912,CHEMIST,PARTNERSHIP,PUNE,MAHARASHTRA,2026-01-30 00:00:00,LQDP7543612313020,INACTIVE,,True,True,False,False,False,False
MCH6654,Tella Group,5812,RESTAURANT,SOLE_PROPRIETOR,HYDERABAD,TELANGANA,,,ACTIVE,1438.0,True,False,False,False,False,False
MCH2418,Majumdar-Hegde,5411,GROCERIES,PARTNERSHIP,PUNE,MAHARASHTRA,,,ACTIVE,,True,False,True,False,True,False
MCH4148,"Muni, Chaudhari and De",5999,OTHER,PRIVATE_LIMITED,KOLKATA,WEST_BENGAL,2024-12-20 00:00:00,2868917120,INACTIVE,2139.38,True,True,False,False,False,False
MCH4285,Bhatnagar-Atwal,5942,BOOK_STORE,PARTNERSHIP,JALANDHAR,PUNJAB,,,INACTIVE,988.9,True,False,False,False,False,False
MCH7362,"Rege, Thaker and Sinha",5912,MEDICAL_STORE,PRIVATE_LIMITED,PUNE,MAHARASHTRA,2025-01-29 00:00:00,,ACTIVE,1915.79,True,False,False,False,False,False
MCH5683,Chauhan-Chakraborty,5912,MEDICAL_STORE,PRIVATE_LIMITED,MADRAS,TAMIL_NADU,,8678287299,ACTIVE,,True,True,False,False,True,False
MCH7196,Kunda-Bakshi,05311,RETAIL,PRIVATE_LIMITED,KOLKATA,WEST_BENGAL,2026-02-08 00:00:00,,SUSPENDED,859.44,False,False,False,False,False,False
MCH5040,NAYAR-KHATRI,4814,TELECOM,INDIVIDUAL,PUNE,MAHARASHTRA,2025-04-30 04:40:00,,ACTIVE,1055.33,True,False,False,False,False,False
MCH5639,"Viswanathan, Gupta and Varghese",7011,HOTEL,SOLE_PROPRIETOR,BOMBAY,MAHARASHTRA,2023-09-02 00:00:00,,ACTIVE,2712.0,True,False,False,False,False,False
MCH7048,Manda Inc,5942,BOOKS,SOLE_PROPRIETOR,CALCUTTA,WEST_BENGAL,2024-02-17 04:08:00,1555117689,ACTIVE,776.0,True,True,False,False,False,False
MCH9492,Mitra Gr0up,5912,CHEMIST,PRIVATE_LIMITED,KOLKATA,WEST_BENGAL,2024-07-13 00:00:00,8155802263,ACTIVE,1049.0,True,True,False,False,False,False
MCH7758,"memon, agate and deshpande",05699,CLOTHING,PARTNERSHIP,MUMBAI,MAHARASHTRA,2023-12-27 00:00:00,KYBY5368849904131,ACTIVE,362.28,False,True,False,False,False,False
MCH3668,Pandey-Uppal,4131,TRANSPORTATION,SOLE_PROPRIETOR,PUNE,MAHARASHTRA,2024-09-03 18:09:51,XXXX9816,ACTIVE,795.26,True,False,False,False,False,False
MCH8828,RANGANATHAN AND SONS,4131,TRAVEL,INDIVIDUAL,AMRITSAR,PUNJAB,2026-01-02 04:46:18,,ACTIVE,,True,False,False,False,False,False
MCH6774,PARSA LTD,5699,CLOTHS,PRIVATE_LIMITED,ASR,PUNJAB,2023-01-17 00:00:00,,ACTIVE,2007.14,True,False,False,False,False,False
MCH2105,Nagar-Misra,5912,CHEMIST,PRIVATE_LIMITED,JAIPUR,RAJASTHAN,2024-03-17 02:55:14,DJMK6141720098442,ACTIVE,1101.76,True,True,False,False,False,False
MCH8681,Suri Ltd,5699,CLOTHING,PARTNERSHIP,JALANDHAR,PUNJAB,2025-07-19 03:33:54,TFNO3503811861510,ACTIVE,1034.26,True,True,False,False,False,False
MCH3144,raval-korpal,7011,HOTELS,PARTNERSHIP,NEW_DELHI,DELHI,,,ACTIVE,1879.74,True,False,False,False,False,False
MCH7639,Comar PLC,5411,GROCERIES,PRIVATE_LIMITED,DELHI,DELHI,2023-11-29 00:00:00,,ACTIVE,2058.56,True,False,False,False,False,False
MCH1446,Sunder-Sathe,5311,DEPARTMENT_STORES,SOLE_PROPRIETOR,CHENNAI,TAMIL_NADU,2024-11-18 00:00:00,XXXX0028,ACTIVE,3885.08,True,False,False,False,False,False
MCH5749,"Chaudry, Minhas and Chatterjee",5812,FOOD,PRIVATE_LIMITED,BOMBAY,MAHARASHTRA,2024-05-09 00:00:00,,ACTIVE,1621.0,True,False,False,False,False,False
MCH5812,aurora and sons,7011,HOTEL,SOLE_PROPRIETOR,HYDERABAD,TELANGANA,,7984668048,ACTIVE,410.12,True,True,False,False,True,False
MCH7667,solanki llc,4814,TELECOM,SOLE_PROPRIETOR,LUCKNOW,UTTAR_PRADESH,2024-06-28 00:00:00,,ACTIVE,1620.69,True,False,False,False,False,False
MCH8798,Ch0wdhury-Su1e,5311,DEPT_STORE,INDIVIDUAL,JALANDHAR,PUNJAB,2024-12-28 02:38:26,CPUC4526229447155,ACTIVE,207.92,True,True,False,False,False,False
MCH2084,"Murthy, Dutt and Bakshi",4131,TRAVEL,PRIVATE_LIMITED,MUMBAI,MAHARASHTRA,2024-04-03 00:00:00,,ACTIVE,659.75,True,False,False,False,False,False
MCH6583,Raval-Badal,5912,PHARMACIES,INDIVIDUAL,KOLKATA,WEST_BENGAL,2025-11-07 00:00:00,6285750236,ACTIVE,2083.0,True,True,False,False,False,False
MCH4463,Bera-Kota,5699,CLOTHS,PARTNERSHIP,AMRITSAR,PUNJAB,,,SUSPENDED,4533.0,True,False,False,False,True,False
MCH4205,Behl-Narula,05311,DEPT_STORE,SOLE_PROPRIETOR,CALCUTTA,WEST_BENGAL,2023-11-27 20:51:25,,ACTIVE,4442.0,False,False,False,False,False,False
MCH9856,"Gala, Nadig and Borra",5411,GROCERY,PARTNERSHIP,LUCKNOW,UTTAR_PRADESH,2025-10-13 23:24:00,DZVT3507500653540,ACTIVE,1744.37,True,True,False,False,False,False
MCH2550,Dhaliwal LLC,4814,TELECOM,INDIVIDUAL,CHENNAI,TAMIL_NADU,2024-08-25 00:00:00,,ACTIVE,,True,False,True,False,False,False
MCH3122,"Bobal, Ramachandran and Guha",5912,CHEMIST,SOLE_PROPRIETOR,KOLKATA,WEST_BENGAL,2025-01-21 00:00:00,FHGU4599451146972,ACTIVE,1010.17,True,True,False,False,False,False
MCH6844,"bedi, gill and dube",7011,HOSPITALITY,PARTNERSHIP,KOLKATA,WEST_BENGAL,,MUIE3650763763562,ACTIVE,713.58,True,True,False,False,True,False
MCH3221,Baria-Dube,7011,HOTELS,SOLE_PROPRIETOR,KOLKATA,WEST_BENGAL,,CKDG4069954350716,INACTIVE,338.34,True,True,False,False,False,False
MCH9595,Kapur Inc,5999,MISCELLANEOUS,PRIVATE_LIMITED,CHENNAI,TAMIL_NADU,2023-10-26 00:00:00,FKYL3305691122715,ACTIVE,,True,True,False,False,False,False
MCH4051,Dixit-Chaudry,,DEPT_STORE,PRIVATE_LIMITED,LUCKNOW,UTTAR_PRADESH,2024-08-17 00:00:00,RUAK0632911011346,ACTIVE,,False,True,False,False,False,False
MCH2231,"Goyal, Balakrishnan and Patla",7011,HOTEL_LODGING,PRIVATE_LIMITED,BLR,KARNATAKA,2024-11-10 09:09:32,,INACTIVE,1360.71,True,False,False,False,False,False
MCH4028,TANEJA-BHATTACHARYYA,4131,TRANSPORT,PARTNERSHIP,LUCKNOW,UTTAR_PRADESH,2023-07-14 00:00:00,,ACTIVE,2673.0,True,False,False,False,False,False
MCH3139,"Chaudhry, Barman and Choudhury",5942,BOOKS_STATIONERY,SOLE_PROPRIETOR,BENGALURU,KARNATAKA,2024-01-12 22:39:28,5767179524,ACTIVE,4138.0,True,True,False,False,False,False
MCH9038,"Dara, Pai and Saxena",UNKNOWN,GARMENTS,SOLE_PROPRIETOR,LDH,PUNJAB,2024-04-18 00:00:00,0739300438,INACTIVE,2740.86,False,True,False,False,False,False
MCH2172,Pandey Group,5699,CLOTHING,INDIVIDUAL,AMRITSAR,PUNJAB,2023-10-03 00:00:00,,INACTIVE,544.85,True,False,False,False,False,False
MCH6278,"Keer, Sha and Sama",05912,MEDICAL,PARTNERSHIP,KOLKATA,WEST_BENGAL,2025-08-23 00:00:00,2867105387,ACTIVE,8713.68,False,True,False,False,False,False
MCH1491,Tripathi Ltd,5699,APPAREL,PRIVATE_LIMITED,CALCUTTA,WEST_BENGAL,2024-06-20 00:00:00,XXXX2255,ACTIVE,,True,False,True,False,False,False
MCH3021,"Gupta, Mukherjee and Setty",4131,BUS_TAXI,SOLE_PROPRIETOR,MUMBAI,MAHARASHTRA,2026-02-14 00:00:00,XXXX2366,ACTIVE,614.86,True,False,False,False,False,False
MCH6676,Balakrishnan-Baral,4131,TRANSPORT,PARTNERSHIP,CHENNAI,TAMIL_NADU,2025-08-02 10:17:51,,ACTIVE,1126.87,True,False,False,False,False,False
MCH4277,Khalsa Inc,5311,DEPT_STORE,INDIVIDUAL,AMRITSAR,PUNJAB,2023-01-31 21:37:31,FHSK9777802879372,ACTIVE,1332.99,True,True,False,False,False,False
MCH8210,Bains Group,5912,MEDICAL,PARTNERSHIP,DELHI,DELHI,2025-05-06 00:00:00,4433554214,ACTIVE,2128.0,True,True,False,False,False,False
MCH6158,"Dhingra, Ratti and Palla",4131,BUS_TAXI,SOLE_PROPRIETOR,AMRITSAR,PUNJAB,2023-04-26 00:00:00,VDGT0468038681462,ACTIVE,1443.6,True,True,False,False,False,False
MCH5669,"Sodhi, Luthra and Batta",5812,RESTAURANTS,PRIVATE_LIMITED,JALANDHAR,PUNJAB,2025-10-08 07:29:30,XXXX1040,ACTIVE,1557.34,True,False,False,False,False,False
MCH4741,KARA AND SONS,,MISCELLANEOUS,PARTNERSHIP,JAIPUR,RAJASTHAN,2023-02-13 00:00:00,XXXX2970,ACTIVE,2009.21,False,False,False,False,False,False
MCH8965,bajaj ltd,5942,STATIONERY,INDIVIDUAL,CHENNAI,TAMIL_NADU,2025-01-30 07:02:00,XXXX4056,ACTIVE,326.0,True,False,False,False,False,False
MCH9651,Thakkar-Dass,5311,DEPARTMENT_STORES,PRIVATE_LIMITED,JALANDHAR,PUNJAB,2023-03-28 04:13:28,,ACTIVE,2535.0,True,False,False,False,False,False
MCH3251,BALAN-KUNDA,5411,GROCERY,INDIVIDUAL,LDH,PUNJAB,2024-12-14 00:00:00,,ACTIVE,3266.06,True,False,False,False,False,False
MCH4338,Johal-Dara,7011,HOTEL,INDIVIDUAL,JPR,RAJASTHAN,,XXXX8581,SUSPENDED,3419.42,True,False,False,False,True,False
MCH3938,Acharya Group,7011,HOTEL,SOLE_PROPRIETOR,KOLKATA,WEST_BENGAL,2024-10-17 00:00:00,,ACTIVE,2349.37,True,False,False,False,False,False
MCH9223,Ram LLC,5912,MEDICAL_STORE,SOLE_PROPRIETOR,DELHI,DELHI,,,ACTIVE,633.68,True,False,False,False,False,False
MCH1922,"DEO, SARAF AND KALE",,STATIONERY,SOLE_PROPRIETOR,LUCKNOW,UTTAR_PRADESH,,,ACTIVE,2507.85,False,False,False,False,False,False
MCH8819,AcharyaInc,5912,MEDICAL_STORE,PRIVATE_LIMITED,LUDHIANA,PUNJAB,2024-02-27 00:00:00,XXXX4379,ACTIVE,2075.22,True,False,False,False,False,False
MCH2106,"Doctor, Karnik and Sridhar",5999,RETAIL_OTHER,PARTNERSHIP,BENGALURU,KARNATAKA,2023-08-16 00:00:00,XXXX6082,INACTIVE,871.69,True,False,False,False,False,False
MCH5493,KANT-BHANDARI,7011,HOSPITALITY,INDIVIDUAL,MADRAS,TAMIL_NADU,,,ACTIVE,2521.07,True,False,False,False,False,False
MCH9745,ramanathan-kara,4131,TRAVEL,SOLE_PROPRIETOR,MADRAS,TAMIL_NADU,2023-11-27 13:35:38,,ACTIVE,,True,False,False,False,False,False
MCH9104,Mannan-Kaul,4131,BUS_TAXI,SOLE_PROPRIETOR,AMRITSAR,PUNJAB,2023-08-17 14:59:00,XXXX9446,ACTIVE,,True,False,True,False,False,False
MCH5619,"Iyer, Lata and Bhatnagar",4131,TRANSPRT,PARTNERSHIP,BENGALURU,KARNATAKA,,XXXX4930,ACTIVE,5962.0,True,False,False,False,True,False
MCH7013,"Batra,NarangandGala",5912,MEDICAL_STORE,SOLE_PROPRIETOR,NEW_DELHI,DELHI,2025-03-02 00:00:00,XXXX0133,ACTIVE,2875.47,True,False,False,False,False,False
MCH3558,BRAHMBHATT-PERI,7011,HOTELS,SOLE_PROPRIETOR,POONA,MAHARASHTRA,2025-10-14 11:56:55,VGYH0383362932637,ACTIVE,,True,True,False,False,False,False
MCH8504,Kohli PLC,5411,GROCERIES,SOLE_PROPRIETOR,MADRAS,TAMIL_NADU,2025-05-05 19:30:15,5858195769,ACTIVE,977.26,True,True,False,False,False,False
MCH1959,Khatri-Kumar,05912,PHARMACY,PRIVATE_LIMITED,MUMBAI,MAHARASHTRA,,VKRC9106963270153,ACTIVE,622.0,False,True,False,False,True,False
MCH4838,SRINIVASAN LTD,5699,CLOTHS,PARTNERSHIP,LUDHIANA,PUNJAB,2023-11-05 10:10:13,PWKI0930308328537,ACTIVE,193.54,True,True,False,False,False,False
MCH1955,"SRINIVAS, KHURANA AND CHOUDHRY",5999,RETAIL_OTHER,PRIVATE_LIMITED,JALANDHAR,PUNJAB,2025-01-18 12:28:00,XXXX5304,ACTIVE,883.05,True,False,False,False,False,False
MCH7757,"Uppal, Kota and Ramaswamy",4814,PHONE_SERVICE,INDIVIDUAL,DELHI,DELHI,,XXXX2473,ACTIVE,669.43,True,False,False,False,True,False
MCH8341,TARA-BEN,5311,RETAIL,INDIVIDUAL,KOLKATA,WEST_BENGAL,2023-06-26 00:00:00,,ACTIVE,1137.47,True,False,False,False,False,False
MCH3570,sura-barman,5999,OTHER,PRIVATE_LIMITED,JALANDHAR,PUNJAB,2023-05-22 22:03:03,5640847872,INACTIVE,1099.0,True,True,False,False,False,False
MCH3771,Bumb Inc,5999,RETAIL_OTHER,PARTNERSHIP,LKO,UTTAR_PRADESH,,,ACTIVE,2602.75,True,False,False,False,True,False
MCH3563,Dhar-Wable,,EATING_PLACE,SOLE_PROPRIETOR,MADRAS,TAMIL_NADU,2023-12-25 00:00:00,XXXX0345,ACTIVE,748.96,False,False,False,False,False,False
MCH9888,Lalla-Cherian,5411,KIRANA,SOLE_PROPRIETOR,MUMBAI,MAHARASHTRA,2023-09-01 20:16:39,,ACTIVE,2000.0,True,False,False,False,False,False
MCH2733,CHAUHAN LTD,5411,GROCERY,SOLE_PROPRIETOR,NEW_DELHI,DELHI,2024-12-27 00:00:00,,ACTIVE,872.28,True,False,False,False,False,False
MCH3940,Chad-Dara,,GROCERIES,PARTNERSHIP,MADRAS,TAMIL_NADU,,XXXX0176,ACTIVE,,False,False,True,False,True,False
MCH9949,Balan LLC,05411,GROCERIES,PRIVATE_LIMITED,ASR,PUNJAB,2024-06-27 00:00:00,XXXX7461,ACTIVE,2493.77,False,False,False,False,False,False
MCH7386,Thaman Group,7011,HOTEL,SOLE_PROPRIETOR,JALANDAR,PUNJAB,,3740809096,ACTIVE,3859.08,True,True,False,False,False,False
MCH7074,Yogi Group,5999,OTHER,INDIVIDUAL,BENGALURU,KARNATAKA,2024-04-19 00:00:00,XXXX7029,ACTIVE,3900.0,True,False,False,False,False,False
MCH7934,Srinivasan-Maharaj,5812,RESTAURANTS,PARTNERSHIP,CHENNAI,TAMIL_NADU,2023-02-23 00:00:00,,INACTIVE,1154.88,True,False,False,False,False,False
MCH1621,pandey-soni,5812,RESTAURANT,SOLE_PROPRIETOR,PUNE,MAHARASHTRA,2023-11-15 00:00:00,XXXX4420,INACTIVE,769.0,True,False,False,False,False,False
MCH7900,Basu-Sami,04131,TRANSPORTATION,INDIVIDUAL,NEW_DELHI,DELHI,2025-04-24 00:00:00,CGXR1652716099772,ACTIVE,1035.61,False,True,False,False,False,False
MCH6488,"cheema, dubey and kala",MISC,GARMENTS,PRIVATE_LIMITED,MUMBAI,MAHARASHTRA,2024-11-14 00:00:00,,ACTIVE,1180.07,False,False,False,False,False,False
MCH6873,Dar and Sons,5311,DEPARTMENT_STORE,SOLE_PROPRIETOR,JALANDAR,PUNJAB,,XXXX7759,ACTIVE,75.71,True,False,False,False,False,False
MCH9556,"Hari, Dave and Ahluwalia",4131,TRANSPRT,SOLE_PROPRIETOR,CHENNAI,TAMIL_NADU,,LIFR2342836809377,ACTIVE,4820.97,True,True,False,False,True,False
MCH7249,Prakash Group,5812,RESTAURANTS,SOLE_PROPRIETOR,MUMBAI,MAHARASHTRA,2024-11-30 17:32:21,4410967035,ACTIVE,1855.0,True,True,False,False,False,False
MCH8678,Dani-Talwar,07011,HOTEL_LODGING,PARTNERSHIP,LKO,UTTAR_PRADESH,2024-07-07 00:00:00,XXXX8500,INACTIVE,393.54,False,False,False,False,False,False
MCH9604,Merchant-Johal,5311,RETAIL,PARTNERSHIP,POONA,MAHARASHTRA,2024-10-11 00:00:00,2871306703,ACTIVE,762.2,True,True,False,False,False,False
MCH5180,Varkey Inc,5699,FASHION,INDIVIDUAL,LUCKNOW,UTTAR_PRADESH,2025-09-26 08:36:21,XXXX1928,ACTIVE,1047.37,True,False,False,False,False,False
MCH1779,"MAHARAJ, JAGGI AND REDDY",7011,HOTEL,PARTNERSHIP,BENGALURU,KARNATAKA,,,ACTIVE,1540.91,True,False,False,False,True,False
MCH1259,"Wagle, Verma and Ramanathan",,MEDICAL,PRIVATE_LIMITED,JAIPUR,RAJASTHAN,,,ACTIVE,548.2,False,False,False,False,True,False
MCH1009,Bha11a-Dave,,BUS_TAXI,INDIVIDUAL,MUMBAI,MAHARASHTRA,,BAVP5007663773178,ACTIVE,1496.0,False,True,False,False,True,False
MCH5215,Tank-Golla,5999,MISC_RETAIL,INDIVIDUAL,HYDERABAD,TELANGANA,,XXXX4115,ACTIVE,1953.0,True,False,False,False,True,False
MCH6617,"Aurora, Bhakta and Bawa",5311,DEPARTMENT_STORES,PRIVATE_LIMITED,PUNE,MAHARASHTRA,2023-11-30 00:00:00,,ACTIVE,324.91,True,False,False,False,False,False
MCH6376,"Buch, Raj and Karan",05699,APPAREL,PARTNERSHIP,HYDERABAD,TELANGANA,2024-01-08 06:57:35,IBFA8815501065293,ACTIVE,1366.82,False,True,False,False,False,False
MCH8160,Amble and Sons,5699,APPAREL,INDIVIDUAL,JPR,RAJASTHAN,2023-05-18 00:00:00,XXXX4907,ACTIVE,5769.95,True,False,False,False,False,False
MCH1706,KandaandSons,4814,PHONE_SERVICE,PRIVATE_LIMITED,CHENNAI,TAMIL_NADU,2023-08-20 20:33:03,,ACTIVE,546.33,True,False,False,False,False,False
MCH8931,"Pau, Chatterjee and Deol",7011,HOTEL,PARTNERSHIP,PUNE,MAHARASHTRA,2024-03-02 00:00:00,,ACTIVE,1739.01,True,False,False,False,False,False
MCH7149,Keer-Dua,4131,TRANSPORTATION,PRIVATE_LIMITED,DILLI,DELHI,,,ACTIVE,,True,False,True,False,True,False
MCH8062,RANDHAWA-KATA,,MISC_RETAIL,INDIVIDUAL,BOMBAY,MAHARASHTRA,2024-03-31 00:00:00,,ACTIVE,1473.0,False,False,False,False,False,False
MCH8369,Samra-Radhakrishnan,5699,APPAREL,SOLE_PROPRIETOR,BENGALURU,KARNATAKA,2024-03-18 13:50:00,IECA0291676472161,ACTIVE,2175.82,True,True,False,False,False,False
MCH1152,Raman-Choudhury,,GROCERY,PARTNERSHIP,CHENNAI,TAMIL_NADU,2025-12-19 00:00:00,XXXX0685,ACTIVE,233.0,False,False,False,False,False,False
MCH2422,SAMPATH-BALASUBRAMANIAN,,PHONE_SERVICE,PRIVATE_LIMITED,BANGALORE,KARNATAKA,2025-06-25 00:00:00,7967511719,SUSPENDED,2352.58,False,True,False,False,False,False
MCH1537,Goswami-Sibal,5812,FOOD_SERVICES,PARTNERSHIP,HYDERABAD,TELANGANA,,VFGD4255370364176,ACTIVE,360.35,True,True,False,False,True,False
MCH6455,Luthra-Wable,05999,MISCELLANEOUS,PARTNERSHIP,BOMBAY,MAHARASHTRA,,7955476293,ACTIVE,1528.51,False,True,False,False,True,False
MCH8980,"peri, karpe and saraf",,GARMENTS,SOLE_PROPRIETOR,JALANDAR,PUNJAB,2024-10-24 00:00:00,XXXX9158,ACTIVE,277.5,False,False,False,False,False,False
MCH2021,Shenoy-Wable,5912,CHEMIST,SOLE_PROPRIETOR,DELHI,DELHI,,BNOS2436378037599,ACTIVE,2287.51,True,True,False,False,True,False
MCH9550,Chandra-Sangha,05942,BOOK_STORE,SOLE_PROPRIETOR,HYD,TELANGANA,2025-12-18 00:00:00,,ACTIVE,674.9,False,False,False,False,False,False
MCH4716,Goda-Agate,5411,GROCERIES,SOLE_PROPRIETOR,DILLI,DELHI,,5226052062,SUSPENDED,1438.61,True,True,False,False,True,False
MCH5224,Prabhakar-Baral,5999,MISCELLANEOUS,SOLE_PROPRIETOR,DELHI,DELHI,,VAHS1051982392955,ACTIVE,873.18,True,True,False,False,True,False
MCH9400,SACHAR PLC,5942,BOOKS_STATIONERY,SOLE_PROPRIETOR,KOLKATA,WEST_BENGAL,2023-03-28 00:00:00,,ACTIVE,872.66,True,False,False,False,False,False
MCH5883,Pillai Ltd,,BOOKS_STATIONERY,PARTNERSHIP,PUNE,MAHARASHTRA,2024-10-18 00:00:00,ELEN4323090043469,ACTIVE,2102.56,False,True,False,False,False,False
MCH6150,Nagarajan-Peri,,PHONE_SERVICE,SOLE_PROPRIETOR,DILLI,DELHI,2024-04-19 00:00:00,XXXX0784,ACTIVE,414.2,False,False,False,False,False,False
MCH9940,Mutti-Chakraborty,,RESTAURANTS,PRIVATE_LIMITED,JAIPUR,RAJASTHAN,,,INACTIVE,1326.53,False,False,False,False,True,False
MCH3291,Sanghvi-Nair,7011,HOTEL_LODGING,PRIVATE_LIMITED,BANGALORE,KARNATAKA,2023-09-25 00:00:00,,ACTIVE,3917.0,True,False,False,False,False,False
MCH8931,Ramaswamy-Bhasin,5812,FOOD_SERVICES,PARTNERSHIP,HYD,TELANGANA,2024-05-23 00:00:00,,INACTIVE,1406.0,True,False,False,False,False,False
MCH2738,Grover PLC,4131,TRAVEL,PARTNERSHIP,PUNE,MAHARASHTRA,2025-11-22 22:59:56,,ACTIVE,4547.63,True,False,False,False,False,False
MCH3786,Ratta-Bhasin,05999,MISC_RETAIL,PARTNERSHIP,BENGALURU,KARNATAKA,2023-08-22 00:00:00,,ACTIVE,1037.97,False,False,False,False,False,False
MCH1756,Vala-Cheema,5311,RETAIL,INDIVIDUAL,NEW_DELHI,DELHI,,XXXX7019,ACTIVE,1245.26,True,False,False,False,True,False
MCH9266,"Badami, Pathak and Nanda",5699,CLOTHING,PRIVATE_LIMITED,PUNE,MAHARASHTRA,,3246654174,ACTIVE,157.82,True,True,False,False,True,False
MCH4701,Bhagat and Sons,4131,TRANSPORTATION,INDIVIDUAL,HYDERABAD,TELANGANA,2025-03-17 00:00:00,FBYF6895567808971,ACTIVE,493.82,True,True,False,False,False,False
MCH3530,DUGAR PLC,5699,GARMENTS,INDIVIDUAL,LDH,PUNJAB,,,ACTIVE,,True,False,False,False,True,False
MCH3605,Bhasin Ltd,04131,TRAVEL,PARTNERSHIP,LDH,PUNJAB,2023-11-15 00:00:00,,ACTIVE,1858.98,False,False,False,False,False,False
MCH3661,"Tak, Sandhu and Baria",5311,DEPT_STORE,INDIVIDUAL,BENGALURU,KARNATAKA,2023-04-02 00:00:00,UIJD2569404575285,SUSPENDED,865.02,True,True,False,False,False,False
MCH7845,Bhasin-Dubey,4814,PHONE_SERVICE,PRIVATE_LIMITED,LUDHIANA,PUNJAB,2024-08-22 00:00:00,8372327074,ACTIVE,994.0,True,True,False,False,False,False
MCH5912,"raman, viswanathan and garg",4814,MOBILE_RECHARGE,INDIVIDUAL,BENGALURU,KARNATAKA,,3092091837,ACTIVE,4153.0,True,True,False,False,True,False
MCH6168,"raj, sharma and panchal",4131,BUS_TAXI,PRIVATE_LIMITED,LDH,PUNJAB,2025-08-19 00:00:00,,ACTIVE,1123.84,True,False,False,False,False,False
MCH2430,Balay-Golla,5999,MISC_RETAIL,SOLE_PROPRIETOR,JALANDHAR,PUNJAB,2023-01-17 13:33:08,0079601658,INACTIVE,,True,True,True,False,False,False
MCH2912,Natt-Kohli,UNKNOWN,GROCERIES,PRIVATE_LIMITED,JALANDAR,PUNJAB,2024-07-09 22:05:41,XXXX0399,INACTIVE,1895.43,False,False,False,False,False,False
MCH5629,Barman Ltd,4131,TRANSPORT,PARTNERSHIP,NEW_DELHI,DELHI,2024-10-16 20:12:00,,ACTIVE,1135.33,True,False,False,False,False,False
MCH4682,Dora-Chander,4814,TELECOM,INDIVIDUAL,MUMBAI,MAHARASHTRA,2023-03-08 00:00:00,,ACTIVE,1036.09,True,False,False,False,False,False
MCH8080,"koshy, das and handa",5311,DEPARTMENT_STORE,PARTNERSHIP,ASR,PUNJAB,2023-10-07 00:00:00,,ACTIVE,3825.94,True,False,False,False,False,False
MCH5448,"Bala, Sha and Bera",5311,DEPARTMENT_STORE,PRIVATE_LIMITED,BENGALURU,KARNATAKA,,,ACTIVE,523.59,True,False,False,False,True,False
MCH8132,Sami-Balay,5699,GARMENTS,PRIVATE_LIMITED,BENGALURU,KARNATAKA,2025-08-20 00:20:49,XXXX7576,ACTIVE,4139.52,True,False,False,False,False,False
MCH1229,Hayre Inc,,RETAIL_OTHER,SOLE_PROPRIETOR,CALCUTTA,WEST_BENGAL,2023-08-14 00:08:00,,ACTIVE,527.5,False,False,False,False,False,False
MCH8380,Chaudhari-Behl,07011,HOTEL_LODGING,PARTNERSHIP,MUMBAY,MAHARASHTRA,2024-05-18 00:00:00,XXXX2808,ACTIVE,780.2,False,False,False,False,False,False
MCH3294,"Murty, Vala and Pall",04131,TRANSPORT,INDIVIDUAL,LUDHIANA,PUNJAB,2024-12-10 00:00:00,7450449470,ACTIVE,822.03,False,True,False,False,False,False
MCH2185,wagle inc,,MEDICAL,PRIVATE_LIMITED,POONA,MAHARASHTRA,,XXXX8242,SUSPENDED,828.0,False,False,False,False,False,False
MCH8279,Lala PLC,5411,GROCERY,SOLE_PROPRIETOR,CHENNAI,TAMIL_NADU,,,ACTIVE,416.0,True,False,False,False,False,False
MCH6530,Muni-Rout,05699,CLOTHS,INDIVIDUAL,PUNE,MAHARASHTRA,2023-10-15 00:00:00,3811526471,ACTIVE,938.29,False,True,False,False,False,False
MCH1363,Rattan-Shere,7011,HOTEL_LODGING,SOLE_PROPRIETOR,MADRAS,TAMIL_NADU,2025-08-19 00:00:00,,ACTIVE,926.5,True,False,False,False,False,False
MCH7942,Parmar-Oza,5912,MEDICAL_STORE,SOLE_PROPRIETOR,HYDERABAD,TELANGANA,2024-08-10 06:25:22,,ACTIVE,1133.78,True,False,False,False,False,False
MCH2067,"Choudhry, Bhalla and Jaggi",5942,BOOK_STORE,INDIVIDUAL,JALANDAR,PUNJAB,2023-03-11 00:00:00,,INACTIVE,952.93,True,False,False,False,False,False
MCH5283,"Ganesh, Parekh and Subramanian",05912,MEDICAL,PARTNERSHIP,HYD,TELANGANA,2025-03-02 00:00:00,,ACTIVE,307.25,False,False,False,False,False,False
MCH9555,Chandra Ltd,4814,TELECOM,PARTNERSHIP,JPR,RAJASTHAN,2023-01-10 01:23:43,XXXX4338,INACTIVE,7981.95,True,False,False,False,False,False
MCH8497,"Pandey, Dutta and Thakkar",5812,EATING_PLACE,PRIVATE_LIMITED,NEW_DELHI,DELHI,2025-09-18 03:34:00,0266895023,ACTIVE,802.0,True,True,False,False,False,False
MCH8527,"Varkey, Chacko and Sarraf",05411,KIRANA,PRIVATE_LIMITED,DELHI,DELHI,2025-07-20 12:37:01,,ACTIVE,128.48,False,False,False,False,False,False
MCH7198,Dar-Sani,7011,HOTEL,PRIVATE_LIMITED,HYDERABAD,TELANGANA,2023-06-27 13:24:21,HWWD0144016589581,ACTIVE,1840.43,True,True,False,False,False,False
MCH6716,Shan PLC,5699,GARMENTS,PARTNERSHIP,AMRITSAR,PUNJAB,2025-09-07 00:00:00,XXXX2064,ACTIVE,1208.93,True,False,False,False,False,False
MCH2418,Doctor Group,4131,TRANSPORT,SOLE_PROPRIETOR,BENGALURU,KARNATAKA,2023-03-25 11:18:00,8132788390,ACTIVE,523.42,True,True,False,False,False,False
MCH5135,swaminathan-kashyap,5942,BOOKS,SOLE_PROPRIETOR,MUMBAY,MAHARASHTRA,2024-01-22 00:00:00,RDNZ1508980329306,ACTIVE,727.31,True,True,False,False,False,False
MCH4075,Sankar-Mandal,5812,EATING_PLACE,PARTNERSHIP,LUDHIANA,PUNJAB,,XXXX6718,ACTIVE,1056.32,True,False,False,False,False,False
MCH1475,"Bora, Bhakta and Aurora",,DEPARTMENT_STORES,PRIVATE_LIMITED,CALCUTTA,WEST_BENGAL,2024-06-11 00:00:00,8871048979,ACTIVE,1652.87,False,True,False,False,False,False
MCH9362,"Lala, Oza and Chahal",5912,PHARMACIES,SOLE_PROPRIETOR,DELHI,DELHI,2024-04-25 00:00:00,XXXX6427,ACTIVE,1820.41,True,False,False,False,False,False
MCH5709,shroff-mukherjee,4814,TELECOM,PRIVATE_LIMITED,JAIPUR,RAJASTHAN,2024-11-10 18:13:32,FPQT8539252763493,ACTIVE,668.22,True,True,False,False,False,False
MCH5064,bassi inc,5812,RESTAURANT,INDIVIDUAL,DELHI,DELHI,2025-12-27 16:24:04,,INACTIVE,1024.0,True,False,False,False,False,False
MCH3409,BADAMI AND SONS,7011,HOTEL,SOLE_PROPRIETOR,BENGALURU,KARNATAKA,2024-05-31 00:00:00,,ACTIVE,1179.18,True,False,False,False,False,False
MCH3829,"Seshadri, Bansal and Ahluwalia",5311,DEPT_STORE,SOLE_PROPRIETOR,PUNE,MAHARASHTRA,2024-09-20 00:00:00,8781513092,INACTIVE,1296.0,True,True,False,False,False,False
MCH5036,Buch Inc,5942,BOOK_STORE,PARTNERSHIP,MADRAS,TAMIL_NADU,2023-02-02 00:00:00,9320708690,ACTIVE,1529.39,True,True,False,False,False,False
MCH8433,"Gill, Taneja and Bhardwaj",05411,GROCERY,INDIVIDUAL,LUCKNOW,UTTAR_PRADESH,2023-05-12 00:00:00,9035895384,SUSPENDED,5465.01,False,True,False,False,False,False
MCH2761,Sabharwa1-Pati1,5999,OTHER,PRIVATE_LIMITED,HYDERABAD,TELANGANA,2025-04-04 00:00:00,,INACTIVE,2607.92,True,False,False,False,False,False
MCH3298,"kurian, sheth and bains",5699,FASHION,INDIVIDUAL,DELHI,DELHI,2025-04-20 00:00:00,XXXX3758,ACTIVE,3789.0,True,False,False,False,False,False
MCH9551,Chaudhry-Vaidya,5942,BOOK_STORE,SOLE_PROPRIETOR,PUNE,MAHARASHTRA,2023-04-23 05:10:39,XXXX2092,ACTIVE,1013.07,True,False,False,False,False,False
MCH8551,Sule-Ganesh,5699,CLOTHING,INDIVIDUAL,KOLKATA,WEST_BENGAL,2023-03-15 04:50:00,ILTD6256269158206,ACTIVE,1452.12,True,True,False,False,False,False
MCH2832,Parmer Inc,5311,RETAIL,PRIVATE_LIMITED,PUNE,MAHARASHTRA,2025-10-26 00:00:00,,ACTIVE,831.48,True,False,False,False,False,False
MCH2240,"Shenoy, Tara and Kala",5912,MEDICAL,PARTNERSHIP,CHENNAI,TAMIL_NADU,2023-03-25 00:00:00,,ACTIVE,1500.77,True,False,False,False,False,False
MCH5627,"SRIDHAR, YOGI AND PANCHAL",5411,GROCERY_STORE,SOLE_PROPRIETOR,JPR,RAJASTHAN,2025-09-23 00:00:00,,ACTIVE,483.0,True,False,False,False,False,False
MCH8779,Tak-Wali,5812,RESTAURANTS,INDIVIDUAL,BENGALURU,KARNATAKA,2024-01-24 00:00:00,3182666424,ACTIVE,206.0,True,True,False,False,False,False
MCH3672,Ramaswamy PLC,UNKNOWN,BOOKS,PRIVATE_LIMITED,CALCUTTA,WEST_BENGAL,2025-01-24 00:00:00,XXXX8500,ACTIVE,9848.33,False,False,False,False,False,False
MCH2223,"Magar, Krishnamurthy and Maharaj",5942,BOOKS_STATIONERY,PRIVATE_LIMITED,DELHI,DELHI,,3527789859,ACTIVE,1565.53,True,True,False,False,False,False
MCH6922,"Walia, Mukherjee and Sodhi",05912,MEDICAL,PRIVATE_LIMITED,MUMBAI,MAHARASHTRA,,FUTM3546823667854,INACTIVE,371.0,False,True,False,False,False,False
MCH9806,Hari-Kant,5411,GROCERIES,INDIVIDUAL,AMRITSAR,PUNJAB,2023-12-26 00:00:00,JKYA8958406507555,ACTIVE,1398.42,True,True,False,False,False,False
MCH3889,Bhagat-Sarna,7011,HOTEL,SOLE_PROPRIETOR,KOLKATA,WEST_BENGAL,2024-06-21 09:31:16,XXXX2885,ACTIVE,2088.06,True,False,False,False,False,False
MCH8177,Bera PLC,04814,MOBILE_RECHARGE,INDIVIDUAL,AMRITSAR,PUNJAB,2023-07-14 00:00:00,3738058376,INACTIVE,491.01,False,True,False,False,False,False
MCH8056,"Pai, Doshi and Nath",4814,TELECOM,PRIVATE_LIMITED,LUCKNOW,UTTAR_PRADESH,2024-05-26 00:00:00,YMRE9652845311736,ACTIVE,581.34,True,True,False,False,False,False
MCH6002,Ch0kshi-Kibe,5699,APPAREL,SOLE_PROPRIETOR,POONA,MAHARASHTRA,2023-05-17 16:17:04,,ACTIVE,864.81,True,False,False,False,False,False
MCH6460,Deol-Narayanan,5311,RETAIL,PARTNERSHIP,MUMBAI,MAHARASHTRA,2026-01-19 08:20:00,XXXX8283,ACTIVE,878.73,True,False,False,False,False,False
MCH7913,Ganesan-S00d,5912,PHARMACY,INDIVIDUAL,DELHI,DELHI,2024-08-15 00:00:00,,ACTIVE,562.1,True,False,False,False,False,False
MCH8945,KRISH AND SONS,5912,PHARMACIES,PARTNERSHIP,MUMBAY,MAHARASHTRA,2024-01-11 00:00:00,XXXX9324,ACTIVE,411.91,True,False,False,False,False,False
MCH3703,Khatri-Shuk1a,5812,FOOD_SERVICES,PRIVATE_LIMITED,JALANDAR,PUNJAB,,,SUSPENDED,3523.05,True,False,False,False,False,False
MCH5137,"GREWAL, CHHABRA AND SAWHNEY",4131,TRANSPORTATION,SOLE_PROPRIETOR,LDH,PUNJAB,2023-06-29 00:00:00,,ACTIVE,551.72,True,False,False,False,False,False
MCH3612,"Manne, Dutt and Sah0ta",7011,HOTELS,SOLE_PROPRIETOR,JAIPUR,RAJASTHAN,2023-06-13 00:00:00,GSKL9256274813586,ACTIVE,605.01,True,True,False,False,False,False
MCH2203,"DAR, KHURANA AND VASA",5812,RESTAURANT,SOLE_PROPRIETOR,JAIPUR,RAJASTHAN,,,ACTIVE,14312.42,True,False,False,False,True,False
MCH5933,"natarajan, swaminathan and dugar",5999,RETAIL_OTHER,PARTNERSHIP,KOLKATA,WEST_BENGAL,2025-09-26 20:35:00,XXXX6381,ACTIVE,,True,False,True,False,False,False
MCH2850,Gera-Seth,4814,TELECOM,PRIVATE_LIMITED,MADRAS,TAMIL_NADU,2023-03-15 00:00:00,,ACTIVE,689.16,True,False,False,False,False,False
MCH1619,DIVAN-BHATTI,5912,PHARMACY,SOLE_PROPRIETOR,NEW_DELHI,DELHI,2025-12-24 00:00:00,,ACTIVE,477.85,True,False,False,False,False,False
MCH6183,DUTT PLC,7011,HOTEL,SOLE_PROPRIETOR,KOLKATA,WEST_BENGAL,2026-02-23 00:00:00,,ACTIVE,,True,False,True,False,False,False
MCH4811,Rattan-Raval,5812,FOOD,PARTNERSHIP,LUCKNOW,UTTAR_PRADESH,2025-06-05 00:00:00,PPVP9119915286785,ACTIVE,,True,True,True,False,False,False
MCH3819,Butala-Patla,5999,MISC_RETAIL,INDIVIDUAL,DELHI,DELHI,2023-04-08 00:00:00,XXXX5729,ACTIVE,2466.12,True,False,False,False,False,False
MCH4681,"Sengupta,VenkataramanandKonda",5411,GROCERY_STORES,INDIVIDUAL,PUNE,MAHARASHTRA,,,ACTIVE,526.79,True,False,False,False,True,False
MCH3264,Gopal Ltd,7011,HOTEL_LODGING,SOLE_PROPRIETOR,POONA,MAHARASHTRA,2023-05-14 07:52:02,,ACTIVE,1501.67,True,False,False,False,False,False
MCH1518,"Deol, Mand and Bhattacharyya",4131,TRANSPORTATION,PARTNERSHIP,JAIPUR,RAJASTHAN,2023-09-17 16:16:07,,SUSPENDED,862.0,True,False,False,False,False,False
MCH5497,Devan Ltd,5912,MEDICAL,PARTNERSHIP,KOLKATA,WEST_BENGAL,2023-11-20 00:00:00,,ACTIVE,266.7,True,False,False,False,False,False
MCH3421,"Sandhu, Saxena and Talwar",5942,STATIONERY,SOLE_PROPRIETOR,DELHI,DELHI,,XXXX6543,SUSPENDED,1117.58,True,False,False,False,False,False
MCH4623,"Gokhale, Ranganathan and Shenoy",05999,MISCELLANEOUS,PRIVATE_LIMITED,HYDERABAD,TELANGANA,2025-08-17 15:21:40,0347099856,ACTIVE,171.0,False,True,False,False,False,False
MCH8296,GARA INC,5411,GROCERIES,PARTNERSHIP,JALANDHAR,PUNJAB,2025-07-16 16:55:50,MFEL4687001236835,ACTIVE,,True,True,False,False,False,False
MCH6183,Nayar and Sons,4131,BUS_TAXI,INDIVIDUAL,JALANDHAR,PUNJAB,,XXXX7204,ACTIVE,2423.0,True,False,False,False,True,False
MCH1171,Sampath-Shroff,05912,MEDICAL_STORE,PARTNERSHIP,DILLI,DELHI,2026-01-19 05:21:00,,ACTIVE,393.94,False,False,False,False,False,False
MCH8411,Chopra Group,,EATING_PLACE,PRIVATE_LIMITED,JALANDAR,PUNJAB,,,INACTIVE,1067.4,False,False,False,False,True,False
MCH1022,Ramesh-Bhat,,OTHER,PRIVATE_LIMITED,HYDERABAD,TELANGANA,,,ACTIVE,3026.17,False,False,False,False,False,False
MCH9635,Parekh-Mammen,5411,GROCERY,PRIVATE_LIMITED,POONA,MAHARASHTRA,2025-05-07 07:22:44,,ACTIVE,1533.7,True,False,False,False,False,False
MCH1675,"sarma, saxena and chandran",MISC,DEPARTMENT_STORES,PRIVATE_LIMITED,JAIPUR,RAJASTHAN,,,ACTIVE,1777.8,False,False,False,False,True,False
MCH8592,ramaswamy plc,4814,MOBILE_RECHARGE,INDIVIDUAL,AMRITSAR,PUNJAB,,,SUSPENDED,661.0,True,False,False,False,False,False
MCH7735,GARG-BALAN,5999,MISC_RETAIL,SOLE_PROPRIETOR,LUDHIANA,PUNJAB,2024-01-24 00:00:00,7094886442,ACTIVE,,True,True,True,False,False,False
MCH5023,"B0rde, Venkataraman and Sura",,HOTELS,PRIVATE_LIMITED,CHENNAI,TAMIL_NADU,2024-06-07 00:00:00,,ACTIVE,1983.28,False,False,False,False,False,False
MCH3423,Sant-Singh,07011,HOTEL_LODGING,PARTNERSHIP,DELHI,DELHI,2023-01-01 09:47:09,9051549967,ACTIVE,11283.23,False,True,False,False,False,False
MCH5023,rastogi ltd,5411,GROCERY_STORES,INDIVIDUAL,LDH,PUNJAB,2024-09-22 20:08:35,6206604276,ACTIVE,532.62,True,True,False,False,False,False
MCH6058,Loke LLC,5942,BOOK_STORE,SOLE_PROPRIETOR,AMRITSAR,PUNJAB,,TMOY5327017538734,ACTIVE,317.07,True,True,False,False,False,False
MCH4648,Tara-Pandya,5699,CLOTHING,PARTNERSHIP,CHENNAI,TAMIL_NADU,2026-01-02 00:00:00,TEXQ3961216144905,ACTIVE,852.19,True,True,False,False,False,False
MCH3696,"pandya, maharaj and sundaram",5942,BOOK_STORE,INDIVIDUAL,POONA,MAHARASHTRA,,,SUSPENDED,416.04,True,False,False,False,True,False
MCH6577,D’Alia Inc,5699,CLOTHS,PARTNERSHIP,BANGALORE,KARNATAKA,,,ACTIVE,1979.76,True,False,False,False,True,False
MCH2077,Sahota Inc,5942,BOOK_STORE,PARTNERSHIP,LUCKNOW,UTTAR_PRADESH,,BSBT5352705836134,ACTIVE,2058.18,True,True,False,False,True,False
MCH7536,Kalla-Deo,5311,DEPT_STORE,PARTNERSHIP,KOLKATA,WEST_BENGAL,2024-08-29 00:00:00,5654813293,ACTIVE,803.42,True,True,False,False,False,False
MCH6024,"Doshi, Peri and Keer",4131,TRANSPORTATION,PARTNERSHIP,PUNE,MAHARASHTRA,2025-01-01 16:46:07,,ACTIVE,142.5,True,False,False,False,False,False
MCH1883,"BAHL, KASHYAP AND SIBAL",5812,RESTAURANT,PRIVATE_LIMITED,JALANDHAR,PUNJAB,,XXXX4248,ACTIVE,,True,False,False,False,True,False
MCH1946,Sibal LLC,7011,HOSPITALITY,SOLE_PROPRIETOR,JALANDAR,PUNJAB,2026-01-24 21:05:43,QGEZ9290048707008,ACTIVE,2804.71,True,True,False,False,False,False
MCH5664,"Om, Kari and Pandit",5812,EATING_PLACE,PARTNERSHIP,HYD,TELANGANA,2024-07-15 00:00:00,7995815997,INACTIVE,6853.27,True,True,False,False,False,False
MCH2816,Yogi-Palan,,MISCELLANEOUS,INDIVIDUAL,MUMBAI,MAHARASHTRA,2025-02-14 00:00:00,YLAY0045447026896,SUSPENDED,2753.81,False,True,False,False,False,False
MCH1816,Samra-Bhattacharyya,5912,MEDICAL,INDIVIDUAL,KOLKATA,WEST_BENGAL,,,ACTIVE,1868.22,True,False,False,False,True,False
MCH5792,"bava, krish and ghose",4131,BUS_TAXI,PARTNERSHIP,AMRITSAR,PUNJAB,,0878817279,SUSPENDED,1136.54,True,True,False,False,True,False
MCH7389,Basu-Bedi,5812,EATING_PLACE,PARTNERSHIP,BLR,KARNATAKA,,XXXX3335,ACTIVE,,True,False,False,False,True,False
MCH2123,"Pandey, Swamy and Desai",5912,CHEMIST,PRIVATE_LIMITED,HYDERABAD,TELANGANA,2024-03-31 00:00:00,1343743370,ACTIVE,2367.0,True,True,False,False,False,False
MCH5321,Maharaj Ltd,5912,PHARMACY,SOLE_PROPRIETOR,MUMBAI,MAHARASHTRA,2024-08-29 00:00:00,9534555078,INACTIVE,,True,True,True,False,False,False
MCH7765,Dyal LLC,05812,EATING_PLACE,INDIVIDUAL,AMRITSAR,PUNJAB,2025-02-27 00:00:00,XXXX8941,ACTIVE,3067.55,False,False,False,False,False,False
MCH6502,Mall PLC,5999,RETAIL_OTHER,SOLE_PROPRIETOR,CHENNAI,TAMIL_NADU,2025-05-10 03:33:00,,INACTIVE,1695.37,True,False,False,False,False,False
MCH4050,"ARYA, DYAL AND AURORA",5411,GROCERY_STORE,PARTNERSHIP,KOLKATA,WEST_BENGAL,2026-01-23 02:54:00,,ACTIVE,980.29,True,False,False,False,False,False
MCH4927,mohan plc,5699,APPAREL,INDIVIDUAL,JPR,RAJASTHAN,2025-03-04 00:00:00,MQQO7446373111287,ACTIVE,1972.99,True,True,False,False,False,False
MCH9548,Raja PLC,UNKNOWN,TRANSPORTATION,PARTNERSHIP,JPR,RAJASTHAN,2026-02-22 14:03:23,XXXX5841,ACTIVE,1649.0,False,False,False,False,False,False
MCH2441,bhatnagar plc,4814,PHONE_SERVICE,INDIVIDUAL,JAIPUR,RAJASTHAN,,4907126528,ACTIVE,1789.0,True,True,False,False,True,False
MCH8082,Contractor and Sons,7011,HOSPITALITY,SOLE_PROPRIETOR,AMRITSAR,PUNJAB,2025-02-20 00:00:00,XXXX4733,ACTIVE,4480.58,True,False,False,False,False,False
MCH7729,"Jain, Bail and Rattan",05411,GROCERY,PRIVATE_LIMITED,PUNE,MAHARASHTRA,2023-03-04 07:27:56,,ACTIVE,2571.4,False,False,False,False,False,False
MCH1977,Chahal-Kumer,5942,STATIONERY,SOLE_PROPRIETOR,CALCUTTA,WEST_BENGAL,2025-09-01 00:00:00,XXXX3479,ACTIVE,897.0,True,False,False,False,False,False
MCH2954,"Keer, Borra and Hayre",7011,HOTELS,PRIVATE_LIMITED,LDH,PUNJAB,2025-12-23 00:00:00,,ACTIVE,,True,False,True,False,False,False
MCH3698,Khanna-Bail,05912,MEDICAL,PARTNERSHIP,LUCKNOW,UTTAR_PRADESH,2024-11-10 00:00:00,,ACTIVE,2901.24,False,False,False,False,False,False
MCH4984,Rege-Mane,07011,HOTEL_LODGING,INDIVIDUAL,BENGALURU,KARNATAKA,2023-08-14 00:00:00,,INACTIVE,,False,False,True,False,False,False
MCH9350,SINGH-SANE,5411,KIRANA,PRIVATE_LIMITED,LDH,PUNJAB,2023-04-13 00:00:00,1346716181,ACTIVE,840.43,True,True,False,False,False,False
MCH7031,Chander Inc,4814,TELECOM,PRIVATE_LIMITED,POONA,MAHARASHTRA,2025-09-28 00:00:00,XXXX5142,ACTIVE,1538.5,True,False,False,False,False,False
MCH4917,"Bhat, Saha and Wable",4131,TRAVEL,PRIVATE_LIMITED,JAIPUR,RAJASTHAN,2025-04-14 00:00:00,XXXX6979,ACTIVE,6159.51,True,False,False,False,False,False
MCH9831,Kala-Wason,5942,STATIONERY,INDIVIDUAL,CHENNAI,TAMIL_NADU,2024-09-21 00:00:00,XXXX7493,ACTIVE,1222.6,True,False,False,False,False,False
MCH6856,"Dalal, Morar and Gala",07011,HOSPITALITY,PRIVATE_LIMITED,MADRAS,TAMIL_NADU,2025-11-18 11:40:38,XXXX3477,ACTIVE,,False,False,True,False,False,False
MCH8239,"Brahmbhatt, 0ak and Dhar",5411,GROCERY,PARTNERSHIP,JAIPUR,RAJASTHAN,2025-05-19 21:53:30,,ACTIVE,266.0,True,False,False,False,False,False
MCH4477,"Ray, Agate and Som",4814,TELECOM,PARTNERSHIP,AMRITSAR,PUNJAB,2025-01-27 15:16:06,3942164768,ACTIVE,3504.19,True,True,False,False,False,False
MCH5587,Pau-Gour,5812,FOOD,PRIVATE_LIMITED,PUNE,MAHARASHTRA,2025-10-13 20:14:02,AIKN3298712438615,ACTIVE,246.08,True,True,False,False,False,False
MCH5874,Mann-Ma11ick,07011,HOTEL,PARTNERSHIP,DELHI,DELHI,2023-11-29 00:00:00,7898379818,ACTIVE,1160.0,False,True,False,False,False,False
MCH4243,"Ramesh, Venkatesh and Ravel",5311,RETAIL,SOLE_PROPRIETOR,AMRITSAR,PUNJAB,2025-06-24 00:00:00,,ACTIVE,133.28,True,False,False,False,False,False
MCH7016,Ratti PLC,4131,TRAVEL,PARTNERSHIP,LKO,UTTAR_PRADESH,2025-10-18 02:35:27,HWTR3220006102269,ACTIVE,319.94,True,True,False,False,False,False
MCH9174,"Chander, Goswami and Butala",7011,HOSPITALITY,PARTNERSHIP,JALANDAR,PUNJAB,2024-06-14 12:24:00,1722137543,ACTIVE,914.67,True,True,False,False,False,False
MCH8308,Thakkar PLC,UNKNOWN,HOTEL_LODGING,SOLE_PROPRIETOR,MUMBAI,MAHARASHTRA,,LHVQ2811292052937,ACTIVE,1612.0,False,True,False,False,True,False
MCH2726,sant-sani,5411,GROCERY,INDIVIDUAL,LUCKNOW,UTTAR_PRADESH,2024-01-28 00:00:00,,SUSPENDED,2020.62,True,False,False,False,False,False
MCH7257,"Nagi, Gera and Bedi",5999,MISCELLANEOUS,SOLE_PROPRIETOR,JPR,RAJASTHAN,2023-10-29 03:03:00,,ACTIVE,786.7,True,False,False,False,False,False
MCH3181,"Kothari, Sengupta and Sandal",4131,BUS_TAXI,PRIVATE_LIMITED,LUCKNOW,UTTAR_PRADESH,,,ACTIVE,9001.75,True,False,False,False,True,False
MCH5797,Sami Ltd,5942,BOOKS,INDIVIDUAL,JALANDHAR,PUNJAB,2024-03-05 15:38:56,YJXP8191139167716,ACTIVE,651.76,True,True,False,False,False,False
MCH1994,"Naik, Bhasin and Virk",7011,HOTEL_LODGING,SOLE_PROPRIETOR,ASR,PUNJAB,2024-09-24 12:17:05,3176426647,ACTIVE,886.83,True,True,False,False,False,False
MCH4048,"Lall, Kara and Uppal",05812,FOOD,PARTNERSHIP,JALANDAR,PUNJAB,2024-06-14 00:00:00,,INACTIVE,1748.0,False,False,False,False,False,False
MCH4371,Chahal-Chaudhari,4814,PHONE_SERVICE,SOLE_PROPRIETOR,LUDHIANA,PUNJAB,2025-01-20 00:00:00,,SUSPENDED,219.82,True,False,False,False,False,False
MCH1833,"Sabharwal, Chopra and Nayar",4131,TRANSPRT,PRIVATE_LIMITED,POONA,MAHARASHTRA,2023-07-26 05:30:00,8483394590,ACTIVE,1391.53,True,True,False,False,False,False
MCH6300,Kumar PLC,5699,CLOTHS,PARTNERSHIP,JAIPUR,RAJASTHAN,2025-04-17 00:00:00,,ACTIVE,1647.52,True,False,False,False,False,False
MCH8405,Roy Ltd,,GARMENTS,PRIVATE_LIMITED,KOLKATA,WEST_BENGAL,2023-02-13 22:05:26,MAGL2579020752689,INACTIVE,1147.53,False,True,False,False,False,False
MCH8537,Mital and Sons,5411,GROCERY,PARTNERSHIP,JALANDAR,PUNJAB,2023-05-14 00:00:00,XXXX8286,ACTIVE,,True,False,True,False,False,False
MCH6256,Rana-Walia,5812,RESTAURANTS,SOLE_PROPRIETOR,LDH,PUNJAB,2025-02-27 00:00:00,XXXX5533,INACTIVE,330.34,True,False,False,False,False,False
MCH5028,"Chhabra, Deo and Chakrabarti",7011,HOTELS,PARTNERSHIP,LUDHIANA,PUNJAB,2024-03-14 00:00:00,RQQO5337522783830,INACTIVE,716.94,True,True,False,False,False,False
MCH5547,RAJU GROUP,5411,GROCERY_STORES,PARTNERSHIP,BENGALURU,KARNATAKA,2025-04-15 00:00:00,,ACTIVE,915.94,True,False,False,False,False,False
MCH3311,Sule Ltd,5942,BOOKS_STATIONERY,SOLE_PROPRIETOR,PUNE,MAHARASHTRA,2026-01-30 17:36:53,XXXX2539,ACTIVE,1079.15,True,False,False,False,False,False
MCH8032,Roy-Ramesh,5699,GARMENTS,PARTNERSHIP,BOMBAY,MAHARASHTRA,2025-05-24 00:00:00,,ACTIVE,1773.07,True,False,False,False,False,False
MCH4509,"shanker, sem and varughese",4131,BUS_TAXI,SOLE_PROPRIETOR,PUNE,MAHARASHTRA,2023-08-16 00:00:00,,ACTIVE,,True,False,False,False,False,False
MCH2418,mangal-krishnamurthy,5942,STATIONERY,INDIVIDUAL,DELHI,DELHI,2024-07-21 00:00:00,,ACTIVE,436.58,True,False,False,False,False,False
MCH8297,NAYAR LTD,5912,MEDICAL,PARTNERSHIP,CALCUTTA,WEST_BENGAL,,5258052297,INACTIVE,465.08,True,True,False,False,False,False
MCH2986,Kade-Anne,4131,TRAVEL,PARTNERSHIP,AMRITSAR,PUNJAB,2025-11-29 00:00:00,,SUSPENDED,736.81,True,False,False,False,False,False
MCH3694,"Date, Naidu and Raja",5912,PHARMACIES,PARTNERSHIP,JALANDHAR,PUNJAB,2024-11-22 04:13:38,GPTO7610757270352,ACTIVE,4933.54,True,True,False,False,False,False
MCH9692,Pandey-Behl,5812,RESTAURANTS,PRIVATE_LIMITED,HYDERABAD,TELANGANA,2024-08-31 00:00:00,XXXX3446,ACTIVE,522.57,True,False,False,False,False,False
MCH4614,BADAMI LLC,5942,STATIONERY,PARTNERSHIP,JAIPUR,RAJASTHAN,2025-04-02 17:40:30,3429375766,ACTIVE,4687.53,True,True,False,False,False,False
MCH5197,AcharyaInc,4131,TRANSPORTATION,PRIVATE_LIMITED,JALANDAR,PUNJAB,,XXXX5691,ACTIVE,699.94,True,False,False,False,False,False
MCH3558,Balakrishnan LLC,5311,DEPARTMENT_STORE,SOLE_PROPRIETOR,BENGALURU,KARNATAKA,2023-06-17 00:45:00,XXXX0210,SUSPENDED,918.0,True,False,False,False,False,False
MCH1823,"Patla, Bhasin and Parsa",,HOTEL,PARTNERSHIP,LUCKNOW,UTTAR_PRADESH,2023-06-15 00:00:00,,ACTIVE,3003.2,False,False,False,False,False,False
MCH3699,Lal Ltd,5999,OTHER,PRIVATE_LIMITED,JAIPUR,RAJASTHAN,2023-06-25 06:53:54,MSXL7767787846316,ACTIVE,479.97,True,True,False,False,False,False
MCH8132,Jain-Peri,5912,MEDICAL_STORE,SOLE_PROPRIETOR,LUDHIANA,PUNJAB,2024-10-25 00:00:00,,ACTIVE,594.94,True,False,False,False,False,False
MCH4401,BEDI AND SONS,5699,FASHION,PARTNERSHIP,CALCUTTA,WEST_BENGAL,2024-05-16 03:12:04,HWLG9372836696223,ACTIVE,557.79,True,True,False,False,False,False
MCH2910,"Mall, Sankaran and Mittal",4131,BUS_TAXI,PRIVATE_LIMITED,DELHI,DELHI,2025-09-28 00:00:00,XXXX0107,INACTIVE,3631.28,True,False,False,False,False,False
MCH6837,"Wali, Upadhyay and Shukla",05411,GROCERY_STORES,SOLE_PROPRIETOR,HYDERABAD,TELANGANA,2025-05-22 00:00:00,MLUM4465205062232,SUSPENDED,,False,True,True,False,False,False
MCH8559,"Gokhale, Dugal and Pradhan",5812,EATING_PLACE,PRIVATE_LIMITED,PUNE,MAHARASHTRA,,,SUSPENDED,2171.47,True,False,False,False,True,False
MCH7628,"Chawla, Datta and Ahuja",05411,GROCERY_STORE,PARTNERSHIP,POONA,MAHARASHTRA,,,ACTIVE,979.26,False,False,False,False,True,False
MCH3736,"Morar, Roy and Bali",,KIRANA,PRIVATE_LIMITED,LUDHIANA,PUNJAB,2023-05-18 00:00:00,1010746003,ACTIVE,1684.27,False,True,False,False,False,False
MCH7939,Mand LLC,5812,FOOD_SERVICES,PRIVATE_LIMITED,BENGALURU,KARNATAKA,2025-01-23 00:00:00,,ACTIVE,2096.4,True,False,False,False,False,False
MCH5156,"Bumb, Buch and R0ut",7011,HOTEL_LODGING,PRIVATE_LIMITED,MUMBAI,MAHARASHTRA,,,ACTIVE,1483.33,True,False,False,False,True,False
MCH3748,Bedi-Cherian,5311,RETAIL,INDIVIDUAL,MUMBAY,MAHARASHTRA,2025-03-19 00:00:00,XXXX2002,SUSPENDED,1343.58,True,False,False,False,False,False
MCH7220,Rege-Sharaf,5812,RESTAURANTS,PRIVATE_LIMITED,AMRITSAR,PUNJAB,2023-12-15 00:00:00,RRUP8952328372225,ACTIVE,978.47,True,True,False,False,False,False
MCH4135,sunder ltd,5411,GROCERY,PARTNERSHIP,LUDHIANA,PUNJAB,2025-01-28 00:00:00,,ACTIVE,6745.05,True,False,False,False,False,False
MCH8756,Warrior Inc,5699,FASHION,PRIVATE_LIMITED,JALANDAR,PUNJAB,,9910438985,ACTIVE,1476.03,True,True,False,False,True,False
MCH5117,BAVA-SANI,5311,DEPARTMENT_STORE,PRIVATE_LIMITED,AMRITSAR,PUNJAB,2023-05-07 15:56:29,ICYL7735321082205,ACTIVE,557.72,True,True,False,False,False,False
MCH5200,Saha PLC,4131,BUS_TAXI,PRIVATE_LIMITED,LUDHIANA,PUNJAB,,,ACTIVE,913.24,True,False,False,False,True,False
MCH7309,"LOKE, CHADA AND BADAL",,FASHION,SOLE_PROPRIETOR,LUDHIANA,PUNJAB,2023-07-26 00:00:00,9268725800,ACTIVE,3465.02,False,True,False,False,False,False
MCH9847,Dube and Sons,4814,TELECOM,PARTNERSHIP,DELHI,DELHI,2023-06-06 03:41:54,6626610678,ACTIVE,918.47,True,True,False,False,False,False
MCH3656,Agrawal Ltd,4814,TELECOM,PRIVATE_LIMITED,LUDHIANA,PUNJAB,2024-08-05 00:00:00,XXXX7009,ACTIVE,3644.12,True,False,False,False,False,False
MCH6785,rai llc,7011,HOTEL_LODGING,SOLE_PROPRIETOR,CHENNAI,TAMIL_NADU,2024-12-01 08:40:45,,ACTIVE,2498.92,True,False,False,False,False,False
MCH4244,"DOCTOR, PILLAY AND NORI",5311,DEPARTMENT_STORE,INDIVIDUAL,LDH,PUNJAB,2026-02-22 00:00:00,8115439991,ACTIVE,2111.57,True,True,False,False,False,False
MCH4163,Rajag0pa1an-Hans,5812,FOOD_SERVICES,SOLE_PROPRIETOR,POONA,MAHARASHTRA,2023-06-29 15:13:09,GQKM7843504448024,ACTIVE,,True,True,False,False,False,False
MCH4220,chaudry ltd,MISC,HOTEL,INDIVIDUAL,LUCKNOW,UTTAR_PRADESH,,,ACTIVE,788.42,False,False,False,False,False,False
MCH2881,J0ha1 PLC,,FOOD_SERVICES,PARTNERSHIP,ASR,PUNJAB,2023-05-16 23:44:00,WTST5086684279337,ACTIVE,807.63,False,True,False,False,False,False
MCH4804,Swamy PLC,,FASHION,PARTNERSHIP,LKO,UTTAR_PRADESH,2025-01-12 09:37:41,,SUSPENDED,207.24,False,False,False,False,False,False
MCH4858,MALHOTRA-DOCTOR,4814,TELECOM,INDIVIDUAL,LUDHIANA,PUNJAB,2024-11-20 00:00:00,4066282320,ACTIVE,7460.92,True,True,False,False,False,False
MCH6083,"Shah, Deep and Swaminathan",5411,GROCERY_STORE,PARTNERSHIP,AMRITSAR,PUNJAB,2025-06-28 00:00:00,,ACTIVE,1417.0,True,False,False,False,False,False
MCH8968,Sankar-Zachariah,05411,GROCERY_STORES,INDIVIDUAL,MADRAS,TAMIL_NADU,,VDPY3965638190434,ACTIVE,7171.02,False,True,False,False,False,False
MCH5280,Mani-Chada,4131,BUS_TAXI,SOLE_PROPRIETOR,CHENNAI,TAMIL_NADU,2025-03-18 00:00:00,XXXX6717,ACTIVE,1112.24,True,False,False,False,False,False
MCH8832,KALA LLC,,TELECOM,INDIVIDUAL,HYD,TELANGANA,,XXXX8743,ACTIVE,292.25,False,False,False,False,True,False
MCH2052,"Saraf, Maharaj and Kakar",5999,MISC_RETAIL,INDIVIDUAL,POONA,MAHARASHTRA,2025-01-30 00:00:00,XXXX8291,ACTIVE,3476.81,True,False,False,False,False,False
MCH6947,"DESAI, DARA AND DANI",,TELECOM,INDIVIDUAL,BLR,KARNATAKA,2023-10-13 16:09:00,,ACTIVE,947.15,False,False,False,False,False,False
MCH1956,"Magar, Ramakrishnan and Dhingra",5912,MEDICAL_STORE,PRIVATE_LIMITED,LDH,PUNJAB,,XXXX9114,ACTIVE,919.28,True,False,False,False,True,False
MCH9366,"Parsa, Walia and Viswanathan",5699,CLOTHING,INDIVIDUAL,JALANDHAR,PUNJAB,2024-11-13 00:00:00,XXXX5233,ACTIVE,7891.78,True,False,False,False,False,False
MCH5256,GhoshLLC,4131,TRANSPORT,INDIVIDUAL,MADRAS,TAMIL_NADU,,ASNK4892862388041,ACTIVE,429.35,True,True,False,False,False,False
MCH9239,BALAKRISHNAN-DAS,05411,GROCERIES,PARTNERSHIP,BLR,KARNATAKA,2025-12-11 06:31:01,EHOI0009201922607,ACTIVE,,False,True,False,False,False,False
MCH8055,"Gade, Dani and Daya1",5812,RESTAURANT,PRIVATE_LIMITED,BLR,KARNATAKA,2024-06-02 16:33:31,VCUQ2055885788947,INACTIVE,1539.89,True,True,False,False,False,False
MCH9377,chaudhuri plc,5699,CLOTHING,SOLE_PROPRIETOR,NEW_DELHI,DELHI,2023-04-14 00:00:00,6784208248,ACTIVE,1583.18,True,True,False,False,False,False
MCH3564,Chadha-Sarin,5812,FOOD_SERVICES,INDIVIDUAL,LKO,UTTAR_PRADESH,2024-06-09 00:00:00,XXXX4527,ACTIVE,506.02,True,False,False,False,False,False
MCH9720,Hayre Ltd,5942,STATIONERY,SOLE_PROPRIETOR,POONA,MAHARASHTRA,2024-04-24 00:00:00,,ACTIVE,507.94,True,False,False,False,False,False
MCH4051,Desai-Tank,5812,RESTAURANT,PARTNERSHIP,LUCKNOW,UTTAR_PRADESH,2025-02-21 00:00:00,XXXX7388,ACTIVE,389.0,True,False,False,False,False,False
MCH7918,Purohit LLC,5942,BOOKS_STATIONERY,PRIVATE_LIMITED,CALCUTTA,WEST_BENGAL,2024-09-06 00:00:00,XXXX2495,ACTIVE,1204.0,True,False,False,False,False,False
MCH9846,"Nadig, Saran and Prabhakar",,KIRANA,PRIVATE_LIMITED,AMRITSAR,PUNJAB,2023-05-30 00:00:00,,ACTIVE,672.0,False,False,False,False,False,False
MCH7821,Deshmukh Inc,,OTHER,PARTNERSHIP,BANGALORE,KARNATAKA,2026-01-26 00:00:00,3967998762,ACTIVE,1463.63,False,True,False,False,False,False
MCH1016,"CHAR, BHARGAVA AND CHAUDHARY",05812,RESTAURANT,PRIVATE_LIMITED,HYD,TELANGANA,,TODJ2902550918108,ACTIVE,1933.0,False,True,False,False,False,False
MCH3801,"Arya, Sachar and Khanna",5912,PHARMACY,PARTNERSHIP,BLR,KARNATAKA,2024-01-03 13:59:47,XXXX2457,SUSPENDED,639.86,True,False,False,False,False,False
MCH3386,Mody LLC,5311,RETAIL,SOLE_PROPRIETOR,BOMBAY,MAHARASHTRA,2023-12-21 00:00:00,9912276450,ACTIVE,1737.99,True,True,False,False,False,False
MCH4831,"Raja, Rout and Singh",5411,GROCERY_STORE,INDIVIDUAL,KOLKATA,WEST_BENGAL,,XXXX4829,ACTIVE,1885.15,True,False,False,False,True,False
MCH1686,Chokshi and Sons,5942,STATIONERY,INDIVIDUAL,BANGALORE,KARNATAKA,2024-02-02 00:00:00,,ACTIVE,1116.34,True,False,False,False,False,False
MCH9534,DESHMUKH-YADAV,7011,HOSPITALITY,INDIVIDUAL,HYD,TELANGANA,2024-08-13 00:00:00,XXXX7810,ACTIVE,1143.6,True,False,False,False,False,False
MCH4342,"bhavsar, mital and garde",4131,TRANSPRT,PRIVATE_LIMITED,KOLKATA,WEST_BENGAL,2025-10-06 00:00:00,,SUSPENDED,,True,False,True,False,False,False
MCH9447,Sundaram LLC,5999,RETAIL_OTHER,INDIVIDUAL,HYDERABAD,TELANGANA,2026-01-30 00:00:00,XXXX5917,ACTIVE,974.62,True,False,False,False,False,False
MCH1324,"EDWIN, SAVANT AND TANDON",7011,HOTEL,PARTNERSHIP,BANGALORE,KARNATAKA,2026-01-26 00:00:00,,ACTIVE,1192.31,True,False,False,False,False,False
MCH2264,"Sule, Sarma and Sur",5311,RETAIL,INDIVIDUAL,NEW_DELHI,DELHI,2025-10-21 00:00:00,HGHS4575612385959,SUSPENDED,4017.0,True,True,False,False,False,False
MCH2014,Sundaram and Sons,5999,MISCELLANEOUS,PRIVATE_LIMITED,LUDHIANA,PUNJAB,2024-01-27 00:00:00,XXXX5436,ACTIVE,4199.0,True,False,False,False,False,False
MCH1912,Keer-Mitra,04131,TRANSPRT,SOLE_PROPRIETOR,MADRAS,TAMIL_NADU,2024-10-27 18:55:18,XXXX9508,ACTIVE,3259.24,False,False,False,False,False,False
MCH2428,Suresh-Varma,4814,TELECOM,PRIVATE_LIMITED,HYD,TELANGANA,2024-05-31 00:00:00,XXXX3635,ACTIVE,949.0,True,False,False,False,False,False
MCH3383,Muni Inc,5999,OTHER,SOLE_PROPRIETOR,DELHI,DELHI,2023-04-21 22:36:00,XXXX2845,ACTIVE,5804.6,True,False,False,False,False,False
MCH4692,Bhat Inc,4131,TRAVEL,SOLE_PROPRIETOR,HYDERABAD,TELANGANA,,,ACTIVE,3808.17,True,False,False,False,True,False
MCH9704,"Wason, Upadhyay and Palla",5311,RETAIL,PRIVATE_LIMITED,MUMBAI,MAHARASHTRA,,0272024202,ACTIVE,,True,True,False,False,True,False
MCH2122,"Bava, Bal and Mittal",UNKNOWN,MEDICAL_STORE,INDIVIDUAL,PUNE,MAHARASHTRA,,,ACTIVE,1119.03,False,False,False,False,True,False
MCH4776,Lall Inc,05912,CHEMIST,PRIVATE_LIMITED,AMRITSAR,PUNJAB,2023-07-22 00:00:00,6483794741,ACTIVE,4262.37,False,True,False,False,False,False
MCH5660,Sama LLC,UNKNOWN,CLOTHS,PRIVATE_LIMITED,LKO,UTTAR_PRADESH,,,ACTIVE,18060.85,False,False,False,False,False,False
MCH3513,"Gade, Raghavan and Ben",5942,STATIONERY,INDIVIDUAL,CHENNAI,TAMIL_NADU,2024-07-21 08:51:00,EGJQ8131249829529,INACTIVE,1116.95,True,True,False,False,False,False
MCH7462,"MALHOTRA, SACHDEVA AND SANT",5411,GROCERY_STORE,SOLE_PROPRIETOR,HYDERABAD,TELANGANA,,EIQX3043472487822,ACTIVE,1601.35,True,True,False,False,True,False
MCH8935,tella-bawa,4131,BUS_TAXI,INDIVIDUAL,JPR,RAJASTHAN,2024-01-13 15:35:49,JHDG3104790925076,ACTIVE,997.56,True,True,False,False,False,False
MCH9266,Nazareth Ltd,5942,BOOKS,SOLE_PROPRIETOR,LKO,UTTAR_PRADESH,,,ACTIVE,1049.97,True,False,False,False,True,False
MCH3509,Dara-Rajagopalan,5912,PHARMACIES,SOLE_PROPRIETOR,KOLKATA,WEST_BENGAL,,JSXR7999494577088,ACTIVE,1651.56,True,True,False,False,True,False
MCH5193,Shetty Inc,5912,CHEMIST,PARTNERSHIP,AMRITSAR,PUNJAB,2025-07-13 00:00:00,QQWR4601081024609,ACTIVE,,True,True,True,False,False,False
MCH1305,Ghose-Batta,04131,TRANSPORT,INDIVIDUAL,HYD,TELANGANA,2025-12-20 00:00:00,,INACTIVE,380.06,False,False,False,False,False,False
MCH1162,"Anand, Mistry and Khare",5999,MISCELLANEOUS,PRIVATE_LIMITED,NEW_DELHI,DELHI,,XXXX2346,ACTIVE,1311.0,True,False,False,False,True,False
MCH1387,HANDA-TALWAR,4131,TRAVEL,SOLE_PROPRIETOR,LUCKNOW,UTTAR_PRADESH,,,ACTIVE,754.0,True,False,False,False,True,False
MCH4114,Pate1 PLC,4131,TRANSPRT,PRIVATE_LIMITED,MADRAS,TAMIL_NADU,2023-03-17 00:00:00,,ACTIVE,2658.88,True,False,False,False,False,False
MCH6721,"Saran, Varughese and Savant",5912,PHARMACIES,INDIVIDUAL,LUDHIANA,PUNJAB,,EEDF3505931890281,ACTIVE,1696.94,True,True,False,False,True,False
MCH4669,Bail PLC,4131,BUS_TAXI,SOLE_PROPRIETOR,LUCKNOW,UTTAR_PRADESH,2023-09-17 00:00:00,XXXX4093,INACTIVE,1960.77,True,False,False,False,False,False
MCH7126,Deol Ltd,5999,OTHER,PARTNERSHIP,DELHI,DELHI,2025-06-25 00:00:00,,ACTIVE,495.33,True,False,False,False,False,False
MCH9805,Sha-Mitter,5311,RETAIL,PARTNERSHIP,JALANDAR,PUNJAB,,6239132906,ACTIVE,1993.26,True,True,False,False,False,False
MCH6064,"Wable, Virk and Gaba",5812,FOOD_SERVICES,PRIVATE_LIMITED,ASR,PUNJAB,2025-06-09 01:56:12,0328512355,ACTIVE,5256.61,True,True,False,False,False,False
MCH3369,Hans LLC,5942,STATIONERY,SOLE_PROPRIETOR,MUMBAY,MAHARASHTRA,,YCNF1081951553349,ACTIVE,3188.62,True,True,False,False,False,False
MCH2306,GOSWAMI INC,7011,HOTEL_LODGING,SOLE_PROPRIETOR,BENGALURU,KARNATAKA,,4771057298,ACTIVE,1562.95,True,True,False,False,False,False
MCH1874,"Bail, Madan and Mahal",5411,GROCERY_STORES,PRIVATE_LIMITED,JALANDHAR,PUNJAB,2025-11-03 21:30:47,0723751803,ACTIVE,928.89,True,True,False,False,False,False
MCH4939,Bath-Kumer,4814,MOBILE_RECHARGE,PARTNERSHIP,DELHI,DELHI,,XXXX8414,ACTIVE,1620.24,True,False,False,False,True,False
MCH4290,Venkataraman-Wadhwa,5999,OTHER,INDIVIDUAL,LUCKNOW,UTTAR_PRADESH,2023-04-16 00:00:00,NGRS4293634400913,ACTIVE,1056.0,True,True,False,False,False,False
MCH9143,Kibe and Sons,,MOBILE_RECHARGE,INDIVIDUAL,JALANDHAR,PUNJAB,,,ACTIVE,924.79,False,False,False,False,True,False
MCH7187,Sandhu Inc,5812,RESTAURANT,INDIVIDUAL,ASR,PUNJAB,,0356861723,ACTIVE,4006.56,True,True,False,False,False,False
MCH9896,wali group,4814,TELECOM,SOLE_PROPRIETOR,PUNE,MAHARASHTRA,2023-08-15 00:00:00,,SUSPENDED,1708.02,True,False,False,False,False,False
MCH1776,Vohra and Sons,5999,RETAIL_OTHER,PRIVATE_LIMITED,LUCKNOW,UTTAR_PRADESH,2023-06-16 00:00:00,XXXX6558,ACTIVE,843.8,True,False,False,False,False,False
MCH5147,"Rao, Mahal and Wable",5999,OTHER,PRIVATE_LIMITED,JALANDAR,PUNJAB,2024-09-16 08:12:00,8569345830,ACTIVE,687.0,True,True,False,False,False,False
MCH9154,"PAL, DARA AND YADAV",5999,RETAIL_OTHER,PRIVATE_LIMITED,JAIPUR,RAJASTHAN,2025-07-12 00:00:00,XXXX2752,ACTIVE,3887.81,True,False,False,False,False,False
MCH8086,Kala LLC,,GROCERIES,PARTNERSHIP,JALANDHAR,PUNJAB,2024-12-29 00:00:00,XXXX1156,ACTIVE,1335.85,False,False,False,False,False,False
MCH9593,Daya1 Inc,,TRANSPORTATION,PARTNERSHIP,KOLKATA,WEST_BENGAL,,,ACTIVE,2414.51,False,False,False,False,True,False
MCH3935,Majumdar-Aggarwal,5311,DEPARTMENT_STORE,PRIVATE_LIMITED,DELHI,DELHI,2024-07-07 10:50:51,5282295543,ACTIVE,3614.23,True,True,False,False,False,False
MCH3046,Walla PLC,5942,BOOK_STORE,PRIVATE_LIMITED,JALANDHAR,PUNJAB,,DJCZ8193007555479,SUSPENDED,6756.54,True,True,False,False,True,False
MCH6308,Panchal PLC,5999,OTHER,PARTNERSHIP,JPR,RAJASTHAN,,,ACTIVE,3549.84,True,False,False,False,False,False
MCH9822,Thaman-Parsa,5311,DEPARTMENT_STORE,PRIVATE_LIMITED,BENGALURU,KARNATAKA,,0500860031,ACTIVE,534.71,True,True,False,False,False,False
MCH5235,Yogi-Dutt,4131,TRAVEL,SOLE_PROPRIETOR,LDH,PUNJAB,2023-10-19 00:25:55,,ACTIVE,,True,False,True,False,False,False
MCH5525,Nagy and Sons,7011,HOTEL_LODGING,PARTNERSHIP,BANGALORE,KARNATAKA,2026-01-29 04:09:00,EFCT6045045841970,ACTIVE,1141.1,True,True,False,False,False,False
MCH3587,Sagar-Raval,7011,HOTEL_LODGING,PARTNERSHIP,JALANDAR,PUNJAB,2024-07-31 00:00:00,,SUSPENDED,1064.25,True,False,False,False,False,False
MCH1128,Natt-Keer,05999,RETAIL_OTHER,SOLE_PROPRIETOR,HYD,TELANGANA,2026-01-10 12:42:55,XXXX1918,ACTIVE,1028.32,False,False,False,False,False,False
MCH5317,Seth PLC,7011,HOTEL_LODGING,SOLE_PROPRIETOR,BANGALORE,KARNATAKA,2023-03-01 07:27:37,,ACTIVE,2738.46,True,False,False,False,False,False
MCH1561,Gera-Kota,5942,BOOKS,SOLE_PROPRIETOR,JAIPUR,RAJASTHAN,2024-06-15 00:00:00,8921681390,INACTIVE,530.0,True,True,False,False,False,False
MCH5932,Jani-Sathe,4814,TELECOM,PARTNERSHIP,LUDHIANA,PUNJAB,2024-10-09 04:03:57,,INACTIVE,2383.64,True,False,False,False,False,False
MCH5477,CHOPRA INC,5411,KIRANA,INDIVIDUAL,LDH,PUNJAB,2025-01-14 15:06:24,HOQQ9340168679590,ACTIVE,878.29,True,True,False,False,False,False
MCH4401,"Misra, Sama and Shetty",4814,PHONE_SERVICE,INDIVIDUAL,POONA,MAHARASHTRA,,4220162821,ACTIVE,4329.0,True,True,False,False,True,False
MCH9911,"Pal, Dash and Nagi",4131,TRANSPORT,INDIVIDUAL,MUMBAI,MAHARASHTRA,2024-11-28 00:00:00,XXXX9114,ACTIVE,1474.73,True,False,False,False,False,False
MCH3461,"Balakrishnan, Sachdeva and Sekhon",5999,MISCELLANEOUS,INDIVIDUAL,MUMBAI,MAHARASHTRA,2025-09-23 02:42:23,QTCR6301966166012,ACTIVE,1049.37,True,True,False,False,False,False
MCH3655,Batra LLC,5912,MEDICAL_STORE,SOLE_PROPRIETOR,POONA,MAHARASHTRA,2024-08-17 00:00:00,,ACTIVE,,True,False,True,False,False,False
MCH2263,Puri-D’Alia,5311,DEPARTMENT_STORE,PRIVATE_LIMITED,ASR,PUNJAB,2024-08-29 00:00:00,CMUQ0128896673333,ACTIVE,2781.79,True,True,False,False,False,False
MCH9001,Mangat-Sachar,04814,MOBILE_RECHARGE,INDIVIDUAL,KOLKATA,WEST_BENGAL,,MHGZ0836129052576,ACTIVE,805.62,False,True,False,False,True,False
MCH6595,More-Sharma,7011,HOTEL,SOLE_PROPRIETOR,JALANDHAR,PUNJAB,2023-11-12 00:00:00,,ACTIVE,308.54,True,False,False,False,False,False
MCH6430,prakash group,4814,TELECOM,INDIVIDUAL,HYD,TELANGANA,2025-08-05 00:00:00,,SUSPENDED,5278.71,True,False,False,False,False,False
MCH1612,Salvi-Patel,05812,RESTAURANT,PARTNERSHIP,DILLI,DELHI,2023-09-05 00:00:00,3960939473,SUSPENDED,1940.8,False,True,False,False,False,False
MCH9990,Mishra Inc,5912,MEDICAL_STORE,PRIVATE_LIMITED,MUMBAY,MAHARASHTRA,2023-02-18 00:00:00,XXXX3137,ACTIVE,970.05,True,False,False,False,False,False
MCH8521,Rao Ltd,5812,FOOD,SOLE_PROPRIETOR,JAIPUR,RAJASTHAN,2023-02-05 00:00:00,1686745515,SUSPENDED,2388.44,True,True,False,False,False,False
MCH7631,DOSHI-VERMA,5942,BOOKS_STATIONERY,PARTNERSHIP,KOLKATA,WEST_BENGAL,2024-01-27 00:00:00,,ACTIVE,2548.32,True,False,False,False,False,False
MCH4454,"RAMAN, MUKHERJEE AND SINHA",5942,BOOKS_STATIONERY,SOLE_PROPRIETOR,KOLKATA,WEST_BENGAL,2024-12-26 22:24:01,NRFQ4744687183200,ACTIVE,567.26,True,True,False,False,False,False
MCH5847,Andra-Tata,5699,FASHION,PRIVATE_LIMITED,JAIPUR,RAJASTHAN,2023-01-02 11:44:45,,ACTIVE,693.92,True,False,False,False,False,False
MCH4444,Khalsa PLC,5999,RETAIL_OTHER,PARTNERSHIP,LUDHIANA,PUNJAB,2023-05-25 00:00:00,XXXX2938,ACTIVE,2332.61,True,False,False,False,False,False
MCH7074,tripathi-nayar,,TRANSPORTATION,INDIVIDUAL,CALCUTTA,WEST_BENGAL,2023-09-15 21:13:08,XXXX6196,INACTIVE,3455.86,False,False,False,False,False,False
MCH4556,Bhakta Inc,5942,BOOK_STORE,PRIVATE_LIMITED,MUMBAI,MAHARASHTRA,2026-02-03 00:00:00,,ACTIVE,881.89,True,False,False,False,False,False
MCH1966,Munshi-Bath,4131,TRAVEL,PRIVATE_LIMITED,BANGALORE,KARNATAKA,2026-01-27 00:00:00,,SUSPENDED,1858.12,True,False,False,False,False,False
MCH6321,Chander Ltd,5999,OTHER,PRIVATE_LIMITED,JAIPUR,RAJASTHAN,,,ACTIVE,380.1,True,False,False,False,False,False
MCH9119,Dyal-Salvi,4814,TELECOM,PARTNERSHIP,CHENNAI,TAMIL_NADU,2023-04-20 00:00:00,,ACTIVE,6428.96,True,False,False,False,False,False
MCH1509,"Rajan, Dash and Bora",,TRANSPORTATION,PRIVATE_LIMITED,AMRITSAR,PUNJAB,2025-04-26 00:00:00,,INACTIVE,806.0,False,False,False,False,False,False
MCH7566,KADE-BHATTACHARYYA,5912,PHARMACY,INDIVIDUAL,MUMBAI,MAHARASHTRA,2024-12-11 00:00:00,,INACTIVE,748.55,True,False,False,False,False,False
MCH7795,Maharaj PLC,5812,RESTAURANT,SOLE_PROPRIETOR,AMRITSAR,PUNJAB,2023-01-14 00:00:00,,ACTIVE,1446.0,True,False,False,False,False,False
MCH6707,Kari Ltd,,BOOKS,SOLE_PROPRIETOR,BANGALORE,KARNATAKA,2025-06-21 00:00:00,8891593046,ACTIVE,1949.47,False,True,False,False,False,False
MCH9999,"KONDA, SUBRAMANIAN AND RAU",5999,RETAIL_OTHER,INDIVIDUAL,MUMBAI,MAHARASHTRA,2024-01-16 20:59:00,,ACTIVE,510.0,True,False,False,False,False,False
MCH2954,gour group,5912,MEDICAL_STORE,PARTNERSHIP,CALCUTTA,WEST_BENGAL,2024-02-13 21:15:01,,ACTIVE,1398.0,True,False,False,False,False,False
MCH1627,DUA LTD,5999,MISCELLANEOUS,PRIVATE_LIMITED,LKO,UTTAR_PRADESH,2024-07-31 00:00:00,,ACTIVE,160.25,True,False,False,False,False,False
MCH5505,Korpal Inc,4814,TELECOM,INDIVIDUAL,BOMBAY,MAHARASHTRA,,,ACTIVE,1908.25,True,False,False,False,True,False
MCH2588,datta inc,5699,APPAREL,PRIVATE_LIMITED,JAIPUR,RAJASTHAN,2024-09-28 00:00:00,XXXX7714,ACTIVE,311.95,True,False,False,False,False,False
MCH4187,"Tella, Hayre and Patla",5812,EATING_PLACE,SOLE_PROPRIETOR,JAIPUR,RAJASTHAN,2023-09-08 00:00:00,,SUSPENDED,2332.84,True,False,False,False,False,False
MCH2470,Chadha LLC,,RETAIL_OTHER,INDIVIDUAL,LKO,UTTAR_PRADESH,2025-01-28 00:00:00,DYBS8259485877528,ACTIVE,144.47,False,True,False,False,False,False
MCH9257,Deep-Venkataraman,7011,HOTELS,PARTNERSHIP,ASR,PUNJAB,2023-12-17 00:00:00,AYAD9422325940628,ACTIVE,705.83,True,True,False,False,False,False
MCH3404,"parekh, lad and soman",5311,DEPT_STORE,INDIVIDUAL,MUMBAI,MAHARASHTRA,2023-02-16 00:00:00,PSMJ2500672647390,ACTIVE,,True,True,True,False,False,False
MCH6447,"Mody, Dara and Ray",5812,RESTAURANT,INDIVIDUAL,CALCUTTA,WEST_BENGAL,2023-05-19 00:00:00,XXXX4551,ACTIVE,860.24,True,False,False,False,False,False
MCH9335,Shenoy Group,5699,GARMENTS,PARTNERSHIP,LUCKNOW,UTTAR_PRADESH,2024-07-07 04:29:20,,ACTIVE,1203.23,True,False,False,False,False,False
MCH6974,Ramaswamy Ltd,5311,DEPARTMENT_STORES,INDIVIDUAL,DELHI,DELHI,,XXXX1883,ACTIVE,1499.0,True,False,False,False,True,False
MCH8648,MUKHOPADHYAY PLC,4131,BUS_TAXI,SOLE_PROPRIETOR,MUMBAI,MAHARASHTRA,2023-11-21 00:00:00,YHOL6648547123400,ACTIVE,1325.0,True,True,False,False,False,False
MCH2445,"Vohra, Gill and Saini",5311,DEPT_STORE,INDIVIDUAL,JPR,RAJASTHAN,2025-05-01 00:00:00,XXXX4477,INACTIVE,887.98,True,False,False,False,False,False
MCH8934,kakar group,5812,FOOD_SERVICES,SOLE_PROPRIETOR,LDH,PUNJAB,,WUVU9130782874849,ACTIVE,1507.45,True,True,False,False,False,False
MCH7386,Tara PLC,5912,CHEMIST,PRIVATE_LIMITED,HYD,TELANGANA,2025-12-17 00:00:00,,SUSPENDED,1062.8,True,False,False,False,False,False
MCH9353,"Baral, Raj and Mishra",5411,KIRANA,PARTNERSHIP,BENGALURU,KARNATAKA,2025-03-19 22:49:10,1787550452,ACTIVE,,True,True,False,False,False,False
MCH1960,Bail-Chand,5411,KIRANA,PARTNERSHIP,HYD,TELANGANA,2024-08-26 00:00:00,XXXX7716,ACTIVE,613.0,True,False,False,False,False,False
MCH5067,Mangat-Pant,4814,TELECOM,INDIVIDUAL,POONA,MAHARASHTRA,2024-02-27 00:00:00,NOGU4869470784091,ACTIVE,1263.65,True,True,False,False,False,False
MCH4082,Khurana Inc,5999,OTHER,PRIVATE_LIMITED,DELHI,DELHI,2023-06-02 00:00:00,MAKF1380226043660,INACTIVE,288.7,True,True,False,False,False,False
MCH5637,pandit-bail,5311,RETAIL,PRIVATE_LIMITED,LUCKNOW,UTTAR_PRADESH,2024-09-15 00:00:00,XXXX5250,ACTIVE,905.79,True,False,False,False,False,False
MCH5662,BUCH PLC,4131,TRAVEL,PARTNERSHIP,DELHI,DELHI,2023-01-18 20:50:14,9769098268,ACTIVE,2776.96,True,True,False,False,False,False
MCH8725,"SHAH, KRISHNA AND BORRA",5699,CLOTHING,SOLE_PROPRIETOR,LUCKNOW,UTTAR_PRADESH,2024-02-15 00:00:00,,ACTIVE,,True,False,True,False,False,False
MCH4374,Venkatesh LLC,7011,HOTEL,INDIVIDUAL,JALANDHAR,PUNJAB,2025-01-15 22:22:17,,ACTIVE,418.37,True,False,False,False,False,False
MCH4131,"Goyal, Krishnamurthy and Dewan",4131,TRANSPORT,INDIVIDUAL,JAIPUR,RAJASTHAN,2023-10-24 14:15:00,4282467745,INACTIVE,319.32,True,True,False,False,False,False
MCH4818,Trivedi-Randhawa,5411,GROCERY,PARTNERSHIP,BENGALURU,KARNATAKA,,XXXX9024,ACTIVE,1275.92,True,False,False,False,False,False
MCH5186,"Iyer, Sarma and Issac",5311,DEPARTMENT_STORE,PRIVATE_LIMITED,JAIPUR,RAJASTHAN,2023-03-27 20:46:00,WHOY9873117052427,INACTIVE,830.18,True,True,False,False,False,False
MCH7509,Narasimhan-Naidu,5699,GARMENTS,SOLE_PROPRIETOR,KOLKATA,WEST_BENGAL,2025-07-29 00:00:00,RUXH2213582281170,ACTIVE,1271.23,True,True,False,False,False,False
MCH6992,"Srivastava, Sha and Natarajan",5812,RESTAURANT,PARTNERSHIP,AMRITSAR,PUNJAB,2026-01-21 00:00:00,5921074250,ACTIVE,893.0,True,True,False,False,False,False
MCH4145,"Dalal, Dass and Vaidya",5942,BOOK_STORE,SOLE_PROPRIETOR,POONA,MAHARASHTRA,2025-09-16 00:00:00,PZMX8375142166938,SUSPENDED,,True,True,True,False,False,False
MCH6356,"pandit, wagle and kata",7011,HOSPITALITY,PRIVATE_LIMITED,ASR,PUNJAB,2024-08-03 09:31:28,XXXX6397,INACTIVE,499.8,True,False,False,False,False,False
MCH7540,Buch-Das,5311,DEPT_STORE,SOLE_PROPRIETOR,HYD,TELANGANA,2025-05-17 00:00:00,ILTI6803944844549,ACTIVE,,True,True,True,False,False,False
MCH6020,Goda Ltd,5942,BOOKS,SOLE_PROPRIETOR,LUCKNOW,UTTAR_PRADESH,,XXXX5529,ACTIVE,2555.72,True,False,False,False,True,False
MCH8921,"Palla, Kanda and Kohli",5411,GROCERY_STORES,INDIVIDUAL,JAIPUR,RAJASTHAN,2023-04-01 00:00:00,,INACTIVE,1560.65,True,False,False,False,False,False
MCH5770,kari llc,5912,MEDICAL,PRIVATE_LIMITED,HYDERABAD,TELANGANA,2025-01-29 10:38:17,,ACTIVE,573.41,True,False,False,False,False,False
MCH8324,Golla-Chaudhuri,7011,HOSPITALITY,PRIVATE_LIMITED,JALANDHAR,PUNJAB,,,ACTIVE,,True,False,False,False,True,False
MCH5596,Biswas Group,5311,RETAIL,PARTNERSHIP,BANGALORE,KARNATAKA,,MQQQ6004896266330,SUSPENDED,,True,True,True,False,True,False
MCH7832,"Sodhi, Venkataraman and Kohli",5999,MISC_RETAIL,INDIVIDUAL,DELHI,DELHI,2025-06-02 00:45:12,XXXX9396,ACTIVE,4116.49,True,False,False,False,False,False
MCH6977,SATHE-JHA,5942,BOOK_STORE,INDIVIDUAL,LKO,UTTAR_PRADESH,2023-08-06 00:00:00,XXXX2950,ACTIVE,,True,False,True,False,False,False
MCH9472,Sankaran-Om,5699,APPAREL,PRIVATE_LIMITED,DELHI,DELHI,,OYDX9439754020828,INACTIVE,4710.1,True,True,False,False,True,False
MCH5955,Lad-K0nda,5411,GROCERY,SOLE_PROPRIETOR,JPR,RAJASTHAN,2023-07-26 00:00:00,,ACTIVE,1069.21,True,False,False,False,False,False
MCH4288,KASHYAP-PUROHIT,5699,FASHION,PRIVATE_LIMITED,JPR,RAJASTHAN,2025-10-08 00:00:00,,ACTIVE,262.02,True,False,False,False,False,False
MCH8579,OM LLC,5311,DEPARTMENT_STORES,SOLE_PROPRIETOR,BLR,KARNATAKA,,IKJV1180612753786,ACTIVE,3034.67,True,True,False,False,True,False
MCH7685,"Badal, Khurana and Bansal",5311,DEPARTMENT_STORES,INDIVIDUAL,JALANDHAR,PUNJAB,2025-05-06 00:19:28,XXXX6889,INACTIVE,,True,False,True,False,False,False
MCH5217,"Kapur, Sabharwal and Chaudhuri",5311,RETAIL,SOLE_PROPRIETOR,LUCKNOW,UTTAR_PRADESH,2023-03-07 21:02:17,OZSL0162567761883,INACTIVE,499.03,True,True,False,False,False,False
MCH4754,"Chhabra, Setty and Srinivasan",5699,CLOTHS,PRIVATE_LIMITED,HYDERABAD,TELANGANA,,LSCG0121828291549,INACTIVE,2016.37,True,True,False,False,True,False
MCH3778,"Bhagat, Sama and Murthy",,PHONE_SERVICE,INDIVIDUAL,AMRITSAR,PUNJAB,2026-01-18 00:00:00,ETOX8271252256292,INACTIVE,2790.66,False,True,False,False,False,False
MCH4544,"Som, Deshmukh and Narang",5411,KIRANA,PARTNERSHIP,BANGALORE,KARNATAKA,2023-04-28 00:00:00,,ACTIVE,4619.33,True,False,False,False,False,False
MCH4642,Jaggi Ltd,5411,GROCERY_STORE,PARTNERSHIP,DELHI,DELHI,2024-04-16 00:00:00,XXXX5243,SUSPENDED,1180.53,True,False,False,False,False,False
MCH5409,Buch Inc,5699,APPAREL,SOLE_PROPRIETOR,AMRITSAR,PUNJAB,,VIYX5305249313484,ACTIVE,922.0,True,True,False,False,True,False
MCH2681,Mahajan and Sons,5699,FASHION,SOLE_PROPRIETOR,BENGALURU,KARNATAKA,2023-03-17 00:00:00,XXXX6222,ACTIVE,721.36,True,False,False,False,False,False
MCH6099,Yadav LLC,04814,TELECOM,PARTNERSHIP,BENGALURU,KARNATAKA,2025-06-16 00:00:00,7606007756,ACTIVE,4726.0,False,True,False,False,False,False
MCH5843,Wason and Sons,4814,MOBILE_RECHARGE,INDIVIDUAL,HYDERABAD,TELANGANA,2023-05-30 00:00:00,,INACTIVE,1023.46,True,False,False,False,False,False
MCH2816,Behl Group,05812,FOOD,SOLE_PROPRIETOR,AMRITSAR,PUNJAB,2023-02-17 00:00:00,UHYF4970596803050,INACTIVE,5297.33,False,True,False,False,False,False
MCH5961,Batra Ltd,5812,RESTAURANT,INDIVIDUAL,JALANDHAR,PUNJAB,2024-05-24 00:00:00,CHMJ2049480871128,ACTIVE,608.0,True,True,False,False,False,False
MCH2797,Sandhu-Singh,07011,HOTEL_LODGING,PARTNERSHIP,BENGALURU,KARNATAKA,2025-05-27 00:00:00,XXXX2336,ACTIVE,1083.54,False,False,False,False,False,False
MCH7621,Iyer-Mangal,5411,KIRANA,SOLE_PROPRIETOR,JALANDAR,PUNJAB,2023-09-14 09:28:09,9620926226,ACTIVE,1096.69,True,True,False,False,False,False
MCH2574,Bala and Sons,5699,FASHION,INDIVIDUAL,DELHI,DELHI,,HZFE1194010260924,SUSPENDED,197.23,True,True,False,False,False,False
MCH1894,Shenoy-Venkatesh,05699,CLOTHS,INDIVIDUAL,DILLI,DELHI,2024-09-16 09:00:00,CBAO3449497595676,ACTIVE,666.26,False,True,False,False,False,False
MCH3265,Rau PLC,5311,DEPARTMENT_STORES,PARTNERSHIP,POONA,MAHARASHTRA,,,ACTIVE,843.84,True,False,False,False,True,False
MCH8967,"KAKAR, MANDAL AND SEHGAL",4814,TELECOM,PRIVATE_LIMITED,DELHI,DELHI,2024-01-26 00:00:00,XXXX8902,ACTIVE,,True,False,True,False,False,False
MCH9769,Setty-Mistry,5311,RETAIL,PARTNERSHIP,MUMBAY,MAHARASHTRA,2023-10-31 00:00:00,,ACTIVE,301.79,True,False,False,False,False,False
MCH6445,Shere and Sons,5912,MEDICAL,INDIVIDUAL,LUDHIANA,PUNJAB,2025-01-28 00:00:00,,ACTIVE,766.0,True,False,False,False,False,False
MCH8591,Dutta and Sons,5999,MISC_RETAIL,INDIVIDUAL,KOLKATA,WEST_BENGAL,2025-02-02 00:00:00,XXXX4892,ACTIVE,2731.17,True,False,False,False,False,False
MCH5851,Sani Ltd,5999,RETAIL_OTHER,PARTNERSHIP,JAIPUR,RAJASTHAN,2023-02-06 00:00:00,5213441540,ACTIVE,1306.04,True,True,False,False,False,False
MCH8769,Dara-Keer,5912,PHARMACIES,PRIVATE_LIMITED,JPR,RAJASTHAN,2024-12-29 11:46:00,,ACTIVE,637.83,True,False,False,False,False,False
MCH8437,"Kurian, Yadav and Sidhu",5812,EATING_PLACE,PARTNERSHIP,ASR,PUNJAB,2024-09-09 00:00:00,,ACTIVE,1382.63,True,False,False,False,False,False
MCH8654,Bal-Rastogi,5942,BOOKS,INDIVIDUAL,LUCKNOW,UTTAR_PRADESH,,OIHN1833579743530,INACTIVE,619.2,True,True,False,False,False,False
MCH5829,Mall LLC,5699,APPAREL,SOLE_PROPRIETOR,MADRAS,TAMIL_NADU,2023-07-12 00:00:00,,ACTIVE,,True,False,True,False,False,False
MCH3321,Barad-Trivedi,,TRANSPRT,SOLE_PROPRIETOR,AMRITSAR,PUNJAB,2025-09-19 04:50:00,,ACTIVE,2096.6,False,False,False,False,False,False
MCH8091,"TRIVEDI, VOHRA AND DASH",5812,FOOD_SERVICES,SOLE_PROPRIETOR,LDH,PUNJAB,2023-03-26 00:00:00,XXXX3774,ACTIVE,1507.11,True,False,False,False,False,False
MCH6944,Amb1e-Duga1,4131,BUS_TAXI,INDIVIDUAL,BOMBAY,MAHARASHTRA,2023-02-22 00:00:00,YQIS3275286791151,ACTIVE,1017.42,True,True,False,False,False,False
MCH3328,Singh-Comar,5912,MEDICAL_STORE,SOLE_PROPRIETOR,PUNE,MAHARASHTRA,2025-12-14 00:00:00,XXXX6840,ACTIVE,,True,False,True,False,False,False
MCH7272,Kulkarni-Subramanian,4131,TRAVEL,SOLE_PROPRIETOR,BENGALURU,KARNATAKA,2023-12-21 09:01:15,XXXX7890,INACTIVE,376.69,True,False,False,False,False,False
MCH9743,Sahota-Krish,5942,STATIONERY,PRIVATE_LIMITED,LDH,PUNJAB,2023-05-22 00:00:00,,ACTIVE,873.78,True,False,False,False,False,False
MCH3601,Deshpande-Nigam,4131,TRANSPORT,PARTNERSHIP,BENGALURU,KARNATAKA,,7464108463,ACTIVE,2765.11,True,True,False,False,True,False
MCH7795,"Samra, Venkataraman and Bhatti",4131,TRAVEL,PRIVATE_LIMITED,AMRITSAR,PUNJAB,,XXXX1904,ACTIVE,723.93,True,False,False,False,True,False
MCH9456,Anne Group,5999,MISC_RETAIL,SOLE_PROPRIETOR,CHENNAI,TAMIL_NADU,2024-05-16 00:00:00,,ACTIVE,896.81,True,False,False,False,False,False
MCH4385,Bera-S0m,UNKNOWN,GROCERIES,PRIVATE_LIMITED,JALANDAR,PUNJAB,2023-05-08 00:00:00,XXXX8868,ACTIVE,2548.67,False,False,False,False,False,False
MCH2604,Sharaf-Kaur,4131,TRANSPORTATION,PRIVATE_LIMITED,LUCKNOW,UTTAR_PRADESH,2023-10-30 00:00:00,CYOT7406673710255,ACTIVE,1813.01,True,True,False,False,False,False
MCH3936,Bath Inc,5411,GROCERY_STORE,INDIVIDUAL,LUCKNOW,UTTAR_PRADESH,2023-06-13 00:00:00,,ACTIVE,879.38,True,False,False,False,False,False
MCH5861,MANNE-CHATTERJEE,05812,FOOD,SOLE_PROPRIETOR,DELHI,DELHI,2024-10-28 00:00:00,,ACTIVE,174.45,False,False,False,False,False,False
MCH5293,Palla-Dhar,4131,TRAVEL,PRIVATE_LIMITED,BENGALURU,KARNATAKA,,DZXI0061252359392,SUSPENDED,1936.57,True,True,False,False,True,False
MCH5809,Buch PLC,4131,BUS_TAXI,INDIVIDUAL,BLR,KARNATAKA,2025-01-22 00:00:00,,ACTIVE,461.99,True,False,False,False,False,False
MCH9120,sood ltd,07011,HOTEL,SOLE_PROPRIETOR,MUMBAY,MAHARASHTRA,2025-09-24 21:17:00,,ACTIVE,680.9,False,False,False,False,False,False
MCH7326,"Mandal, Behl and Bhattacharyya",7011,HOSPITALITY,SOLE_PROPRIETOR,CHENNAI,TAMIL_NADU,2024-10-26 07:07:51,,ACTIVE,1119.05,True,False,False,False,False,False
MCH4042,ROUT-MAHARAJ,05999,MISCELLANEOUS,PARTNERSHIP,AMRITSAR,PUNJAB,,LYKH2325135629245,ACTIVE,696.23,False,True,False,False,True,False
MCH1216,"Agarwal, Dave and Vala",7011,HOTELS,SOLE_PROPRIETOR,CHENNAI,TAMIL_NADU,2024-10-18 00:00:00,,ACTIVE,2228.42,True,False,False,False,False,False
MCH3384,BALA-DHALIWAL,5942,BOOK_STORE,INDIVIDUAL,MUMBAI,MAHARASHTRA,,,ACTIVE,635.55,True,False,False,False,False,False
MCH4567,Bhatti Inc,7011,HOTELS,PARTNERSHIP,HYDERABAD,TELANGANA,2023-03-29 00:00:00,XXXX2555,ACTIVE,1514.65,True,False,False,False,False,False
MCH9092,Deshmukh Inc,7011,HOTEL_LODGING,INDIVIDUAL,JALANDHAR,PUNJAB,2024-02-11 00:00:00,PJZZ8412701337348,INACTIVE,859.52,True,True,False,False,False,False
MCH8622,choudhry-krishna,7011,HOTEL_LODGING,PARTNERSHIP,PUNE,MAHARASHTRA,2025-03-18 00:00:00,,ACTIVE,196.86,True,False,False,False,False,False
MCH5618,Mital-Sandhu,5411,GROCERY_STORES,PARTNERSHIP,POONA,MAHARASHTRA,,4978324715,ACTIVE,862.0,True,True,False,False,False,False
MCH8945,"Sankar, Swamy and Char",05411,GROCERIES,SOLE_PROPRIETOR,KOLKATA,WEST_BENGAL,2026-02-26 00:00:00,XXXX4564,ACTIVE,1329.0,False,False,False,False,False,False
MCH9662,Basu-Korpal,4814,TELECOM,PRIVATE_LIMITED,POONA,MAHARASHTRA,2023-09-13 15:28:38,WZTV1265477628451,ACTIVE,1152.0,True,True,False,False,False,False
MCH9229,Anne-Parikh,,BOOKS_STATIONERY,PRIVATE_LIMITED,JAIPUR,RAJASTHAN,2025-10-23 00:00:00,,INACTIVE,173.81,False,False,False,False,False,False
MCH8013,Thakkar-Vohra,5942,BOOKS,SOLE_PROPRIETOR,BENGALURU,KARNATAKA,,8058369632,ACTIVE,,True,True,False,False,True,False
MCH2418,Dasgupta-Dhingra,04131,TRANSPORT,INDIVIDUAL,MUMBAY,MAHARASHTRA,2023-01-26 00:00:00,YNNK7976103050442,INACTIVE,665.99,False,True,False,False,False,False
MCH2093,Ghosh-Gaba,,MISC_RETAIL,SOLE_PROPRIETOR,LUDHIANA,PUNJAB,,IJYU8161082317804,ACTIVE,2389.0,False,True,False,False,True,False
MCH8053,CHHABRA INC,04814,TELECOM,INDIVIDUAL,HYDERABAD,TELANGANA,2023-03-29 01:53:59,XXXX7777,ACTIVE,1235.44,False,False,False,False,False,False
MCH1555,Raj LLC,5942,STATIONERY,INDIVIDUAL,PUNE,MAHARASHTRA,2023-04-23 00:00:00,,ACTIVE,602.0,True,False,False,False,False,False
MCH7581,"Deshpande, Butala and Jain",5699,CLOTHING,PRIVATE_LIMITED,LUCKNOW,UTTAR_PRADESH,2024-08-13 00:00:00,5640516477,ACTIVE,,True,True,False,False,False,False
MCH7930,"Bhatt, Ganguly and Dhingra",5311,DEPARTMENT_STORES,SOLE_PROPRIETOR,DILLI,DELHI,2025-12-16 00:00:00,,SUSPENDED,1892.15,True,False,False,False,False,False
MCH2248,Mutti-Manne,5812,RESTAURANT,PARTNERSHIP,LUDHIANA,PUNJAB,2023-11-22 00:00:00,,INACTIVE,1021.0,True,False,False,False,False,False
MCH1840,Chahal and Sons,5942,STATIONERY,SOLE_PROPRIETOR,LUDHIANA,PUNJAB,,XXXX9616,ACTIVE,764.0,True,False,False,False,True,False
MCH4495,"Nadig, Gade and Jha",5942,BOOK_STORE,PARTNERSHIP,HYD,TELANGANA,,,ACTIVE,1329.61,True,False,False,False,True,False
MCH1405,chandra inc,5311,DEPARTMENT_STORE,PARTNERSHIP,LUDHIANA,PUNJAB,,4121935460,INACTIVE,1248.0,True,True,False,False,True,False
MCH2033,"Munshi, Sundaram and Bhasin",05699,GARMENTS,PRIVATE_LIMITED,POONA,MAHARASHTRA,2025-09-30 00:00:00,XXXX3680,ACTIVE,294.83,False,False,False,False,False,False
MCH4529,Wali LLC,5999,OTHER,SOLE_PROPRIETOR,DELHI,DELHI,2023-02-13 00:00:00,XXXX0169,SUSPENDED,468.55,True,False,False,False,False,False
MCH3233,"Dada, Pingle and Date",5699,FASHION,INDIVIDUAL,POONA,MAHARASHTRA,2025-11-23 00:00:00,,INACTIVE,5434.84,True,False,False,False,False,False
MCH1573,"Tailor, Som and Soni",04814,PHONE_SERVICE,PARTNERSHIP,JALANDHAR,PUNJAB,2023-12-11 00:00:00,,ACTIVE,540.2,False,False,False,False,False,False
MCH8795,basak-bhavsar,5942,BOOKS_STATIONERY,SOLE_PROPRIETOR,JAIPUR,RAJASTHAN,2024-03-15 00:00:00,XXXX0185,INACTIVE,243.16,True,False,False,False,False,False
MCH3272,Gera Group,5699,CLOTHS,SOLE_PROPRIETOR,CHENNAI,TAMIL_NADU,,EMXM6349169987807,ACTIVE,2272.01,True,True,False,False,True,False
MCH2223,Dhaliwal LLC,4814,MOBILE_RECHARGE,INDIVIDUAL,MUMBAI,MAHARASHTRA,2024-07-14 16:20:52,XXXX3669,ACTIVE,543.88,True,False,False,False,False,False
MCH8644,M0re-L0ke,4131,TRANSPORTATION,INDIVIDUAL,LUDHIANA,PUNJAB,2025-07-20 00:00:00,,ACTIVE,1294.91,True,False,False,False,False,False
MCH7796,"Kari, Sridhar and J0ha1",5411,KIRANA,PARTNERSHIP,POONA,MAHARASHTRA,,5623137802,ACTIVE,489.31,True,True,False,False,True,False
MCH6666,"atwal, sahni and baral",5311,RETAIL,PRIVATE_LIMITED,MUMBAI,MAHARASHTRA,,,SUSPENDED,2735.37,True,False,False,False,True,False
MCH2188,"Sundaram, Prakash and Sheth",5699,FASHION,SOLE_PROPRIETOR,HYDERABAD,TELANGANA,,,ACTIVE,,True,False,True,False,True,False
MCH1732,"BAL, LOKE AND CHADHA",5411,GROCERY_STORE,PRIVATE_LIMITED,DELHI,DELHI,2024-10-24 00:00:00,9581945425,ACTIVE,3477.98,True,True,False,False,False,False
MCH8492,Narayan Gr0up,4814,TELECOM,INDIVIDUAL,CALCUTTA,WEST_BENGAL,,XXXX3928,INACTIVE,,True,False,False,False,False,False
MCH7991,Rastogi PLC,5942,BOOK_STORE,PARTNERSHIP,MUMBAY,MAHARASHTRA,,,ACTIVE,1076.7,True,False,False,False,False,False
MCH1816,Modi-Sinha,MISC,GROCERY_STORES,INDIVIDUAL,HYDERABAD,TELANGANA,2023-11-24 00:00:00,XXXX5140,ACTIVE,,False,False,False,False,False,False
MCH1956,Sodhi PLC,5912,PHARMACY,INDIVIDUAL,AMRITSAR,PUNJAB,2025-09-28 15:41:51,TLKU2109519549509,ACTIVE,1459.74,True,True,False,False,False,False
MCH1343,NARASIMHAN-SHETTY,5999,MISCELLANEOUS,INDIVIDUAL,KOLKATA,WEST_BENGAL,2023-08-18 00:00:00,LWCS5510064722287,ACTIVE,3443.8,True,True,False,False,False,False
MCH8674,"Mani, Dutta and Issac",5812,FOOD,PRIVATE_LIMITED,CHENNAI,TAMIL_NADU,2023-05-05 15:05:33,1748773482,ACTIVE,,True,True,False,False,False,False
MCH4637,Mitter-Pandya,5411,GROCERY_STORES,INDIVIDUAL,CHENNAI,TAMIL_NADU,,XXXX4099,ACTIVE,2198.28,True,False,False,False,True,False
MCH7833,"Chopra, Baral and Hayre",5942,BOOKS,SOLE_PROPRIETOR,HYDERABAD,TELANGANA,2023-02-10 07:53:34,,SUSPENDED,648.0,True,False,False,False,False,False
MCH4767,Prasad Inc,,PHONE_SERVICE,PRIVATE_LIMITED,PUNE,MAHARASHTRA,2023-06-20 00:00:00,,INACTIVE,789.87,False,False,False,False,False,False
MCH9298,Jain Ltd,5942,BOOKS,SOLE_PROPRIETOR,BANGALORE,KARNATAKA,2024-02-03 12:58:21,XXXX4996,ACTIVE,8519.11,True,False,False,False,False,False
MCH5268,Nagy-Ravel,5999,MISC_RETAIL,SOLE_PROPRIETOR,KOLKATA,WEST_BENGAL,2025-10-23 00:00:00,AMOJ0905717120034,SUSPENDED,4125.6,True,True,False,False,False,False
MCH2786,"MAJUMDAR, RAMACHANDRAN AND BAVA",5699,CLOTHING,PRIVATE_LIMITED,LUDHIANA,PUNJAB,2023-12-17 00:00:00,,ACTIVE,1259.46,True,False,False,False,False,False
MCH2020,"Gole, Bera and Patla",5912,MEDICAL,SOLE_PROPRIETOR,BENGALURU,KARNATAKA,2024-03-31 00:00:00,,ACTIVE,,True,False,True,False,False,False
MCH6814,Gara-Seth,4814,TELECOM,PRIVATE_LIMITED,JAIPUR,RAJASTHAN,,2121833537,ACTIVE,,True,True,True,False,True,False
MCH6143,BARAL PLC,5411,KIRANA,PARTNERSHIP,CALCUTTA,WEST_BENGAL,2024-12-05 02:07:44,7112045329,ACTIVE,1054.97,True,True,False,False,False,False
MCH1336,Contractor-Dube,5912,PHARMACIES,PARTNERSHIP,JALANDHAR,PUNJAB,2025-05-26 00:00:00,,ACTIVE,885.0,True,False,False,False,False,False
MCH9188,Randhawa PLC,4814,MOBILE_RECHARGE,PARTNERSHIP,JALANDHAR,PUNJAB,,XXXX7941,ACTIVE,,True,False,False,False,True,False
MCH9474,"dutta, ramesh and buch",7011,HOSPITALITY,SOLE_PROPRIETOR,HYDERABAD,TELANGANA,2024-10-13 00:00:00,,SUSPENDED,290.21,True,False,False,False,False,False
MCH4692,"Bhargava, Rajagopal and Karan",7011,HOTEL,PRIVATE_LIMITED,NEW_DELHI,DELHI,,6021368633,ACTIVE,,True,True,False,False,True,False
MCH1756,"Borah, Sura and Kunda",5411,GROCERIES,PRIVATE_LIMITED,JAIPUR,RAJASTHAN,2025-10-21 00:00:00,,ACTIVE,1371.78,True,False,False,False,False,False
MCH2201,"Chandra, Sen and Ray",5812,EATING_PLACE,PRIVATE_LIMITED,BLR,KARNATAKA,2025-11-17 00:00:00,XXXX8373,ACTIVE,,True,False,True,False,False,False
MCH3391,Dass Inc,4131,TRANSPRT,PARTNERSHIP,LUCKNOW,UTTAR_PRADESH,,XXXX1148,ACTIVE,1298.0,True,False,False,False,False,False
MCH1100,swamy inc,5311,RETAIL,PARTNERSHIP,LUDHIANA,PUNJAB,2024-08-17 00:00:00,9084083237,INACTIVE,2008.22,True,True,False,False,False,False
MCH5445,Ganesan Ltd,5311,RETAIL,PARTNERSHIP,DILLI,DELHI,2025-10-19 00:00:00,BVDS4788304098373,ACTIVE,2186.0,True,True,False,False,False,False
MCH9276,TRIVEDI-KUNDA,5699,CLOTHS,INDIVIDUAL,DELHI,DELHI,2025-12-31 04:58:00,XXXX9182,INACTIVE,2310.01,True,False,False,False,False,False
MCH3925,Buch-Zachariah,5999,OTHER,PARTNERSHIP,AMRITSAR,PUNJAB,,BUKN1515786567969,ACTIVE,,True,True,True,False,True,False
MCH5037,Chadha LLC,5311,DEPT_STORE,PRIVATE_LIMITED,JPR,RAJASTHAN,,5877889834,ACTIVE,,True,True,True,False,True,False
MCH2960,Malhotra-Buch,4131,BUS_TAXI,PRIVATE_LIMITED,CHENNAI,TAMIL_NADU,,XXXX6660,ACTIVE,2348.07,True,False,False,False,True,False
MCH4497,Padmanabhan Group,5812,RESTAURANT,INDIVIDUAL,MUMBAI,MAHARASHTRA,,,ACTIVE,2142.62,True,False,False,False,False,False
MCH8844,Bains PLC,,EATING_PLACE,INDIVIDUAL,DELHI,DELHI,2023-08-25 11:37:14,,ACTIVE,1442.98,False,False,False,False,False,False
MCH6225,"LOYAL, MANDER AND AGRAWAL",5411,GROCERY,SOLE_PROPRIETOR,KOLKATA,WEST_BENGAL,2023-12-17 00:00:00,,ACTIVE,859.91,True,False,False,False,False,False
MCH2806,"Raman, Aggarwal and Salvi",5999,RETAIL_OTHER,PARTNERSHIP,HYDERABAD,TELANGANA,2024-10-16 00:00:00,,ACTIVE,2271.51,True,False,False,False,False,False
MCH2655,"Brahmbhatt, Desai and Sangha",4814,TELECOM,SOLE_PROPRIETOR,AMRITSAR,PUNJAB,2026-01-04 00:00:00,4532869649,INACTIVE,3102.0,True,True,False,False,False,False
MCH8953,Sibal Group,5699,CLOTHS,PARTNERSHIP,CALCUTTA,WEST_BENGAL,2023-02-28 00:00:00,ZSUM7213589595095,SUSPENDED,1723.81,True,True,False,False,False,False
MCH3618,"Narang, Atwal and Merchant",UNKNOWN,MEDICAL,SOLE_PROPRIETOR,MUMBAI,MAHARASHTRA,2023-07-25 00:00:00,LZII0053942814377,ACTIVE,1728.22,False,True,False,False,False,False
MCH2896,Jayaraman-Nazareth,5912,MEDICAL_STORE,PRIVATE_LIMITED,CALCUTTA,WEST_BENGAL,2025-07-30 12:10:42,,ACTIVE,1312.79,True,False,False,False,False,False
MCH2510,sathe plc,5912,CHEMIST,PARTNERSHIP,MADRAS,TAMIL_NADU,2024-02-02 01:49:36,XXXX9018,ACTIVE,596.36,True,False,False,False,False,False
MCH8259,Lall Group,5942,STATIONERY,SOLE_PROPRIETOR,JALANDHAR,PUNJAB,2023-04-13 00:00:00,,ACTIVE,2667.52,True,False,False,False,False,False
MCH1364,kumar llc,5942,STATIONERY,PARTNERSHIP,JALANDAR,PUNJAB,2023-04-15 00:00:00,UUOX3735339322838,ACTIVE,1017.95,True,True,False,False,False,False
MCH1568,Chandran Ltd,7011,HOTEL_LODGING,SOLE_PROPRIETOR,LUCKNOW,UTTAR_PRADESH,2024-09-04 00:00:00,,ACTIVE,3618.31,True,False,False,False,False,False
MCH6950,"Bal, Swaminathan and Desai",5912,PHARMACY,PARTNERSHIP,JAIPUR,RAJASTHAN,,XXXX4795,ACTIVE,1101.05,True,False,False,False,True,False
MCH2153,"Dara, Vala and Venkatesh",5699,CLOTHS,PARTNERSHIP,MADRAS,TAMIL_NADU,2023-06-21 00:00:00,,ACTIVE,,True,False,True,False,False,False
MCH4225,Karnik LLC,5699,CLOTHS,INDIVIDUAL,LDH,PUNJAB,2025-02-05 13:25:31,5426893917,ACTIVE,537.99,True,True,False,False,False,False
MCH3119,CHANA-DESHMUKH,05311,DEPARTMENT_STORES,PRIVATE_LIMITED,HYDERABAD,TELANGANA,,,ACTIVE,4993.0,False,False,False,False,True,False
MCH9481,"Seshadri, Hora and Magar",,MOBILE_RECHARGE,SOLE_PROPRIETOR,JALANDHAR,PUNJAB,,,ACTIVE,927.01,False,False,False,False,True,False
MCH6738,Bhavsar LLC,05699,APPAREL,INDIVIDUAL,LUCKNOW,UTTAR_PRADESH,2024-05-29 00:00:00,,ACTIVE,,False,False,False,False,False,False
MCH1397,Memon LLC,,STATIONERY,PRIVATE_LIMITED,BLR,KARNATAKA,2025-04-18 00:00:00,XXXX0515,ACTIVE,1062.38,False,False,False,False,False,False
MCH9059,Shroff Ltd,5311,DEPARTMENT_STORE,PRIVATE_LIMITED,JALANDHAR,PUNJAB,2023-07-18 00:00:00,,ACTIVE,399.71,True,False,False,False,False,False
MCH8329,"Halder, Panchal and Pandit",,RETAIL_OTHER,INDIVIDUAL,LKO,UTTAR_PRADESH,,XXXX8898,ACTIVE,422.0,False,False,False,False,True,False
MCH4086,"Kannan, Varghese and Lalla",5311,RETAIL,PRIVATE_LIMITED,MUMBAI,MAHARASHTRA,,0493830742,ACTIVE,1459.96,True,True,False,False,True,False
MCH4958,Dara Inc,4814,PHONE_SERVICE,PARTNERSHIP,PUNE,MAHARASHTRA,2025-03-30 00:00:00,XXXX0462,ACTIVE,,True,False,False,False,False,False
MCH4582,Pai-Shenoy,MISC,PHONE_SERVICE,INDIVIDUAL,POONA,MAHARASHTRA,2025-03-18 00:00:00,XXXX2537,ACTIVE,1857.0,False,False,False,False,False,False
MCH1939,"Lal,SahniandChopra",7011,HOTELS,PRIVATE_LIMITED,LUDHIANA,PUNJAB,,XXXX8735,ACTIVE,509.0,True,False,False,False,True,False
MCH2799,KADAKIA-NAYAK,5812,EATING_PLACE,SOLE_PROPRIETOR,DELHI,DELHI,2025-05-04 23:51:09,LDOE2045126421896,ACTIVE,,True,True,True,False,False,False
MCH9353,Ray-Gaba,5812,RESTAURANTS,PRIVATE_LIMITED,PUNE,MAHARASHTRA,2023-09-21 00:00:00,4567108215,ACTIVE,1357.72,True,True,False,False,False,False
MCH3818,Gopal-Khalsa,4814,TELECOM,PARTNERSHIP,ASR,PUNJAB,,,ACTIVE,200.35,True,False,False,False,False,False
MCH1245,"Kumer, Varghese and Dhawan",,CHEMIST,PARTNERSHIP,POONA,MAHARASHTRA,2023-08-23 00:00:00,,ACTIVE,725.32,False,False,False,False,False,False
MCH4649,"Mand,DattaandSanghvi",7011,HOTELS,PARTNERSHIP,LUDHIANA,PUNJAB,2024-10-16 00:00:00,,ACTIVE,666.8,True,False,False,False,False,False
MCH6662,Din-Gour,5999,MISC_RETAIL,INDIVIDUAL,POONA,MAHARASHTRA,2024-02-26 00:00:00,XXXX2767,ACTIVE,3959.93,True,False,False,False,False,False
MCH9369,Kara Group,7011,HOSPITALITY,SOLE_PROPRIETOR,CALCUTTA,WEST_BENGAL,2024-07-06 20:37:37,,ACTIVE,2036.0,True,False,False,False,False,False
MCH3178,GanesanGroup,5699,CLOTHING,INDIVIDUAL,NEW_DELHI,DELHI,2025-12-01 00:00:00,,ACTIVE,136.0,True,False,False,False,False,False
MCH4157,Minhas-Saran,4814,TELECOM,PARTNERSHIP,BOMBAY,MAHARASHTRA,2025-11-02 00:00:00,,ACTIVE,,True,False,True,False,False,False
MCH4458,"Gola, Dixit and Banik",5411,GROCERY_STORE,SOLE_PROPRIETOR,AMRITSAR,PUNJAB,2023-08-25 00:00:00,XXXX8441,ACTIVE,991.85,True,False,False,False,False,False
MCH8314,Chawla-Mander,4131,TRANSPORTATION,PARTNERSHIP,KOLKATA,WEST_BENGAL,2024-09-07 00:00:00,PBDO0323494203428,ACTIVE,93.33,True,True,False,False,False,False
MCH8472,Guha-Sandhu,4814,PHONE_SERVICE,PARTNERSHIP,AMRITSAR,PUNJAB,,,ACTIVE,1828.57,True,False,False,False,False,False
MCH6575,"Nagarajan, Rout and Suri",,HOSPITALITY,INDIVIDUAL,BENGALURU,KARNATAKA,2025-01-09 00:00:00,,ACTIVE,,False,False,True,False,False,False
MCH5929,"Natt, Iyengar and Desai",5699,APPAREL,SOLE_PROPRIETOR,DELHI,DELHI,2024-02-21 00:00:00,VDBK0710307689723,ACTIVE,1050.02,True,True,False,False,False,False
MCH9434,Srinivasan-Savant,5812,FOOD,PARTNERSHIP,CHENNAI,TAMIL_NADU,2023-05-01 21:28:13,XXXX0171,ACTIVE,,True,False,False,False,False,False
MCH6582,SAGAR GROUP,05912,PHARMACIES,PARTNERSHIP,CALCUTTA,WEST_BENGAL,2023-06-09 00:00:00,,ACTIVE,1999.0,False,False,False,False,False,False
MCH5015,"Pall, Mand and Balakrishnan",5812,EATING_PLACE,SOLE_PROPRIETOR,LUCKNOW,UTTAR_PRADESH,2024-12-23 20:34:32,9471379053,ACTIVE,2215.59,True,True,False,False,False,False
MCH1706,"Vala, Nagarajan and Saxena",5311,DEPT_STORE,PARTNERSHIP,MUMBAI,MAHARASHTRA,2023-08-27 00:00:00,XXXX3189,INACTIVE,513.27,True,False,False,False,False,False
MCH4296,Varty-Varma,5999,MISC_RETAIL,PRIVATE_LIMITED,AMRITSAR,PUNJAB,2026-02-24 00:00:00,,ACTIVE,,True,False,False,False,False,False
MCH7105,Saini PLC,5812,FOOD,PARTNERSHIP,KOLKATA,WEST_BENGAL,2023-09-17 00:00:00,,ACTIVE,717.73,True,False,False,False,False,False
MCH7105,Mann-Oommen,04814,TELECOM,PRIVATE_LIMITED,CHENNAI,TAMIL_NADU,2025-11-09 10:45:31,,ACTIVE,461.62,False,False,False,False,False,False
MCH3069,MAGAR INC,5699,FASHION,INDIVIDUAL,MUMBAY,MAHARASHTRA,2024-10-18 00:00:00,,ACTIVE,5346.85,True,False,False,False,False,False
MCH1815,Saha-Varghese,4131,BUS_TAXI,PRIVATE_LIMITED,DELHI,DELHI,2024-04-22 07:33:36,XXXX3927,ACTIVE,846.74,True,False,False,False,False,False
MCH8165,"Sandhu, Saran and Dhar",5999,RETAIL_OTHER,SOLE_PROPRIETOR,CHENNAI,TAMIL_NADU,2023-04-09 00:00:00,XXXX2851,INACTIVE,1269.15,True,False,False,False,False,False
MCH6598,"Banik, Halder and Sabharwal",7011,HOTEL_LODGING,INDIVIDUAL,MUMBAI,MAHARASHTRA,2025-06-02 00:00:00,XXXX2729,SUSPENDED,230.53,True,False,False,False,False,False
MCH5044,Mahajan-Narasimhan,,BOOK_STORE,INDIVIDUAL,CHENNAI,TAMIL_NADU,,,ACTIVE,1148.0,False,False,False,False,True,False
MCH1941,Bath-Sunder,4814,TELECOM,SOLE_PROPRIETOR,JAIPUR,RAJASTHAN,2024-05-22 00:00:00,,SUSPENDED,,True,False,False,False,False,False
MCH9012,"Bada1, Saxena and Banik",5912,MEDICAL,SOLE_PROPRIETOR,MADRAS,TAMIL_NADU,2023-04-06 00:00:00,BQEZ6789281493194,ACTIVE,275.88,True,True,False,False,False,False
MCH9565,Subramanian-Bakshi,4814,MOBILE_RECHARGE,PRIVATE_LIMITED,HYDERABAD,TELANGANA,2025-06-26 00:00:00,XXXX4080,INACTIVE,1964.93,True,False,False,False,False,False
MCH8135,Bhakta PLC,5999,MISCELLANEOUS,PRIVATE_LIMITED,ASR,PUNJAB,,,ACTIVE,857.0,True,False,False,False,True,False
MCH5399,Agate-Wali,5999,OTHER,PRIVATE_LIMITED,CHENNAI,TAMIL_NADU,2025-12-26 00:00:00,,ACTIVE,1379.64,True,False,False,False,False,False
MCH9877,"Garde, Sabharwal and Prashad",5942,STATIONERY,PRIVATE_LIMITED,HYD,TELANGANA,2024-03-02 00:00:00,9136330532,ACTIVE,1246.91,True,True,False,False,False,False
MCH5292,Shankar-Dhawan,5411,KIRANA,INDIVIDUAL,DELHI,DELHI,,XXXX7847,ACTIVE,,True,False,False,False,False,False
MCH2139,"Bali, Mahajan and Oza",05942,STATIONERY,SOLE_PROPRIETOR,BENGALURU,KARNATAKA,2023-02-12 00:00:00,XXXX2161,ACTIVE,512.11,False,False,False,False,False,False
MCH1032,Manda-Hayer,7011,HOTELS,PARTNERSHIP,AMRITSAR,PUNJAB,2025-04-20 00:00:00,XXXX4099,INACTIVE,674.56,True,False,False,False,False,False
MCH2224,Nadig-Varma,5812,FOOD_SERVICES,PRIVATE_LIMITED,CHENNAI,TAMIL_NADU,2025-10-29 00:00:00,,ACTIVE,2261.0,True,False,False,False,False,False
MCH7879,SAWHNEY-GODA,4814,TELECOM,INDIVIDUAL,JALANDHAR,PUNJAB,2023-12-30 23:35:00,,ACTIVE,1760.85,True,False,False,False,False,False
MCH8835,"Natarajan, Hegde and Varughese",5999,RETAIL_OTHER,SOLE_PROPRIETOR,MUMBAI,MAHARASHTRA,,FGCL8739381455039,ACTIVE,523.96,True,True,False,False,True,False
MCH9356,WagleLLC,5411,GROCERIES,PARTNERSHIP,DELHI,DELHI,2025-09-15 00:00:00,XXXX8552,ACTIVE,862.0,True,False,False,False,False,False
MCH9502,VYAS-HAYRE,5942,BOOK_STORE,SOLE_PROPRIETOR,MUMBAI,MAHARASHTRA,2023-03-25 00:00:00,,ACTIVE,777.19,True,False,False,False,False,False
MCH4009,Batra Inc,5912,PHARMACY,INDIVIDUAL,BENGALURU,KARNATAKA,,XXXX5230,INACTIVE,1109.0,True,False,False,False,True,False
MCH9082,"dutt, behl and sant",5311,DEPT_STORE,INDIVIDUAL,HYD,TELANGANA,,6486570374,ACTIVE,621.31,True,True,False,False,False,False
MCH1447,Uppal Ltd,5912,MEDICAL,PARTNERSHIP,LUCKNOW,UTTAR_PRADESH,2026-02-20 00:00:00,,ACTIVE,236.04,True,False,False,False,False,False
MCH3736,Goyal-Thakur,5411,KIRANA,INDIVIDUAL,BANGALORE,KARNATAKA,2023-12-08 00:00:00,,ACTIVE,1865.39,True,False,False,False,False,False
MCH3520,"Kannan, Bail and Sundaram",5699,CLOTHS,SOLE_PROPRIETOR,LDH,PUNJAB,2024-09-16 08:13:00,XXXX2156,ACTIVE,,True,False,True,False,False,False
MCH4249,Jhaveri Ltd,05812,FOOD_SERVICES,SOLE_PROPRIETOR,BENGALURU,KARNATAKA,,,ACTIVE,6385.99,False,False,False,False,True,False
MCH4752,"Chaudhuri, Sampath and Wali",5311,DEPARTMENT_STORE,INDIVIDUAL,BENGALURU,KARNATAKA,2024-01-10 00:00:00,0013923003,ACTIVE,399.3,True,True,False,False,False,False
MCH1779,Char-Karnik,5699,GARMENTS,PRIVATE_LIMITED,JAIPUR,RAJASTHAN,,2529504175,ACTIVE,6097.01,True,True,False,False,False,False
MCH1314,"Pant, Mammen and Doctor",5699,CLOTHING,INDIVIDUAL,JAIPUR,RAJASTHAN,2023-11-12 16:47:12,,ACTIVE,1045.43,True,False,False,False,False,False
MCH6025,korpal-mutti,5812,RESTAURANTS,PRIVATE_LIMITED,DELHI,DELHI,2024-02-16 00:00:00,,INACTIVE,3367.31,True,False,False,False,False,False
MCH1683,"Sampath, Anne and Madan",5812,FOOD_SERVICES,PARTNERSHIP,MADRAS,TAMIL_NADU,2026-02-14 00:00:00,XXXX9435,ACTIVE,2458.98,True,False,False,False,False,False
MCH3446,Ganesan-Contractor,5411,GROCERY_STORE,SOLE_PROPRIETOR,LUCKNOW,UTTAR_PRADESH,2026-01-24 03:27:14,7922786735,INACTIVE,348.14,True,True,False,False,False,False
MCH3614,Morar-Sundaram,5812,FOOD,INDIVIDUAL,MUMBAI,MAHARASHTRA,2023-08-09 00:00:00,XXXX5060,ACTIVE,1484.85,True,False,False,False,False,False
MCH5222,"Char, Warrior and Cherian",5699,APPAREL,PARTNERSHIP,MADRAS,TAMIL_NADU,2024-03-19 18:57:00,XXXX0689,INACTIVE,352.83,True,False,False,False,False,False
MCH8975,"shanker, kothari and balasubramanian",4814,TELECOM,INDIVIDUAL,BOMBAY,MAHARASHTRA,2025-10-24 08:14:24,,ACTIVE,,True,False,True,False,False,False
MCH6023,DATTA PLC,5411,KIRANA,PARTNERSHIP,LDH,PUNJAB,2026-01-27 00:00:00,6184043041,ACTIVE,2183.74,True,True,False,False,False,False
MCH7325,Chatterjee-Manda,MISC,MISC_RETAIL,INDIVIDUAL,KOLKATA,WEST_BENGAL,2023-01-04 13:43:25,8809607607,ACTIVE,1420.0,False,True,False,False,False,False
MCH1375,Doctor-Srinivasan,5912,CHEMIST,PRIVATE_LIMITED,MADRAS,TAMIL_NADU,,,ACTIVE,300.0,True,False,False,False,False,False
MCH3387,Boase Ltd,04814,MOBILE_RECHARGE,SOLE_PROPRIETOR,CHENNAI,TAMIL_NADU,2024-10-20 00:00:00,,ACTIVE,4926.8,False,False,False,False,False,False
MCH2766,Lalla Group,4131,TRANSPORTATION,PRIVATE_LIMITED,JAIPUR,RAJASTHAN,2025-02-06 00:00:00,9008298856,ACTIVE,2585.61,True,True,False,False,False,False
MCH6824,"Talwar, Ramesh and Hora",,BOOKS_STATIONERY,SOLE_PROPRIETOR,BANGALORE,KARNATAKA,,XXXX8796,ACTIVE,3249.65,False,False,False,False,True,False
MCH9226,"Sandhu, Jha and Randhawa",5699,CLOTHING,INDIVIDUAL,PUNE,MAHARASHTRA,2024-12-03 00:00:00,SCBS7759924913955,ACTIVE,5451.11,True,True,False,False,False,False
MCH8247,"Pandya, Muni and Hora",4814,PHONE_SERVICE,PARTNERSHIP,LUCKNOW,UTTAR_PRADESH,2024-10-24 08:45:00,ODLV2829878275215,ACTIVE,1396.47,True,True,False,False,False,False
MCH9428,"Dyal, Varma and Sachdeva",5999,OTHER,PRIVATE_LIMITED,LKO,UTTAR_PRADESH,,,ACTIVE,1955.23,True,False,False,False,False,False
MCH3677,Toor and Sons,5912,MEDICAL_STORE,SOLE_PROPRIETOR,AMRITSAR,PUNJAB,2025-03-03 06:28:03,XXXX6857,ACTIVE,4703.03,True,False,False,False,False,False
MCH3452,"Tandon, Oza and Sharma",5411,GROCERY_STORES,SOLE_PROPRIETOR,POONA,MAHARASHTRA,,,INACTIVE,,True,False,True,False,True,False
MCH9994,"Barad, Lall and Shetty",5942,STATIONERY,PARTNERSHIP,DELHI,DELHI,2026-01-13 00:00:00,5940602579,ACTIVE,1588.48,True,True,False,False,False,False
MCH2839,"brar, varughese and cherian",5411,KIRANA,PARTNERSHIP,POONA,MAHARASHTRA,2025-04-21 03:59:43,,ACTIVE,614.31,True,False,False,False,False,False
MCH5196,Sagar-Kohli,4131,TRAVEL,PARTNERSHIP,NEW_DELHI,DELHI,2024-02-14 00:00:00,9496058139,ACTIVE,3536.0,True,True,False,False,False,False
MCH3415,Keer Inc,5812,RESTAURANT,SOLE_PROPRIETOR,CHENNAI,TAMIL_NADU,2025-06-05 05:53:37,XXXX8129,ACTIVE,,True,False,True,False,False,False
MCH7609,"Nagy, Bhat and Chaudhuri",4131,TRANSPRT,INDIVIDUAL,DELHI,DELHI,2024-01-10 21:47:11,XXXX5106,ACTIVE,3649.36,True,False,False,False,False,False
MCH6360,Sur Ltd,4814,TELECOM,PARTNERSHIP,PUNE,MAHARASHTRA,2024-01-13 00:00:00,,ACTIVE,2499.76,True,False,False,False,False,False
MCH1593,Wali-Murthy,5999,MISCELLANEOUS,SOLE_PROPRIETOR,BLR,KARNATAKA,2026-02-23 12:14:26,XXXX7216,ACTIVE,15388.22,True,False,False,False,False,False
MCH3270,"CHOKSHI, DASH AND SRIVASTAVA",4131,TRANSPORT,PARTNERSHIP,CHENNAI,TAMIL_NADU,2024-10-07 00:00:00,,ACTIVE,1910.46,True,False,False,False,False,False
MCH7868,Chander-Ramakrishnan,5311,DEPARTMENT_STORES,INDIVIDUAL,PUNE,MAHARASHTRA,2025-09-21 01:36:00,XXXX9717,ACTIVE,563.96,True,False,False,False,False,False
MCH2142,"Banerjee, Ghose and Parekh",05942,BOOKS_STATIONERY,SOLE_PROPRIETOR,DELHI,DELHI,2024-08-23 00:00:00,VSPN0134800422309,ACTIVE,,False,True,True,False,False,False
MCH4245,Dua Group,4131,TRANSPRT,PARTNERSHIP,LUDHIANA,PUNJAB,2024-07-25 18:42:24,0504410036,ACTIVE,323.1,True,True,False,False,False,False
MCH3002,"Dey, Chopra and Vig",5699,CLOTHING,INDIVIDUAL,LUDHIANA,PUNJAB,2024-10-27 00:00:00,7833308029,ACTIVE,761.12,True,True,False,False,False,False
MCH5052,Pillay-Bora,,RETAIL_OTHER,PARTNERSHIP,HYDERABAD,TELANGANA,2024-01-04 00:00:00,XXXX9697,ACTIVE,1127.0,False,False,False,False,False,False
MCH1134,"Shenoy, Gokhale and Soman",05411,GROCERY,INDIVIDUAL,DELHI,DELHI,,KZYJ5215017385369,ACTIVE,284.86,False,True,False,False,True,False
MCH2258,Walia Group,5311,DEPT_STORE,SOLE_PROPRIETOR,JALANDHAR,PUNJAB,2025-10-14 00:00:00,XXXX1416,ACTIVE,1902.49,True,False,False,False,False,False
MCH1308,SUBRAMANIAM-SHANKAR,5912,PHARMACY,PARTNERSHIP,BENGALURU,KARNATAKA,2024-12-28 00:00:00,RSHZ2134290298030,INACTIVE,2112.78,True,True,False,False,False,False
MCH1770,Prabhu Inc,5411,GROCERY_STORES,PARTNERSHIP,KOLKATA,WEST_BENGAL,2026-02-19 00:00:00,STER3056508036813,ACTIVE,1130.22,True,True,False,False,False,False
MCH9683,Pillai Inc,5411,GROCERY,PARTNERSHIP,BENGALURU,KARNATAKA,2024-11-28 00:00:00,,SUSPENDED,1862.68,True,False,False,False,False,False
MCH3260,Rana and Sons,5311,RETAIL,INDIVIDUAL,ASR,PUNJAB,2023-09-23 00:00:00,,ACTIVE,4589.68,True,False,False,False,False,False
MCH1953,"Banerjee, Maharaj and Rege",7011,HOTEL,SOLE_PROPRIETOR,JALANDHAR,PUNJAB,2025-12-14 00:00:00,QMMB6426177933216,ACTIVE,1226.94,True,True,False,False,False,False
MCH5707,De01 Gr0up,5411,KIRANA,PARTNERSHIP,HYDERABAD,TELANGANA,2023-09-19 00:00:00,NRWL7844875974966,ACTIVE,666.58,True,True,False,False,False,False
MCH3630,Chacko Ltd,5812,RESTAURANT,PARTNERSHIP,MUMBAI,MAHARASHTRA,2023-06-11 00:00:00,,INACTIVE,2433.39,True,False,False,False,False,False
MCH9471,"bajaj, sandal and barad",5912,PHARMACIES,SOLE_PROPRIETOR,MUMBAI,MAHARASHTRA,2025-05-23 00:00:00,XXXX5365,ACTIVE,,True,False,True,False,False,False
MCH6570,Venkataraman Ltd,05912,MEDICAL,PRIVATE_LIMITED,NEW_DELHI,DELHI,2024-01-23 00:00:00,,ACTIVE,332.15,False,False,False,False,False,False
MCH4284,Tand0n Inc,5999,OTHER,PARTNERSHIP,CALCUTTA,WEST_BENGAL,2024-09-16 00:58:24,,SUSPENDED,,True,False,True,False,False,False
MCH2593,Gour Inc,5999,MISCELLANEOUS,SOLE_PROPRIETOR,JALANDHAR,PUNJAB,2025-10-20 00:00:00,4362658883,ACTIVE,1307.82,True,True,False,False,False,False
MCH6028,"Devan, Saha and Nagar",7011,HOSPITALITY,PARTNERSHIP,JALANDHAR,PUNJAB,2023-05-02 08:52:59,XXXX4040,ACTIVE,2112.02,True,False,False,False,False,False
MCH9638,"Dara, Badami and Sen",5699,GARMENTS,SOLE_PROPRIETOR,LKO,UTTAR_PRADESH,2026-01-22 00:00:00,,ACTIVE,3649.35,True,False,False,False,False,False
MCH9802,Contractor-Keer,5699,GARMENTS,INDIVIDUAL,DILLI,DELHI,2024-04-08 00:00:00,6197117381,ACTIVE,1430.48,True,True,False,False,False,False
MCH4503,"Varghese, Hora and Narayanan",7011,HOTEL_LODGING,SOLE_PROPRIETOR,LDH,PUNJAB,,,ACTIVE,1258.0,True,False,False,False,False,False
MCH3842,"Walia, Khatri and Dey",4131,TRANSPORT,INDIVIDUAL,LUDHIANA,PUNJAB,2023-05-20 20:08:15,,INACTIVE,,True,False,False,False,False,False
MCH8615,Anand Inc,05699,APPAREL,PARTNERSHIP,CHENNAI,TAMIL_NADU,2024-11-02 00:00:00,NYLA3280465068444,INACTIVE,1493.0,False,True,False,False,False,False
MCH2744,"DIVAN, NARANG AND JHAVERI",5912,MEDICAL_STORE,PARTNERSHIP,LUCKNOW,UTTAR_PRADESH,2025-11-04 23:49:11,2199444279,SUSPENDED,734.64,True,True,False,False,False,False
MCH7096,Saxena-Kara,5942,BOOKS,PARTNERSHIP,JAIPUR,RAJASTHAN,2025-01-25 02:10:00,,ACTIVE,1167.73,True,False,False,False,False,False
MCH4209,GARG-GOEL,05812,RESTAURANTS,PARTNERSHIP,AMRITSAR,PUNJAB,2025-08-02 09:42:09,VSHI3966663578716,ACTIVE,1244.58,False,True,False,False,False,False
MCH3107,KAPOOR INC,,MEDICAL,PARTNERSHIP,PUNE,MAHARASHTRA,2023-10-28 00:00:00,7807494643,ACTIVE,,False,True,True,False,False,False
MCH5384,Sibal Inc,5411,GROCERIES,PRIVATE_LIMITED,JAIPUR,RAJASTHAN,,,ACTIVE,951.53,True,False,False,False,False,False
MCH6372,"MEMON, MASTER AND OAK",5311,DEPT_STORE,PARTNERSHIP,AMRITSAR,PUNJAB,2024-02-16 01:17:00,,ACTIVE,,True,False,True,False,False,False
MCH9609,Bhatti Inc,5411,GROCERY_STORE,INDIVIDUAL,HYDERABAD,TELANGANA,2026-01-29 00:00:00,BTIY5631851884644,SUSPENDED,1792.34,True,True,False,False,False,False
MCH8628,"char, sastry and sane",4131,BUS_TAXI,INDIVIDUAL,PUNE,MAHARASHTRA,2023-08-18 01:53:50,KLDA6853429090498,ACTIVE,1108.74,True,True,False,False,False,False
MCH2598,"Dutta, Ramanathan and Date",,HOSPITALITY,SOLE_PROPRIETOR,DELHI,DELHI,,XXXX9756,ACTIVE,168.75,False,False,False,False,True,False
MCH7448,mittal inc,04814,PHONE_SERVICE,PRIVATE_LIMITED,HYDERABAD,TELANGANA,,9231182109,INACTIVE,760.79,False,True,False,False,True,False
MCH6391,"SAXENA, SARMA AND MENON",5411,KIRANA,INDIVIDUAL,HYDERABAD,TELANGANA,2023-05-31 16:32:17,,ACTIVE,337.0,True,False,False,False,False,False
MCH3686,Prasad Inc,5812,RESTAURANTS,SOLE_PROPRIETOR,MUMBAI,MAHARASHTRA,,GHWB3739951927219,ACTIVE,1179.14,True,True,False,False,True,False
MCH1926,bhattacharyya-om,5311,DEPT_STORE,INDIVIDUAL,MUMBAY,MAHARASHTRA,2025-06-16 00:00:00,3013938494,ACTIVE,2425.42,True,True,False,False,False,False
MCH5416,Yadav LLC,4131,TRANSPRT,PRIVATE_LIMITED,JALANDHAR,PUNJAB,,,ACTIVE,898.37,True,False,False,False,False,False
MCH8417,Bhalla-Batta,5311,DEPARTMENT_STORE,PARTNERSHIP,BENGALURU,KARNATAKA,,,ACTIVE,544.37,True,False,False,False,True,False
MCH2994,Ratta Group,4131,TRANSPORT,PARTNERSHIP,LDH,PUNJAB,2023-11-14 00:00:00,GYYN8574685496959,ACTIVE,2132.38,True,True,False,False,False,False
MCH2344,"Purohit, Rege and Patil",,CLOTHS,PRIVATE_LIMITED,JAIPUR,RAJASTHAN,,,ACTIVE,,False,False,False,False,False,False
MCH9623,Subramanian LLC,5912,MEDICAL,INDIVIDUAL,HYD,TELANGANA,,XXXX2659,ACTIVE,1226.76,True,False,False,False,True,False
MCH7804,Choudhry and Sons,5942,BOOKS,SOLE_PROPRIETOR,LDH,PUNJAB,,XXXX6038,ACTIVE,586.0,True,False,False,False,True,False
MCH3935,Natarajan-Karnik,4814,TELECOM,SOLE_PROPRIETOR,DELHI,DELHI,2025-04-23 00:23:30,,ACTIVE,461.4,True,False,False,False,False,False
MCH1353,Lata LLC,5999,MISC_RETAIL,INDIVIDUAL,CALCUTTA,WEST_BENGAL,,,SUSPENDED,1213.36,True,False,False,False,False,False
MCH6514,Lalla-Palan,5812,RESTAURANTS,INDIVIDUAL,KOLKATA,WEST_BENGAL,2025-03-26 09:22:56,XXXX0164,ACTIVE,,True,False,False,False,False,False
MCH6379,CHANA-MAHAJAN,5942,BOOKS_STATIONERY,PRIVATE_LIMITED,BLR,KARNATAKA,,XXXX7525,ACTIVE,2923.98,True,False,False,False,True,False
MCH9587,Krishnamurthy-Contractor,4814,MOBILE_RECHARGE,SOLE_PROPRIETOR,CALCUTTA,WEST_BENGAL,2024-12-09 00:00:00,XXXX7878,ACTIVE,211.86,True,False,False,False,False,False
MCH5133,sawhney group,MISC,GROCERY_STORE,INDIVIDUAL,HYDERABAD,TELANGANA,2024-12-10 00:00:00,0959364769,ACTIVE,1388.77,False,True,False,False,False,False
MCH5038,"din, som and bahl",,PHARMACIES,PARTNERSHIP,LUCKNOW,UTTAR_PRADESH,2024-10-20 00:00:00,DJBJ3245727756471,ACTIVE,1056.12,False,True,False,False,False,False
MCH4158,SASTRY INC,UNKNOWN,BOOKS_STATIONERY,PARTNERSHIP,DELHI,DELHI,2024-08-15 00:00:00,DAYK8556309990572,INACTIVE,480.93,False,True,False,False,False,False
MCH7885,Sura LLC,5699,GARMENTS,PARTNERSHIP,LUCKNOW,UTTAR_PRADESH,2025-04-15 09:52:00,XXXX8127,ACTIVE,2999.12,True,False,False,False,False,False
MCH8475,"Karpe, Iyer and Gole",5942,STATIONERY,PRIVATE_LIMITED,BENGALURU,KARNATAKA,2025-04-20 00:00:00,,ACTIVE,2426.04,True,False,False,False,False,False
MCH7297,Kala-Sibal,5311,DEPARTMENT_STORE,PARTNERSHIP,CHENNAI,TAMIL_NADU,,UMLP7890709268939,ACTIVE,2004.49,True,True,False,False,True,False
MCH6731,Wagle-Pau,5812,EATING_PLACE,PRIVATE_LIMITED,AMRITSAR,PUNJAB,2025-09-26 23:01:57,,ACTIVE,2980.89,True,False,False,False,False,False
MCH6131,"Dhar, Dada and Bakshi",,CLOTHS,PARTNERSHIP,BANGALORE,KARNATAKA,2024-03-10 19:58:24,4600930161,INACTIVE,1921.0,False,True,False,False,False,False
MCH5226,Tiwari-Pau,5999,OTHER,INDIVIDUAL,LUCKNOW,UTTAR_PRADESH,2023-12-24 02:18:00,6912933947,ACTIVE,271.33,True,True,False,False,False,False
MCH2074,"Kaur, Minhas and Ramakrishnan",5411,GROCERY,SOLE_PROPRIETOR,HYDERABAD,TELANGANA,,4592290564,ACTIVE,5123.0,True,True,False,False,True,False
MCH8767,Golla Group,5699,GARMENTS,SOLE_PROPRIETOR,HYDERABAD,TELANGANA,2023-11-05 00:00:00,,ACTIVE,397.99,True,False,False,False,False,False
MCH2510,Kakar Group,5411,KIRANA,SOLE_PROPRIETOR,HYDERABAD,TELANGANA,2024-03-29 12:22:51,XXXX3606,ACTIVE,744.85,True,False,False,False,False,False
MCH8565,"MAMMEN, MODI AND SANKAR",5812,RESTAURANTS,SOLE_PROPRIETOR,JPR,RAJASTHAN,2024-07-27 21:42:00,,ACTIVE,609.89,True,False,False,False,False,False
MCH8003,Tank Ltd,5311,DEPT_STORE,SOLE_PROPRIETOR,HYDERABAD,TELANGANA,2023-12-14 00:00:00,RVNR6882512785280,ACTIVE,614.4,True,True,False,False,False,False
MCH5629,Dixit LLC,5311,RETAIL,PRIVATE_LIMITED,ASR,PUNJAB,2023-09-16 02:35:10,OIIO2318495567735,ACTIVE,1084.28,True,True,False,False,False,False
MCH7379,tella-mahal,5699,CLOTHS,PARTNERSHIP,JAIPUR,RAJASTHAN,2024-03-06 00:00:00,OFAG5218783703549,ACTIVE,,True,True,False,False,False,False
MCH6861,Venkataraman Ltd,5999,OTHER,PRIVATE_LIMITED,MUMBAI,MAHARASHTRA,2023-07-24 17:35:00,2685186379,ACTIVE,810.0,True,True,False,False,False,False
MCH1202,KOSHY-BORDE,5311,RETAIL,PARTNERSHIP,LUDHIANA,PUNJAB,2023-04-27 14:11:10,QMOB6262370066772,ACTIVE,1998.99,True,True,False,False,False,False
MCH9110,Barad LLC,7011,HOSPITALITY,INDIVIDUAL,LUCKNOW,UTTAR_PRADESH,2024-08-01 13:01:22,XXXX8331,INACTIVE,1477.89,True,False,False,False,False,False
MCH6593,"Bajaj, Kha1sa and Wab1e",5699,CLOTHING,PARTNERSHIP,MUMBAI,MAHARASHTRA,2024-10-27 13:25:29,XXXX6331,ACTIVE,,True,False,True,False,False,False
MCH7156,"Sathe, Patla and Tailor",MISC,DEPT_STORE,INDIVIDUAL,JAIPUR,RAJASTHAN,2023-04-07 00:00:00,3942092126,ACTIVE,2168.89,False,True,False,False,False,False
MCH6585,Bansal Ltd,5411,KIRANA,PRIVATE_LIMITED,MUMBAI,MAHARASHTRA,2025-01-25 10:52:00,WOEP4190245385925,INACTIVE,729.86,True,True,False,False,False,False
MCH4073,Gopal PLC,05812,RESTAURANTS,INDIVIDUAL,JAIPUR,RAJASTHAN,2024-12-27 20:52:16,XXXX0031,ACTIVE,,False,False,False,False,False,False
MCH4112,Sodhi-Desai,MISC,DEPARTMENT_STORE,SOLE_PROPRIETOR,HYD,TELANGANA,2023-06-06 00:00:00,,INACTIVE,3193.0,False,False,False,False,False,False
MCH7932,Kaur-De,,KIRANA,SOLE_PROPRIETOR,DELHI,DELHI,2024-06-20 12:33:00,EEPU7483825861961,ACTIVE,883.0,False,True,False,False,False,False
MCH6889,Vala PLC,5311,DEPARTMENT_STORES,SOLE_PROPRIETOR,LUDHIANA,PUNJAB,2024-07-03 00:00:00,XXXX2033,ACTIVE,2028.13,True,False,False,False,False,False
MCH3254,Maharaj-Sharaf,5942,STATIONERY,PARTNERSHIP,AMRITSAR,PUNJAB,,7494346991,ACTIVE,958.41,True,True,False,False,True,False
MCH4859,VASA-RAJU,5812,RESTAURANT,SOLE_PROPRIETOR,HYD,TELANGANA,2025-03-17 02:59:45,XXXX9523,SUSPENDED,214.0,True,False,False,False,False,False
MCH6935,"Sagar,BadalandJha",5912,PHARMACY,PRIVATE_LIMITED,DELHI,DELHI,2025-11-06 00:00:00,,ACTIVE,319.7,True,False,False,False,False,False
MCH1829,Ramaswamy Group,4131,TRANSPORT,SOLE_PROPRIETOR,CALCUTTA,WEST_BENGAL,2024-03-15 00:00:00,,ACTIVE,2351.23,True,False,False,False,False,False
MCH2725,"Sridhar, Jayaraman and Rajagopalan",UNKNOWN,HOTEL_LODGING,PRIVATE_LIMITED,LKO,UTTAR_PRADESH,,5996031822,SUSPENDED,1550.81,False,True,False,False,False,False
MCH3285,"Prasad, Luthra and Suri",5311,RETAIL,PARTNERSHIP,BANGALORE,KARNATAKA,2023-02-22 00:00:00,3068852550,ACTIVE,669.58,True,True,False,False,False,False
MCH5009,arora-wagle,5699,GARMENTS,INDIVIDUAL,HYDERABAD,TELANGANA,2024-11-06 16:41:40,XXXX1307,INACTIVE,1125.91,True,False,False,False,False,False
MCH1033,Virk PLC,07011,HOSPITALITY,INDIVIDUAL,AMRITSAR,PUNJAB,,XXXX6158,INACTIVE,,False,False,True,False,True,False
MCH1128,Srinivasan Group,,GROCERY_STORE,PRIVATE_LIMITED,MADRAS,TAMIL_NADU,2024-04-19 00:00:00,,ACTIVE,,False,False,True,False,False,False
MCH1587,Srivastava-Saha,5912,PHARMACIES,PRIVATE_LIMITED,KOLKATA,WEST_BENGAL,,XXXX9260,ACTIVE,1502.0,True,False,False,False,False,False
MCH9914,"Parmar, Sekhon and Kakar",4131,BUS_TAXI,PRIVATE_LIMITED,AMRITSAR,PUNJAB,2025-12-15 03:30:38,1204552607,ACTIVE,1356.48,True,True,False,False,False,False
MCH9548,Sur PLC,5912,PHARMACIES,SOLE_PROPRIETOR,BENGALURU,KARNATAKA,2024-08-14 00:00:00,,ACTIVE,,True,False,False,False,False,False
MCH7146,Bali PLC,4814,PHONE_SERVICE,PRIVATE_LIMITED,HYDERABAD,TELANGANA,2025-02-14 00:00:00,6264736894,ACTIVE,8255.11,True,True,False,False,False,False
MCH6338,Dutta PLC,05311,DEPT_STORE,INDIVIDUAL,KOLKATA,WEST_BENGAL,2024-06-29 00:00:00,,ACTIVE,1835.5,False,False,False,False,False,False
MCH3780,"DASS, BATH AND HALDER",5311,DEPARTMENT_STORES,SOLE_PROPRIETOR,MADRAS,TAMIL_NADU,2024-02-11 00:00:00,,ACTIVE,2876.39,True,False,False,False,False,False
MCH1965,chawla-sawhney,4814,PHONE_SERVICE,INDIVIDUAL,BLR,KARNATAKA,2025-08-21 00:00:00,,ACTIVE,4592.95,True,False,False,False,False,False
MCH9955,NORI-NAZARETH,5699,FASHION,SOLE_PROPRIETOR,DELHI,DELHI,2024-05-22 02:32:54,,SUSPENDED,673.27,True,False,False,False,False,False
MCH1200,Vora and Sons,,CLOTHS,PRIVATE_LIMITED,PUNE,MAHARASHTRA,2023-02-08 00:00:00,MQRX2052089170910,ACTIVE,1072.0,False,True,False,False,False,False
MCH6543,Goswami-Ray,5699,CLOTHS,PARTNERSHIP,MADRAS,TAMIL_NADU,2025-04-04 00:00:00,XXXX9238,ACTIVE,2501.19,True,False,False,False,False,False
MCH1115,Nadkarni LLC,4131,TRANSPRT,PARTNERSHIP,JALANDHAR,PUNJAB,,,ACTIVE,6943.0,True,False,False,False,False,False
MCH9853,Dhar-Raval,5912,PHARMACIES,SOLE_PROPRIETOR,KOLKATA,WEST_BENGAL,,,ACTIVE,795.17,True,False,False,False,False,False
MCH9942,Choudhry-Shenoy,4814,TELECOM,PARTNERSHIP,ASR,PUNJAB,,JYCX6599095859245,ACTIVE,1359.79,True,True,False,False,True,False
MCH4353,"Sha, Thaman and Bhasin",5699,APPAREL,PARTNERSHIP,LUCKNOW,UTTAR_PRADESH,,XXXX4052,INACTIVE,,True,False,True,False,True,False
MCH3675,Soman LLC,5999,MISCELLANEOUS,INDIVIDUAL,HYDERABAD,TELANGANA,2026-02-13 00:00:00,,INACTIVE,223.0,True,False,False,False,False,False
MCH8054,"Kant, Gara and Grewal",04131,TRANSPORTATION,SOLE_PROPRIETOR,CHENNAI,TAMIL_NADU,,RGWT7200559316561,ACTIVE,,False,True,False,False,True,False
MCH9757,Venkataraman-Vig,5311,DEPT_STORE,SOLE_PROPRIETOR,ASR,PUNJAB,2025-03-26 02:02:24,,ACTIVE,,True,False,True,False,False,False
MCH7919,MAJUMDAR-CHANDRAN,4131,TRANSPORTATION,PARTNERSHIP,JAIPUR,RAJASTHAN,,ZYZN0297509951145,ACTIVE,4626.02,True,True,False,False,True,False
MCH9145,"Naik, Bhargava and Cherian",5912,CHEMIST,PARTNERSHIP,LKO,UTTAR_PRADESH,2024-06-13 09:31:54,EJTD8248302454682,ACTIVE,1754.6,True,True,False,False,False,False
MCH3111,Cherian-G0swami,,TELECOM,PRIVATE_LIMITED,BENGALURU,KARNATAKA,,,ACTIVE,1311.29,False,False,False,False,False,False
MCH1973,Pau-H0ra,5311,DEPARTMENT_STORES,INDIVIDUAL,AMRITSAR,PUNJAB,2023-02-23 00:00:00,,ACTIVE,1264.21,True,False,False,False,False,False
MCH9755,ANAND INC,5311,DEPARTMENT_STORE,PRIVATE_LIMITED,LUCKNOW,UTTAR_PRADESH,,EWFI4945547358021,ACTIVE,2048.19,True,True,False,False,True,False
MCH9050,"Oza, Shukla and Chandra",7011,HOTELS,INDIVIDUAL,JALANDHAR,PUNJAB,2024-05-12 00:00:00,XXXX1789,ACTIVE,2974.94,True,False,False,False,False,False
MCH3563,Shan Inc,05912,CHEMIST,SOLE_PROPRIETOR,BENGALURU,KARNATAKA,2024-04-01 06:07:35,XXXX8095,ACTIVE,335.55,False,False,False,False,False,False
MCH2392,Shetty and Sons,,GROCERY_STORES,INDIVIDUAL,AMRITSAR,PUNJAB,2025-12-18 00:00:00,XXXX1862,ACTIVE,655.01,False,False,False,False,False,False
MCH9565,"Dhar, Shukla and Chaudhary",5942,BOOKS,INDIVIDUAL,CHENNAI,TAMIL_NADU,2025-08-22 13:59:00,6503799014,ACTIVE,2205.09,True,True,False,False,False,False
MCH1153,"Johal, Suri and Rama",5999,MISCELLANEOUS,SOLE_PROPRIETOR,KOLKATA,WEST_BENGAL,2023-05-08 00:00:00,XXXX9937,ACTIVE,153.84,True,False,False,False,False,False
MCH9483,"Yohannan, Ghose and Pal",5699,CLOTHING,PARTNERSHIP,HYD,TELANGANA,2023-03-21 23:53:34,,ACTIVE,4425.5,True,False,False,False,False,False
MCH5665,"Parikh, Ray and Lall",5942,STATIONERY,PARTNERSHIP,JAIPUR,RAJASTHAN,2023-09-12 00:00:00,XXXX1393,ACTIVE,1428.0,True,False,False,False,False,False
MCH1233,"Upadhyay, Lall and Kala",5942,BOOKS,PRIVATE_LIMITED,PUNE,MAHARASHTRA,2024-07-19 00:00:00,,ACTIVE,,True,False,True,False,False,False
MCH4331,"Wali, Buch and Nagi",5699,GARMENTS,SOLE_PROPRIETOR,AMRITSAR,PUNJAB,2025-07-31 20:39:00,5107486763,INACTIVE,1154.33,True,True,False,False,False,False
MCH3061,Krishnamurthy-Tandon,4131,TRANSPORTATION,PARTNERSHIP,PUNE,MAHARASHTRA,2024-07-26 00:00:00,,ACTIVE,431.86,True,False,False,False,False,False
MCH9935,Sahni-Barad,5999,MISCELLANEOUS,PARTNERSHIP,DELHI,DELHI,,,ACTIVE,1444.0,True,False,False,False,True,False
MCH4342,S0m PLC,4814,MOBILE_RECHARGE,PRIVATE_LIMITED,JAIPUR,RAJASTHAN,2025-11-08 00:00:00,,INACTIVE,337.31,True,False,False,False,False,False
MCH1786,"Tank, Nadkarni and Srinivasan",4131,TRAVEL,PRIVATE_LIMITED,AMRITSAR,PUNJAB,2024-03-15 00:00:00,DQUX6492697797570,ACTIVE,353.77,True,True,False,False,False,False
MCH4115,"Bandi, Rau and Hayre",4131,TRANSPORTATION,SOLE_PROPRIETOR,JAIPUR,RAJASTHAN,,YBME5428003718558,SUSPENDED,748.37,True,True,False,False,True,False
MCH8864,Lala-Ben,5912,PHARMACIES,INDIVIDUAL,LUDHIANA,PUNJAB,2025-12-28 05:23:00,,ACTIVE,869.2,True,False,False,False,False,False
MCH8007,hans group,4131,BUS_TAXI,SOLE_PROPRIETOR,MADRAS,TAMIL_NADU,,2894393423,SUSPENDED,2825.02,True,True,False,False,True,False
MCH1480,Bala-Magar,05999,MISC_RETAIL,INDIVIDUAL,HYDERABAD,TELANGANA,,,ACTIVE,,False,False,False,False,False,False
MCH2674,Rajagopalan Inc,5912,PHARMACIES,PARTNERSHIP,AMRITSAR,PUNJAB,2023-03-08 00:00:00,,ACTIVE,1499.0,True,False,False,False,False,False
MCH9094,"YADAV, ZACHARIA AND DUTT",05912,PHARMACY,SOLE_PROPRIETOR,LUDHIANA,PUNJAB,2023-09-24 00:00:00,2133770313,SUSPENDED,1081.32,False,True,False,False,False,False
MCH9423,apte group,7011,HOTELS,SOLE_PROPRIETOR,MADRAS,TAMIL_NADU,2025-10-24 00:00:00,HHBU3998361677128,ACTIVE,3132.43,True,True,False,False,False,False
MCH9165,Batta PLC,MISC,BUS_TAXI,PRIVATE_LIMITED,MADRAS,TAMIL_NADU,,8743490607,SUSPENDED,,False,True,False,False,True,False
MCH6930,Dave and Sons,,GARMENTS,PRIVATE_LIMITED,DELHI,DELHI,2025-01-17 00:00:00,3789755588,ACTIVE,,False,True,False,False,False,False
MCH8616,RATTI-JHA,05699,APPAREL,SOLE_PROPRIETOR,PUNE,MAHARASHTRA,2025-05-30 00:00:00,,ACTIVE,,False,False,False,False,False,False
MCH2470,Mutti-Bawa,,CHEMIST,INDIVIDUAL,JALANDAR,PUNJAB,2025-12-13 00:00:00,XXXX5194,SUSPENDED,444.91,False,False,False,False,False,False
MCH2710,"Sami, Sibal and Sabharwal",4814,TELECOM,SOLE_PROPRIETOR,LUDHIANA,PUNJAB,2024-02-08 00:00:00,AKLL1339623695675,ACTIVE,1319.1,True,True,False,False,False,False
MCH3722,jhaveri ltd,5912,PHARMACIES,PRIVATE_LIMITED,LUDHIANA,PUNJAB,2024-06-29 00:00:00,6603889131,ACTIVE,4309.0,True,True,False,False,False,False
MCH4382,modi-sengupta,5912,PHARMACIES,INDIVIDUAL,MUMBAI,MAHARASHTRA,2025-02-15 00:00:00,9182714411,ACTIVE,650.1,True,True,False,False,False,False
MCH7191,Bhargava Ltd,05942,BOOKS_STATIONERY,SOLE_PROPRIETOR,HYD,TELANGANA,2023-07-26 00:00:00,XXXX5061,INACTIVE,528.97,False,False,False,False,False,False
MCH6101,DORA-BAJWA,5912,MEDICAL,PRIVATE_LIMITED,PUNE,MAHARASHTRA,2025-07-28 00:00:00,2854493333,ACTIVE,3328.35,True,True,False,False,False,False
MCH6511,"Doctor, Sur and Badal",5411,KIRANA,SOLE_PROPRIETOR,PUNE,MAHARASHTRA,2024-07-27 20:57:52,XXXX9778,ACTIVE,778.51,True,False,False,False,False,False
MCH2903,Swamy-Parsa,05699,FASHION,INDIVIDUAL,BOMBAY,MAHARASHTRA,2023-04-14 00:00:00,,INACTIVE,1218.16,False,False,False,False,False,False
MCH1443,Swamy PLC,5999,MISC_RETAIL,PRIVATE_LIMITED,LUCKNOW,UTTAR_PRADESH,,,INACTIVE,209.63,True,False,False,False,True,False
MCH8703,MODY GROUP,MISC,OTHER,PARTNERSHIP,HYDERABAD,TELANGANA,2023-04-09 03:36:19,XXXX1194,SUSPENDED,2908.51,False,False,False,False,False,False
MCH8574,vohra group,5912,MEDICAL_STORE,INDIVIDUAL,JAIPUR,RAJASTHAN,,NSHE9263060444640,INACTIVE,,True,True,True,False,True,False
MCH4096,Raman Inc,,APPAREL,PRIVATE_LIMITED,CHENNAI,TAMIL_NADU,,6736501272,ACTIVE,2014.0,False,True,False,False,False,False
MCH2060,Grover-Dugar,,HOTEL,INDIVIDUAL,CHENNAI,TAMIL_NADU,2025-10-02 05:31:26,DZGT5983407724510,ACTIVE,540.0,False,True,False,False,False,False
MCH9190,"Dugar, Babu and Ba1a",5812,RESTAURANT,INDIVIDUAL,CHENNAI,TAMIL_NADU,2025-01-24 00:00:00,,ACTIVE,471.43,True,False,False,False,False,False
MCH5441,Sur Group,5411,GROCERY_STORES,PRIVATE_LIMITED,LDH,PUNJAB,2023-02-08 00:00:00,UQUC6317470493069,ACTIVE,1094.34,True,True,False,False,False,False
MCH8119,SubramanianandSons,,BUS_TAXI,SOLE_PROPRIETOR,AMRITSAR,PUNJAB,2023-06-14 00:00:00,,ACTIVE,1285.93,False,False,False,False,False,False
MCH1144,Morar-Rattan,5699,CLOTHS,SOLE_PROPRIETOR,JAIPUR,RAJASTHAN,2025-01-20 00:00:00,,ACTIVE,1182.28,True,False,False,False,False,False
MCH4428,Raja-Kapadia,5942,BOOKS_STATIONERY,PRIVATE_LIMITED,POONA,MAHARASHTRA,2023-01-21 00:00:00,4361145093,ACTIVE,3396.0,True,True,False,False,False,False
MCH8209,"Cheema, Bansal and Comar",5699,FASHION,SOLE_PROPRIETOR,LUDHIANA,PUNJAB,2023-12-27 00:00:00,WBQV3675439647595,ACTIVE,6788.0,True,True,False,False,False,False
MCH6555,Tata-Bajwa,5311,RETAIL,PARTNERSHIP,LKO,UTTAR_PRADESH,2023-12-24 00:00:00,,SUSPENDED,3890.0,True,False,False,False,False,False
MCH8456,Srinivasan and Sons,5411,KIRANA,INDIVIDUAL,JALANDAR,PUNJAB,,XXXX9275,ACTIVE,3454.0,True,False,False,False,True,False
MCH4656,Purohit-Sinha,04131,TRANSPRT,SOLE_PROPRIETOR,LUCKNOW,UTTAR_PRADESH,,9508093837,ACTIVE,1533.86,False,True,False,False,False,False
MCH7236,bhasin llc,5699,FASHION,PARTNERSHIP,JALANDHAR,PUNJAB,2025-01-31 00:00:00,XXXX8980,ACTIVE,1228.0,True,False,False,False,False,False
MCH6554,vora llc,7011,HOSPITALITY,INDIVIDUAL,BENGALURU,KARNATAKA,2024-10-06 15:25:00,,INACTIVE,3625.66,True,False,False,False,False,False
MCH9032,Johal-Vaidya,5311,DEPT_STORE,PARTNERSHIP,MUMBAI,MAHARASHTRA,,,ACTIVE,821.89,True,False,False,False,True,False
MCH2671,Mohanty-Chakrabarti,5999,RETAIL_OTHER,PARTNERSHIP,JALANDHAR,PUNJAB,2023-05-08 18:02:00,,ACTIVE,1187.55,True,False,False,False,False,False
MCH6331,"varughese, sandhu and issac",,BOOKS_STATIONERY,INDIVIDUAL,HYD,TELANGANA,,,ACTIVE,868.0,False,False,False,False,True,False
MCH2126,Golla and Sons,5311,DEPARTMENT_STORE,PARTNERSHIP,HYDERABAD,TELANGANA,2024-04-15 00:00:00,VOOP9800619907319,ACTIVE,342.0,True,True,False,False,False,False
MCH1391,"Kale, Shroff and Barad",7011,HOTELS,INDIVIDUAL,KOLKATA,WEST_BENGAL,2025-10-31 06:57:00,,SUSPENDED,2757.0,True,False,False,False,False,False
MCH4303,"Dhingra, Khurana and Zachariah",4814,MOBILE_RECHARGE,PARTNERSHIP,BOMBAY,MAHARASHTRA,2023-08-25 03:02:00,,ACTIVE,2476.0,True,False,False,False,False,False
MCH9881,Kalla-Tara,5411,GROCERY,PRIVATE_LIMITED,DELHI,DELHI,,,ACTIVE,1174.86,True,False,False,False,True,False
MCH7384,Ahuja Group,,DEPT_STORE,INDIVIDUAL,DILLI,DELHI,2023-05-18 02:59:53,XXXX3860,ACTIVE,1058.0,False,False,False,False,False,False
MCH4593,dube-ravel,7011,HOSPITALITY,PARTNERSHIP,HYDERABAD,TELANGANA,2025-08-30 00:00:00,,ACTIVE,1285.0,True,False,False,False,False,False
MCH5656,Narayanan Group,4814,MOBILE_RECHARGE,PARTNERSHIP,LKO,UTTAR_PRADESH,,SICD4237260629825,ACTIVE,509.12,True,True,False,False,True,False
MCH2297,Mutti and Sons,5942,BOOKS_STATIONERY,PARTNERSHIP,LDH,PUNJAB,2026-01-15 05:18:27,,ACTIVE,1134.74,True,False,False,False,False,False
MCH9319,Cherian and Sons,5699,FASHION,INDIVIDUAL,JAIPUR,RAJASTHAN,,XXXX4972,ACTIVE,1697.03,True,False,False,False,True,False
MCH9442,issac-batra,7011,HOSPITALITY,PARTNERSHIP,DILLI,DELHI,2025-08-12 00:00:00,,ACTIVE,1049.17,True,False,False,False,False,False
MCH5622,"Biswas, Shetty and Nazareth",5912,PHARMACY,PARTNERSHIP,LUCKNOW,UTTAR_PRADESH,2025-11-13 00:00:00,,ACTIVE,1250.67,True,False,False,False,False,False
MCH2037,"Kaul, Peri and Viswanathan",05311,DEPARTMENT_STORES,PRIVATE_LIMITED,KOLKATA,WEST_BENGAL,2023-09-23 16:17:00,,ACTIVE,1457.35,False,False,False,False,False,False
MCH1878,Narula Group,7011,HOTEL_LODGING,PRIVATE_LIMITED,DELHI,DELHI,2025-02-26 00:00:00,XXXX5015,ACTIVE,,True,False,False,False,False,False
MCH2588,"Kala, Mahajan and Kumar",5912,PHARMACY,INDIVIDUAL,JALANDHAR,PUNJAB,2023-08-15 00:00:00,,ACTIVE,641.02,True,False,False,False,False,False
MCH6397,Tella-Lad,05912,PHARMACIES,PRIVATE_LIMITED,LUCKNOW,UTTAR_PRADESH,2025-10-10 00:00:00,,ACTIVE,872.0,False,False,False,False,False,False
MCH7001,Das LLC,4814,TELECOM,PRIVATE_LIMITED,KOLKATA,WEST_BENGAL,,,ACTIVE,3255.38,True,False,False,False,True,False
MCH4263,Kari and Sons,4814,MOBILE_RECHARGE,PRIVATE_LIMITED,KOLKATA,WEST_BENGAL,2023-11-27 00:00:00,,ACTIVE,,True,False,True,False,False,False
MCH1089,RANDHAWA-BARAD,05942,BOOKS_STATIONERY,INDIVIDUAL,JALANDHAR,PUNJAB,,,ACTIVE,8714.78,False,False,False,False,True,False
MCH6167,"Chawla, Andra and Varty",4814,TELECOM,PARTNERSHIP,HYDERABAD,TELANGANA,2023-05-08 00:00:00,6258351219,ACTIVE,2407.62,True,True,False,False,False,False
MCH7192,Nanda and Sons,,HOTEL_LODGING,PRIVATE_LIMITED,BANGALORE,KARNATAKA,,4205108918,ACTIVE,650.92,False,True,False,False,True,False
MCH6422,Dayal-Kapur,7011,HOTEL,INDIVIDUAL,LUCKNOW,UTTAR_PRADESH,2023-11-17 00:00:00,XXXX3524,INACTIVE,869.0,True,False,False,False,False,False
MCH2279,Sarma Inc,5912,PHARMACIES,PRIVATE_LIMITED,MUMBAI,MAHARASHTRA,2024-07-29 00:00:00,CIPY5229888115398,ACTIVE,2197.82,True,True,False,False,False,False
MCH3911,Bera-Pingle,05912,PHARMACY,PRIVATE_LIMITED,HYDERABAD,TELANGANA,2023-09-13 22:36:02,,INACTIVE,1548.45,False,False,False,False,False,False
MCH2107,"wali, srinivas and vyas",5912,PHARMACIES,PRIVATE_LIMITED,MADRAS,TAMIL_NADU,2023-08-29 00:00:00,KNZL1450578164711,ACTIVE,679.27,True,True,False,False,False,False
MCH8445,CHAND INC,5999,MISCELLANEOUS,PARTNERSHIP,JPR,RAJASTHAN,2025-12-27 10:31:00,,ACTIVE,2873.41,True,False,False,False,False,False
MCH3094,Bali Inc,4814,MOBILE_RECHARGE,SOLE_PROPRIETOR,JALANDHAR,PUNJAB,,REUR1699185299963,ACTIVE,,True,True,False,False,False,False
MCH9117,"KALE, KOHLI AND CHHABRA",5942,BOOK_STORE,SOLE_PROPRIETOR,JALANDAR,PUNJAB,,,SUSPENDED,206.51,True,False,False,False,False,False
MCH7343,Dixit Ltd,5912,PHARMACY,PARTNERSHIP,JPR,RAJASTHAN,,XXXX6255,ACTIVE,3142.0,True,False,False,False,False,False
MCH6377,BalasubramanianLLC,5912,MEDICAL_STORE,INDIVIDUAL,MUMBAI,MAHARASHTRA,,LULW1753905866525,ACTIVE,1259.93,True,True,False,False,True,False
MCH9580,"murthy, virk and lad",,DEPT_STORE,PARTNERSHIP,LUDHIANA,PUNJAB,2025-09-20 00:00:00,,ACTIVE,1520.62,False,False,False,False,False,False
MCH5205,"Yogi, Minhas and Goda",5311,DEPARTMENT_STORE,PARTNERSHIP,LUDHIANA,PUNJAB,,,INACTIVE,455.0,True,False,False,False,True,False
MCH8416,Kha1sa-Prashad,5411,GROCERY,PRIVATE_LIMITED,NEW_DELHI,DELHI,,8760894033,ACTIVE,478.64,True,True,False,False,True,False
MCH5245,Aggarwal Inc,5411,KIRANA,SOLE_PROPRIETOR,KOLKATA,WEST_BENGAL,2024-07-15 00:00:00,,ACTIVE,,True,False,False,False,False,False
MCH6451,Cheema Ltd,4814,TELECOM,PARTNERSHIP,MUMBAI,MAHARASHTRA,,,ACTIVE,,True,False,False,False,False,False
MCH5611,Walia-Lad,7011,HOSPITALITY,PARTNERSHIP,LUCKNOW,UTTAR_PRADESH,,XXXX6019,ACTIVE,269.25,True,False,False,False,True,False
MCH9627,Randhawa Gr0up,7011,HOTEL,PRIVATE_LIMITED,MADRAS,TAMIL_NADU,2023-08-31 05:51:15,,ACTIVE,,True,False,True,False,False,False
MCH9246,"Krishna, Wable and Kanda",4814,MOBILE_RECHARGE,SOLE_PROPRIETOR,PUNE,MAHARASHTRA,,XXXX5813,ACTIVE,859.77,True,False,False,False,True,False
MCH2398,"Nagarajan, Radhakrishnan and Amble",5311,DEPARTMENT_STORE,INDIVIDUAL,CALCUTTA,WEST_BENGAL,,UTUF0431950842048,ACTIVE,3317.39,True,True,False,False,True,False
MCH8036,"Sarma, Madan and Pandey",5912,MEDICAL_STORE,PARTNERSHIP,MUMBAI,MAHARASHTRA,2025-07-12 21:56:39,,ACTIVE,2055.77,True,False,False,False,False,False
MCH5678,Bhat-Borra,5912,MEDICAL_STORE,PRIVATE_LIMITED,ASR,PUNJAB,,5991796313,ACTIVE,677.93,True,True,False,False,True,False
MCH3607,Va1a-D0ra,5812,EATING_PLACE,INDIVIDUAL,LDH,PUNJAB,2024-11-09 00:00:00,,ACTIVE,1953.09,True,False,False,False,False,False
MCH3232,Shroff-Bobal,5812,RESTAURANTS,PARTNERSHIP,KOLKATA,WEST_BENGAL,2024-04-26 00:00:00,,ACTIVE,613.79,True,False,False,False,False,False
MCH5835,"Kanda, Saraf and Prashad",5699,FASHION,SOLE_PROPRIETOR,JALANDHAR,PUNJAB,2023-03-06 00:00:00,,ACTIVE,622.64,True,False,False,False,False,False
MCH7810,Bora-Chawla,,STATIONERY,INDIVIDUAL,AMRITSAR,PUNJAB,2023-04-11 21:20:23,WADW8907156741077,ACTIVE,631.58,False,True,False,False,False,False
MCH5204,Gokhale Ltd,5411,GROCERY,SOLE_PROPRIETOR,HYD,TELANGANA,,IWXN3869048789492,ACTIVE,955.33,True,True,False,False,False,False
MCH8941,mutti-sharaf,7011,HOSPITALITY,SOLE_PROPRIETOR,BANGALORE,KARNATAKA,2025-01-26 19:23:00,,ACTIVE,153.27,True,False,False,False,False,False
MCH4947,"DADA, SHROFF AND LALL",MISC,APPAREL,INDIVIDUAL,HYD,TELANGANA,2023-03-17 00:00:00,,ACTIVE,1747.23,False,False,False,False,False,False
MCH1944,Srinivas-Singh,MISC,HOTELS,INDIVIDUAL,MUMBAI,MAHARASHTRA,2025-08-27 00:00:00,SBWS9188089804745,ACTIVE,1161.95,False,True,False,False,False,False
MCH6866,Shroff PLC,05912,MEDICAL_STORE,PARTNERSHIP,LUDHIANA,PUNJAB,2023-01-16 00:00:00,4290543649,ACTIVE,1819.8,False,True,False,False,False,False
MCH2971,"Garg, Merchant and Kuruvilla",05699,FASHION,INDIVIDUAL,LUDHIANA,PUNJAB,2024-08-28 00:00:00,,ACTIVE,,False,False,True,False,False,False
MCH9263,"Chatterjee, Anand and Mani",5999,RETAIL_OTHER,PARTNERSHIP,CALCUTTA,WEST_BENGAL,2024-05-05 00:44:32,,ACTIVE,628.47,True,False,False,False,False,False
MCH3061,Bansal Inc,5311,DEPARTMENT_STORES,PRIVATE_LIMITED,MADRAS,TAMIL_NADU,2024-09-02 00:00:00,XXXX4596,ACTIVE,2114.75,True,False,False,False,False,False
MCH6524,Chaudry-Lall,7011,HOTELS,SOLE_PROPRIETOR,DELHI,DELHI,2023-12-25 00:00:00,RGKG5701905439053,INACTIVE,,True,True,False,False,False,False
MCH5001,Prabhakar-Badami,5699,FASHION,SOLE_PROPRIETOR,CALCUTTA,WEST_BENGAL,2023-03-12 00:00:00,GTJY4648425755583,ACTIVE,4621.27,True,True,False,False,False,False
MCH6530,Yogi-D’Alia,4131,TRANSPORT,PRIVATE_LIMITED,JAIPUR,RAJASTHAN,2024-06-16 00:00:00,,INACTIVE,828.59,True,False,False,False,False,False
MCH5944,Dave-Bal,04131,TRANSPRT,PRIVATE_LIMITED,MUMBAI,MAHARASHTRA,2024-12-18 00:00:00,ETMK1453170948286,ACTIVE,,False,True,True,False,False,False
MCH3264,"Narayanan, Krishnan and Bail",05411,GROCERY_STORES,SOLE_PROPRIETOR,JPR,RAJASTHAN,2025-03-25 00:00:00,XXXX4525,ACTIVE,3885.91,False,False,False,False,False,False
MCH5966,"Bala, Tandon and Keer",MISC,GROCERY_STORES,INDIVIDUAL,LKO,UTTAR_PRADESH,,,ACTIVE,255.77,False,False,False,False,True,False
MCH7200,Madan PLC,5699,FASHION,INDIVIDUAL,NEW_DELHI,DELHI,,4050915455,ACTIVE,190.57,True,True,False,False,True,False
MCH1249,"Garg, Saha and Rattan",5999,OTHER,PARTNERSHIP,JALANDHAR,PUNJAB,2023-08-21 00:00:00,,ACTIVE,,True,False,True,False,False,False
MCH8988,"Ratti, Rattan and Menon",5942,STATIONERY,PRIVATE_LIMITED,MADRAS,TAMIL_NADU,2026-02-21 19:46:26,XXXX5339,ACTIVE,1897.88,True,False,False,False,False,False
MCH4326,Morar-Jani,7011,HOTELS,PARTNERSHIP,LKO,UTTAR_PRADESH,2025-12-14 00:00:00,,ACTIVE,9768.01,True,False,False,False,False,False
MCH5567,"Apte, Sanghvi and Varkey",5812,RESTAURANTS,PARTNERSHIP,CHENNAI,TAMIL_NADU,,XXXX9947,INACTIVE,2121.0,True,False,False,False,True,False
MCH2605,Swamy Inc,05812,EATING_PLACE,INDIVIDUAL,CHENNAI,TAMIL_NADU,2026-01-22 00:00:00,,INACTIVE,1335.82,False,False,False,False,False,False
MCH7865,Rout Inc,,DEPARTMENT_STORE,INDIVIDUAL,HYDERABAD,TELANGANA,2023-11-13 13:57:04,XXXX3299,ACTIVE,2187.26,False,False,False,False,False,False
MCH1340,"Dash, Saxena and Kara",4131,TRANSPORT,PRIVATE_LIMITED,HYDERABAD,TELANGANA,,,INACTIVE,4203.63,True,False,False,False,True,False
