merchant_id,merchant_reference_record_count,merchant_name,merchant_category,business_type,merchant_status,mcc,city,state,declared_avg_ticket_size,merchant_status_values,merchant_category_values,merchant_status_count,merchant_category_count,invalid_mcc_records,suspended_reference_records,merchant_reference_inconsistency_flag
MCH1001,1,Anand-Kothari,KIRANA,PARTNERSHIP,ACTIVE,MISC,PUNE,MAHARASHTRA,332.55,ACTIVE,KIRANA,1,1,1,0,False
MCH1002,1,"Apte, Saha and Edwin",FOOD,PRIVATE_LIMITED,ACTIVE,05812,BANGALORE,KARNATAKA,1671.2,ACTIVE,FOOD,1,1,1,0,False
MCH1003,1,"Nayar, Batta and Barad",FASHION,PRIVATE_LIMITED,ACTIVE,5699,CHENNAI,TAMIL_NADU,792.91,ACTIVE,FASHION,1,1,0,0,False
MCH1004,1,Pillai-Mohan,TRAVEL,SOLE_PROPRIETOR,ACTIVE,4131,LKO,UTTAR_PRADESH,342.7,ACTIVE,TRAVEL,1,1,0,0,False
MCH1005,1,SAGAR AND SONS,MEDICAL_STORE,PARTNERSHIP,ACTIVE,5912,LUDHIANA,PUNJAB,967.53,ACTIVE,MEDICAL_STORE,1,1,0,0,False
MCH1007,2,MULTIPLE_VALUES,MULTIPLE_VALUES,MULTIPLE_VALUES,MULTIPLE_VALUES,MULTIPLE_VALUES,MULTIPLE_VALUES,MULTIPLE_VALUES,164.45,ACTIVE | INACTIVE,EATING_PLACE | HOTEL_LODGING,2,2,1,0,True
MCH1009,1,Bha11a-Dave,BUS_TAXI,INDIVIDUAL,ACTIVE,,MUMBAI,MAHARASHTRA,1496.0,ACTIVE,BUS_TAXI,1,1,1,0,False
MCH1010,1,Menon-Andra,GROCERY,PRIVATE_LIMITED,ACTIVE,,DELHI,DELHI,678.36,ACTIVE,GROCERY,1,1,1,0,False
MCH1011,2,Wable and Sons,GROCERIES,PRIVATE_LIMITED,MULTIPLE_VALUES,5411,LUDHIANA,PUNJAB,6536.07,ACTIVE | SUSPENDED,GROCERIES,2,1,0,1,True
MCH1014,2,MULTIPLE_VALUES,MULTIPLE_VALUES,PARTNERSHIP,ACTIVE,MULTIPLE_VALUES,MULTIPLE_VALUES,MULTIPLE_VALUES,1096.96,ACTIVE,DEPARTMENT_STORE | FOOD,1,2,2,0,True
MCH1015,1,Mannan-Subramaniam,HOTELS,INDIVIDUAL,ACTIVE,7011,HYD,TELANGANA,,ACTIVE,HOTELS,1,1,0,0,False
MCH1016,3,MULTIPLE_VALUES,MULTIPLE_VALUES,MULTIPLE_VALUES,MULTIPLE_VALUES,MULTIPLE_VALUES,MULTIPLE_VALUES,MULTIPLE_VALUES,756.28,ACTIVE | SUSPENDED,BOOKS_STATIONERY | RESTAURANT | TELECOM,2,3,1,1,True
MCH1018,1,Kannan-Khatri,DEPT_STORE,INDIVIDUAL,ACTIVE,5311,JALANDAR,PUNJAB,1791.0,ACTIVE,DEPT_STORE,1,1,0,0,False
MCH1019,1,Iyer-Thaker,CLOTHING,PARTNERSHIP,ACTIVE,5699,KOLKATA,WEST_BENGAL,,ACTIVE,CLOTHING,1,1,0,0,False
MCH1020,1,Garg-Kale,TRANSPRT,SOLE_PROPRIETOR,ACTIVE,4131,ASR,PUNJAB,1015.68,ACTIVE,TRANSPRT,1,1,0,0,False
MCH1021,2,MULTIPLE_VALUES,MULTIPLE_VALUES,MULTIPLE_VALUES,ACTIVE,MULTIPLE_VALUES,MULTIPLE_VALUES,MULTIPLE_VALUES,1537.785,ACTIVE,FOOD_SERVICES | GROCERY,1,2,0,0,True
MCH1022,1,Ramesh-Bhat,OTHER,PRIVATE_LIMITED,ACTIVE,,HYDERABAD,TELANGANA,3026.17,ACTIVE,OTHER,1,1,1,0,False
MCH1032,3,MULTIPLE_VALUES,HOTELS,MULTIPLE_VALUES,MULTIPLE_VALUES,7011,MULTIPLE_VALUES,MULTIPLE_VALUES,674.56,ACTIVE | INACTIVE,HOTELS,2,1,0,0,True
MCH1033,2,MULTIPLE_VALUES,MULTIPLE_VALUES,INDIVIDUAL,MULTIPLE_VALUES,MULTIPLE_VALUES,MULTIPLE_VALUES,PUNJAB,1871.48,ACTIVE | INACTIVE,HOSPITALITY | PHONE_SERVICE,2,2,1,0,True
MCH1034,1,DEVI-CHAUDHARI,HOSPITALITY,PRIVATE_LIMITED,ACTIVE,7011,DELHI,DELHI,243.38,ACTIVE,HOSPITALITY,1,1,0,0,False
MCH1035,1,Minhas-Khatri,RESTAURANTS,SOLE_PROPRIETOR,ACTIVE,5812,MUMBAY,MAHARASHTRA,5777.68,ACTIVE,RESTAURANTS,1,1,0,0,False
MCH1039,2,MULTIPLE_VALUES,MULTIPLE_VALUES,MULTIPLE_VALUES,ACTIVE,4814,MULTIPLE_VALUES,MULTIPLE_VALUES,3062.03,ACTIVE,PHONE_SERVICE | TELECOM,1,2,0,0,True
MCH1040,2,MULTIPLE_VALUES,MULTIPLE_VALUES,MULTIPLE_VALUES,ACTIVE,MULTIPLE_VALUES,MULTIPLE_VALUES,MULTIPLE_VALUES,841.9749999999999,ACTIVE,KIRANA | MEDICAL,1,2,0,0,True
MCH1041,1,Pat1a-S0m,FASHION,PRIVATE_LIMITED,ACTIVE,,KOLKATA,WEST_BENGAL,3701.53,ACTIVE,FASHION,1,1,1,0,False
MCH1044,1,"Jha, Salvi and Setty",RETAIL,PARTNERSHIP,ACTIVE,5311,HYDERABAD,TELANGANA,1084.93,ACTIVE,RETAIL,1,1,0,0,False
MCH1047,2,MULTIPLE_VALUES,MULTIPLE_VALUES,MULTIPLE_VALUES,ACTIVE,4814,MULTIPLE_VALUES,MULTIPLE_VALUES,1798.73,ACTIVE,HOTELS | TELECOM,1,2,1,0,True
MCH1050,1,Trivedi-Zachariah,APPAREL,SOLE_PROPRIETOR,ACTIVE,5699,JAIPUR,RAJASTHAN,2479.88,ACTIVE,APPAREL,1,1,0,0,False
MCH1053,1,"gera, grover and sehgal",MOBILE_RECHARGE,INDIVIDUAL,ACTIVE,4814,AMRITSAR,PUNJAB,,ACTIVE,MOBILE_RECHARGE,1,1,0,0,False
MCH1054,1,Cheema Ltd,DEPARTMENT_STORE,PRIVATE_LIMITED,ACTIVE,5311,PUNE,MAHARASHTRA,868.09,ACTIVE,DEPARTMENT_STORE,1,1,0,0,False
MCH1055,1,Dhingra-Kapoor,RETAIL,PARTNERSHIP,ACTIVE,5311,BLR,KARNATAKA,,ACTIVE,RETAIL,1,1,0,0,False
MCH1056,1,Mital-Jhaveri,DEPARTMENT_STORES,PARTNERSHIP,ACTIVE,5311,ASR,PUNJAB,5938.05,ACTIVE,DEPARTMENT_STORES,1,1,0,0,False
MCH1058,1,"Vyas,VirkandDatta",DEPT_STORE,PARTNERSHIP,ACTIVE,05311,POONA,MAHARASHTRA,1504.39,ACTIVE,DEPT_STORE,1,1,1,0,False
MCH1059,1,Prasad Ltd,PHONE_SERVICE,PARTNERSHIP,ACTIVE,4814,HYD,TELANGANA,4187.75,ACTIVE,PHONE_SERVICE,1,1,0,0,False
MCH1060,3,MULTIPLE_VALUES,MULTIPLE_VALUES,MULTIPLE_VALUES,MULTIPLE_VALUES,MULTIPLE_VALUES,MULTIPLE_VALUES,MULTIPLE_VALUES,2371.8,ACTIVE | INACTIVE,DEPT_STORE | RESTAURANTS | TRANSPORT,2,3,1,0,True
MCH1063,1,"Samra, Sur and Venkataraman",RETAIL_OTHER,PRIVATE_LIMITED,ACTIVE,5999,CHENNAI,TAMIL_NADU,1297.7,ACTIVE,RETAIL_OTHER,1,1,0,0,False
MCH1064,2,MULTIPLE_VALUES,MULTIPLE_VALUES,MULTIPLE_VALUES,ACTIVE,MULTIPLE_VALUES,MULTIPLE_VALUES,MULTIPLE_VALUES,1787.905,ACTIVE,BOOKS | EATING_PLACE,1,2,0,0,True
MCH1068,1,Mall-Palan,OTHER,SOLE_PROPRIETOR,ACTIVE,,JAIPUR,RAJASTHAN,663.04,ACTIVE,OTHER,1,1,1,0,False
MCH1070,1,Pandya PLC,MISC_RETAIL,PRIVATE_LIMITED,ACTIVE,5999,CHENNAI,TAMIL_NADU,1259.2,ACTIVE,MISC_RETAIL,1,1,0,0,False
MCH1071,3,MULTIPLE_VALUES,MULTIPLE_VALUES,MULTIPLE_VALUES,ACTIVE,MULTIPLE_VALUES,MULTIPLE_VALUES,MULTIPLE_VALUES,1028.27,ACTIVE,HOTEL | MEDICAL | PHONE_SERVICE,1,3,1,0,True
MCH1072,1,Kalla-Khalsa,RESTAURANTS,PRIVATE_LIMITED,INACTIVE,5812,MUMBAI,MAHARASHTRA,422.23,INACTIVE,RESTAURANTS,1,1,0,0,False
MCH1073,1,"Dasgupta,RayandDara",MEDICAL_STORE,PARTNERSHIP,SUSPENDED,MISC,LUCKNOW,UTTAR_PRADESH,1002.63,SUSPENDED,MEDICAL_STORE,1,1,1,1,False
MCH1075,2,MULTIPLE_VALUES,MULTIPLE_VALUES,MULTIPLE_VALUES,MULTIPLE_VALUES,MULTIPLE_VALUES,MULTIPLE_VALUES,MULTIPLE_VALUES,1400.8000000000002,ACTIVE | SUSPENDED,MEDICAL | PHONE_SERVICE,2,2,0,1,True
MCH1077,3,MULTIPLE_VALUES,MULTIPLE_VALUES,INDIVIDUAL,MULTIPLE_VALUES,MULTIPLE_VALUES,MULTIPLE_VALUES,MULTIPLE_VALUES,606.84,ACTIVE | INACTIVE,DEPARTMENT_STORES | KIRANA | RESTAURANT,2,3,0,0,True
MCH1079,1,Sharaf and Sons,MOBILE_RECHARGE,SOLE_PROPRIETOR,ACTIVE,,POONA,MAHARASHTRA,455.39,ACTIVE,MOBILE_RECHARGE,1,1,1,0,False
MCH1081,1,Mistry Group,FOOD_SERVICES,PRIVATE_LIMITED,ACTIVE,5812,MUMBAY,MAHARASHTRA,2299.04,ACTIVE,FOOD_SERVICES,1,1,0,0,False
MCH1082,1,Oommen Inc,HOTEL,PARTNERSHIP,ACTIVE,7011,AMRITSAR,PUNJAB,833.19,ACTIVE,HOTEL,1,1,0,0,False
MCH1083,2,Chaudhry-Bhat,FOOD,SOLE_PROPRIETOR,MULTIPLE_VALUES,5812,JALANDHAR,PUNJAB,730.39,INACTIVE | SUSPENDED,FOOD,2,1,0,1,True
MCH1084,1,Krishnamurthy Inc,OTHER,PRIVATE_LIMITED,ACTIVE,5999,JALANDAR,PUNJAB,4469.21,ACTIVE,OTHER,1,1,0,0,False
MCH1086,1,Agrawal-Sule,APPAREL,INDIVIDUAL,ACTIVE,MISC,LUDHIANA,PUNJAB,1355.59,ACTIVE,APPAREL,1,1,1,0,False
MCH1087,1,"Mitter, Sawhney and Luthra",HOTELS,PARTNERSHIP,SUSPENDED,7011,MADRAS,TAMIL_NADU,2381.71,SUSPENDED,HOTELS,1,1,0,1,False
MCH1089,2,MULTIPLE_VALUES,MULTIPLE_VALUES,INDIVIDUAL,ACTIVE,MULTIPLE_VALUES,MULTIPLE_VALUES,MULTIPLE_VALUES,4696.39,ACTIVE,BOOKS_STATIONERY | KIRANA,1,2,2,0,True
MCH1093,1,"dubey, uppal and bhatt",FOOD_SERVICES,PRIVATE_LIMITED,INACTIVE,5812,POONA,MAHARASHTRA,4005.67,INACTIVE,FOOD_SERVICES,1,1,0,0,False
MCH1095,1,Mander Group,PHONE_SERVICE,PARTNERSHIP,ACTIVE,04814,KOLKATA,WEST_BENGAL,1277.94,ACTIVE,PHONE_SERVICE,1,1,1,0,False
MCH1096,1,Subramanian-Prasad,FASHION,INDIVIDUAL,ACTIVE,5699,HYD,TELANGANA,8373.82,ACTIVE,FASHION,1,1,0,0,False
MCH1097,1,"Narayan, Datta and Chowdhury",OTHER,INDIVIDUAL,ACTIVE,5999,LKO,UTTAR_PRADESH,343.8,ACTIVE,OTHER,1,1,0,0,False
MCH1098,1,"raval, yadav and yogi",HOTEL,PRIVATE_LIMITED,ACTIVE,7011,JAIPUR,RAJASTHAN,181.0,ACTIVE,HOTEL,1,1,0,0,False
MCH1100,2,swamy inc,RETAIL,PARTNERSHIP,INACTIVE,5311,LUDHIANA,PUNJAB,2008.22,INACTIVE,RETAIL,1,1,0,0,False
MCH1101,5,MULTIPLE_VALUES,MULTIPLE_VALUES,MULTIPLE_VALUES,MULTIPLE_VALUES,MULTIPLE_VALUES,MULTIPLE_VALUES,MULTIPLE_VALUES,2025.16,ACTIVE | INACTIVE,EATING_PLACE | MEDICAL | PHARMACIES | PHONE_SERVICE | RESTAURANT,2,5,1,0,True
MCH1104,1,Chander LLC,TELECOM,PRIVATE_LIMITED,ACTIVE,4814,DELHI,DELHI,778.62,ACTIVE,TELECOM,1,1,0,0,False
MCH1106,2,MULTIPLE_VALUES,MULTIPLE_VALUES,MULTIPLE_VALUES,ACTIVE,5411,MULTIPLE_VALUES,MULTIPLE_VALUES,1477.06,ACTIVE,GROCERY_STORES | KIRANA,1,2,0,0,True
MCH1107,1,Sen-Das,MOBILE_RECHARGE,PRIVATE_LIMITED,ACTIVE,,MADRAS,TAMIL_NADU,,ACTIVE,MOBILE_RECHARGE,1,1,1,0,False
MCH1109,2,MULTIPLE_VALUES,MULTIPLE_VALUES,MULTIPLE_VALUES,ACTIVE,MULTIPLE_VALUES,MULTIPLE_VALUES,MULTIPLE_VALUES,1262.18,ACTIVE,BUS_TAXI | DEPARTMENT_STORES,1,2,0,0,True
MCH1115,1,Nadkarni LLC,TRANSPRT,PARTNERSHIP,ACTIVE,4131,JALANDHAR,PUNJAB,6943.0,ACTIVE,TRANSPRT,1,1,0,0,False
MCH1118,2,MULTIPLE_VALUES,MULTIPLE_VALUES,MULTIPLE_VALUES,ACTIVE,MULTIPLE_VALUES,MULTIPLE_VALUES,MULTIPLE_VALUES,2262.0,ACTIVE,RETAIL_OTHER | TRANSPORT,1,2,0,0,True
MCH1122,2,MULTIPLE_VALUES,MULTIPLE_VALUES,MULTIPLE_VALUES,ACTIVE,5912,MULTIPLE_VALUES,MULTIPLE_VALUES,2715.755,ACTIVE,DEPARTMENT_STORE | MEDICAL,1,2,1,0,True
MCH1124,2,MULTIPLE_VALUES,MULTIPLE_VALUES,MULTIPLE_VALUES,ACTIVE,MULTIPLE_VALUES,MULTIPLE_VALUES,MULTIPLE_VALUES,3253.505,ACTIVE,CLOTHING | HOSPITALITY,1,2,0,0,True
MCH1126,1,"Nayak, Dhaliwal and Soman",GROCERY_STORES,PARTNERSHIP,ACTIVE,5411,JALANDHAR,PUNJAB,564.83,ACTIVE,GROCERY_STORES,1,1,0,0,False
MCH1128,2,MULTIPLE_VALUES,MULTIPLE_VALUES,MULTIPLE_VALUES,ACTIVE,05999,MULTIPLE_VALUES,MULTIPLE_VALUES,1028.32,ACTIVE,GROCERY_STORE | RETAIL_OTHER,1,2,2,0,True
MCH1130,2,MULTIPLE_VALUES,MULTIPLE_VALUES,MULTIPLE_VALUES,ACTIVE,5311,MULTIPLE_VALUES,PUNJAB,2851.765,ACTIVE,DEPARTMENT_STORE | DEPARTMENT_STORES,1,2,0,0,True
MCH1132,1,Cheema Inc,RETAIL_OTHER,SOLE_PROPRIETOR,ACTIVE,5999,LUDHIANA,PUNJAB,,ACTIVE,RETAIL_OTHER,1,1,0,0,False
MCH1133,1,Shere Ltd,PHARMACIES,PARTNERSHIP,ACTIVE,5912,BENGALURU,KARNATAKA,11501.53,ACTIVE,PHARMACIES,1,1,0,0,False
MCH1134,2,MULTIPLE_VALUES,MULTIPLE_VALUES,MULTIPLE_VALUES,ACTIVE,05411,MULTIPLE_VALUES,MULTIPLE_VALUES,3265.69,ACTIVE,GROCERY | PHARMACIES,1,2,2,0,True
MCH1136,1,"bahri, kanda and seth",BOOK_STORE,PRIVATE_LIMITED,ACTIVE,5942,MADRAS,TAMIL_NADU,896.84,ACTIVE,BOOK_STORE,1,1,0,0,False
MCH1138,1,"Shan,BuchandTank",BOOKS_STATIONERY,SOLE_PROPRIETOR,ACTIVE,5942,BANGALORE,KARNATAKA,1369.64,ACTIVE,BOOKS_STATIONERY,1,1,0,0,False
MCH1142,2,MULTIPLE_VALUES,MULTIPLE_VALUES,SOLE_PROPRIETOR,ACTIVE,MULTIPLE_VALUES,MULTIPLE_VALUES,MULTIPLE_VALUES,252.13,ACTIVE,MISC_RETAIL | PHONE_SERVICE,1,2,0,0,True
MCH1143,1,ARYA-KHANNA,TRANSPRT,SOLE_PROPRIETOR,ACTIVE,4131,JALANDHAR,PUNJAB,486.39,ACTIVE,TRANSPRT,1,1,0,0,False
MCH1144,1,Morar-Rattan,CLOTHS,SOLE_PROPRIETOR,ACTIVE,5699,JAIPUR,RAJASTHAN,1182.28,ACTIVE,CLOTHS,1,1,0,0,False
MCH1147,1,Dayal-Sabharwal,PHONE_SERVICE,INDIVIDUAL,INACTIVE,4814,KOLKATA,WEST_BENGAL,939.97,INACTIVE,PHONE_SERVICE,1,1,0,0,False
MCH1148,1,Deep-Manda,BUS_TAXI,INDIVIDUAL,ACTIVE,4131,ASR,PUNJAB,3461.0,ACTIVE,BUS_TAXI,1,1,0,0,False
MCH1152,1,Raman-Choudhury,GROCERY,PARTNERSHIP,ACTIVE,,CHENNAI,TAMIL_NADU,233.0,ACTIVE,GROCERY,1,1,1,0,False
MCH1153,2,MULTIPLE_VALUES,MULTIPLE_VALUES,MULTIPLE_VALUES,ACTIVE,MULTIPLE_VALUES,MULTIPLE_VALUES,MULTIPLE_VALUES,513.675,ACTIVE,DEPARTMENT_STORE | MISCELLANEOUS,1,2,0,0,True
MCH1154,3,MULTIPLE_VALUES,MULTIPLE_VALUES,MULTIPLE_VALUES,ACTIVE,5912,MULTIPLE_VALUES,MULTIPLE_VALUES,655.3,ACTIVE,HOTEL | PHARMACIES,1,2,2,0,True
MCH1155,1,Sha LLC,TRANSPORTATION,SOLE_PROPRIETOR,INACTIVE,4131,AMRITSAR,PUNJAB,1753.08,INACTIVE,TRANSPORTATION,1,1,0,0,False
MCH1159,2,MULTIPLE_VALUES,MULTIPLE_VALUES,MULTIPLE_VALUES,MULTIPLE_VALUES,MULTIPLE_VALUES,MULTIPLE_VALUES,MULTIPLE_VALUES,1231.37,ACTIVE | INACTIVE,BOOKS_STATIONERY | TELECOM,2,2,0,0,True
MCH1161,1,"Kuruvilla, Pall and Ravel",GROCERY_STORE,PRIVATE_LIMITED,ACTIVE,5411,JALANDHAR,PUNJAB,549.82,ACTIVE,GROCERY_STORE,1,1,0,0,False
MCH1162,1,"Anand, Mistry and Khare",MISCELLANEOUS,PRIVATE_LIMITED,ACTIVE,5999,NEW_DELHI,DELHI,1311.0,ACTIVE,MISCELLANEOUS,1,1,0,0,False
MCH1163,2,MULTIPLE_VALUES,MULTIPLE_VALUES,MULTIPLE_VALUES,MULTIPLE_VALUES,MULTIPLE_VALUES,MULTIPLE_VALUES,MULTIPLE_VALUES,3834.345,ACTIVE | INACTIVE,MEDICAL_STORE | TELECOM,2,2,1,0,True
MCH1164,1,Goda PLC,TRANSPORT,PARTNERSHIP,ACTIVE,4131,LUDHIANA,PUNJAB,953.0,ACTIVE,TRANSPORT,1,1,0,0,False
MCH1168,3,MULTIPLE_VALUES,MULTIPLE_VALUES,MULTIPLE_VALUES,MULTIPLE_VALUES,MULTIPLE_VALUES,MULTIPLE_VALUES,MULTIPLE_VALUES,4780.41,ACTIVE | INACTIVE,APPAREL | CHEMIST | GROCERY,2,3,1,0,True
MCH1169,1,Dey-Gupta,EATING_PLACE,INDIVIDUAL,ACTIVE,5812,BLR,KARNATAKA,1427.7,ACTIVE,EATING_PLACE,1,1,0,0,False
MCH1170,1,"Wali, Bala and Sanghvi",DEPARTMENT_STORE,SOLE_PROPRIETOR,INACTIVE,05311,BLR,KARNATAKA,1109.65,INACTIVE,DEPARTMENT_STORE,1,1,1,0,False
MCH1171,1,Sampath-Shroff,MEDICAL_STORE,PARTNERSHIP,ACTIVE,05912,DILLI,DELHI,393.94,ACTIVE,MEDICAL_STORE,1,1,1,0,False
MCH1174,1,Mander-Kari,GROCERIES,PARTNERSHIP,ACTIVE,05411,JALANDAR,PUNJAB,1013.97,ACTIVE,GROCERIES,1,1,1,0,False
MCH1177,1,"Mistry, Savant and Jha",TRANSPORTATION,SOLE_PROPRIETOR,ACTIVE,4131,AMRITSAR,PUNJAB,1663.99,ACTIVE,TRANSPORTATION,1,1,0,0,False
MCH1179,1,Suresh-Chand,BOOKS,PARTNERSHIP,ACTIVE,5942,MADRAS,TAMIL_NADU,,ACTIVE,BOOKS,1,1,0,0,False
MCH1180,1,Sangha and Sons,GROCERY,INDIVIDUAL,ACTIVE,5411,HYDERABAD,TELANGANA,993.08,ACTIVE,GROCERY,1,1,0,0,False
MCH1183,1,Rajan LLC,FOOD_SERVICES,PRIVATE_LIMITED,ACTIVE,5812,BENGALURU,KARNATAKA,1717.84,ACTIVE,FOOD_SERVICES,1,1,0,0,False
MCH1185,1,"Buch, Barad and Toor",OTHER,PARTNERSHIP,ACTIVE,5999,JALANDHAR,PUNJAB,2955.34,ACTIVE,OTHER,1,1,0,0,False
MCH1188,1,M0rar Ltd,PHARMACIES,INDIVIDUAL,ACTIVE,5912,HYDERABAD,TELANGANA,1156.7,ACTIVE,PHARMACIES,1,1,0,0,False
MCH1189,1,"rai, doctor and dar",APPAREL,SOLE_PROPRIETOR,ACTIVE,5699,MUMBAY,MAHARASHTRA,1513.0,ACTIVE,APPAREL,1,1,0,0,False
MCH1191,1,raval ltd,PHONE_SERVICE,INDIVIDUAL,INACTIVE,4814,KOLKATA,WEST_BENGAL,1670.52,INACTIVE,PHONE_SERVICE,1,1,0,0,False
MCH1193,1,"Padmanabhan, Sekhon and Dhawan",RESTAURANTS,PARTNERSHIP,ACTIVE,5812,LUCKNOW,UTTAR_PRADESH,1712.05,ACTIVE,RESTAURANTS,1,1,0,0,False
MCH1195,2,MULTIPLE_VALUES,MULTIPLE_VALUES,MULTIPLE_VALUES,ACTIVE,MULTIPLE_VALUES,MULTIPLE_VALUES,PUNJAB,553.015,ACTIVE,BOOKS_STATIONERY | TRANSPORT,1,2,0,0,True
MCH1197,1,"Gaba, Wadhwa and Sahni",GROCERY_STORES,PRIVATE_LIMITED,ACTIVE,5411,MUMBAI,MAHARASHTRA,488.96,ACTIVE,GROCERY_STORES,1,1,0,0,False
MCH1199,2,MULTIPLE_VALUES,EATING_PLACE,MULTIPLE_VALUES,ACTIVE,5812,MULTIPLE_VALUES,MULTIPLE_VALUES,3380.8700000000003,ACTIVE,EATING_PLACE,1,1,0,0,False
MCH1200,1,Vora and Sons,CLOTHS,PRIVATE_LIMITED,ACTIVE,,PUNE,MAHARASHTRA,1072.0,ACTIVE,CLOTHS,1,1,1,0,False
MCH1202,1,KOSHY-BORDE,RETAIL,PARTNERSHIP,ACTIVE,5311,LUDHIANA,PUNJAB,1998.99,ACTIVE,RETAIL,1,1,0,0,False
MCH1204,1,Rana Group,DEPARTMENT_STORE,PRIVATE_LIMITED,ACTIVE,5311,JPR,RAJASTHAN,733.33,ACTIVE,DEPARTMENT_STORE,1,1,0,0,False
MCH1207,1,"pillai, oak and barman",FOOD,INDIVIDUAL,ACTIVE,5812,DELHI,DELHI,1280.08,ACTIVE,FOOD,1,1,0,0,False
MCH1210,1,"Dua, Buch and Kaul",BOOK_STORE,PRIVATE_LIMITED,SUSPENDED,,BOMBAY,MAHARASHTRA,1903.0,SUSPENDED,BOOK_STORE,1,1,1,1,False
MCH1211,1,"Munshi, Pai and Sibal",RETAIL,SOLE_PROPRIETOR,ACTIVE,5311,DELHI,DELHI,296.16,ACTIVE,RETAIL,1,1,0,0,False
MCH1213,2,Ray LLC,PHARMACIES,PARTNERSHIP,MULTIPLE_VALUES,5912,PUNE,MAHARASHTRA,1556.0,ACTIVE | INACTIVE,PHARMACIES,2,1,0,0,True
MCH1214,2,MULTIPLE_VALUES,MULTIPLE_VALUES,INDIVIDUAL,ACTIVE,MULTIPLE_VALUES,MULTIPLE_VALUES,PUNJAB,1829.91,ACTIVE,DEPARTMENT_STORE | TELECOM,1,2,0,0,True
MCH1216,3,MULTIPLE_VALUES,MULTIPLE_VALUES,SOLE_PROPRIETOR,ACTIVE,MULTIPLE_VALUES,MULTIPLE_VALUES,MULTIPLE_VALUES,2228.42,ACTIVE,HOTELS | MISC_RETAIL,1,2,0,0,True
MCH1219,3,MULTIPLE_VALUES,MULTIPLE_VALUES,MULTIPLE_VALUES,ACTIVE,MULTIPLE_VALUES,MULTIPLE_VALUES,MULTIPLE_VALUES,2174.0,ACTIVE,FOOD_SERVICES | GARMENTS | PHARMACIES,1,3,2,0,True
MCH1221,3,MULTIPLE_VALUES,MULTIPLE_VALUES,MULTIPLE_VALUES,MULTIPLE_VALUES,MULTIPLE_VALUES,MULTIPLE_VALUES,MULTIPLE_VALUES,1302.2,ACTIVE | INACTIVE,BOOKS | EATING_PLACE | HOTELS,2,3,1,0,True
MCH1222,1,Dass-Dugar,GROCERY_STORE,SOLE_PROPRIETOR,ACTIVE,5411,KOLKATA,WEST_BENGAL,,ACTIVE,GROCERY_STORE,1,1,0,0,False
MCH1224,1,setty-sami,BOOKS,INDIVIDUAL,ACTIVE,5942,KOLKATA,WEST_BENGAL,609.48,ACTIVE,BOOKS,1,1,0,0,False
MCH1226,2,MULTIPLE_VALUES,MULTIPLE_VALUES,MULTIPLE_VALUES,ACTIVE,5912,MULTIPLE_VALUES,MULTIPLE_VALUES,1446.105,ACTIVE,HOTEL | MEDICAL_STORE,1,2,1,0,True
MCH1227,4,MULTIPLE_VALUES,MULTIPLE_VALUES,MULTIPLE_VALUES,ACTIVE,MULTIPLE_VALUES,MULTIPLE_VALUES,MULTIPLE_VALUES,974.595,ACTIVE,CLOTHING | FOOD | GROCERY_STORE | OTHER,1,4,1,0,True
MCH1229,2,MULTIPLE_VALUES,MULTIPLE_VALUES,MULTIPLE_VALUES,ACTIVE,5942,MULTIPLE_VALUES,MULTIPLE_VALUES,1278.12,ACTIVE,RETAIL_OTHER | STATIONERY,1,2,1,0,True
MCH1233,1,"Upadhyay, Lall and Kala",BOOKS,PRIVATE_LIMITED,ACTIVE,5942,PUNE,MAHARASHTRA,,ACTIVE,BOOKS,1,1,0,0,False
MCH1234,2,MULTIPLE_VALUES,MULTIPLE_VALUES,MULTIPLE_VALUES,ACTIVE,MULTIPLE_VALUES,MULTIPLE_VALUES,MULTIPLE_VALUES,737.735,ACTIVE,HOSPITALITY | TRANSPRT,1,2,1,0,True
MCH1237,1,Agarwal-Kibe,HOSPITALITY,PARTNERSHIP,ACTIVE,07011,MUMBAY,MAHARASHTRA,750.84,ACTIVE,HOSPITALITY,1,1,1,0,False
MCH1243,1,"Buch, Atwal and Roy",MEDICAL_STORE,PARTNERSHIP,ACTIVE,5912,LUDHIANA,PUNJAB,1323.94,ACTIVE,MEDICAL_STORE,1,1,0,0,False
MCH1245,1,"Kumer, Varghese and Dhawan",CHEMIST,PARTNERSHIP,ACTIVE,,POONA,MAHARASHTRA,725.32,ACTIVE,CHEMIST,1,1,1,0,False
MCH1247,1,"Nayak, Lala and Pillai",GROCERIES,SOLE_PROPRIETOR,INACTIVE,5411,BENGALURU,KARNATAKA,677.02,INACTIVE,GROCERIES,1,1,0,0,False
MCH1249,2,MULTIPLE_VALUES,MULTIPLE_VALUES,MULTIPLE_VALUES,ACTIVE,MULTIPLE_VALUES,MULTIPLE_VALUES,MULTIPLE_VALUES,1049.44,ACTIVE,OTHER | RETAIL,1,2,1,0,True
MCH1250,3,MULTIPLE_VALUES,MULTIPLE_VALUES,MULTIPLE_VALUES,MULTIPLE_VALUES,MULTIPLE_VALUES,MULTIPLE_VALUES,MULTIPLE_VALUES,1162.22,ACTIVE | SUSPENDED,BUS_TAXI | EATING_PLACE | GROCERY_STORE,2,3,0,1,True
MCH1254,1,Pant-Muni,TRAVEL,PARTNERSHIP,ACTIVE,4131,DELHI,DELHI,781.27,ACTIVE,TRAVEL,1,1,0,0,False
MCH1255,2,MULTIPLE_VALUES,MULTIPLE_VALUES,PARTNERSHIP,MULTIPLE_VALUES,MULTIPLE_VALUES,MULTIPLE_VALUES,MULTIPLE_VALUES,950.8000000000001,ACTIVE | INACTIVE,BOOK_STORE | TELECOM,2,2,1,0,True
MCH1256,1,Vala Inc,MEDICAL_STORE,SOLE_PROPRIETOR,SUSPENDED,05912,KOLKATA,WEST_BENGAL,1415.24,SUSPENDED,MEDICAL_STORE,1,1,1,1,False
MCH1257,1,Varma-Maharaj,BOOKS,SOLE_PROPRIETOR,ACTIVE,5942,CALCUTTA,WEST_BENGAL,3059.27,ACTIVE,BOOKS,1,1,0,0,False
MCH1259,1,"Wagle, Verma and Ramanathan",MEDICAL,PRIVATE_LIMITED,ACTIVE,,JAIPUR,RAJASTHAN,548.2,ACTIVE,MEDICAL,1,1,1,0,False
MCH1260,2,MULTIPLE_VALUES,MULTIPLE_VALUES,MULTIPLE_VALUES,ACTIVE,MULTIPLE_VALUES,MULTIPLE_VALUES,MULTIPLE_VALUES,1734.315,ACTIVE,CLOTHING | GROCERY_STORE,1,2,0,0,True
MCH1261,2,"Cheema, Savant and Bakshi",RETAIL,SOLE_PROPRIETOR,INACTIVE,5311,LUDHIANA,PUNJAB,,INACTIVE,RETAIL,1,1,0,0,False
MCH1262,2,MULTIPLE_VALUES,MULTIPLE_VALUES,INDIVIDUAL,ACTIVE,MULTIPLE_VALUES,MULTIPLE_VALUES,MULTIPLE_VALUES,496.585,ACTIVE,HOSPITALITY | TELECOM,1,2,1,0,True
MCH1263,3,MULTIPLE_VALUES,MULTIPLE_VALUES,MULTIPLE_VALUES,ACTIVE,MULTIPLE_VALUES,MULTIPLE_VALUES,MULTIPLE_VALUES,696.55,ACTIVE,CHEMIST | PHONE_SERVICE | TELECOM,1,3,3,0,True
MCH1267,1,master-tiwari,TELECOM,PRIVATE_LIMITED,INACTIVE,4814,LUCKNOW,UTTAR_PRADESH,1213.17,INACTIVE,TELECOM,1,1,0,0,False
MCH1268,1,Vyas Ltd,RETAIL,INDIVIDUAL,ACTIVE,5311,AMRITSAR,PUNJAB,,ACTIVE,RETAIL,1,1,0,0,False
MCH1269,1,SHUKLA PLC,CLOTHING,INDIVIDUAL,ACTIVE,5699,HYD,TELANGANA,1758.28,ACTIVE,CLOTHING,1,1,0,0,False
MCH1270,1,Tiwari and Sons,DEPARTMENT_STORE,PRIVATE_LIMITED,ACTIVE,5311,HYDERABAD,TELANGANA,1107.02,ACTIVE,DEPARTMENT_STORE,1,1,0,0,False
MCH1272,1,Garg Inc,TRANSPORTATION,PARTNERSHIP,ACTIVE,4131,JPR,RAJASTHAN,549.87,ACTIVE,TRANSPORTATION,1,1,0,0,False
MCH1275,1,Kata Group,HOTEL_LODGING,PARTNERSHIP,ACTIVE,7011,LUCKNOW,UTTAR_PRADESH,252.53,ACTIVE,HOTEL_LODGING,1,1,0,0,False
MCH1277,2,MULTIPLE_VALUES,MULTIPLE_VALUES,INDIVIDUAL,ACTIVE,MULTIPLE_VALUES,MULTIPLE_VALUES,MULTIPLE_VALUES,2364.435,ACTIVE,RESTAURANT | TRANSPRT,1,2,0,0,True
MCH1280,1,"Ben, Madan and Dey",BOOKS,PRIVATE_LIMITED,ACTIVE,5942,LUCKNOW,UTTAR_PRADESH,1308.81,ACTIVE,BOOKS,1,1,0,0,False
MCH1285,1,hayer plc,MEDICAL,INDIVIDUAL,ACTIVE,5912,BLR,KARNATAKA,436.7,ACTIVE,MEDICAL,1,1,0,0,False
MCH1288,1,"jain, loke and zacharia",TRANSPRT,SOLE_PROPRIETOR,ACTIVE,4131,BLR,KARNATAKA,915.81,ACTIVE,TRANSPRT,1,1,0,0,False
MCH1292,1,Gera-Nayak,HOTEL_LODGING,SOLE_PROPRIETOR,ACTIVE,7011,CHENNAI,TAMIL_NADU,267.0,ACTIVE,HOTEL_LODGING,1,1,0,0,False
MCH1293,1,"Kohli, Rajan and Nair",GARMENTS,SOLE_PROPRIETOR,ACTIVE,5699,JAIPUR,RAJASTHAN,915.17,ACTIVE,GARMENTS,1,1,0,0,False
MCH1294,1,Rajagopalan Group,MEDICAL,INDIVIDUAL,ACTIVE,05912,AMRITSAR,PUNJAB,539.82,ACTIVE,MEDICAL,1,1,1,0,False
MCH1296,1,Gaba-Rama,MEDICAL_STORE,INDIVIDUAL,ACTIVE,5912,DELHI,DELHI,2547.8,ACTIVE,MEDICAL_STORE,1,1,0,0,False
MCH1297,1,Luthra and Sons,GROCERY_STORES,PRIVATE_LIMITED,ACTIVE,5411,NEW_DELHI,DELHI,381.86,ACTIVE,GROCERY_STORES,1,1,0,0,False
MCH1298,1,"Raghavan,ReddyandSangha",STATIONERY,SOLE_PROPRIETOR,ACTIVE,5942,HYDERABAD,TELANGANA,364.92,ACTIVE,STATIONERY,1,1,0,0,False
MCH1299,1,mutti plc,CLOTHING,PARTNERSHIP,ACTIVE,5699,JAIPUR,RAJASTHAN,605.64,ACTIVE,CLOTHING,1,1,0,0,False
MCH1304,1,sama ltd,MEDICAL_STORE,INDIVIDUAL,ACTIVE,05912,BENGALURU,KARNATAKA,4095.57,ACTIVE,MEDICAL_STORE,1,1,1,0,False
MCH1305,1,Ghose-Batta,TRANSPORT,INDIVIDUAL,INACTIVE,04131,HYD,TELANGANA,380.06,INACTIVE,TRANSPORT,1,1,1,0,False
MCH1308,1,SUBRAMANIAM-SHANKAR,PHARMACY,PARTNERSHIP,INACTIVE,5912,BENGALURU,KARNATAKA,2112.78,INACTIVE,PHARMACY,1,1,0,0,False
MCH1309,1,"Jhaveri, Dasgupta and Kata",GARMENTS,INDIVIDUAL,ACTIVE,5699,MUMBAI,MAHARASHTRA,929.23,ACTIVE,GARMENTS,1,1,0,0,False
MCH1311,1,"Dugal, Munshi and Kunda",TELECOM,INDIVIDUAL,ACTIVE,4814,JAIPUR,RAJASTHAN,1605.92,ACTIVE,TELECOM,1,1,0,0,False
MCH1314,1,"Pant, Mammen and Doctor",CLOTHING,INDIVIDUAL,ACTIVE,5699,JAIPUR,RAJASTHAN,1045.43,ACTIVE,CLOTHING,1,1,0,0,False
MCH1318,1,GUPTA LLC,TELECOM,PRIVATE_LIMITED,ACTIVE,4814,JAIPUR,RAJASTHAN,,ACTIVE,TELECOM,1,1,0,0,False
MCH1320,2,Babu-Khatri,FASHION,INDIVIDUAL,MULTIPLE_VALUES,5699,KOLKATA,WEST_BENGAL,,ACTIVE | SUSPENDED,FASHION,2,1,0,1,True
MCH1321,1,Borah-Dhaliwal,HOSPITALITY,SOLE_PROPRIETOR,ACTIVE,7011,AMRITSAR,PUNJAB,7973.89,ACTIVE,HOSPITALITY,1,1,0,0,False
MCH1323,1,DHAR AND SONS,BOOKS,PARTNERSHIP,ACTIVE,5942,AMRITSAR,PUNJAB,,ACTIVE,BOOKS,1,1,0,0,False
MCH1324,1,"EDWIN, SAVANT AND TANDON",HOTEL,PARTNERSHIP,ACTIVE,7011,BANGALORE,KARNATAKA,1192.31,ACTIVE,HOTEL,1,1,0,0,False
MCH1326,1,"Chaudhry, Agrawa1 and Sridhar",BOOKS,SOLE_PROPRIETOR,ACTIVE,5942,BANGALORE,KARNATAKA,177.58,ACTIVE,BOOKS,1,1,0,0,False
MCH1327,1,GandhiPLC,GARMENTS,SOLE_PROPRIETOR,ACTIVE,5699,LKO,UTTAR_PRADESH,902.09,ACTIVE,GARMENTS,1,1,0,0,False
MCH1328,1,Buch and Sons,HOTELS,SOLE_PROPRIETOR,ACTIVE,7011,CHENNAI,TAMIL_NADU,711.0,ACTIVE,HOTELS,1,1,0,0,False
MCH1331,1,"Garg, Bobal and Jain",TRAVEL,INDIVIDUAL,ACTIVE,4131,CALCUTTA,WEST_BENGAL,3720.61,ACTIVE,TRAVEL,1,1,0,0,False
MCH1333,1,Sastry PLC,PHONE_SERVICE,INDIVIDUAL,INACTIVE,4814,AMRITSAR,PUNJAB,1548.51,INACTIVE,PHONE_SERVICE,1,1,0,0,False
MCH1334,1,"KALITA, SARRAF AND BHARDWAJ",RETAIL_OTHER,INDIVIDUAL,ACTIVE,5999,BANGALORE,KARNATAKA,1780.83,ACTIVE,RETAIL_OTHER,1,1,0,0,False
MCH1335,1,"Wagle, Kamdar and Mallick",HOSPITALITY,SOLE_PROPRIETOR,SUSPENDED,7011,MUMBAI,MAHARASHTRA,398.0,SUSPENDED,HOSPITALITY,1,1,0,1,False
MCH1336,4,MULTIPLE_VALUES,MULTIPLE_VALUES,MULTIPLE_VALUES,ACTIVE,MULTIPLE_VALUES,MULTIPLE_VALUES,MULTIPLE_VALUES,902.0,ACTIVE,APPAREL | DEPARTMENT_STORE | OTHER | PHARMACIES,1,4,0,0,True
MCH1340,2,MULTIPLE_VALUES,MULTIPLE_VALUES,MULTIPLE_VALUES,MULTIPLE_VALUES,MULTIPLE_VALUES,MULTIPLE_VALUES,MULTIPLE_VALUES,4203.63,ACTIVE | INACTIVE,MISC_RETAIL | TRANSPORT,2,2,0,0,True
MCH1343,2,MULTIPLE_VALUES,MULTIPLE_VALUES,INDIVIDUAL,ACTIVE,5999,MULTIPLE_VALUES,MULTIPLE_VALUES,2685.78,ACTIVE,GARMENTS | MISCELLANEOUS,1,2,1,0,True
MCH1345,1,Bhat Inc,DEPARTMENT_STORES,PRIVATE_LIMITED,ACTIVE,5311,HYD,TELANGANA,1702.79,ACTIVE,DEPARTMENT_STORES,1,1,0,0,False
MCH1347,1,D’ALIA GROUP,HOSPITALITY,PRIVATE_LIMITED,ACTIVE,7011,CHENNAI,TAMIL_NADU,1739.0,ACTIVE,HOSPITALITY,1,1,0,0,False
MCH1349,3,MULTIPLE_VALUES,MULTIPLE_VALUES,MULTIPLE_VALUES,MULTIPLE_VALUES,MULTIPLE_VALUES,MULTIPLE_VALUES,MULTIPLE_VALUES,1183.3,ACTIVE | SUSPENDED,BOOKS_STATIONERY | DEPARTMENT_STORES | PHARMACIES,2,3,0,1,True
MCH1350,1,"KRISHNAMURTHY, DUTT AND SURA",PHONE_SERVICE,PARTNERSHIP,ACTIVE,4814,MUMBAI,MAHARASHTRA,1360.18,ACTIVE,PHONE_SERVICE,1,1,0,0,False
MCH1352,2,MULTIPLE_VALUES,FOOD,MULTIPLE_VALUES,ACTIVE,5812,MULTIPLE_VALUES,MULTIPLE_VALUES,4146.0,ACTIVE,FOOD,1,1,0,0,False
MCH1353,2,MULTIPLE_VALUES,MULTIPLE_VALUES,MULTIPLE_VALUES,MULTIPLE_VALUES,MULTIPLE_VALUES,MULTIPLE_VALUES,MULTIPLE_VALUES,1927.1799999999998,ACTIVE | SUSPENDED,BUS_TAXI | MISC_RETAIL,2,2,0,1,True
MCH1358,2,MULTIPLE_VALUES,MULTIPLE_VALUES,MULTIPLE_VALUES,ACTIVE,MULTIPLE_VALUES,MULTIPLE_VALUES,MULTIPLE_VALUES,1768.5900000000001,ACTIVE,BOOKS_STATIONERY | TRANSPORTATION,1,2,0,0,True
MCH1359,1,Palan-Minhas,CLOTHS,INDIVIDUAL,ACTIVE,,MADRAS,TAMIL_NADU,1891.91,ACTIVE,CLOTHS,1,1,1,0,False
MCH1363,1,Rattan-Shere,HOTEL_LODGING,SOLE_PROPRIETOR,ACTIVE,7011,MADRAS,TAMIL_NADU,926.5,ACTIVE,HOTEL_LODGING,1,1,0,0,False
MCH1364,3,MULTIPLE_VALUES,MULTIPLE_VALUES,MULTIPLE_VALUES,ACTIVE,MULTIPLE_VALUES,MULTIPLE_VALUES,MULTIPLE_VALUES,697.605,ACTIVE,BOOK_STORE | STATIONERY | TRANSPORTATION,1,3,1,0,True
MCH1365,2,MULTIPLE_VALUES,MULTIPLE_VALUES,MULTIPLE_VALUES,ACTIVE,MULTIPLE_VALUES,MULTIPLE_VALUES,MULTIPLE_VALUES,4292.21,ACTIVE,RETAIL | STATIONERY,1,2,0,0,True
MCH1366,1,"shah, roy and srinivasan",GROCERY,SOLE_PROPRIETOR,ACTIVE,MISC,CALCUTTA,WEST_BENGAL,935.11,ACTIVE,GROCERY,1,1,1,0,False
MCH1370,1,Wable LLC,TELECOM,PRIVATE_LIMITED,ACTIVE,4814,JALANDAR,PUNJAB,3898.88,ACTIVE,TELECOM,1,1,0,0,False
MCH1375,3,MULTIPLE_VALUES,MULTIPLE_VALUES,MULTIPLE_VALUES,MULTIPLE_VALUES,MULTIPLE_VALUES,MULTIPLE_VALUES,MULTIPLE_VALUES,503.66,ACTIVE | SUSPENDED,CHEMIST | GROCERIES | MEDICAL,2,3,0,1,True
MCH1377,2,MULTIPLE_VALUES,MULTIPLE_VALUES,MULTIPLE_VALUES,MULTIPLE_VALUES,MULTIPLE_VALUES,MULTIPLE_VALUES,MULTIPLE_VALUES,1119.255,ACTIVE | INACTIVE,EATING_PLACE | KIRANA,2,2,0,0,True
MCH1378,1,Patil-Deshmukh,DEPT_STORE,PRIVATE_LIMITED,ACTIVE,05311,MADRAS,TAMIL_NADU,387.99,ACTIVE,DEPT_STORE,1,1,1,0,False
MCH1379,1,Chokshi Ltd,MEDICAL_STORE,INDIVIDUAL,ACTIVE,5912,CHENNAI,TAMIL_NADU,2729.5,ACTIVE,MEDICAL_STORE,1,1,0,0,False
MCH1380,2,MULTIPLE_VALUES,MULTIPLE_VALUES,MULTIPLE_VALUES,MULTIPLE_VALUES,MULTIPLE_VALUES,MULTIPLE_VALUES,MULTIPLE_VALUES,1741.66,ACTIVE | SUSPENDED,MISCELLANEOUS | TELECOM,2,2,0,1,True
MCH1383,1,dubey group,GROCERY,INDIVIDUAL,ACTIVE,MISC,HYDERABAD,TELANGANA,,ACTIVE,GROCERY,1,1,1,0,False
MCH1384,2,MULTIPLE_VALUES,MULTIPLE_VALUES,INDIVIDUAL,ACTIVE,MULTIPLE_VALUES,MULTIPLE_VALUES,MULTIPLE_VALUES,2671.75,ACTIVE,RESTAURANTS | TELECOM,1,2,0,0,True
MCH1387,1,HANDA-TALWAR,TRAVEL,SOLE_PROPRIETOR,ACTIVE,4131,LUCKNOW,UTTAR_PRADESH,754.0,ACTIVE,TRAVEL,1,1,0,0,False
MCH1388,1,"Kala, Kunda and Pandit",MEDICAL,SOLE_PROPRIETOR,ACTIVE,5912,BENGALURU,KARNATAKA,3155.43,ACTIVE,MEDICAL,1,1,0,0,False
MCH1389,1,munshi-behl,GROCERY,INDIVIDUAL,ACTIVE,5411,PUNE,MAHARASHTRA,3913.0,ACTIVE,GROCERY,1,1,0,0,False
MCH1391,1,"Kale, Shroff and Barad",HOTELS,INDIVIDUAL,SUSPENDED,7011,KOLKATA,WEST_BENGAL,2757.0,SUSPENDED,HOTELS,1,1,0,1,False
MCH1392,1,Johal-Gaba,MEDICAL,PRIVATE_LIMITED,INACTIVE,05912,PUNE,MAHARASHTRA,4352.7,INACTIVE,MEDICAL,1,1,1,0,False
MCH1393,1,HEGDE-BAHRI,MEDICAL_STORE,PARTNERSHIP,ACTIVE,5912,LUDHIANA,PUNJAB,6478.07,ACTIVE,MEDICAL_STORE,1,1,0,0,False
MCH1395,1,Venkatesh LLC,RESTAURANT,PARTNERSHIP,ACTIVE,5812,LUCKNOW,UTTAR_PRADESH,641.0,ACTIVE,RESTAURANT,1,1,0,0,False
MCH1397,2,MULTIPLE_VALUES,MULTIPLE_VALUES,MULTIPLE_VALUES,ACTIVE,5411,MULTIPLE_VALUES,MULTIPLE_VALUES,3606.3450000000003,ACTIVE,GROCERY_STORE | STATIONERY,1,2,1,0,True
MCH1400,1,Kapoor-Bhalla,APPAREL,PARTNERSHIP,ACTIVE,5699,MADRAS,TAMIL_NADU,913.08,ACTIVE,APPAREL,1,1,0,0,False
MCH1401,1,Din and Sons,GROCERY,INDIVIDUAL,ACTIVE,5411,AMRITSAR,PUNJAB,286.09,ACTIVE,GROCERY,1,1,0,0,False
MCH1405,2,MULTIPLE_VALUES,MULTIPLE_VALUES,MULTIPLE_VALUES,MULTIPLE_VALUES,MULTIPLE_VALUES,MULTIPLE_VALUES,MULTIPLE_VALUES,2169.9300000000003,INACTIVE | SUSPENDED,DEPARTMENT_STORE | MEDICAL_STORE,2,2,0,1,True
MCH1406,1,Parmer-Goswami,HOTELS,PRIVATE_LIMITED,ACTIVE,7011,BENGALURU,KARNATAKA,2632.53,ACTIVE,HOTELS,1,1,0,0,False
MCH1409,1,Baral LLC,MEDICAL,INDIVIDUAL,ACTIVE,5912,HYD,TELANGANA,,ACTIVE,MEDICAL,1,1,0,0,False
MCH1417,1,"sekhon, parsa and bandi",TELECOM,SOLE_PROPRIETOR,ACTIVE,4814,MUMBAY,MAHARASHTRA,1501.66,ACTIVE,TELECOM,1,1,0,0,False
MCH1420,3,MULTIPLE_VALUES,MULTIPLE_VALUES,MULTIPLE_VALUES,MULTIPLE_VALUES,MULTIPLE_VALUES,MULTIPLE_VALUES,MULTIPLE_VALUES,1649.54,ACTIVE | INACTIVE,BUS_TAXI | HOTEL | RETAIL,2,3,0,0,True
MCH1422,1,Merchant and Sons,PHARMACY,INDIVIDUAL,ACTIVE,5912,HYDERABAD,TELANGANA,4074.0,ACTIVE,PHARMACY,1,1,0,0,False
MCH1424,1,"GOEL, BALAY AND DUA",HOTEL_LODGING,PRIVATE_LIMITED,ACTIVE,7011,JALANDAR,PUNJAB,5339.46,ACTIVE,HOTEL_LODGING,1,1,0,0,False
MCH1428,1,De-Natarajan,TRANSPORTATION,INDIVIDUAL,ACTIVE,4131,MUMBAI,MAHARASHTRA,1289.0,ACTIVE,TRANSPORTATION,1,1,0,0,False
MCH1429,1,Pal Ltd,GROCERY,INDIVIDUAL,ACTIVE,5411,JAIPUR,RAJASTHAN,258.0,ACTIVE,GROCERY,1,1,0,0,False
MCH1430,1,"Bhavsar, Dora and Singh",RESTAURANT,PRIVATE_LIMITED,ACTIVE,5812,DILLI,DELHI,238.76,ACTIVE,RESTAURANT,1,1,0,0,False
MCH1434,1,Kale and Sons,RESTAURANTS,PRIVATE_LIMITED,ACTIVE,5812,JALANDAR,PUNJAB,985.73,ACTIVE,RESTAURANTS,1,1,0,0,False
MCH1438,2,MULTIPLE_VALUES,MULTIPLE_VALUES,MULTIPLE_VALUES,ACTIVE,MULTIPLE_VALUES,MULTIPLE_VALUES,MULTIPLE_VALUES,1401.295,ACTIVE,OTHER | RESTAURANTS,1,2,0,0,True
MCH1439,2,Chawla Ltd,BUS_TAXI,INDIVIDUAL,ACTIVE,,CHENNAI,TAMIL_NADU,6190.53,ACTIVE,BUS_TAXI,1,1,2,0,False
MCH1441,1,"Kakar, Parsa and Sodhi",MISCELLANEOUS,PARTNERSHIP,ACTIVE,5999,LKO,UTTAR_PRADESH,1723.15,ACTIVE,MISCELLANEOUS,1,1,0,0,False
MCH1442,1,Wadhwa-Walla,HOTEL,PRIVATE_LIMITED,ACTIVE,7011,PUNE,MAHARASHTRA,1483.74,ACTIVE,HOTEL,1,1,0,0,False
MCH1443,1,Swamy PLC,MISC_RETAIL,PRIVATE_LIMITED,INACTIVE,5999,LUCKNOW,UTTAR_PRADESH,209.63,INACTIVE,MISC_RETAIL,1,1,0,0,False
MCH1445,1,Wali PLC,GROCERIES,SOLE_PROPRIETOR,ACTIVE,5411,HYD,TELANGANA,1200.0,ACTIVE,GROCERIES,1,1,0,0,False
MCH1446,1,Sunder-Sathe,DEPARTMENT_STORES,SOLE_PROPRIETOR,ACTIVE,5311,CHENNAI,TAMIL_NADU,3885.08,ACTIVE,DEPARTMENT_STORES,1,1,0,0,False
MCH1447,2,MULTIPLE_VALUES,MULTIPLE_VALUES,MULTIPLE_VALUES,MULTIPLE_VALUES,MULTIPLE_VALUES,MULTIPLE_VALUES,MULTIPLE_VALUES,304.52,ACTIVE | INACTIVE,GARMENTS | MEDICAL,2,2,0,0,True
MCH1448,1,TAK AND SONS,OTHER,SOLE_PROPRIETOR,ACTIVE,05999,MUMBAY,MAHARASHTRA,2897.23,ACTIVE,OTHER,1,1,1,0,False
MCH1449,1,"Chadha, Ramakrishnan and Badami",HOTEL_LODGING,PARTNERSHIP,SUSPENDED,7011,HYDERABAD,TELANGANA,1634.83,SUSPENDED,HOTEL_LODGING,1,1,0,1,False
MCH1450,1,"HORA, KUNDA AND DANI",DEPARTMENT_STORE,SOLE_PROPRIETOR,INACTIVE,5311,LUDHIANA,PUNJAB,1853.9,INACTIVE,DEPARTMENT_STORE,1,1,0,0,False
MCH1454,3,MULTIPLE_VALUES,MULTIPLE_VALUES,MULTIPLE_VALUES,ACTIVE,MULTIPLE_VALUES,MULTIPLE_VALUES,MULTIPLE_VALUES,1592.02,ACTIVE,MISC_RETAIL | OTHER | RESTAURANT,1,3,0,0,True
MCH1456,1,Madan-Ganesh,APPAREL,INDIVIDUAL,ACTIVE,5699,AMRITSAR,PUNJAB,,ACTIVE,APPAREL,1,1,0,0,False
MCH1457,1,Shetty Group,OTHER,INDIVIDUAL,ACTIVE,5999,JALANDAR,PUNJAB,1159.43,ACTIVE,OTHER,1,1,0,0,False
MCH1458,1,Chatterjee-Saran,DEPARTMENT_STORES,SOLE_PROPRIETOR,INACTIVE,UNKNOWN,JALANDAR,PUNJAB,658.54,INACTIVE,DEPARTMENT_STORES,1,1,1,0,False
MCH1459,1,"Palla, Saini and Date",HOTEL,INDIVIDUAL,SUSPENDED,7011,LUDHIANA,PUNJAB,1582.79,SUSPENDED,HOTEL,1,1,0,1,False
MCH1462,1,Swamy Inc,CHEMIST,PRIVATE_LIMITED,INACTIVE,5912,JALANDAR,PUNJAB,1411.0,INACTIVE,CHEMIST,1,1,0,0,False
MCH1465,2,MULTIPLE_VALUES,MULTIPLE_VALUES,MULTIPLE_VALUES,MULTIPLE_VALUES,MULTIPLE_VALUES,MULTIPLE_VALUES,MULTIPLE_VALUES,584.825,ACTIVE | SUSPENDED,FOOD | GARMENTS,2,2,0,1,True
MCH1469,1,"CHOUDHURY, JANI AND RAMASWAMY",BOOKS,SOLE_PROPRIETOR,ACTIVE,5942,BLR,KARNATAKA,416.0,ACTIVE,BOOKS,1,1,0,0,False
MCH1473,1,Lata-Khurana,MEDICAL_STORE,PARTNERSHIP,INACTIVE,,HYDERABAD,TELANGANA,326.76,INACTIVE,MEDICAL_STORE,1,1,1,0,False
MCH1474,1,"sami, sur and tank",TRANSPORTATION,PRIVATE_LIMITED,ACTIVE,04131,PUNE,MAHARASHTRA,1645.61,ACTIVE,TRANSPORTATION,1,1,1,0,False
MCH1475,1,"Bora, Bhakta and Aurora",DEPARTMENT_STORES,PRIVATE_LIMITED,ACTIVE,,CALCUTTA,WEST_BENGAL,1652.87,ACTIVE,DEPARTMENT_STORES,1,1,1,0,False
MCH1477,1,Ahluwalia-Devan,MEDICAL_STORE,PARTNERSHIP,ACTIVE,5912,JPR,RAJASTHAN,551.17,ACTIVE,MEDICAL_STORE,1,1,0,0,False
MCH1478,1,Sah0ta LLC,PHARMACIES,INDIVIDUAL,INACTIVE,5912,JAIPUR,RAJASTHAN,2037.0,INACTIVE,PHARMACIES,1,1,0,0,False
MCH1479,1,"Mandal, Barad and Srinivasan",BOOKS,PARTNERSHIP,ACTIVE,5942,KOLKATA,WEST_BENGAL,,ACTIVE,BOOKS,1,1,0,0,False
MCH1480,1,Bala-Magar,MISC_RETAIL,INDIVIDUAL,ACTIVE,05999,HYDERABAD,TELANGANA,,ACTIVE,MISC_RETAIL,1,1,1,0,False
MCH1482,1,"Bahri,SarinandHora",MISCELLANEOUS,PARTNERSHIP,SUSPENDED,5999,HYDERABAD,TELANGANA,1651.0,SUSPENDED,MISCELLANEOUS,1,1,0,1,False
MCH1483,1,Mohan-Kari,BOOKS,PRIVATE_LIMITED,ACTIVE,5942,AMRITSAR,PUNJAB,1901.08,ACTIVE,BOOKS,1,1,0,0,False
MCH1484,1,"Uppal, Butala and Tata",HOSPITALITY,INDIVIDUAL,ACTIVE,07011,BANGALORE,KARNATAKA,,ACTIVE,HOSPITALITY,1,1,1,0,False
MCH1488,1,"Chada, Gopal and Rajagopal",MOBILE_RECHARGE,SOLE_PROPRIETOR,ACTIVE,4814,JAIPUR,RAJASTHAN,1905.0,ACTIVE,MOBILE_RECHARGE,1,1,0,0,False
MCH1491,2,MULTIPLE_VALUES,MULTIPLE_VALUES,MULTIPLE_VALUES,ACTIVE,MULTIPLE_VALUES,MULTIPLE_VALUES,MULTIPLE_VALUES,1075.6,ACTIVE,APPAREL | TELECOM,1,2,0,0,True
MCH1492,2,MULTIPLE_VALUES,MULTIPLE_VALUES,MULTIPLE_VALUES,MULTIPLE_VALUES,MULTIPLE_VALUES,MULTIPLE_VALUES,MULTIPLE_VALUES,4995.39,ACTIVE | SUSPENDED,MEDICAL | OTHER,2,2,1,1,True
MCH1493,1,"Kar, Nath and Koshy",BOOKS_STATIONERY,INDIVIDUAL,ACTIVE,5942,BLR,KARNATAKA,,ACTIVE,BOOKS_STATIONERY,1,1,0,0,False
MCH1494,2,MULTIPLE_VALUES,MULTIPLE_VALUES,MULTIPLE_VALUES,ACTIVE,MULTIPLE_VALUES,MULTIPLE_VALUES,MULTIPLE_VALUES,7866.75,ACTIVE,MISC_RETAIL | RETAIL,1,2,0,0,True
MCH1497,1,Lanka PLC,MEDICAL,PRIVATE_LIMITED,ACTIVE,5912,ASR,PUNJAB,1817.0,ACTIVE,MEDICAL,1,1,0,0,False
MCH1498,1,Deo-Mand,RETAIL_OTHER,SOLE_PROPRIETOR,ACTIVE,5999,CHENNAI,TAMIL_NADU,1460.33,ACTIVE,RETAIL_OTHER,1,1,0,0,False
MCH1501,1,Anand-Bhatt,TELECOM,PARTNERSHIP,ACTIVE,04814,HYDERABAD,TELANGANA,4185.6,ACTIVE,TELECOM,1,1,1,0,False
MCH1506,1,GANDHI-LOKE,PHARMACIES,PARTNERSHIP,ACTIVE,5912,CHENNAI,TAMIL_NADU,967.0,ACTIVE,PHARMACIES,1,1,0,0,False
MCH1509,1,"Rajan, Dash and Bora",TRANSPORTATION,PRIVATE_LIMITED,INACTIVE,,AMRITSAR,PUNJAB,806.0,INACTIVE,TRANSPORTATION,1,1,1,0,False
MCH1514,1,"Lata, Raja and Parsa",RETAIL,PRIVATE_LIMITED,ACTIVE,5311,JALANDHAR,PUNJAB,553.18,ACTIVE,RETAIL,1,1,0,0,False
MCH1515,1,"MALL, KARA AND SASTRY",CLOTHS,PARTNERSHIP,ACTIVE,5699,HYDERABAD,TELANGANA,,ACTIVE,CLOTHS,1,1,0,0,False
MCH1516,1,LOYAL AND SONS,MISC_RETAIL,PRIVATE_LIMITED,ACTIVE,5999,LDH,PUNJAB,1471.99,ACTIVE,MISC_RETAIL,1,1,0,0,False
MCH1518,2,MULTIPLE_VALUES,MULTIPLE_VALUES,MULTIPLE_VALUES,MULTIPLE_VALUES,MULTIPLE_VALUES,MULTIPLE_VALUES,MULTIPLE_VALUES,909.655,ACTIVE | SUSPENDED,OTHER | TRANSPORTATION,2,2,0,1,True
MCH1522,1,Mody Inc,PHARMACY,SOLE_PROPRIETOR,ACTIVE,5912,JAIPUR,RAJASTHAN,631.57,ACTIVE,PHARMACY,1,1,0,0,False
MCH1525,1,sant-bhavsar,BOOKS,INDIVIDUAL,ACTIVE,05942,JAIPUR,RAJASTHAN,754.82,ACTIVE,BOOKS,1,1,1,0,False
MCH1526,1,CHOWDHURY AND SONS,MOBILE_RECHARGE,SOLE_PROPRIETOR,ACTIVE,4814,BANGALORE,KARNATAKA,2697.93,ACTIVE,MOBILE_RECHARGE,1,1,0,0,False
MCH1529,1,"Sangha,BanerjeeandSengupta",HOSPITALITY,PRIVATE_LIMITED,INACTIVE,7011,LUDHIANA,PUNJAB,1257.59,INACTIVE,HOSPITALITY,1,1,0,0,False
MCH1530,2,MULTIPLE_VALUES,MULTIPLE_VALUES,MULTIPLE_VALUES,ACTIVE,MULTIPLE_VALUES,MULTIPLE_VALUES,MULTIPLE_VALUES,266.8,ACTIVE,CLOTHING | MEDICAL,1,2,0,0,True
MCH1531,1,Savant and Sons,HOTEL,PRIVATE_LIMITED,INACTIVE,7011,DELHI,DELHI,1019.94,INACTIVE,HOTEL,1,1,0,0,False
MCH1532,1,sarna-kota,MISCELLANEOUS,PRIVATE_LIMITED,ACTIVE,05999,NEW_DELHI,DELHI,4843.68,ACTIVE,MISCELLANEOUS,1,1,1,0,False
MCH1533,1,Wason and Sons,EATING_PLACE,PARTNERSHIP,INACTIVE,5812,AMRITSAR,PUNJAB,419.64,INACTIVE,EATING_PLACE,1,1,0,0,False
MCH1534,1,"MERCHANT, SARNA AND KORPAL",CHEMIST,PRIVATE_LIMITED,INACTIVE,5912,HYDERABAD,TELANGANA,3752.5,INACTIVE,CHEMIST,1,1,0,0,False
MCH1537,1,Goswami-Sibal,FOOD_SERVICES,PARTNERSHIP,ACTIVE,5812,HYDERABAD,TELANGANA,360.35,ACTIVE,FOOD_SERVICES,1,1,0,0,False
MCH1540,2,MULTIPLE_VALUES,MULTIPLE_VALUES,MULTIPLE_VALUES,MULTIPLE_VALUES,MULTIPLE_VALUES,MULTIPLE_VALUES,MAHARASHTRA,1263.685,ACTIVE | INACTIVE,BOOKS_STATIONERY | PHARMACY,2,2,1,0,True
MCH1541,2,MULTIPLE_VALUES,MULTIPLE_VALUES,PRIVATE_LIMITED,ACTIVE,MULTIPLE_VALUES,MULTIPLE_VALUES,MULTIPLE_VALUES,621.01,ACTIVE,DEPT_STORE | HOTELS,1,2,0,0,True
MCH1543,1,Parmer Group,TRAVEL,INDIVIDUAL,ACTIVE,4131,HYDERABAD,TELANGANA,1064.76,ACTIVE,TRAVEL,1,1,0,0,False
MCH1551,1,malhotra-subramanian,EATING_PLACE,PARTNERSHIP,ACTIVE,5812,PUNE,MAHARASHTRA,1909.07,ACTIVE,EATING_PLACE,1,1,0,0,False
MCH1552,1,uppal plc,TRANSPRT,SOLE_PROPRIETOR,ACTIVE,4131,HYDERABAD,TELANGANA,1136.0,ACTIVE,TRANSPRT,1,1,0,0,False
MCH1553,1,basu-varma,BOOK_STORE,SOLE_PROPRIETOR,ACTIVE,5942,CALCUTTA,WEST_BENGAL,1630.0,ACTIVE,BOOK_STORE,1,1,0,0,False
MCH1555,1,Raj LLC,STATIONERY,INDIVIDUAL,ACTIVE,5942,PUNE,MAHARASHTRA,602.0,ACTIVE,STATIONERY,1,1,0,0,False
MCH1558,1,Shroff-Khanna,TELECOM,PARTNERSHIP,ACTIVE,4814,BLR,KARNATAKA,1953.35,ACTIVE,TELECOM,1,1,0,0,False
MCH1561,1,Gera-Kota,BOOKS,SOLE_PROPRIETOR,INACTIVE,5942,JAIPUR,RAJASTHAN,530.0,INACTIVE,BOOKS,1,1,0,0,False
MCH1563,1,Mandal-Biswas,TELECOM,PARTNERSHIP,SUSPENDED,4814,JAIPUR,RAJASTHAN,,SUSPENDED,TELECOM,1,1,0,1,False
MCH1567,3,MULTIPLE_VALUES,MULTIPLE_VALUES,MULTIPLE_VALUES,MULTIPLE_VALUES,MULTIPLE_VALUES,MULTIPLE_VALUES,MULTIPLE_VALUES,1417.9,ACTIVE | INACTIVE,CLOTHING | CLOTHS | FOOD,2,3,2,0,True
MCH1568,1,Chandran Ltd,HOTEL_LODGING,SOLE_PROPRIETOR,ACTIVE,7011,LUCKNOW,UTTAR_PRADESH,3618.31,ACTIVE,HOTEL_LODGING,1,1,0,0,False
MCH1569,1,"Bal, Wali and Sheth",MOBILE_RECHARGE,PRIVATE_LIMITED,ACTIVE,4814,CHENNAI,TAMIL_NADU,1678.57,ACTIVE,MOBILE_RECHARGE,1,1,0,0,False
MCH1571,1,"Rao, Viswanathan and Joshi",TRANSPRT,SOLE_PROPRIETOR,ACTIVE,4131,CHENNAI,TAMIL_NADU,866.2,ACTIVE,TRANSPRT,1,1,0,0,False
MCH1573,1,"Tailor, Som and Soni",PHONE_SERVICE,PARTNERSHIP,ACTIVE,04814,JALANDHAR,PUNJAB,540.2,ACTIVE,PHONE_SERVICE,1,1,1,0,False
MCH1578,1,gala ltd,MISCELLANEOUS,INDIVIDUAL,ACTIVE,5999,BLR,KARNATAKA,446.42,ACTIVE,MISCELLANEOUS,1,1,0,0,False
MCH1580,1,"Subramaniam, Krishnamurthy and Din",MISCELLANEOUS,SOLE_PROPRIETOR,ACTIVE,5999,KOLKATA,WEST_BENGAL,2992.77,ACTIVE,MISCELLANEOUS,1,1,0,0,False
MCH1581,1,"Nayak, Verma and Sawhney",DEPARTMENT_STORES,PARTNERSHIP,ACTIVE,5311,MUMBAI,MAHARASHTRA,3655.93,ACTIVE,DEPARTMENT_STORES,1,1,0,0,False
MCH1583,1,SARIN-MORE,RESTAURANTS,PRIVATE_LIMITED,ACTIVE,5812,ASR,PUNJAB,1435.48,ACTIVE,RESTAURANTS,1,1,0,0,False
MCH1585,1,Khalsa-Kulkarni,DEPT_STORE,PARTNERSHIP,ACTIVE,5311,NEW_DELHI,DELHI,3398.13,ACTIVE,DEPT_STORE,1,1,0,0,False
MCH1587,1,Srivastava-Saha,PHARMACIES,PRIVATE_LIMITED,ACTIVE,5912,KOLKATA,WEST_BENGAL,1502.0,ACTIVE,PHARMACIES,1,1,0,0,False
MCH1588,1,Doctor Ltd,TRANSPORTATION,INDIVIDUAL,SUSPENDED,4131,LUDHIANA,PUNJAB,1791.21,SUSPENDED,TRANSPORTATION,1,1,0,1,False
MCH1591,1,Ramaswamy-Babu,DEPT_STORE,PARTNERSHIP,ACTIVE,5311,AMRITSAR,PUNJAB,1638.46,ACTIVE,DEPT_STORE,1,1,0,0,False
MCH1592,2,MULTIPLE_VALUES,MULTIPLE_VALUES,MULTIPLE_VALUES,MULTIPLE_VALUES,MULTIPLE_VALUES,MULTIPLE_VALUES,MULTIPLE_VALUES,2007.13,ACTIVE | SUSPENDED,HOTEL_LODGING | RETAIL,2,2,1,1,True
MCH1593,1,Wali-Murthy,MISCELLANEOUS,SOLE_PROPRIETOR,ACTIVE,5999,BLR,KARNATAKA,15388.22,ACTIVE,MISCELLANEOUS,1,1,0,0,False
MCH1594,1,Bera Inc,RETAIL_OTHER,PRIVATE_LIMITED,ACTIVE,5999,AMRITSAR,PUNJAB,2187.43,ACTIVE,RETAIL_OTHER,1,1,0,0,False
MCH1599,1,RASTOGI-KUMER,DEPARTMENT_STORE,PARTNERSHIP,ACTIVE,5311,JALANDHAR,PUNJAB,361.82,ACTIVE,DEPARTMENT_STORE,1,1,0,0,False
MCH1600,1,"warrior, anand and kata",DEPARTMENT_STORE,INDIVIDUAL,ACTIVE,5311,CHENNAI,TAMIL_NADU,2937.03,ACTIVE,DEPARTMENT_STORE,1,1,0,0,False
MCH1605,3,MULTIPLE_VALUES,MULTIPLE_VALUES,MULTIPLE_VALUES,ACTIVE,4131,MULTIPLE_VALUES,MULTIPLE_VALUES,1128.85,ACTIVE,MISC_RETAIL | TRANSPORT | TRAVEL,1,3,1,0,True
MCH1609,1,Ram-Palla,MOBILE_RECHARGE,PRIVATE_LIMITED,ACTIVE,4814,MUMBAI,MAHARASHTRA,554.3,ACTIVE,MOBILE_RECHARGE,1,1,0,0,False
MCH1610,1,Sodhi-Parekh,GROCERY_STORE,PARTNERSHIP,ACTIVE,5411,AMRITSAR,PUNJAB,1488.13,ACTIVE,GROCERY_STORE,1,1,0,0,False
MCH1611,1,Karan-Kibe,GROCERIES,SOLE_PROPRIETOR,ACTIVE,UNKNOWN,JALANDHAR,PUNJAB,343.64,ACTIVE,GROCERIES,1,1,1,0,False
MCH1612,3,MULTIPLE_VALUES,MULTIPLE_VALUES,MULTIPLE_VALUES,MULTIPLE_VALUES,MULTIPLE_VALUES,MULTIPLE_VALUES,MULTIPLE_VALUES,1940.8,ACTIVE | INACTIVE | SUSPENDED,EATING_PLACE | HOTEL_LODGING | RESTAURANT,3,3,1,1,True
MCH1616,1,"Suresh, Borra and Ganesh",TELECOM,INDIVIDUAL,ACTIVE,4814,CHENNAI,TAMIL_NADU,2818.0,ACTIVE,TELECOM,1,1,0,0,False
MCH1617,1,Cherian LLC,DEPT_STORE,INDIVIDUAL,ACTIVE,05311,HYDERABAD,TELANGANA,,ACTIVE,DEPT_STORE,1,1,1,0,False
MCH1618,1,Muni Ltd,RESTAURANT,INDIVIDUAL,ACTIVE,5812,DELHI,DELHI,1051.73,ACTIVE,RESTAURANT,1,1,0,0,False
MCH1619,1,DIVAN-BHATTI,PHARMACY,SOLE_PROPRIETOR,ACTIVE,5912,NEW_DELHI,DELHI,477.85,ACTIVE,PHARMACY,1,1,0,0,False
MCH1621,1,pandey-soni,RESTAURANT,SOLE_PROPRIETOR,INACTIVE,5812,PUNE,MAHARASHTRA,769.0,INACTIVE,RESTAURANT,1,1,0,0,False
MCH1625,4,MULTIPLE_VALUES,MULTIPLE_VALUES,MULTIPLE_VALUES,MULTIPLE_VALUES,MULTIPLE_VALUES,MULTIPLE_VALUES,MULTIPLE_VALUES,4123.17,ACTIVE | INACTIVE,MEDICAL_STORE | MISCELLANEOUS | MOBILE_RECHARGE,2,3,1,0,True
MCH1626,1,"Pau, Iyengar and Khare",MISC_RETAIL,SOLE_PROPRIETOR,ACTIVE,5999,DELHI,DELHI,550.42,ACTIVE,MISC_RETAIL,1,1,0,0,False
MCH1627,1,DUA LTD,MISCELLANEOUS,PRIVATE_LIMITED,ACTIVE,5999,LKO,UTTAR_PRADESH,160.25,ACTIVE,MISCELLANEOUS,1,1,0,0,False
MCH1628,1,"rao, buch and kala",PHARMACY,INDIVIDUAL,ACTIVE,5912,LKO,UTTAR_PRADESH,789.95,ACTIVE,PHARMACY,1,1,0,0,False
MCH1630,1,Yogi-Agate,BOOK_STORE,PARTNERSHIP,ACTIVE,5942,KOLKATA,WEST_BENGAL,444.27,ACTIVE,BOOK_STORE,1,1,0,0,False
MCH1636,2,MULTIPLE_VALUES,MULTIPLE_VALUES,MULTIPLE_VALUES,ACTIVE,MULTIPLE_VALUES,DELHI,DELHI,1635.605,ACTIVE,GARMENTS | HOTEL_LODGING,1,2,0,0,True
MCH1639,2,MULTIPLE_VALUES,MULTIPLE_VALUES,MULTIPLE_VALUES,MULTIPLE_VALUES,MULTIPLE_VALUES,MULTIPLE_VALUES,MULTIPLE_VALUES,7799.0,ACTIVE | INACTIVE,GROCERY_STORE | MISC_RETAIL,2,2,1,0,True
MCH1640,3,MULTIPLE_VALUES,MULTIPLE_VALUES,MULTIPLE_VALUES,ACTIVE,MULTIPLE_VALUES,MULTIPLE_VALUES,MULTIPLE_VALUES,894.9,ACTIVE,CLOTHING | HOSPITALITY | KIRANA,1,3,1,0,True
MCH1641,1,bali llc,OTHER,SOLE_PROPRIETOR,ACTIVE,5999,DELHI,DELHI,,ACTIVE,OTHER,1,1,0,0,False
MCH1642,1,Zacharia-Dhawan,GROCERY_STORE,PARTNERSHIP,ACTIVE,5411,KOLKATA,WEST_BENGAL,363.0,ACTIVE,GROCERY_STORE,1,1,0,0,False
MCH1645,1,Savant-Singha1,BOOKS,SOLE_PROPRIETOR,ACTIVE,5942,MADRAS,TAMIL_NADU,337.0,ACTIVE,BOOKS,1,1,0,0,False
MCH1646,2,MULTIPLE_VALUES,MULTIPLE_VALUES,INDIVIDUAL,MULTIPLE_VALUES,MULTIPLE_VALUES,MULTIPLE_VALUES,MULTIPLE_VALUES,1891.86,ACTIVE | INACTIVE,GROCERIES | MEDICAL,2,2,1,0,True
MCH1647,1,NARULA LLC,FASHION,INDIVIDUAL,SUSPENDED,5699,LUDHIANA,PUNJAB,1898.14,SUSPENDED,FASHION,1,1,0,1,False
MCH1649,1,Venkatesh PLC,FOOD,PRIVATE_LIMITED,SUSPENDED,5812,DELHI,DELHI,851.41,SUSPENDED,FOOD,1,1,0,1,False
MCH1651,1,Kumar Inc,BOOKS_STATIONERY,SOLE_PROPRIETOR,ACTIVE,5942,MUMBAI,MAHARASHTRA,1249.76,ACTIVE,BOOKS_STATIONERY,1,1,0,0,False
MCH1652,1,Tripathi-Vasa,DEPT_STORE,PRIVATE_LIMITED,INACTIVE,05311,AMRITSAR,PUNJAB,1419.63,INACTIVE,DEPT_STORE,1,1,1,0,False
MCH1653,1,Mitra Inc,HOTEL_LODGING,SOLE_PROPRIETOR,ACTIVE,7011,CHENNAI,TAMIL_NADU,1669.53,ACTIVE,HOTEL_LODGING,1,1,0,0,False
MCH1654,2,MULTIPLE_VALUES,MULTIPLE_VALUES,MULTIPLE_VALUES,ACTIVE,5999,MULTIPLE_VALUES,MULTIPLE_VALUES,2598.19,ACTIVE,RETAIL_OTHER | TELECOM,1,2,1,0,True
MCH1656,1,Dhar PLC,DEPARTMENT_STORE,PARTNERSHIP,ACTIVE,5311,AMRITSAR,PUNJAB,2992.0,ACTIVE,DEPARTMENT_STORE,1,1,0,0,False
MCH1657,1,"Kaur, Sandhu and Shanker",CLOTHS,PRIVATE_LIMITED,ACTIVE,05699,MUMBAI,MAHARASHTRA,1224.96,ACTIVE,CLOTHS,1,1,1,0,False
MCH1658,1,khatri-mohanty,RESTAURANTS,SOLE_PROPRIETOR,INACTIVE,5812,JPR,RAJASTHAN,2016.79,INACTIVE,RESTAURANTS,1,1,0,0,False
MCH1661,2,MULTIPLE_VALUES,MULTIPLE_VALUES,MULTIPLE_VALUES,ACTIVE,MULTIPLE_VALUES,HYDERABAD,TELANGANA,813.04,ACTIVE,EATING_PLACE | MEDICAL_STORE,1,2,1,0,True
MCH1663,1,"Edwin, Kala and Barad",BUS_TAXI,INDIVIDUAL,ACTIVE,4131,CHENNAI,TAMIL_NADU,449.21,ACTIVE,BUS_TAXI,1,1,0,0,False
MCH1664,1,Karan Ltd,TRAVEL,PARTNERSHIP,ACTIVE,4131,CHENNAI,TAMIL_NADU,,ACTIVE,TRAVEL,1,1,0,0,False
MCH1665,1,Salvi Group,CLOTHING,INDIVIDUAL,ACTIVE,5699,BANGALORE,KARNATAKA,946.53,ACTIVE,CLOTHING,1,1,0,0,False
MCH1667,2,MULTIPLE_VALUES,MULTIPLE_VALUES,MULTIPLE_VALUES,ACTIVE,MULTIPLE_VALUES,MULTIPLE_VALUES,MULTIPLE_VALUES,5652.735000000001,ACTIVE,HOSPITALITY | RESTAURANT,1,2,1,0,True
MCH1674,2,MULTIPLE_VALUES,MULTIPLE_VALUES,MULTIPLE_VALUES,ACTIVE,MULTIPLE_VALUES,MULTIPLE_VALUES,MULTIPLE_VALUES,1038.605,ACTIVE,CLOTHS | TELECOM,1,2,0,0,True
MCH1675,4,MULTIPLE_VALUES,MULTIPLE_VALUES,MULTIPLE_VALUES,MULTIPLE_VALUES,MULTIPLE_VALUES,MULTIPLE_VALUES,MULTIPLE_VALUES,1735.92,ACTIVE | SUSPENDED,DEPARTMENT_STORES | GROCERY_STORES | TRANSPORT,2,3,2,1,True
MCH1676,1,"Palla, Gupta and Narain",TELECOM,SOLE_PROPRIETOR,ACTIVE,4814,JALANDAR,PUNJAB,750.53,ACTIVE,TELECOM,1,1,0,0,False
MCH1679,1,"Chawla, Sura and Pal",BUS_TAXI,INDIVIDUAL,SUSPENDED,4131,LKO,UTTAR_PRADESH,1030.0,SUSPENDED,BUS_TAXI,1,1,0,1,False
MCH1680,1,"Dube, Sekhon and Nagarajan",CLOTHS,SOLE_PROPRIETOR,ACTIVE,05699,LUDHIANA,PUNJAB,855.0,ACTIVE,CLOTHS,1,1,1,0,False
MCH1683,1,"Sampath, Anne and Madan",FOOD_SERVICES,PARTNERSHIP,ACTIVE,5812,MADRAS,TAMIL_NADU,2458.98,ACTIVE,FOOD_SERVICES,1,1,0,0,False
MCH1686,1,Chokshi and Sons,STATIONERY,INDIVIDUAL,ACTIVE,5942,BANGALORE,KARNATAKA,1116.34,ACTIVE,STATIONERY,1,1,0,0,False
MCH1696,2,MULTIPLE_VALUES,MULTIPLE_VALUES,MULTIPLE_VALUES,ACTIVE,5411,MULTIPLE_VALUES,MULTIPLE_VALUES,1732.58,ACTIVE,DEPARTMENT_STORES | KIRANA,1,2,1,0,True
MCH1697,1,Sodhi-Ramakrishnan,TELECOM,PRIVATE_LIMITED,SUSPENDED,4814,LUCKNOW,UTTAR_PRADESH,1234.06,SUSPENDED,TELECOM,1,1,0,1,False
MCH1704,1,"Shukla, Hari and Chopra",TRANSPRT,SOLE_PROPRIETOR,INACTIVE,4131,LUCKNOW,UTTAR_PRADESH,2965.45,INACTIVE,TRANSPRT,1,1,0,0,False
MCH1706,3,MULTIPLE_VALUES,MULTIPLE_VALUES,MULTIPLE_VALUES,MULTIPLE_VALUES,MULTIPLE_VALUES,MULTIPLE_VALUES,MULTIPLE_VALUES,546.33,ACTIVE | INACTIVE,BOOKS | DEPT_STORE | PHONE_SERVICE,2,3,0,0,True
MCH1709,1,sachdeva-khanna,OTHER,PARTNERSHIP,ACTIVE,5999,MADRAS,TAMIL_NADU,481.17,ACTIVE,OTHER,1,1,0,0,False
MCH1710,2,MULTIPLE_VALUES,MULTIPLE_VALUES,PARTNERSHIP,ACTIVE,MULTIPLE_VALUES,MULTIPLE_VALUES,MULTIPLE_VALUES,673.25,ACTIVE,FOOD | PHARMACIES,1,2,0,0,True
MCH1711,1,"Sastry, Kota and Merchant",KIRANA,SOLE_PROPRIETOR,ACTIVE,5411,LUDHIANA,PUNJAB,1991.22,ACTIVE,KIRANA,1,1,0,0,False
MCH1713,1,Dubey Inc,RESTAURANTS,SOLE_PROPRIETOR,ACTIVE,5812,KOLKATA,WEST_BENGAL,1132.0,ACTIVE,RESTAURANTS,1,1,0,0,False
MCH1714,2,MULTIPLE_VALUES,MULTIPLE_VALUES,MULTIPLE_VALUES,ACTIVE,5699,MULTIPLE_VALUES,MULTIPLE_VALUES,2280.345,ACTIVE,CLOTHS | FASHION,1,2,0,0,True
MCH1718,2,Wason-Vaidya,RETAIL,PRIVATE_LIMITED,MULTIPLE_VALUES,5311,JALANDHAR,PUNJAB,705.66,ACTIVE | INACTIVE,RETAIL,2,1,0,0,True
MCH1721,1,"Mammen, Ka1a and Gara",HOTEL,INDIVIDUAL,ACTIVE,7011,KOLKATA,WEST_BENGAL,1736.83,ACTIVE,HOTEL,1,1,0,0,False
MCH1722,1,Patel-Warrior,HOTEL_LODGING,INDIVIDUAL,ACTIVE,07011,CALCUTTA,WEST_BENGAL,420.0,ACTIVE,HOTEL_LODGING,1,1,1,0,False
MCH1725,1,"Narayanan, Thaker and Sandhu",RETAIL_OTHER,PARTNERSHIP,ACTIVE,5999,JPR,RAJASTHAN,385.5,ACTIVE,RETAIL_OTHER,1,1,0,0,False
MCH1726,1,RAJA AND SONS,TRANSPORTATION,PRIVATE_LIMITED,ACTIVE,4131,NEW_DELHI,DELHI,639.24,ACTIVE,TRANSPORTATION,1,1,0,0,False
MCH1727,1,Chacko LLC,RETAIL_OTHER,PARTNERSHIP,ACTIVE,05999,AMRITSAR,PUNJAB,1914.68,ACTIVE,RETAIL_OTHER,1,1,1,0,False
MCH1729,2,MULTIPLE_VALUES,MULTIPLE_VALUES,MULTIPLE_VALUES,ACTIVE,MULTIPLE_VALUES,MULTIPLE_VALUES,MULTIPLE_VALUES,,ACTIVE,FOOD | FOOD_SERVICES,1,2,1,0,True
MCH1730,1,Buch Ltd,FASHION,INDIVIDUAL,ACTIVE,5699,KOLKATA,WEST_BENGAL,813.32,ACTIVE,FASHION,1,1,0,0,False
MCH1732,2,MULTIPLE_VALUES,MULTIPLE_VALUES,MULTIPLE_VALUES,ACTIVE,MULTIPLE_VALUES,MULTIPLE_VALUES,MULTIPLE_VALUES,2183.29,ACTIVE,GROCERY_STORE | TRAVEL,1,2,0,0,True
MCH1736,1,Barman Inc,TRANSPORTATION,PARTNERSHIP,ACTIVE,4131,JPR,RAJASTHAN,1937.05,ACTIVE,TRANSPORTATION,1,1,0,0,False
MCH1739,2,MULTIPLE_VALUES,MULTIPLE_VALUES,INDIVIDUAL,MULTIPLE_VALUES,5999,MULTIPLE_VALUES,MULTIPLE_VALUES,2619.15,ACTIVE | INACTIVE,BOOK_STORE | MISC_RETAIL,2,2,1,0,True
MCH1740,1,"Dhaliwal, Boase and Walla",HOSPITALITY,PARTNERSHIP,ACTIVE,7011,POONA,MAHARASHTRA,903.0,ACTIVE,HOSPITALITY,1,1,0,0,False
MCH1744,1,"Mani, Tara and Mane",TRAVEL,SOLE_PROPRIETOR,INACTIVE,4131,LUDHIANA,PUNJAB,466.22,INACTIVE,TRAVEL,1,1,0,0,False
MCH1747,2,MULTIPLE_VALUES,MULTIPLE_VALUES,MULTIPLE_VALUES,ACTIVE,MULTIPLE_VALUES,MULTIPLE_VALUES,MULTIPLE_VALUES,792.685,ACTIVE,EATING_PLACE | OTHER,1,2,0,0,True
MCH1750,3,MULTIPLE_VALUES,MULTIPLE_VALUES,MULTIPLE_VALUES,ACTIVE,MULTIPLE_VALUES,MULTIPLE_VALUES,MULTIPLE_VALUES,1155.0,ACTIVE,APPAREL | TELECOM | TRANSPRT,1,3,2,0,True
MCH1751,2,MULTIPLE_VALUES,MULTIPLE_VALUES,MULTIPLE_VALUES,MULTIPLE_VALUES,MULTIPLE_VALUES,MULTIPLE_VALUES,MULTIPLE_VALUES,1655.15,ACTIVE | SUSPENDED,BOOKS_STATIONERY | GROCERY_STORE,2,2,0,1,True
MCH1755,1,Kulkarni and Sons,PHONE_SERVICE,INDIVIDUAL,ACTIVE,4814,MUMBAI,MAHARASHTRA,,ACTIVE,PHONE_SERVICE,1,1,0,0,False
MCH1756,3,MULTIPLE_VALUES,MULTIPLE_VALUES,MULTIPLE_VALUES,ACTIVE,MULTIPLE_VALUES,MULTIPLE_VALUES,MULTIPLE_VALUES,1371.78,ACTIVE,GROCERIES | MISCELLANEOUS | RETAIL,1,3,0,0,True
MCH1763,1,Dhillon Ltd,DEPT_STORE,PARTNERSHIP,ACTIVE,MISC,JALANDHAR,PUNJAB,231.69,ACTIVE,DEPT_STORE,1,1,1,0,False
MCH1764,2,MULTIPLE_VALUES,MULTIPLE_VALUES,MULTIPLE_VALUES,MULTIPLE_VALUES,MULTIPLE_VALUES,MULTIPLE_VALUES,MULTIPLE_VALUES,6640.415,ACTIVE | SUSPENDED,CLOTHS | MISC_RETAIL,2,2,0,1,True
MCH1767,1,Bhatnagar-Ka1a,TELECOM,INDIVIDUAL,ACTIVE,,JALANDAR,PUNJAB,314.16,ACTIVE,TELECOM,1,1,1,0,False
MCH1768,1,"Mody, Tata and Chatterjee",TRANSPORT,SOLE_PROPRIETOR,ACTIVE,4131,MADRAS,TAMIL_NADU,360.87,ACTIVE,TRANSPORT,1,1,0,0,False
MCH1769,2,MULTIPLE_VALUES,MULTIPLE_VALUES,MULTIPLE_VALUES,ACTIVE,MULTIPLE_VALUES,MULTIPLE_VALUES,MULTIPLE_VALUES,766.01,ACTIVE,DEPT_STORE | TELECOM,1,2,0,0,True
MCH1770,1,Prabhu Inc,GROCERY_STORES,PARTNERSHIP,ACTIVE,5411,KOLKATA,WEST_BENGAL,1130.22,ACTIVE,GROCERY_STORES,1,1,0,0,False
MCH1772,4,MULTIPLE_VALUES,MULTIPLE_VALUES,MULTIPLE_VALUES,ACTIVE,MULTIPLE_VALUES,MULTIPLE_VALUES,MULTIPLE_VALUES,1962.32,ACTIVE,DEPT_STORE | MEDICAL | PHARMACIES,1,3,2,0,True
MCH1773,1,Prakash-Malhotra,GROCERY_STORES,INDIVIDUAL,ACTIVE,5411,JALANDHAR,PUNJAB,1551.73,ACTIVE,GROCERY_STORES,1,1,0,0,False
MCH1774,3,MULTIPLE_VALUES,MULTIPLE_VALUES,MULTIPLE_VALUES,ACTIVE,MULTIPLE_VALUES,MULTIPLE_VALUES,MULTIPLE_VALUES,691.84,ACTIVE,CHEMIST | PHONE_SERVICE | STATIONERY,1,3,1,0,True
MCH1775,1,Karnik Inc,GROCERY_STORE,PRIVATE_LIMITED,ACTIVE,5411,LUCKNOW,UTTAR_PRADESH,313.0,ACTIVE,GROCERY_STORE,1,1,0,0,False
MCH1776,1,Vohra and Sons,RETAIL_OTHER,PRIVATE_LIMITED,ACTIVE,5999,LUCKNOW,UTTAR_PRADESH,843.8,ACTIVE,RETAIL_OTHER,1,1,0,0,False
MCH1779,2,MULTIPLE_VALUES,MULTIPLE_VALUES,MULTIPLE_VALUES,ACTIVE,MULTIPLE_VALUES,MULTIPLE_VALUES,MULTIPLE_VALUES,3818.96,ACTIVE,GARMENTS | HOTEL,1,2,0,0,True
MCH1782,1,Kari PLC,GROCERY,SOLE_PROPRIETOR,ACTIVE,5411,MUMBAI,MAHARASHTRA,,ACTIVE,GROCERY,1,1,0,0,False
MCH1785,1,Shere-Pall,DEPARTMENT_STORE,SOLE_PROPRIETOR,ACTIVE,5311,CALCUTTA,WEST_BENGAL,2271.85,ACTIVE,DEPARTMENT_STORE,1,1,0,0,False
MCH1786,3,MULTIPLE_VALUES,MULTIPLE_VALUES,MULTIPLE_VALUES,ACTIVE,MULTIPLE_VALUES,MULTIPLE_VALUES,MULTIPLE_VALUES,1212.0,ACTIVE,GROCERIES | TRAVEL,1,2,0,0,True
MCH1787,1,JOHAL AND SONS,BOOKS_STATIONERY,SOLE_PROPRIETOR,ACTIVE,5942,MADRAS,TAMIL_NADU,1495.88,ACTIVE,BOOKS_STATIONERY,1,1,0,0,False
MCH1788,1,"Dass, Rajagopal and Madan",MOBILE_RECHARGE,PRIVATE_LIMITED,SUSPENDED,,PUNE,MAHARASHTRA,1479.46,SUSPENDED,MOBILE_RECHARGE,1,1,1,1,False
MCH1789,1,Loke-Chanda,BOOKS_STATIONERY,PARTNERSHIP,ACTIVE,05942,JAIPUR,RAJASTHAN,15713.68,ACTIVE,BOOKS_STATIONERY,1,1,1,0,False
MCH1792,2,MULTIPLE_VALUES,MULTIPLE_VALUES,MULTIPLE_VALUES,ACTIVE,MULTIPLE_VALUES,MULTIPLE_VALUES,MULTIPLE_VALUES,443.5,ACTIVE,CLOTHS | DEPT_STORE,1,2,0,0,True
MCH1793,1,Jaggi PLC,HOTEL,SOLE_PROPRIETOR,ACTIVE,7011,DELHI,DELHI,2705.89,ACTIVE,HOTEL,1,1,0,0,False
MCH1796,1,Kohli-Nagar,BOOKS,INDIVIDUAL,ACTIVE,5942,AMRITSAR,PUNJAB,741.16,ACTIVE,BOOKS,1,1,0,0,False
MCH1800,1,Mall PLC,DEPARTMENT_STORE,PRIVATE_LIMITED,ACTIVE,5311,HYD,TELANGANA,1030.0,ACTIVE,DEPARTMENT_STORE,1,1,0,0,False
MCH1806,2,MULTIPLE_VALUES,MULTIPLE_VALUES,MULTIPLE_VALUES,MULTIPLE_VALUES,5912,MULTIPLE_VALUES,MULTIPLE_VALUES,3958.0,ACTIVE | SUSPENDED,CHEMIST | FASHION,2,2,1,1,True
MCH1809,1,Grewal Inc,DEPARTMENT_STORES,PRIVATE_LIMITED,ACTIVE,5311,BLR,KARNATAKA,2181.93,ACTIVE,DEPARTMENT_STORES,1,1,0,0,False
MCH1811,2,MULTIPLE_VALUES,MULTIPLE_VALUES,MULTIPLE_VALUES,MULTIPLE_VALUES,MULTIPLE_VALUES,MULTIPLE_VALUES,MULTIPLE_VALUES,731.755,ACTIVE | INACTIVE,DEPARTMENT_STORE | HOTEL_LODGING,2,2,1,0,True
MCH1812,1,Om PLC,RESTAURANTS,SOLE_PROPRIETOR,ACTIVE,5812,AMRITSAR,PUNJAB,2079.98,ACTIVE,RESTAURANTS,1,1,0,0,False
MCH1813,1,Balan-Deo,DEPARTMENT_STORES,PARTNERSHIP,ACTIVE,5311,POONA,MAHARASHTRA,,ACTIVE,DEPARTMENT_STORES,1,1,0,0,False
MCH1815,2,MULTIPLE_VALUES,MULTIPLE_VALUES,PRIVATE_LIMITED,ACTIVE,MULTIPLE_VALUES,MULTIPLE_VALUES,MULTIPLE_VALUES,818.04,ACTIVE,BUS_TAXI | MISC_RETAIL,1,2,0,0,True
MCH1816,5,MULTIPLE_VALUES,MULTIPLE_VALUES,MULTIPLE_VALUES,ACTIVE,MULTIPLE_VALUES,MULTIPLE_VALUES,MULTIPLE_VALUES,1298.99,ACTIVE,GROCERY_STORES | HOTEL_LODGING | MEDICAL | MISC_RETAIL | RETAIL,1,5,2,0,True
MCH1817,2,MULTIPLE_VALUES,MULTIPLE_VALUES,MULTIPLE_VALUES,MULTIPLE_VALUES,4131,MULTIPLE_VALUES,MULTIPLE_VALUES,1273.895,ACTIVE | INACTIVE,TELECOM | TRANSPORT,2,2,1,0,True
MCH1818,1,BAKSHI-GOLLA,CLOTHING,PRIVATE_LIMITED,ACTIVE,5699,KOLKATA,WEST_BENGAL,4859.19,ACTIVE,CLOTHING,1,1,0,0,False
MCH1823,1,"Patla, Bhasin and Parsa",HOTEL,PARTNERSHIP,ACTIVE,,LUCKNOW,UTTAR_PRADESH,3003.2,ACTIVE,HOTEL,1,1,1,0,False
MCH1827,1,Saha Ltd,OTHER,PARTNERSHIP,ACTIVE,5999,PUNE,MAHARASHTRA,790.89,ACTIVE,OTHER,1,1,0,0,False
MCH1828,2,MULTIPLE_VALUES,MULTIPLE_VALUES,MULTIPLE_VALUES,MULTIPLE_VALUES,MULTIPLE_VALUES,MULTIPLE_VALUES,MULTIPLE_VALUES,2318.34,ACTIVE | INACTIVE,CLOTHING | RETAIL_OTHER,2,2,1,0,True
MCH1829,1,Ramaswamy Group,TRANSPORT,SOLE_PROPRIETOR,ACTIVE,4131,CALCUTTA,WEST_BENGAL,2351.23,ACTIVE,TRANSPORT,1,1,0,0,False
MCH1830,1,shan llc,HOTEL_LODGING,PRIVATE_LIMITED,ACTIVE,7011,LUCKNOW,UTTAR_PRADESH,405.35,ACTIVE,HOTEL_LODGING,1,1,0,0,False
MCH1832,1,Mistry-Chaudhary,OTHER,INDIVIDUAL,INACTIVE,05999,HYD,TELANGANA,448.33,INACTIVE,OTHER,1,1,1,0,False
MCH1833,2,MULTIPLE_VALUES,MULTIPLE_VALUES,MULTIPLE_VALUES,ACTIVE,4131,MULTIPLE_VALUES,MAHARASHTRA,2117.37,ACTIVE,TRANSPORTATION | TRANSPRT,1,2,0,0,True
MCH1836,1,"Nazareth, Bahl and Manda",GROCERY_STORE,PRIVATE_LIMITED,ACTIVE,5411,HYDERABAD,TELANGANA,,ACTIVE,GROCERY_STORE,1,1,0,0,False
MCH1838,2,MULTIPLE_VALUES,MULTIPLE_VALUES,PARTNERSHIP,ACTIVE,05942,MULTIPLE_VALUES,MULTIPLE_VALUES,1404.16,ACTIVE,MISCELLANEOUS | STATIONERY,1,2,2,0,True
MCH1839,1,Krish Group,GROCERY_STORES,SOLE_PROPRIETOR,ACTIVE,05411,JALANDHAR,PUNJAB,1503.47,ACTIVE,GROCERY_STORES,1,1,1,0,False
MCH1840,1,Chahal and Sons,STATIONERY,SOLE_PROPRIETOR,ACTIVE,5942,LUDHIANA,PUNJAB,764.0,ACTIVE,STATIONERY,1,1,0,0,False
MCH1841,1,Kadakia-Rao,HOSPITALITY,SOLE_PROPRIETOR,ACTIVE,,KOLKATA,WEST_BENGAL,532.17,ACTIVE,HOSPITALITY,1,1,1,0,False
MCH1842,2,MULTIPLE_VALUES,MULTIPLE_VALUES,MULTIPLE_VALUES,MULTIPLE_VALUES,MULTIPLE_VALUES,LUCKNOW,UTTAR_PRADESH,1241.96,ACTIVE | INACTIVE,GROCERY_STORE | TELECOM,2,2,0,0,True
MCH1843,1,Edwin and Sons,MISCELLANEOUS,SOLE_PROPRIETOR,ACTIVE,05999,DILLI,DELHI,,ACTIVE,MISCELLANEOUS,1,1,1,0,False
MCH1845,1,Goel Inc,BUS_TAXI,PRIVATE_LIMITED,ACTIVE,4131,DILLI,DELHI,1675.96,ACTIVE,BUS_TAXI,1,1,0,0,False
MCH1846,1,Kurian-Chad,HOTEL_LODGING,PARTNERSHIP,ACTIVE,7011,MADRAS,TAMIL_NADU,597.53,ACTIVE,HOTEL_LODGING,1,1,0,0,False
MCH1848,2,MULTIPLE_VALUES,MULTIPLE_VALUES,PARTNERSHIP,MULTIPLE_VALUES,MULTIPLE_VALUES,MULTIPLE_VALUES,MULTIPLE_VALUES,1844.175,ACTIVE | SUSPENDED,RETAIL | TELECOM,2,2,0,1,True
MCH1852,1,Prabhu Group,GROCERY_STORES,INDIVIDUAL,ACTIVE,5411,MUMBAI,MAHARASHTRA,786.71,ACTIVE,GROCERY_STORES,1,1,0,0,False
MCH1853,2,MULTIPLE_VALUES,MULTIPLE_VALUES,MULTIPLE_VALUES,ACTIVE,MULTIPLE_VALUES,ASR,PUNJAB,8197.654999999999,ACTIVE,CLOTHS | TRANSPORT,1,2,0,0,True
MCH1854,1,"Sule, Prashad and Balay",HOTELS,PARTNERSHIP,ACTIVE,,AMRITSAR,PUNJAB,5318.31,ACTIVE,HOTELS,1,1,1,0,False
MCH1855,1,Kala-Shan,RESTAURANT,PRIVATE_LIMITED,SUSPENDED,,KOLKATA,WEST_BENGAL,1474.0,SUSPENDED,RESTAURANT,1,1,1,1,False
MCH1856,3,MULTIPLE_VALUES,MULTIPLE_VALUES,SOLE_PROPRIETOR,MULTIPLE_VALUES,5311,MULTIPLE_VALUES,MULTIPLE_VALUES,2232.22,ACTIVE | INACTIVE | SUSPENDED,DEPT_STORE | GROCERIES,3,2,2,1,True
MCH1861,1,Vora-Balan,GROCERIES,SOLE_PROPRIETOR,INACTIVE,5411,PUNE,MAHARASHTRA,2646.57,INACTIVE,GROCERIES,1,1,0,0,False
MCH1862,1,Puri Inc,TRANSPORTATION,INDIVIDUAL,ACTIVE,4131,MUMBAY,MAHARASHTRA,1444.68,ACTIVE,TRANSPORTATION,1,1,0,0,False
MCH1863,1,Sachar-Gokhale,BOOK_STORE,PRIVATE_LIMITED,ACTIVE,5942,HYDERABAD,TELANGANA,760.42,ACTIVE,BOOK_STORE,1,1,0,0,False
MCH1865,1,Chandra-Pandey,BOOKS,INDIVIDUAL,ACTIVE,5942,PUNE,MAHARASHTRA,3847.74,ACTIVE,BOOKS,1,1,0,0,False
MCH1872,2,MULTIPLE_VALUES,MULTIPLE_VALUES,MULTIPLE_VALUES,ACTIVE,MULTIPLE_VALUES,MULTIPLE_VALUES,KARNATAKA,906.465,ACTIVE,OTHER | PHONE_SERVICE,1,2,0,0,True
MCH1873,2,MULTIPLE_VALUES,MULTIPLE_VALUES,PRIVATE_LIMITED,ACTIVE,4131,MULTIPLE_VALUES,MULTIPLE_VALUES,2402.415,ACTIVE,PHONE_SERVICE | TRANSPORT,1,2,1,0,True
MCH1874,2,MULTIPLE_VALUES,MULTIPLE_VALUES,MULTIPLE_VALUES,ACTIVE,MULTIPLE_VALUES,MULTIPLE_VALUES,PUNJAB,1607.7749999999999,ACTIVE,BOOK_STORE | GROCERY_STORES,1,2,1,0,True
MCH1876,1,"Deol, Sandal and Nagi",MISCELLANEOUS,PARTNERSHIP,ACTIVE,5999,BENGALURU,KARNATAKA,603.93,ACTIVE,MISCELLANEOUS,1,1,0,0,False
MCH1878,1,Narula Group,HOTEL_LODGING,PRIVATE_LIMITED,ACTIVE,7011,DELHI,DELHI,,ACTIVE,HOTEL_LODGING,1,1,0,0,False
MCH1879,2,MULTIPLE_VALUES,MULTIPLE_VALUES,MULTIPLE_VALUES,ACTIVE,MULTIPLE_VALUES,MULTIPLE_VALUES,MULTIPLE_VALUES,978.715,ACTIVE,BOOKS_STATIONERY | MISCELLANEOUS,1,2,1,0,True
MCH1881,1,"Bawa, Ganesan and Oak",MEDICAL,PARTNERSHIP,SUSPENDED,5912,CHENNAI,TAMIL_NADU,,SUSPENDED,MEDICAL,1,1,0,1,False
MCH1882,1,kamdar-banik,FOOD,PARTNERSHIP,INACTIVE,5812,LUDHIANA,PUNJAB,427.5,INACTIVE,FOOD,1,1,0,0,False
MCH1883,1,"BAHL, KASHYAP AND SIBAL",RESTAURANT,PRIVATE_LIMITED,ACTIVE,5812,JALANDHAR,PUNJAB,,ACTIVE,RESTAURANT,1,1,0,0,False
MCH1884,1,Nagi LLC,TRANSPRT,PRIVATE_LIMITED,ACTIVE,4131,BENGALURU,KARNATAKA,628.95,ACTIVE,TRANSPRT,1,1,0,0,False
MCH1885,1,mahal ltd,OTHER,PRIVATE_LIMITED,ACTIVE,05999,HYDERABAD,TELANGANA,618.0,ACTIVE,OTHER,1,1,1,0,False
MCH1887,1,Peri Inc,DEPARTMENT_STORES,PRIVATE_LIMITED,ACTIVE,5311,BANGALORE,KARNATAKA,2706.7,ACTIVE,DEPARTMENT_STORES,1,1,0,0,False
MCH1889,1,Bakshi LLC,RETAIL_OTHER,INDIVIDUAL,ACTIVE,5999,JALANDHAR,PUNJAB,2474.04,ACTIVE,RETAIL_OTHER,1,1,0,0,False
MCH1892,1,Shanker-De,HOTELS,PRIVATE_LIMITED,ACTIVE,7011,MUMBAI,MAHARASHTRA,987.4,ACTIVE,HOTELS,1,1,0,0,False
MCH1894,4,MULTIPLE_VALUES,MULTIPLE_VALUES,MULTIPLE_VALUES,MULTIPLE_VALUES,MULTIPLE_VALUES,MULTIPLE_VALUES,MULTIPLE_VALUES,2536.5299999999997,ACTIVE | INACTIVE,CLOTHS | DEPARTMENT_STORE | FOOD_SERVICES | RESTAURANT,2,4,2,0,True
MCH1899,1,Subramaniam-Bedi,BOOKS_STATIONERY,PRIVATE_LIMITED,ACTIVE,,LUDHIANA,PUNJAB,,ACTIVE,BOOKS_STATIONERY,1,1,1,0,False
MCH1904,1,Sandal Inc,TELECOM,INDIVIDUAL,ACTIVE,4814,JALANDHAR,PUNJAB,1398.65,ACTIVE,TELECOM,1,1,0,0,False
MCH1906,1,"TANEJA, MAHAJAN AND SARNA",RETAIL,INDIVIDUAL,INACTIVE,05311,BANGALORE,KARNATAKA,2772.0,INACTIVE,RETAIL,1,1,1,0,False
MCH1908,2,MULTIPLE_VALUES,MULTIPLE_VALUES,MULTIPLE_VALUES,ACTIVE,MULTIPLE_VALUES,MULTIPLE_VALUES,MULTIPLE_VALUES,2757.5,ACTIVE,BOOKS_STATIONERY | STATIONERY,1,2,1,0,True
MCH1909,1,murthy and sons,BOOKS,SOLE_PROPRIETOR,ACTIVE,5942,POONA,MAHARASHTRA,823.0,ACTIVE,BOOKS,1,1,0,0,False
MCH1912,1,Keer-Mitra,TRANSPRT,SOLE_PROPRIETOR,ACTIVE,04131,MADRAS,TAMIL_NADU,3259.24,ACTIVE,TRANSPRT,1,1,1,0,False
MCH1913,1,"Sandal, Srinivas and Lata",PHARMACY,PARTNERSHIP,ACTIVE,5912,LKO,UTTAR_PRADESH,468.17,ACTIVE,PHARMACY,1,1,0,0,False
MCH1917,2,MULTIPLE_VALUES,MULTIPLE_VALUES,SOLE_PROPRIETOR,MULTIPLE_VALUES,MULTIPLE_VALUES,MULTIPLE_VALUES,MULTIPLE_VALUES,601.4200000000001,ACTIVE | SUSPENDED,BOOKS | FASHION,2,2,0,1,True
MCH1921,1,Raj LLC,MISCELLANEOUS,PARTNERSHIP,ACTIVE,5999,LUCKNOW,UTTAR_PRADESH,2280.24,ACTIVE,MISCELLANEOUS,1,1,0,0,False
MCH1922,1,"DEO, SARAF AND KALE",STATIONERY,SOLE_PROPRIETOR,ACTIVE,,LUCKNOW,UTTAR_PRADESH,2507.85,ACTIVE,STATIONERY,1,1,1,0,False
MCH1923,1,Barad-Devan,GARMENTS,PRIVATE_LIMITED,ACTIVE,5699,HYD,TELANGANA,300.28,ACTIVE,GARMENTS,1,1,0,0,False
MCH1924,1,"Choudhary, Iyer and Boase",CHEMIST,PARTNERSHIP,ACTIVE,05912,JAIPUR,RAJASTHAN,7220.04,ACTIVE,CHEMIST,1,1,1,0,False
MCH1926,2,MULTIPLE_VALUES,MULTIPLE_VALUES,MULTIPLE_VALUES,ACTIVE,MULTIPLE_VALUES,MULTIPLE_VALUES,MAHARASHTRA,2425.42,ACTIVE,BOOKS | DEPT_STORE,1,2,0,0,True
MCH1929,1,"Bahri,DaraandSaran",BOOK_STORE,PRIVATE_LIMITED,ACTIVE,5942,JPR,RAJASTHAN,,ACTIVE,BOOK_STORE,1,1,0,0,False
MCH1934,1,"Deol,DugarandParmer",STATIONERY,PRIVATE_LIMITED,ACTIVE,5942,MADRAS,TAMIL_NADU,2520.96,ACTIVE,STATIONERY,1,1,0,0,False
MCH1936,2,"Batra, Ramanathan and Din",PHARMACIES,SOLE_PROPRIETOR,ACTIVE,5912,HYDERABAD,TELANGANA,143.98,ACTIVE,PHARMACIES,1,1,0,0,False
MCH1939,1,"Lal,SahniandChopra",HOTELS,PRIVATE_LIMITED,ACTIVE,7011,LUDHIANA,PUNJAB,509.0,ACTIVE,HOTELS,1,1,0,0,False
MCH1940,2,MULTIPLE_VALUES,MULTIPLE_VALUES,SOLE_PROPRIETOR,MULTIPLE_VALUES,MULTIPLE_VALUES,MULTIPLE_VALUES,MULTIPLE_VALUES,1819.31,ACTIVE | INACTIVE,MOBILE_RECHARGE | TRANSPORT,2,2,0,0,True
MCH1941,1,Bath-Sunder,TELECOM,SOLE_PROPRIETOR,SUSPENDED,4814,JAIPUR,RAJASTHAN,,SUSPENDED,TELECOM,1,1,0,1,False
MCH1944,2,MULTIPLE_VALUES,MULTIPLE_VALUES,INDIVIDUAL,ACTIVE,MULTIPLE_VALUES,MULTIPLE_VALUES,MAHARASHTRA,1184.9650000000001,ACTIVE,FOOD_SERVICES | HOTELS,1,2,1,0,True
MCH1946,2,MULTIPLE_VALUES,MULTIPLE_VALUES,MULTIPLE_VALUES,ACTIVE,MULTIPLE_VALUES,MULTIPLE_VALUES,MULTIPLE_VALUES,1916.355,ACTIVE,EATING_PLACE | HOSPITALITY,1,2,0,0,True
MCH1947,2,MULTIPLE_VALUES,MULTIPLE_VALUES,MULTIPLE_VALUES,ACTIVE,5699,MULTIPLE_VALUES,MULTIPLE_VALUES,1937.6399999999999,ACTIVE,GARMENTS | TRANSPRT,1,2,1,0,True
MCH1948,2,MULTIPLE_VALUES,MULTIPLE_VALUES,MULTIPLE_VALUES,ACTIVE,MULTIPLE_VALUES,MULTIPLE_VALUES,MULTIPLE_VALUES,634.29,ACTIVE,APPAREL | MOBILE_RECHARGE,1,2,0,0,True
MCH1952,1,Madan Inc,BOOKS,PARTNERSHIP,INACTIVE,5942,CHENNAI,TAMIL_NADU,1643.17,INACTIVE,BOOKS,1,1,0,0,False
MCH1953,1,"Banerjee, Maharaj and Rege",HOTEL,SOLE_PROPRIETOR,ACTIVE,7011,JALANDHAR,PUNJAB,1226.94,ACTIVE,HOTEL,1,1,0,0,False
MCH1954,1,"Kunda, Kata and Shetty",TELECOM,INDIVIDUAL,ACTIVE,,POONA,MAHARASHTRA,923.81,ACTIVE,TELECOM,1,1,1,0,False
MCH1955,1,"SRINIVAS, KHURANA AND CHOUDHRY",RETAIL_OTHER,PRIVATE_LIMITED,ACTIVE,5999,JALANDHAR,PUNJAB,883.05,ACTIVE,RETAIL_OTHER,1,1,0,0,False
MCH1956,3,MULTIPLE_VALUES,MULTIPLE_VALUES,MULTIPLE_VALUES,MULTIPLE_VALUES,5912,MULTIPLE_VALUES,PUNJAB,1459.74,ACTIVE | INACTIVE,MEDICAL_STORE | PHARMACY,2,2,0,0,True
MCH1959,2,MULTIPLE_VALUES,MULTIPLE_VALUES,MULTIPLE_VALUES,ACTIVE,MULTIPLE_VALUES,MULTIPLE_VALUES,MAHARASHTRA,600.21,ACTIVE,PHARMACY | RETAIL_OTHER,1,2,1,0,True
MCH1960,1,Bail-Chand,KIRANA,PARTNERSHIP,ACTIVE,5411,HYD,TELANGANA,613.0,ACTIVE,KIRANA,1,1,0,0,False
MCH1965,2,MULTIPLE_VALUES,MULTIPLE_VALUES,MULTIPLE_VALUES,ACTIVE,MULTIPLE_VALUES,MULTIPLE_VALUES,MULTIPLE_VALUES,2639.935,ACTIVE,DEPT_STORE | PHONE_SERVICE,1,2,0,0,True
MCH1966,1,Munshi-Bath,TRAVEL,PRIVATE_LIMITED,SUSPENDED,4131,BANGALORE,KARNATAKA,1858.12,SUSPENDED,TRAVEL,1,1,0,1,False
MCH1968,1,Shroff-Mani,KIRANA,PARTNERSHIP,ACTIVE,,MUMBAI,MAHARASHTRA,1674.0,ACTIVE,KIRANA,1,1,1,0,False
MCH1969,2,MULTIPLE_VALUES,MULTIPLE_VALUES,MULTIPLE_VALUES,ACTIVE,MULTIPLE_VALUES,MULTIPLE_VALUES,MULTIPLE_VALUES,453.33,ACTIVE,RETAIL | TRAVEL,1,2,0,0,True
MCH1971,2,MULTIPLE_VALUES,MULTIPLE_VALUES,MULTIPLE_VALUES,ACTIVE,MULTIPLE_VALUES,MUMBAI,MAHARASHTRA,1590.545,ACTIVE,CLOTHING | TELECOM,1,2,1,0,True
MCH1973,4,MULTIPLE_VALUES,MULTIPLE_VALUES,MULTIPLE_VALUES,ACTIVE,MULTIPLE_VALUES,MULTIPLE_VALUES,MULTIPLE_VALUES,1273.63,ACTIVE,BOOKS_STATIONERY | CLOTHS | DEPARTMENT_STORES | PHONE_SERVICE,1,4,0,0,True
MCH1974,1,Kap00r LLC,TRANSPORT,PARTNERSHIP,ACTIVE,4131,CHENNAI,TAMIL_NADU,,ACTIVE,TRANSPORT,1,1,0,0,False
MCH1976,1,"MUTTI, SASTRY AND JHA",STATIONERY,PRIVATE_LIMITED,ACTIVE,5942,AMRITSAR,PUNJAB,2928.73,ACTIVE,STATIONERY,1,1,0,0,False
MCH1977,2,MULTIPLE_VALUES,MULTIPLE_VALUES,MULTIPLE_VALUES,ACTIVE,MULTIPLE_VALUES,MULTIPLE_VALUES,MULTIPLE_VALUES,2559.085,ACTIVE,DEPARTMENT_STORE | STATIONERY,1,2,0,0,True
MCH1982,1,"Behl, Jayaraman and Divan",APPAREL,SOLE_PROPRIETOR,ACTIVE,5699,BOMBAY,MAHARASHTRA,298.94,ACTIVE,APPAREL,1,1,0,0,False
MCH1983,1,Jayaraman PLC,PHARMACY,SOLE_PROPRIETOR,ACTIVE,5912,HYDERABAD,TELANGANA,657.32,ACTIVE,PHARMACY,1,1,0,0,False
MCH1984,1,"Lala, Wagle and Bal",FASHION,PARTNERSHIP,ACTIVE,5699,MADRAS,TAMIL_NADU,5244.88,ACTIVE,FASHION,1,1,0,0,False
MCH1986,3,MULTIPLE_VALUES,MULTIPLE_VALUES,MULTIPLE_VALUES,ACTIVE,MULTIPLE_VALUES,MULTIPLE_VALUES,MULTIPLE_VALUES,1704.51,ACTIVE,CLOTHING | RETAIL | RETAIL_OTHER,1,3,0,0,True
MCH1987,1,"DORA, SARMA AND BISWAS",MOBILE_RECHARGE,PARTNERSHIP,ACTIVE,4814,MUMBAI,MAHARASHTRA,3268.84,ACTIVE,MOBILE_RECHARGE,1,1,0,0,False
MCH1990,2,MULTIPLE_VALUES,MULTIPLE_VALUES,MULTIPLE_VALUES,ACTIVE,MULTIPLE_VALUES,MULTIPLE_VALUES,MULTIPLE_VALUES,879.505,ACTIVE,HOSPITALITY | MOBILE_RECHARGE,1,2,1,0,True
MCH1993,1,DHALIWAL PLC,TELECOM,SOLE_PROPRIETOR,ACTIVE,4814,AMRITSAR,PUNJAB,428.65,ACTIVE,TELECOM,1,1,0,0,False
MCH1994,1,"Naik, Bhasin and Virk",HOTEL_LODGING,SOLE_PROPRIETOR,ACTIVE,7011,ASR,PUNJAB,886.83,ACTIVE,HOTEL_LODGING,1,1,0,0,False
MCH1995,2,MULTIPLE_VALUES,MULTIPLE_VALUES,PARTNERSHIP,MULTIPLE_VALUES,MULTIPLE_VALUES,MULTIPLE_VALUES,MULTIPLE_VALUES,2392.855,ACTIVE | INACTIVE,APPAREL | BOOKS,2,2,0,0,True
MCH2003,1,Rajagopalan Inc,DEPT_STORE,INDIVIDUAL,ACTIVE,5311,POONA,MAHARASHTRA,567.0,ACTIVE,DEPT_STORE,1,1,0,0,False
MCH2007,1,"MAHAL, DIVAN AND SHARAF",OTHER,SOLE_PROPRIETOR,ACTIVE,5999,JALANDHAR,PUNJAB,435.32,ACTIVE,OTHER,1,1,0,0,False
MCH2009,1,"Tiwari, Naidu and Muni",GARMENTS,PARTNERSHIP,ACTIVE,5699,PUNE,MAHARASHTRA,732.0,ACTIVE,GARMENTS,1,1,0,0,False
MCH2013,1,"Nanda, Saraf and Halder",GROCERIES,INDIVIDUAL,ACTIVE,5411,KOLKATA,WEST_BENGAL,,ACTIVE,GROCERIES,1,1,0,0,False
MCH2014,2,MULTIPLE_VALUES,MULTIPLE_VALUES,MULTIPLE_VALUES,ACTIVE,MULTIPLE_VALUES,MULTIPLE_VALUES,MULTIPLE_VALUES,6153.49,ACTIVE,HOTELS | MISCELLANEOUS,1,2,0,0,True
MCH2015,1,Gulati LLC,PHONE_SERVICE,PRIVATE_LIMITED,ACTIVE,4814,JAIPUR,RAJASTHAN,17945.28,ACTIVE,PHONE_SERVICE,1,1,0,0,False
MCH2016,1,"Amble, Yadav and Dube",RETAIL_OTHER,PARTNERSHIP,SUSPENDED,5999,KOLKATA,WEST_BENGAL,10324.69,SUSPENDED,RETAIL_OTHER,1,1,0,1,False
MCH2019,1,WALLA-RANGANATHAN,MISC_RETAIL,PARTNERSHIP,ACTIVE,5999,BENGALURU,KARNATAKA,1915.39,ACTIVE,MISC_RETAIL,1,1,0,0,False
MCH2020,2,MULTIPLE_VALUES,MULTIPLE_VALUES,MULTIPLE_VALUES,MULTIPLE_VALUES,MULTIPLE_VALUES,MULTIPLE_VALUES,MULTIPLE_VALUES,2649.5,ACTIVE | SUSPENDED,CLOTHS | MEDICAL,2,2,0,1,True
MCH2021,1,Shenoy-Wable,CHEMIST,SOLE_PROPRIETOR,ACTIVE,5912,DELHI,DELHI,2287.51,ACTIVE,CHEMIST,1,1,0,0,False
MCH2022,1,Nagi-Gala,MISC_RETAIL,INDIVIDUAL,ACTIVE,5999,CHENNAI,TAMIL_NADU,3182.35,ACTIVE,MISC_RETAIL,1,1,0,0,False
MCH2024,1,"Ram, Manda and Chopra",TRANSPORTATION,SOLE_PROPRIETOR,ACTIVE,4131,PUNE,MAHARASHTRA,,ACTIVE,TRANSPORTATION,1,1,0,0,False
MCH2027,1,"Boase, Ghosh and Manda",DEPT_STORE,PARTNERSHIP,ACTIVE,5311,CHENNAI,TAMIL_NADU,1163.7,ACTIVE,DEPT_STORE,1,1,0,0,False
MCH2028,3,MULTIPLE_VALUES,MULTIPLE_VALUES,MULTIPLE_VALUES,ACTIVE,04814,MULTIPLE_VALUES,MAHARASHTRA,751.405,ACTIVE,PHONE_SERVICE | TELECOM | TRANSPORTATION,1,3,3,0,True
MCH2029,1,Bhalla-Brahmbhatt,MISC_RETAIL,SOLE_PROPRIETOR,ACTIVE,05999,JALANDAR,PUNJAB,276.02,ACTIVE,MISC_RETAIL,1,1,1,0,False
MCH2030,1,Singh-Banerjee,TRANSPORT,INDIVIDUAL,ACTIVE,4131,LDH,PUNJAB,3976.0,ACTIVE,TRANSPORT,1,1,0,0,False
MCH2032,1,"Doshi, Sur and Sarna",FOOD_SERVICES,PRIVATE_LIMITED,ACTIVE,,PUNE,MAHARASHTRA,771.07,ACTIVE,FOOD_SERVICES,1,1,1,0,False
MCH2033,1,"Munshi, Sundaram and Bhasin",GARMENTS,PRIVATE_LIMITED,ACTIVE,05699,POONA,MAHARASHTRA,294.83,ACTIVE,GARMENTS,1,1,1,0,False
MCH2035,1,HORA-GROVER,TRANSPORTATION,SOLE_PROPRIETOR,ACTIVE,4131,NEW_DELHI,DELHI,212.97,ACTIVE,TRANSPORTATION,1,1,0,0,False
MCH2037,2,MULTIPLE_VALUES,MULTIPLE_VALUES,MULTIPLE_VALUES,ACTIVE,MULTIPLE_VALUES,MULTIPLE_VALUES,MULTIPLE_VALUES,941.9449999999999,ACTIVE,DEPARTMENT_STORES | GROCERY_STORES,1,2,2,0,True
MCH2038,2,MULTIPLE_VALUES,MULTIPLE_VALUES,MULTIPLE_VALUES,MULTIPLE_VALUES,MULTIPLE_VALUES,MULTIPLE_VALUES,MULTIPLE_VALUES,801.94,ACTIVE | INACTIVE,DEPARTMENT_STORES | HOTEL,2,2,1,0,True
MCH2040,3,MULTIPLE_VALUES,MULTIPLE_VALUES,MULTIPLE_VALUES,ACTIVE,MULTIPLE_VALUES,MULTIPLE_VALUES,MULTIPLE_VALUES,409.0,ACTIVE,CLOTHING | DEPT_STORE | MISCELLANEOUS,1,3,1,0,True
MCH2041,1,"Sagar, Chakraborty and Kurian",TRAVEL,SOLE_PROPRIETOR,INACTIVE,4131,LUDHIANA,PUNJAB,,INACTIVE,TRAVEL,1,1,0,0,False
MCH2042,1,"Rai, Das and Bava",RETAIL,PARTNERSHIP,ACTIVE,5311,PUNE,MAHARASHTRA,1564.88,ACTIVE,RETAIL,1,1,0,0,False
MCH2044,1,"Upadhyay, Kapoor and Nazareth",HOSPITALITY,INDIVIDUAL,ACTIVE,7011,LKO,UTTAR_PRADESH,368.05,ACTIVE,HOSPITALITY,1,1,0,0,False
MCH2045,1,Nadig-Bal,CLOTHS,PRIVATE_LIMITED,ACTIVE,5699,PUNE,MAHARASHTRA,,ACTIVE,CLOTHS,1,1,0,0,False
MCH2046,1,Konda-Garde,KIRANA,SOLE_PROPRIETOR,ACTIVE,5411,LUCKNOW,UTTAR_PRADESH,1405.98,ACTIVE,KIRANA,1,1,0,0,False
MCH2047,2,MULTIPLE_VALUES,MULTIPLE_VALUES,MULTIPLE_VALUES,MULTIPLE_VALUES,MULTIPLE_VALUES,MULTIPLE_VALUES,MULTIPLE_VALUES,975.355,ACTIVE | INACTIVE,BOOK_STORE | MISC_RETAIL,2,2,0,0,True
MCH2051,1,Deshpande PLC,MEDICAL,PRIVATE_LIMITED,ACTIVE,5912,CHENNAI,TAMIL_NADU,625.93,ACTIVE,MEDICAL,1,1,0,0,False
MCH2052,1,"Saraf, Maharaj and Kakar",MISC_RETAIL,INDIVIDUAL,ACTIVE,5999,POONA,MAHARASHTRA,3476.81,ACTIVE,MISC_RETAIL,1,1,0,0,False
MCH2056,1,"Kadakia, Nagi and Ramakrishnan",CLOTHS,SOLE_PROPRIETOR,ACTIVE,5699,BOMBAY,MAHARASHTRA,2168.0,ACTIVE,CLOTHS,1,1,0,0,False
MCH2060,1,Grover-Dugar,HOTEL,INDIVIDUAL,ACTIVE,,CHENNAI,TAMIL_NADU,540.0,ACTIVE,HOTEL,1,1,1,0,False
MCH2063,1,Bhavsar Gr0up,TRANSPRT,PRIVATE_LIMITED,ACTIVE,4131,MADRAS,TAMIL_NADU,2405.73,ACTIVE,TRANSPRT,1,1,0,0,False
MCH2064,1,date and sons,RESTAURANT,PRIVATE_LIMITED,ACTIVE,5812,DELHI,DELHI,1715.0,ACTIVE,RESTAURANT,1,1,0,0,False
MCH2067,2,MULTIPLE_VALUES,MULTIPLE_VALUES,MULTIPLE_VALUES,MULTIPLE_VALUES,MULTIPLE_VALUES,MULTIPLE_VALUES,MULTIPLE_VALUES,976.055,ACTIVE | INACTIVE,BOOK_STORE | GROCERY_STORES,2,2,0,0,True
MCH2071,1,Dube-Kapadia,MOBILE_RECHARGE,SOLE_PROPRIETOR,ACTIVE,,AMRITSAR,PUNJAB,1392.0,ACTIVE,MOBILE_RECHARGE,1,1,1,0,False
MCH2074,2,MULTIPLE_VALUES,MULTIPLE_VALUES,MULTIPLE_VALUES,ACTIVE,MULTIPLE_VALUES,MULTIPLE_VALUES,MULTIPLE_VALUES,3369.6,ACTIVE,FASHION | GROCERY,1,2,1,0,True
MCH2075,1,"Dhar,DeoandRau",CHEMIST,INDIVIDUAL,ACTIVE,5912,DELHI,DELHI,1584.12,ACTIVE,CHEMIST,1,1,0,0,False
MCH2076,1,Chad Ltd,BOOK_STORE,SOLE_PROPRIETOR,ACTIVE,05942,JALANDHAR,PUNJAB,579.16,ACTIVE,BOOK_STORE,1,1,1,0,False
MCH2077,2,MULTIPLE_VALUES,MULTIPLE_VALUES,MULTIPLE_VALUES,ACTIVE,MULTIPLE_VALUES,MULTIPLE_VALUES,MULTIPLE_VALUES,1148.6399999999999,ACTIVE,BOOK_STORE | EATING_PLACE,1,2,0,0,True
MCH2078,1,Chada-Dubey,DEPARTMENT_STORES,INDIVIDUAL,ACTIVE,5311,BENGALURU,KARNATAKA,1915.85,ACTIVE,DEPARTMENT_STORES,1,1,0,0,False
MCH2081,2,MULTIPLE_VALUES,MULTIPLE_VALUES,MULTIPLE_VALUES,ACTIVE,MULTIPLE_VALUES,MULTIPLE_VALUES,MULTIPLE_VALUES,395.32,ACTIVE,DEPARTMENT_STORES | HOTELS,1,2,0,0,True
MCH2083,1,Patla-Basak,MEDICAL_STORE,INDIVIDUAL,SUSPENDED,5912,CALCUTTA,WEST_BENGAL,556.93,SUSPENDED,MEDICAL_STORE,1,1,0,1,False
MCH2084,1,"Murthy, Dutt and Bakshi",TRAVEL,PRIVATE_LIMITED,ACTIVE,4131,MUMBAI,MAHARASHTRA,659.75,ACTIVE,TRAVEL,1,1,0,0,False
MCH2085,4,MULTIPLE_VALUES,MULTIPLE_VALUES,MULTIPLE_VALUES,MULTIPLE_VALUES,MULTIPLE_VALUES,MULTIPLE_VALUES,MULTIPLE_VALUES,2031.595,ACTIVE | SUSPENDED,BOOKS_STATIONERY | HOTEL_LODGING | TRANSPORT | TRANSPRT,2,4,2,1,True
MCH2087,1,DUBEY-DOCTOR,MISCELLANEOUS,INDIVIDUAL,ACTIVE,5999,ASR,PUNJAB,4751.6,ACTIVE,MISCELLANEOUS,1,1,0,0,False
MCH2090,1,Upadhyay PLC,EATING_PLACE,SOLE_PROPRIETOR,ACTIVE,5812,DILLI,DELHI,439.31,ACTIVE,EATING_PLACE,1,1,0,0,False
MCH2092,1,"Dubey, Tara and Thaker",TRANSPORTATION,INDIVIDUAL,ACTIVE,04131,KOLKATA,WEST_BENGAL,1262.97,ACTIVE,TRANSPORTATION,1,1,1,0,False
MCH2093,1,Ghosh-Gaba,MISC_RETAIL,SOLE_PROPRIETOR,ACTIVE,,LUDHIANA,PUNJAB,2389.0,ACTIVE,MISC_RETAIL,1,1,1,0,False
MCH2094,1,Ratti Ltd,GROCERY,SOLE_PROPRIETOR,ACTIVE,05411,BENGALURU,KARNATAKA,4897.48,ACTIVE,GROCERY,1,1,1,0,False
MCH2096,2,MULTIPLE_VALUES,MULTIPLE_VALUES,MULTIPLE_VALUES,MULTIPLE_VALUES,MULTIPLE_VALUES,MULTIPLE_VALUES,MULTIPLE_VALUES,4094.9100000000003,ACTIVE | INACTIVE,BOOKS | TELECOM,2,2,0,0,True
MCH2098,1,Ranganathan-Chopra,TRANSPRT,PRIVATE_LIMITED,ACTIVE,4131,MADRAS,TAMIL_NADU,4538.04,ACTIVE,TRANSPRT,1,1,0,0,False
MCH2099,2,MULTIPLE_VALUES,MULTIPLE_VALUES,MULTIPLE_VALUES,ACTIVE,MULTIPLE_VALUES,MULTIPLE_VALUES,MULTIPLE_VALUES,649.835,ACTIVE,APPAREL | TRANSPRT,1,2,1,0,True
MCH2100,1,"Jani, Bobal and Singhal",HOSPITALITY,INDIVIDUAL,ACTIVE,7011,BANGALORE,KARNATAKA,1281.0,ACTIVE,HOSPITALITY,1,1,0,0,False
MCH2102,1,"Mand, Bobal and Saini",RESTAURANT,INDIVIDUAL,ACTIVE,5812,LUDHIANA,PUNJAB,,ACTIVE,RESTAURANT,1,1,0,0,False
MCH2104,1,Iyengar PLC,FASHION,PRIVATE_LIMITED,SUSPENDED,,LKO,UTTAR_PRADESH,1344.05,SUSPENDED,FASHION,1,1,1,1,False
MCH2105,2,MULTIPLE_VALUES,CHEMIST,PRIVATE_LIMITED,ACTIVE,MULTIPLE_VALUES,MULTIPLE_VALUES,MULTIPLE_VALUES,1101.76,ACTIVE,CHEMIST,1,1,1,0,False
MCH2106,1,"Doctor, Karnik and Sridhar",RETAIL_OTHER,PARTNERSHIP,INACTIVE,5999,BENGALURU,KARNATAKA,871.69,INACTIVE,RETAIL_OTHER,1,1,0,0,False
MCH2107,1,"wali, srinivas and vyas",PHARMACIES,PRIVATE_LIMITED,ACTIVE,5912,MADRAS,TAMIL_NADU,679.27,ACTIVE,PHARMACIES,1,1,0,0,False
MCH2108,1,Sankar-Desai,CHEMIST,SOLE_PROPRIETOR,SUSPENDED,05912,LUDHIANA,PUNJAB,1535.43,SUSPENDED,CHEMIST,1,1,1,1,False
MCH2111,1,Dubey-Oommen,HOTELS,INDIVIDUAL,ACTIVE,07011,LUDHIANA,PUNJAB,5111.16,ACTIVE,HOTELS,1,1,1,0,False
MCH2115,2,MULTIPLE_VALUES,MULTIPLE_VALUES,SOLE_PROPRIETOR,ACTIVE,MULTIPLE_VALUES,MULTIPLE_VALUES,MULTIPLE_VALUES,5061.99,ACTIVE,CHEMIST | TRAVEL,1,2,0,0,True
MCH2116,1,Chaudhari and Sons,GARMENTS,INDIVIDUAL,ACTIVE,5699,JPR,RAJASTHAN,947.14,ACTIVE,GARMENTS,1,1,0,0,False
MCH2117,1,Lal Group,HOSPITALITY,PARTNERSHIP,ACTIVE,,JAIPUR,RAJASTHAN,2615.21,ACTIVE,HOSPITALITY,1,1,1,0,False
MCH2118,2,MULTIPLE_VALUES,MULTIPLE_VALUES,MULTIPLE_VALUES,ACTIVE,MULTIPLE_VALUES,MULTIPLE_VALUES,MULTIPLE_VALUES,1114.545,ACTIVE,FOOD | STATIONERY,1,2,0,0,True
MCH2119,1,Kashyap Ltd,APPAREL,INDIVIDUAL,INACTIVE,05699,CHENNAI,TAMIL_NADU,1155.58,INACTIVE,APPAREL,1,1,1,0,False
MCH2120,3,MULTIPLE_VALUES,MULTIPLE_VALUES,MULTIPLE_VALUES,ACTIVE,MULTIPLE_VALUES,MULTIPLE_VALUES,MULTIPLE_VALUES,2514.21,ACTIVE,HOTEL_LODGING | TELECOM,1,2,0,0,True
MCH2122,1,"Bava, Bal and Mittal",MEDICAL_STORE,INDIVIDUAL,ACTIVE,UNKNOWN,PUNE,MAHARASHTRA,1119.03,ACTIVE,MEDICAL_STORE,1,1,1,0,False
MCH2123,2,MULTIPLE_VALUES,MULTIPLE_VALUES,PRIVATE_LIMITED,ACTIVE,MULTIPLE_VALUES,MULTIPLE_VALUES,MULTIPLE_VALUES,7777.205,ACTIVE,CHEMIST | DEPARTMENT_STORES,1,2,0,0,True
MCH2124,1,"Chander, Kohli and Dube",TRANSPORT,INDIVIDUAL,ACTIVE,4131,DELHI,DELHI,1551.09,ACTIVE,TRANSPORT,1,1,0,0,False
MCH2126,1,Golla and Sons,DEPARTMENT_STORE,PARTNERSHIP,ACTIVE,5311,HYDERABAD,TELANGANA,342.0,ACTIVE,DEPARTMENT_STORE,1,1,0,0,False
MCH2128,1,Ghosh-Sharaf,FOOD_SERVICES,PARTNERSHIP,ACTIVE,5812,AMRITSAR,PUNJAB,3157.17,ACTIVE,FOOD_SERVICES,1,1,0,0,False
MCH2129,1,Bhavsar-De,PHARMACY,SOLE_PROPRIETOR,ACTIVE,5912,HYDERABAD,TELANGANA,4898.0,ACTIVE,PHARMACY,1,1,0,0,False
MCH2131,1,Boase-Varghese,CLOTHING,SOLE_PROPRIETOR,ACTIVE,5699,POONA,MAHARASHTRA,2157.11,ACTIVE,CLOTHING,1,1,0,0,False
MCH2133,2,Bose-Saraf,MISC_RETAIL,SOLE_PROPRIETOR,MULTIPLE_VALUES,5999,MUMBAI,MAHARASHTRA,,ACTIVE | SUSPENDED,MISC_RETAIL,2,1,0,1,True
MCH2135,1,"Singh, Talwar and Sur",GROCERIES,PRIVATE_LIMITED,SUSPENDED,5411,JALANDHAR,PUNJAB,704.34,SUSPENDED,GROCERIES,1,1,0,1,False
MCH2137,2,MULTIPLE_VALUES,MULTIPLE_VALUES,MULTIPLE_VALUES,ACTIVE,MULTIPLE_VALUES,MULTIPLE_VALUES,MULTIPLE_VALUES,2331.165,ACTIVE,CLOTHS | TRANSPORTATION,1,2,0,0,True
MCH2139,1,"Bali, Mahajan and Oza",STATIONERY,SOLE_PROPRIETOR,ACTIVE,05942,BENGALURU,KARNATAKA,512.11,ACTIVE,STATIONERY,1,1,1,0,False
MCH2142,1,"Banerjee, Ghose and Parekh",BOOKS_STATIONERY,SOLE_PROPRIETOR,ACTIVE,05942,DELHI,DELHI,,ACTIVE,BOOKS_STATIONERY,1,1,1,0,False
MCH2144,1,Choudhary-Kashyap,BOOKS,PARTNERSHIP,ACTIVE,5942,LDH,PUNJAB,350.72,ACTIVE,BOOKS,1,1,0,0,False
MCH2148,1,Dora Ltd,PHARMACY,PRIVATE_LIMITED,ACTIVE,5912,ASR,PUNJAB,343.34,ACTIVE,PHARMACY,1,1,0,0,False
MCH2149,2,MULTIPLE_VALUES,MULTIPLE_VALUES,INDIVIDUAL,ACTIVE,MULTIPLE_VALUES,MULTIPLE_VALUES,MULTIPLE_VALUES,3778.33,ACTIVE,STATIONERY | TRANSPORTATION,1,2,1,0,True
MCH2152,1,"Choudhry, Chauhan and Dayal",STATIONERY,PRIVATE_LIMITED,ACTIVE,5942,POONA,MAHARASHTRA,1507.67,ACTIVE,STATIONERY,1,1,0,0,False
MCH2153,1,"Dara, Vala and Venkatesh",CLOTHS,PARTNERSHIP,ACTIVE,5699,MADRAS,TAMIL_NADU,,ACTIVE,CLOTHS,1,1,0,0,False
MCH2154,2,MULTIPLE_VALUES,MULTIPLE_VALUES,SOLE_PROPRIETOR,MULTIPLE_VALUES,MULTIPLE_VALUES,MULTIPLE_VALUES,MULTIPLE_VALUES,1662.0,ACTIVE | INACTIVE,BOOK_STORE | MISCELLANEOUS,2,2,2,0,True
MCH2155,1,Vig-Bobal,MOBILE_RECHARGE,PRIVATE_LIMITED,ACTIVE,4814,NEW_DELHI,DELHI,8483.0,ACTIVE,MOBILE_RECHARGE,1,1,0,0,False
MCH2157,3,MULTIPLE_VALUES,MULTIPLE_VALUES,MULTIPLE_VALUES,MULTIPLE_VALUES,MULTIPLE_VALUES,MULTIPLE_VALUES,MULTIPLE_VALUES,1899.0,ACTIVE | SUSPENDED,PHARMACIES | TRANSPRT,2,2,0,1,True
MCH2159,1,Sawhney LLC,FOOD,SOLE_PROPRIETOR,ACTIVE,5812,JALANDHAR,PUNJAB,1420.0,ACTIVE,FOOD,1,1,0,0,False
MCH2165,1,Venkataraman-Seshadri,MEDICAL_STORE,SOLE_PROPRIETOR,ACTIVE,05912,PUNE,MAHARASHTRA,137.68,ACTIVE,MEDICAL_STORE,1,1,1,0,False
MCH2166,1,SANT-VENKATESH,PHARMACY,INDIVIDUAL,ACTIVE,5912,ASR,PUNJAB,789.14,ACTIVE,PHARMACY,1,1,0,0,False
MCH2169,2,MULTIPLE_VALUES,MULTIPLE_VALUES,MULTIPLE_VALUES,ACTIVE,MULTIPLE_VALUES,MULTIPLE_VALUES,MULTIPLE_VALUES,2788.56,ACTIVE,BOOKS_STATIONERY | FOOD,1,2,0,0,True
MCH2172,2,MULTIPLE_VALUES,MULTIPLE_VALUES,MULTIPLE_VALUES,MULTIPLE_VALUES,MULTIPLE_VALUES,MULTIPLE_VALUES,MULTIPLE_VALUES,505.65,ACTIVE | INACTIVE,CLOTHING | HOTEL,2,2,0,0,True
MCH2174,1,"Sood, Chowdhury and Chacko",HOTEL,PRIVATE_LIMITED,INACTIVE,07011,NEW_DELHI,DELHI,1287.16,INACTIVE,HOTEL,1,1,1,0,False
MCH2177,2,MULTIPLE_VALUES,MULTIPLE_VALUES,MULTIPLE_VALUES,ACTIVE,MULTIPLE_VALUES,MULTIPLE_VALUES,MULTIPLE_VALUES,1087.975,ACTIVE,GROCERIES | OTHER,1,2,1,0,True
MCH2179,2,MULTIPLE_VALUES,MULTIPLE_VALUES,MULTIPLE_VALUES,ACTIVE,MULTIPLE_VALUES,MULTIPLE_VALUES,PUNJAB,3591.125,ACTIVE,FASHION | GROCERIES,1,2,0,0,True
MCH2180,1,Chaudry-Sidhu,APPAREL,PRIVATE_LIMITED,ACTIVE,,PUNE,MAHARASHTRA,3354.42,ACTIVE,APPAREL,1,1,1,0,False
MCH2183,1,Savant LLC,TRAVEL,SOLE_PROPRIETOR,ACTIVE,4131,DILLI,DELHI,,ACTIVE,TRAVEL,1,1,0,0,False
MCH2185,1,wagle inc,MEDICAL,PRIVATE_LIMITED,SUSPENDED,,POONA,MAHARASHTRA,828.0,SUSPENDED,MEDICAL,1,1,1,1,False
MCH2186,1,Venkatesh and Sons,MEDICAL,SOLE_PROPRIETOR,ACTIVE,5912,LKO,UTTAR_PRADESH,661.82,ACTIVE,MEDICAL,1,1,0,0,False
MCH2187,1,Balan and Sons,RETAIL_OTHER,SOLE_PROPRIETOR,ACTIVE,5999,BANGALORE,KARNATAKA,1340.0,ACTIVE,RETAIL_OTHER,1,1,0,0,False
MCH2188,1,"Sundaram, Prakash and Sheth",FASHION,SOLE_PROPRIETOR,ACTIVE,5699,HYDERABAD,TELANGANA,,ACTIVE,FASHION,1,1,0,0,False
MCH2189,1,"Mammen, Balakrishnan and Prakash",RETAIL,SOLE_PROPRIETOR,ACTIVE,5311,JAIPUR,RAJASTHAN,2363.97,ACTIVE,RETAIL,1,1,0,0,False
MCH2191,2,MULTIPLE_VALUES,MULTIPLE_VALUES,MULTIPLE_VALUES,ACTIVE,5999,MULTIPLE_VALUES,MULTIPLE_VALUES,2882.7799999999997,ACTIVE,BOOK_STORE | RETAIL_OTHER,1,2,1,0,True
MCH2196,1,Badal-Ghosh,TRANSPRT,INDIVIDUAL,ACTIVE,4131,DELHI,DELHI,188.84,ACTIVE,TRANSPRT,1,1,0,0,False
MCH2197,1,Palan-Bhatti,DEPARTMENT_STORES,PARTNERSHIP,ACTIVE,5311,DELHI,DELHI,2800.25,ACTIVE,DEPARTMENT_STORES,1,1,0,0,False
MCH2198,1,"Arya, Dalal and Keer",RESTAURANT,PRIVATE_LIMITED,ACTIVE,5812,JAIPUR,RAJASTHAN,2776.31,ACTIVE,RESTAURANT,1,1,0,0,False
MCH2199,1,Subramanian Inc,DEPARTMENT_STORES,PRIVATE_LIMITED,SUSPENDED,5311,BANGALORE,KARNATAKA,369.25,SUSPENDED,DEPARTMENT_STORES,1,1,0,1,False
MCH2200,1,Choudhry-Vig,TELECOM,PRIVATE_LIMITED,ACTIVE,4814,JAIPUR,RAJASTHAN,207.14,ACTIVE,TELECOM,1,1,0,0,False
MCH2201,2,MULTIPLE_VALUES,MULTIPLE_VALUES,MULTIPLE_VALUES,ACTIVE,MULTIPLE_VALUES,MULTIPLE_VALUES,MULTIPLE_VALUES,238.32,ACTIVE,EATING_PLACE | MISCELLANEOUS,1,2,0,0,True
MCH2202,1,"dass, vala and goda",PHARMACY,PRIVATE_LIMITED,SUSPENDED,5912,HYD,TELANGANA,,SUSPENDED,PHARMACY,1,1,0,1,False
MCH2203,1,"DAR, KHURANA AND VASA",RESTAURANT,SOLE_PROPRIETOR,ACTIVE,5812,JAIPUR,RAJASTHAN,14312.42,ACTIVE,RESTAURANT,1,1,0,0,False
MCH2205,4,MULTIPLE_VALUES,MULTIPLE_VALUES,MULTIPLE_VALUES,MULTIPLE_VALUES,MULTIPLE_VALUES,MULTIPLE_VALUES,MULTIPLE_VALUES,1561.015,ACTIVE | INACTIVE,BUS_TAXI | DEPARTMENT_STORE | MISCELLANEOUS,2,3,0,0,True
MCH2211,1,KRISHNAN-SIBAL,BOOKS_STATIONERY,INDIVIDUAL,ACTIVE,5942,BENGALURU,KARNATAKA,1189.37,ACTIVE,BOOKS_STATIONERY,1,1,0,0,False
MCH2212,1,Parmar Group,BUS_TAXI,PRIVATE_LIMITED,ACTIVE,MISC,JALANDHAR,PUNJAB,4432.56,ACTIVE,BUS_TAXI,1,1,1,0,False
MCH2213,1,"Dash,SoniandPalla",HOTEL,INDIVIDUAL,ACTIVE,7011,KOLKATA,WEST_BENGAL,4392.08,ACTIVE,HOTEL,1,1,0,0,False
MCH2214,1,Varkey-Seshadri,TRANSPORT,PARTNERSHIP,ACTIVE,4131,NEW_DELHI,DELHI,,ACTIVE,TRANSPORT,1,1,0,0,False
MCH2215,1,Maharaj-Kale,HOSPITALITY,INDIVIDUAL,ACTIVE,7011,CALCUTTA,WEST_BENGAL,3526.35,ACTIVE,HOSPITALITY,1,1,0,0,False
MCH2217,1,"Rai, Bala and Shenoy",GROCERY_STORES,INDIVIDUAL,ACTIVE,5411,MUMBAY,MAHARASHTRA,728.77,ACTIVE,GROCERY_STORES,1,1,0,0,False
MCH2218,1,"Upadhyay, Sharma and Kothari",HOTEL_LODGING,PARTNERSHIP,ACTIVE,7011,LKO,UTTAR_PRADESH,,ACTIVE,HOTEL_LODGING,1,1,0,0,False
MCH2220,1,Tailor and Sons,DEPT_STORE,SOLE_PROPRIETOR,ACTIVE,5311,MUMBAY,MAHARASHTRA,940.64,ACTIVE,DEPT_STORE,1,1,0,0,False
MCH2222,1,"Mani, Ravel and Agrawal",CLOTHS,SOLE_PROPRIETOR,ACTIVE,UNKNOWN,LKO,UTTAR_PRADESH,815.84,ACTIVE,CLOTHS,1,1,1,0,False
MCH2223,2,MULTIPLE_VALUES,MULTIPLE_VALUES,MULTIPLE_VALUES,ACTIVE,MULTIPLE_VALUES,MULTIPLE_VALUES,MULTIPLE_VALUES,1054.705,ACTIVE,BOOKS_STATIONERY | MOBILE_RECHARGE,1,2,0,0,True
MCH2224,2,MULTIPLE_VALUES,MULTIPLE_VALUES,MULTIPLE_VALUES,MULTIPLE_VALUES,5812,MULTIPLE_VALUES,MULTIPLE_VALUES,1575.85,ACTIVE | INACTIVE,BOOK_STORE | FOOD_SERVICES,2,2,1,0,True
MCH2229,2,MULTIPLE_VALUES,MULTIPLE_VALUES,PRIVATE_LIMITED,ACTIVE,MULTIPLE_VALUES,MULTIPLE_VALUES,MULTIPLE_VALUES,433.28499999999997,ACTIVE,DEPT_STORE | MISC_RETAIL,1,2,0,0,True
MCH2231,1,"Goyal, Balakrishnan and Patla",HOTEL_LODGING,PRIVATE_LIMITED,INACTIVE,7011,BLR,KARNATAKA,1360.71,INACTIVE,HOTEL_LODGING,1,1,0,0,False
MCH2232,2,MULTIPLE_VALUES,MULTIPLE_VALUES,PARTNERSHIP,MULTIPLE_VALUES,MULTIPLE_VALUES,MULTIPLE_VALUES,MULTIPLE_VALUES,837.63,ACTIVE | INACTIVE,DEPARTMENT_STORE | HOTEL_LODGING,2,2,0,0,True
MCH2236,2,Yohannan-Chada,DEPT_STORE,PRIVATE_LIMITED,INACTIVE,5311,KOLKATA,WEST_BENGAL,5340.64,INACTIVE,DEPT_STORE,1,1,0,0,False
MCH2237,1,Chatterjee-Din,TELECOM,SOLE_PROPRIETOR,ACTIVE,4814,LUCKNOW,UTTAR_PRADESH,,ACTIVE,TELECOM,1,1,0,0,False
MCH2238,1,Chakrabarti-Lata,GARMENTS,INDIVIDUAL,ACTIVE,5699,AMRITSAR,PUNJAB,1650.0,ACTIVE,GARMENTS,1,1,0,0,False
MCH2240,1,"Shenoy, Tara and Kala",MEDICAL,PARTNERSHIP,ACTIVE,5912,CHENNAI,TAMIL_NADU,1500.77,ACTIVE,MEDICAL,1,1,0,0,False
MCH2241,1,Patla-Prabhakar,BOOKS_STATIONERY,PARTNERSHIP,ACTIVE,5942,CALCUTTA,WEST_BENGAL,868.0,ACTIVE,BOOKS_STATIONERY,1,1,0,0,False
MCH2244,1,Master PLC,CHEMIST,PRIVATE_LIMITED,INACTIVE,5912,JALANDAR,PUNJAB,2383.0,INACTIVE,CHEMIST,1,1,0,0,False
MCH2248,1,Mutti-Manne,RESTAURANT,PARTNERSHIP,INACTIVE,5812,LUDHIANA,PUNJAB,1021.0,INACTIVE,RESTAURANT,1,1,0,0,False
MCH2249,3,MULTIPLE_VALUES,MULTIPLE_VALUES,MULTIPLE_VALUES,ACTIVE,MULTIPLE_VALUES,MULTIPLE_VALUES,MULTIPLE_VALUES,1258.0,ACTIVE,DEPARTMENT_STORES | GROCERY | HOTEL_LODGING,1,3,2,0,True
MCH2250,2,MULTIPLE_VALUES,MULTIPLE_VALUES,INDIVIDUAL,MULTIPLE_VALUES,MULTIPLE_VALUES,MULTIPLE_VALUES,MULTIPLE_VALUES,4090.25,ACTIVE | INACTIVE,BOOKS | TRANSPORTATION,2,2,0,0,True
MCH2255,1,Lal Ltd,DEPARTMENT_STORES,INDIVIDUAL,ACTIVE,5311,JPR,RAJASTHAN,1404.67,ACTIVE,DEPARTMENT_STORES,1,1,0,0,False
MCH2257,1,Mandal-Sankaran,DEPARTMENT_STORES,INDIVIDUAL,ACTIVE,5311,MUMBAI,MAHARASHTRA,4831.04,ACTIVE,DEPARTMENT_STORES,1,1,0,0,False
MCH2258,1,Walia Group,DEPT_STORE,SOLE_PROPRIETOR,ACTIVE,5311,JALANDHAR,PUNJAB,1902.49,ACTIVE,DEPT_STORE,1,1,0,0,False
MCH2261,1,Gr0ver Inc,RESTAURANT,SOLE_PROPRIETOR,ACTIVE,5812,MUMBAI,MAHARASHTRA,1519.0,ACTIVE,RESTAURANT,1,1,0,0,False
MCH2263,1,Puri-D’Alia,DEPARTMENT_STORE,PRIVATE_LIMITED,ACTIVE,5311,ASR,PUNJAB,2781.79,ACTIVE,DEPARTMENT_STORE,1,1,0,0,False
MCH2264,3,MULTIPLE_VALUES,MULTIPLE_VALUES,INDIVIDUAL,MULTIPLE_VALUES,MULTIPLE_VALUES,MULTIPLE_VALUES,MULTIPLE_VALUES,4017.0,ACTIVE | SUSPENDED,PHARMACIES | RETAIL,2,2,0,2,True
MCH2265,2,"Bail, Gopal and Khare",PHARMACIES,PARTNERSHIP,INACTIVE,UNKNOWN,LKO,UTTAR_PRADESH,,INACTIVE,PHARMACIES,1,1,2,0,False
MCH2266,1,Natarajan and Sons,CHEMIST,INDIVIDUAL,ACTIVE,5912,CHENNAI,TAMIL_NADU,447.78,ACTIVE,CHEMIST,1,1,0,0,False
MCH2267,1,Bobal and Sons,HOTEL_LODGING,PARTNERSHIP,ACTIVE,7011,DELHI,DELHI,2114.71,ACTIVE,HOTEL_LODGING,1,1,0,0,False
MCH2268,1,"Verma, Aurora and De",MISCELLANEOUS,PRIVATE_LIMITED,ACTIVE,5999,JALANDHAR,PUNJAB,995.42,ACTIVE,MISCELLANEOUS,1,1,0,0,False
MCH2269,1,"dalal, samra and kala",HOTEL,SOLE_PROPRIETOR,ACTIVE,7011,PUNE,MAHARASHTRA,,ACTIVE,HOTEL,1,1,0,0,False
MCH2274,3,MULTIPLE_VALUES,MULTIPLE_VALUES,MULTIPLE_VALUES,MULTIPLE_VALUES,MULTIPLE_VALUES,MULTIPLE_VALUES,MULTIPLE_VALUES,3028.0,ACTIVE | SUSPENDED,CLOTHING | OTHER | TRANSPRT,2,3,0,1,True
MCH2278,1,"Mohanty, Bobal and Minhas",HOTEL_LODGING,SOLE_PROPRIETOR,ACTIVE,07011,POONA,MAHARASHTRA,4540.82,ACTIVE,HOTEL_LODGING,1,1,1,0,False
MCH2279,1,Sarma Inc,PHARMACIES,PRIVATE_LIMITED,ACTIVE,5912,MUMBAI,MAHARASHTRA,2197.82,ACTIVE,PHARMACIES,1,1,0,0,False
MCH2282,1,mall group,RETAIL,PARTNERSHIP,ACTIVE,,JALANDAR,PUNJAB,654.0,ACTIVE,RETAIL,1,1,1,0,False
MCH2283,1,"Dhawan, Pa11a and Krishnan",HOTEL_LODGING,PARTNERSHIP,ACTIVE,7011,HYD,TELANGANA,954.74,ACTIVE,HOTEL_LODGING,1,1,0,0,False
MCH2284,2,MULTIPLE_VALUES,MULTIPLE_VALUES,MULTIPLE_VALUES,MULTIPLE_VALUES,5699,MULTIPLE_VALUES,MULTIPLE_VALUES,1667.8600000000001,INACTIVE | SUSPENDED,APPAREL | TRAVEL,2,2,1,1,True
MCH2287,1,Baral Inc,MEDICAL,INDIVIDUAL,ACTIVE,5912,DELHI,DELHI,920.82,ACTIVE,MEDICAL,1,1,0,0,False
MCH2289,2,MULTIPLE_VALUES,MULTIPLE_VALUES,MULTIPLE_VALUES,MULTIPLE_VALUES,MULTIPLE_VALUES,MULTIPLE_VALUES,MULTIPLE_VALUES,1328.29,ACTIVE | SUSPENDED,FASHION | FOOD,2,2,1,1,True
MCH2293,1,"pandit, bhavsar and barman",TELECOM,PRIVATE_LIMITED,ACTIVE,4814,PUNE,MAHARASHTRA,792.61,ACTIVE,TELECOM,1,1,0,0,False
MCH2296,1,Buch Ltd,BUS_TAXI,PARTNERSHIP,ACTIVE,4131,LUDHIANA,PUNJAB,8012.35,ACTIVE,BUS_TAXI,1,1,0,0,False
MCH2297,1,Mutti and Sons,BOOKS_STATIONERY,PARTNERSHIP,ACTIVE,5942,LDH,PUNJAB,1134.74,ACTIVE,BOOKS_STATIONERY,1,1,0,0,False
MCH2299,2,Ahluwalia Inc,TRAVEL,PARTNERSHIP,ACTIVE,4131,LUDHIANA,PUNJAB,2936.54,ACTIVE,TRAVEL,1,1,0,0,False
MCH2302,1,"Sekhon, Tak and Dhingra",BOOK_STORE,SOLE_PROPRIETOR,ACTIVE,5942,AMRITSAR,PUNJAB,852.28,ACTIVE,BOOK_STORE,1,1,0,0,False
MCH2306,1,GOSWAMI INC,HOTEL_LODGING,SOLE_PROPRIETOR,ACTIVE,7011,BENGALURU,KARNATAKA,1562.95,ACTIVE,HOTEL_LODGING,1,1,0,0,False
MCH2308,1,Bhattacharyya LLC,DEPT_STORE,SOLE_PROPRIETOR,INACTIVE,5311,JALANDHAR,PUNJAB,4753.89,INACTIVE,DEPT_STORE,1,1,0,0,False
MCH2309,2,MULTIPLE_VALUES,MULTIPLE_VALUES,INDIVIDUAL,ACTIVE,5311,MULTIPLE_VALUES,MULTIPLE_VALUES,612.2049999999999,ACTIVE,DEPT_STORE | GROCERIES,1,2,1,0,True
MCH2310,2,MULTIPLE_VALUES,MULTIPLE_VALUES,MULTIPLE_VALUES,MULTIPLE_VALUES,MULTIPLE_VALUES,JPR,RAJASTHAN,681.98,ACTIVE | INACTIVE,BOOK_STORE | GROCERY_STORES,2,2,0,0,True
MCH2313,1,gulati llc,RETAIL_OTHER,PRIVATE_LIMITED,INACTIVE,5999,KOLKATA,WEST_BENGAL,,INACTIVE,RETAIL_OTHER,1,1,0,0,False
MCH2314,1,"Tank, Bera and Dash",FOOD,SOLE_PROPRIETOR,ACTIVE,MISC,KOLKATA,WEST_BENGAL,2905.93,ACTIVE,FOOD,1,1,1,0,False
MCH2327,3,MULTIPLE_VALUES,MULTIPLE_VALUES,MULTIPLE_VALUES,MULTIPLE_VALUES,MULTIPLE_VALUES,MULTIPLE_VALUES,MULTIPLE_VALUES,848.32,ACTIVE | SUSPENDED,FOOD | RETAIL_OTHER,2,2,1,1,True
MCH2332,1,Toor Inc,HOSPITALITY,INDIVIDUAL,ACTIVE,07011,LUDHIANA,PUNJAB,,ACTIVE,HOSPITALITY,1,1,1,0,False
MCH2335,1,GaneshLtd,MISCELLANEOUS,PRIVATE_LIMITED,ACTIVE,5999,POONA,MAHARASHTRA,,ACTIVE,MISCELLANEOUS,1,1,0,0,False
MCH2336,1,Narasimhan Inc,GROCERY,SOLE_PROPRIETOR,INACTIVE,,JALANDAR,PUNJAB,791.05,INACTIVE,GROCERY,1,1,1,0,False
MCH2344,1,"Purohit, Rege and Patil",CLOTHS,PRIVATE_LIMITED,ACTIVE,,JAIPUR,RAJASTHAN,,ACTIVE,CLOTHS,1,1,1,0,False
MCH2345,1,"Kibe, Verma and Koshy",PHONE_SERVICE,INDIVIDUAL,ACTIVE,4814,BENGALURU,KARNATAKA,808.61,ACTIVE,PHONE_SERVICE,1,1,0,0,False
MCH2346,1,Palla-Mannan,GARMENTS,PARTNERSHIP,ACTIVE,5699,CHENNAI,TAMIL_NADU,468.76,ACTIVE,GARMENTS,1,1,0,0,False
MCH2347,1,"Dara, Ravel and Soni",PHARMACIES,SOLE_PROPRIETOR,ACTIVE,5912,ASR,PUNJAB,3169.93,ACTIVE,PHARMACIES,1,1,0,0,False
MCH2350,2,MULTIPLE_VALUES,MULTIPLE_VALUES,MULTIPLE_VALUES,ACTIVE,MULTIPLE_VALUES,MULTIPLE_VALUES,MULTIPLE_VALUES,1029.975,ACTIVE,CLOTHS | RESTAURANT,1,2,0,0,True
MCH2353,1,sood-vasa,GROCERY_STORE,SOLE_PROPRIETOR,ACTIVE,5411,MUMBAI,MAHARASHTRA,2728.11,ACTIVE,GROCERY_STORE,1,1,0,0,False
MCH2354,1,"TOOR, NAGI AND DARA",MEDICAL,SOLE_PROPRIETOR,ACTIVE,5912,PUNE,MAHARASHTRA,1954.79,ACTIVE,MEDICAL,1,1,0,0,False
MCH2356,2,MULTIPLE_VALUES,MULTIPLE_VALUES,MULTIPLE_VALUES,ACTIVE,,MULTIPLE_VALUES,MULTIPLE_VALUES,2368.795,ACTIVE,CHEMIST | HOTEL_LODGING,1,2,2,0,True
MCH2357,1,SHAN LTD,RETAIL_OTHER,INDIVIDUAL,ACTIVE,5999,JALANDHAR,PUNJAB,945.26,ACTIVE,RETAIL_OTHER,1,1,0,0,False
MCH2360,1,Bhakta-Nazareth,STATIONERY,PRIVATE_LIMITED,INACTIVE,5942,JPR,RAJASTHAN,755.69,INACTIVE,STATIONERY,1,1,0,0,False
MCH2368,1,Chadha-Barman,PHARMACY,INDIVIDUAL,SUSPENDED,05912,JALANDHAR,PUNJAB,3326.29,SUSPENDED,PHARMACY,1,1,1,1,False
MCH2370,1,Mutti-Sarma,FASHION,INDIVIDUAL,ACTIVE,5699,DELHI,DELHI,6053.56,ACTIVE,FASHION,1,1,0,0,False
MCH2376,1,"Lata, Krishnamurthy and Lal",RETAIL,PARTNERSHIP,ACTIVE,05311,JALANDHAR,PUNJAB,113.0,ACTIVE,RETAIL,1,1,1,0,False
MCH2378,1,"Rau, Pradhan and Bansa1",KIRANA,INDIVIDUAL,ACTIVE,5411,LKO,UTTAR_PRADESH,6158.0,ACTIVE,KIRANA,1,1,0,0,False
MCH2382,1,Parsa-Mandal,TELECOM,INDIVIDUAL,SUSPENDED,4814,JALANDHAR,PUNJAB,16892.62,SUSPENDED,TELECOM,1,1,0,1,False
MCH2383,1,Dewan-Misra,MOBILE_RECHARGE,SOLE_PROPRIETOR,ACTIVE,4814,LDH,PUNJAB,923.06,ACTIVE,MOBILE_RECHARGE,1,1,0,0,False
MCH2384,5,MULTIPLE_VALUES,MULTIPLE_VALUES,MULTIPLE_VALUES,MULTIPLE_VALUES,MULTIPLE_VALUES,MULTIPLE_VALUES,MULTIPLE_VALUES,4909.55,ACTIVE | SUSPENDED,CHEMIST | FASHION | MISC_RETAIL | TELECOM,2,4,3,1,True
MCH2387,1,Dar-Dass,CHEMIST,PARTNERSHIP,ACTIVE,5912,LUCKNOW,UTTAR_PRADESH,1022.15,ACTIVE,CHEMIST,1,1,0,0,False
MCH2390,1,Bandi-Sidhu,RETAIL,SOLE_PROPRIETOR,ACTIVE,5311,JPR,RAJASTHAN,1091.1,ACTIVE,RETAIL,1,1,0,0,False
MCH2392,1,Shetty and Sons,GROCERY_STORES,INDIVIDUAL,ACTIVE,,AMRITSAR,PUNJAB,655.01,ACTIVE,GROCERY_STORES,1,1,1,0,False
MCH2394,1,RAJAGOPALAN LLC,EATING_PLACE,PARTNERSHIP,ACTIVE,5812,CALCUTTA,WEST_BENGAL,2001.35,ACTIVE,EATING_PLACE,1,1,0,0,False
MCH2395,2,MULTIPLE_VALUES,MULTIPLE_VALUES,PRIVATE_LIMITED,ACTIVE,MULTIPLE_VALUES,MULTIPLE_VALUES,MULTIPLE_VALUES,941.52,ACTIVE,BUS_TAXI | MISC_RETAIL,1,2,0,0,True
MCH2398,2,MULTIPLE_VALUES,MULTIPLE_VALUES,INDIVIDUAL,ACTIVE,5311,MULTIPLE_VALUES,MULTIPLE_VALUES,2014.2199999999998,ACTIVE,DEPARTMENT_STORE | DEPT_STORE,1,2,0,0,True
MCH2402,1,Dhillon Group,PHARMACY,INDIVIDUAL,ACTIVE,5912,MUMBAY,MAHARASHTRA,1477.89,ACTIVE,PHARMACY,1,1,0,0,False
MCH2403,1,Chana-Yohannan,GROCERIES,PARTNERSHIP,ACTIVE,05411,KOLKATA,WEST_BENGAL,574.13,ACTIVE,GROCERIES,1,1,1,0,False
MCH2404,1,Mutti-Seshadri,GROCERY_STORE,INDIVIDUAL,ACTIVE,5411,LUDHIANA,PUNJAB,233.4,ACTIVE,GROCERY_STORE,1,1,0,0,False
MCH2407,1,CHAUDHRY PLC,PHARMACY,PRIVATE_LIMITED,ACTIVE,,PUNE,MAHARASHTRA,5215.07,ACTIVE,PHARMACY,1,1,1,0,False
MCH2408,1,"Kumar, Din and Sule",MISC_RETAIL,SOLE_PROPRIETOR,ACTIVE,5999,BENGALURU,KARNATAKA,,ACTIVE,MISC_RETAIL,1,1,0,0,False
MCH2411,1,SARAF-GOLA,TRANSPORT,INDIVIDUAL,ACTIVE,4131,JPR,RAJASTHAN,2300.71,ACTIVE,TRANSPORT,1,1,0,0,False
MCH2412,1,Nadig Inc,BOOKS_STATIONERY,INDIVIDUAL,ACTIVE,5942,HYDERABAD,TELANGANA,144.12,ACTIVE,BOOKS_STATIONERY,1,1,0,0,False
MCH2416,1,"Gokhale, Dua and Murty",KIRANA,SOLE_PROPRIETOR,ACTIVE,5411,NEW_DELHI,DELHI,4341.41,ACTIVE,KIRANA,1,1,0,0,False
MCH2417,1,"Reddy, Patel and Manda",PHARMACY,INDIVIDUAL,ACTIVE,5912,BENGALURU,KARNATAKA,1553.29,ACTIVE,PHARMACY,1,1,0,0,False
MCH2418,4,MULTIPLE_VALUES,MULTIPLE_VALUES,MULTIPLE_VALUES,MULTIPLE_VALUES,MULTIPLE_VALUES,MULTIPLE_VALUES,MULTIPLE_VALUES,523.42,ACTIVE | INACTIVE,GROCERIES | STATIONERY | TRANSPORT,2,3,1,0,True
MCH2419,1,Suri Ltd,MISC_RETAIL,INDIVIDUAL,ACTIVE,5999,MUMBAI,MAHARASHTRA,,ACTIVE,MISC_RETAIL,1,1,0,0,False
MCH2421,1,Chanda PLC,TRANSPORT,PARTNERSHIP,ACTIVE,4131,LUCKNOW,UTTAR_PRADESH,146.0,ACTIVE,TRANSPORT,1,1,0,0,False
MCH2422,2,SAMPATH-BALASUBRAMANIAN,PHONE_SERVICE,PRIVATE_LIMITED,MULTIPLE_VALUES,,BANGALORE,KARNATAKA,2352.58,ACTIVE | SUSPENDED,PHONE_SERVICE,2,1,2,1,True
MCH2423,2,MULTIPLE_VALUES,MULTIPLE_VALUES,MULTIPLE_VALUES,MULTIPLE_VALUES,MULTIPLE_VALUES,MULTIPLE_VALUES,MULTIPLE_VALUES,1987.3899999999999,ACTIVE | INACTIVE,HOTEL_LODGING | TRAVEL,2,2,0,0,True
MCH2424,2,MULTIPLE_VALUES,MULTIPLE_VALUES,MULTIPLE_VALUES,ACTIVE,MULTIPLE_VALUES,MULTIPLE_VALUES,MULTIPLE_VALUES,750.67,ACTIVE,CHEMIST | MISCELLANEOUS,1,2,0,0,True
MCH2425,1,SURI-KURIAN,GROCERY,PARTNERSHIP,ACTIVE,05411,LUDHIANA,PUNJAB,1800.35,ACTIVE,GROCERY,1,1,1,0,False
MCH2428,1,Suresh-Varma,TELECOM,PRIVATE_LIMITED,ACTIVE,4814,HYD,TELANGANA,949.0,ACTIVE,TELECOM,1,1,0,0,False
MCH2430,2,MULTIPLE_VALUES,MULTIPLE_VALUES,MULTIPLE_VALUES,MULTIPLE_VALUES,MULTIPLE_VALUES,MULTIPLE_VALUES,PUNJAB,827.43,ACTIVE | INACTIVE,MISC_RETAIL | TELECOM,2,2,0,0,True
MCH2432,1,Parmar-Parmer,TRANSPORTATION,INDIVIDUAL,ACTIVE,4131,CALCUTTA,WEST_BENGAL,2557.63,ACTIVE,TRANSPORTATION,1,1,0,0,False
MCH2435,2,MULTIPLE_VALUES,MULTIPLE_VALUES,MULTIPLE_VALUES,ACTIVE,MULTIPLE_VALUES,MULTIPLE_VALUES,MULTIPLE_VALUES,1647.0900000000001,ACTIVE,BOOK_STORE | FASHION,1,2,1,0,True
MCH2436,2,MULTIPLE_VALUES,MULTIPLE_VALUES,INDIVIDUAL,ACTIVE,MULTIPLE_VALUES,MULTIPLE_VALUES,MULTIPLE_VALUES,2269.535,ACTIVE,MISC_RETAIL | TRANSPORTATION,1,2,0,0,True
MCH2438,1,Saxena-Sagar,MISC_RETAIL,SOLE_PROPRIETOR,ACTIVE,5999,AMRITSAR,PUNJAB,1010.25,ACTIVE,MISC_RETAIL,1,1,0,0,False
MCH2440,1,Hans-Master,HOTEL_LODGING,SOLE_PROPRIETOR,ACTIVE,7011,LDH,PUNJAB,1395.0,ACTIVE,HOTEL_LODGING,1,1,0,0,False
MCH2441,1,bhatnagar plc,PHONE_SERVICE,INDIVIDUAL,ACTIVE,4814,JAIPUR,RAJASTHAN,1789.0,ACTIVE,PHONE_SERVICE,1,1,0,0,False
MCH2442,1,Gole PLC,EATING_PLACE,PARTNERSHIP,ACTIVE,5812,MUMBAI,MAHARASHTRA,625.13,ACTIVE,EATING_PLACE,1,1,0,0,False
MCH2444,2,MULTIPLE_VALUES,MULTIPLE_VALUES,MULTIPLE_VALUES,ACTIVE,MULTIPLE_VALUES,MULTIPLE_VALUES,MULTIPLE_VALUES,563.27,ACTIVE,BUS_TAXI | MISC_RETAIL,1,2,0,0,True
MCH2445,2,MULTIPLE_VALUES,MULTIPLE_VALUES,MULTIPLE_VALUES,MULTIPLE_VALUES,5311,JPR,RAJASTHAN,3475.9750000000004,ACTIVE | INACTIVE,DEPT_STORE | RETAIL_OTHER,2,2,1,0,True
MCH2447,1,anand llc,TRANSPORT,SOLE_PROPRIETOR,INACTIVE,4131,JPR,RAJASTHAN,1803.52,INACTIVE,TRANSPORT,1,1,0,0,False
MCH2448,1,shan ltd,APPAREL,PRIVATE_LIMITED,ACTIVE,5699,DELHI,DELHI,331.32,ACTIVE,APPAREL,1,1,0,0,False
MCH2450,1,bail plc,EATING_PLACE,PRIVATE_LIMITED,ACTIVE,5812,HYDERABAD,TELANGANA,3923.0,ACTIVE,EATING_PLACE,1,1,0,0,False
MCH2451,1,"HALDER, KANNAN AND DIXIT",HOTEL,PRIVATE_LIMITED,INACTIVE,7011,KOLKATA,WEST_BENGAL,610.7,INACTIVE,HOTEL,1,1,0,0,False
MCH2459,1,Gala and Sons,TRANSPORT,SOLE_PROPRIETOR,ACTIVE,4131,JAIPUR,RAJASTHAN,789.05,ACTIVE,TRANSPORT,1,1,0,0,False
MCH2463,2,MULTIPLE_VALUES,MULTIPLE_VALUES,MULTIPLE_VALUES,ACTIVE,MULTIPLE_VALUES,MULTIPLE_VALUES,MULTIPLE_VALUES,3148.855,ACTIVE,HOSPITALITY | TRANSPORT,1,2,0,0,True
MCH2470,2,MULTIPLE_VALUES,MULTIPLE_VALUES,INDIVIDUAL,MULTIPLE_VALUES,,MULTIPLE_VALUES,MULTIPLE_VALUES,294.69,ACTIVE | SUSPENDED,CHEMIST | RETAIL_OTHER,2,2,2,1,True
MCH2471,2,MULTIPLE_VALUES,MULTIPLE_VALUES,MULTIPLE_VALUES,ACTIVE,MULTIPLE_VALUES,MULTIPLE_VALUES,MULTIPLE_VALUES,1891.6,ACTIVE,BOOKS_STATIONERY | HOTEL,1,2,0,0,True
MCH2473,2,MULTIPLE_VALUES,MULTIPLE_VALUES,MULTIPLE_VALUES,ACTIVE,MULTIPLE_VALUES,MULTIPLE_VALUES,MULTIPLE_VALUES,1658.2350000000001,ACTIVE,BOOKS | GROCERY_STORES,1,2,0,0,True
MCH2474,1,"Setty, Reddy and Singh",MEDICAL_STORE,SOLE_PROPRIETOR,ACTIVE,MISC,KOLKATA,WEST_BENGAL,3043.1,ACTIVE,MEDICAL_STORE,1,1,1,0,False
MCH2475,1,Bains-Sahota,KIRANA,INDIVIDUAL,ACTIVE,5411,BANGALORE,KARNATAKA,,ACTIVE,KIRANA,1,1,0,0,False
MCH2476,1,Choudhary-Borah,HOSPITALITY,PRIVATE_LIMITED,ACTIVE,7011,KOLKATA,WEST_BENGAL,1108.38,ACTIVE,HOSPITALITY,1,1,0,0,False
MCH2478,1,"Bala, Sane and Som",CLOTHS,SOLE_PROPRIETOR,ACTIVE,05699,HYDERABAD,TELANGANA,911.53,ACTIVE,CLOTHS,1,1,1,0,False
MCH2480,1,Banik-Nagar,EATING_PLACE,PRIVATE_LIMITED,ACTIVE,5812,JPR,RAJASTHAN,3594.0,ACTIVE,EATING_PLACE,1,1,0,0,False
MCH2486,1,"Mohanty, Iyer and Sharma",HOTEL_LODGING,INDIVIDUAL,ACTIVE,7011,CHENNAI,TAMIL_NADU,2266.0,ACTIVE,HOTEL_LODGING,1,1,0,0,False
MCH2487,2,MULTIPLE_VALUES,MULTIPLE_VALUES,PARTNERSHIP,MULTIPLE_VALUES,MULTIPLE_VALUES,MULTIPLE_VALUES,MULTIPLE_VALUES,1637.57,ACTIVE | INACTIVE,FOOD | HOTEL,2,2,1,0,True
MCH2492,4,MULTIPLE_VALUES,MULTIPLE_VALUES,MULTIPLE_VALUES,MULTIPLE_VALUES,MULTIPLE_VALUES,MULTIPLE_VALUES,MULTIPLE_VALUES,2662.9,ACTIVE | INACTIVE,CLOTHS | FOOD | RESTAURANTS | TRAVEL,2,4,0,0,True
MCH2493,1,"Tella, Lata and Tripathi",TELECOM,INDIVIDUAL,ACTIVE,4814,JAIPUR,RAJASTHAN,,ACTIVE,TELECOM,1,1,0,0,False
MCH2494,1,Sane Ltd,CLOTHING,PARTNERSHIP,ACTIVE,5699,AMRITSAR,PUNJAB,582.0,ACTIVE,CLOTHING,1,1,0,0,False
MCH2495,2,MULTIPLE_VALUES,MULTIPLE_VALUES,MULTIPLE_VALUES,ACTIVE,5699,MULTIPLE_VALUES,MULTIPLE_VALUES,951.715,ACTIVE,APPAREL | BOOKS,1,2,1,0,True
MCH2498,1,Peri-Sachdeva,HOSPITALITY,INDIVIDUAL,ACTIVE,7011,LUCKNOW,UTTAR_PRADESH,1576.69,ACTIVE,HOSPITALITY,1,1,0,0,False
MCH2501,1,ravel inc,PHARMACIES,PARTNERSHIP,ACTIVE,,LUDHIANA,PUNJAB,2494.94,ACTIVE,PHARMACIES,1,1,1,0,False
MCH2503,3,MULTIPLE_VALUES,MULTIPLE_VALUES,MULTIPLE_VALUES,ACTIVE,MULTIPLE_VALUES,MULTIPLE_VALUES,MULTIPLE_VALUES,1656.27,ACTIVE,FASHION | MOBILE_RECHARGE | TELECOM,1,3,0,0,True
MCH2504,2,MULTIPLE_VALUES,MULTIPLE_VALUES,MULTIPLE_VALUES,INACTIVE,MULTIPLE_VALUES,MULTIPLE_VALUES,MAHARASHTRA,1689.96,INACTIVE,PHARMACY | RETAIL_OTHER,1,2,0,0,True
MCH2506,1,"Sarna, Vora and Seth",TRANSPORTATION,INDIVIDUAL,ACTIVE,4131,JAIPUR,RAJASTHAN,222.33,ACTIVE,TRANSPORTATION,1,1,0,0,False
MCH2510,2,MULTIPLE_VALUES,MULTIPLE_VALUES,MULTIPLE_VALUES,ACTIVE,MULTIPLE_VALUES,MULTIPLE_VALUES,MULTIPLE_VALUES,670.605,ACTIVE,CHEMIST | KIRANA,1,2,0,0,True
MCH2513,1,BhallaInc,GARMENTS,PARTNERSHIP,ACTIVE,,AMRITSAR,PUNJAB,5544.37,ACTIVE,GARMENTS,1,1,1,0,False
MCH2514,1,"Dua, Peri and Sani",MOBILE_RECHARGE,SOLE_PROPRIETOR,ACTIVE,UNKNOWN,KOLKATA,WEST_BENGAL,937.87,ACTIVE,MOBILE_RECHARGE,1,1,1,0,False
MCH2516,1,Ben-Varghese,GROCERY_STORE,SOLE_PROPRIETOR,SUSPENDED,,CHENNAI,TAMIL_NADU,398.68,SUSPENDED,GROCERY_STORE,1,1,1,1,False
MCH2522,2,MULTIPLE_VALUES,MULTIPLE_VALUES,PARTNERSHIP,MULTIPLE_VALUES,MULTIPLE_VALUES,MULTIPLE_VALUES,MULTIPLE_VALUES,702.03,ACTIVE | INACTIVE,MISCELLANEOUS | RETAIL,2,2,0,0,True
MCH2523,1,Sarma Inc,RETAIL_OTHER,INDIVIDUAL,ACTIVE,5999,KOLKATA,WEST_BENGAL,2146.62,ACTIVE,RETAIL_OTHER,1,1,0,0,False
MCH2525,2,MULTIPLE_VALUES,MULTIPLE_VALUES,MULTIPLE_VALUES,ACTIVE,MULTIPLE_VALUES,MULTIPLE_VALUES,MULTIPLE_VALUES,801.62,ACTIVE,FASHION | MEDICAL_STORE,1,2,1,0,True
MCH2528,2,MULTIPLE_VALUES,MULTIPLE_VALUES,MULTIPLE_VALUES,ACTIVE,MULTIPLE_VALUES,MULTIPLE_VALUES,PUNJAB,830.85,ACTIVE,MISCELLANEOUS | TRANSPORT,1,2,0,0,True
MCH2529,1,Sheth-Pal,BOOKS_STATIONERY,INDIVIDUAL,ACTIVE,5942,LUCKNOW,UTTAR_PRADESH,1398.37,ACTIVE,BOOKS_STATIONERY,1,1,0,0,False
MCH2530,2,MULTIPLE_VALUES,MULTIPLE_VALUES,PARTNERSHIP,ACTIVE,MULTIPLE_VALUES,MULTIPLE_VALUES,MULTIPLE_VALUES,1482.88,ACTIVE,BOOKS | RETAIL_OTHER,1,2,0,0,True
MCH2532,1,Chad Inc,RETAIL_OTHER,PARTNERSHIP,INACTIVE,05999,JPR,RAJASTHAN,351.38,INACTIVE,RETAIL_OTHER,1,1,1,0,False
MCH2533,3,MULTIPLE_VALUES,MULTIPLE_VALUES,MULTIPLE_VALUES,ACTIVE,5912,MULTIPLE_VALUES,MULTIPLE_VALUES,2439.28,ACTIVE,GROCERY | MEDICAL | TRANSPORT,1,3,2,0,True
MCH2534,1,Shetty-Sundaram,GROCERIES,PRIVATE_LIMITED,ACTIVE,5411,PUNE,MAHARASHTRA,709.87,ACTIVE,GROCERIES,1,1,0,0,False
MCH2535,2,MULTIPLE_VALUES,MULTIPLE_VALUES,MULTIPLE_VALUES,ACTIVE,MULTIPLE_VALUES,MUMBAI,MAHARASHTRA,1488.0500000000002,ACTIVE,BOOKS | GARMENTS,1,2,0,0,True
MCH2536,1,Divan-Radhakrishnan,TRANSPRT,PRIVATE_LIMITED,ACTIVE,4131,POONA,MAHARASHTRA,,ACTIVE,TRANSPRT,1,1,0,0,False
MCH2542,1,Thakur Group,GROCERY_STORE,SOLE_PROPRIETOR,INACTIVE,5411,KOLKATA,WEST_BENGAL,3711.74,INACTIVE,GROCERY_STORE,1,1,0,0,False
MCH2546,1,Kant Group,MEDICAL_STORE,SOLE_PROPRIETOR,ACTIVE,UNKNOWN,AMRITSAR,PUNJAB,4120.12,ACTIVE,MEDICAL_STORE,1,1,1,0,False
MCH2548,1,ANNE LLC,RESTAURANT,PARTNERSHIP,ACTIVE,05812,KOLKATA,WEST_BENGAL,2367.01,ACTIVE,RESTAURANT,1,1,1,0,False
MCH2550,3,MULTIPLE_VALUES,MULTIPLE_VALUES,MULTIPLE_VALUES,ACTIVE,MULTIPLE_VALUES,MULTIPLE_VALUES,MULTIPLE_VALUES,1481.27,ACTIVE,BUS_TAXI | MISCELLANEOUS | TELECOM,1,3,1,0,True
MCH2551,2,MULTIPLE_VALUES,MULTIPLE_VALUES,MULTIPLE_VALUES,ACTIVE,5699,MULTIPLE_VALUES,MULTIPLE_VALUES,5663.5,ACTIVE,FASHION | FOOD_SERVICES,1,2,1,0,True
MCH2552,2,MULTIPLE_VALUES,MULTIPLE_VALUES,PARTNERSHIP,ACTIVE,MULTIPLE_VALUES,MULTIPLE_VALUES,MULTIPLE_VALUES,2501.9700000000003,ACTIVE,PHONE_SERVICE | STATIONERY,1,2,0,0,True
MCH2556,1,"ZACHARIAH, MANNE AND BEDI",BOOKS_STATIONERY,PARTNERSHIP,ACTIVE,5942,CALCUTTA,WEST_BENGAL,1248.82,ACTIVE,BOOKS_STATIONERY,1,1,0,0,False
MCH2559,1,"Sastry, Dhar and Kibe",HOTEL,PARTNERSHIP,ACTIVE,07011,PUNE,MAHARASHTRA,1827.84,ACTIVE,HOTEL,1,1,1,0,False
MCH2564,1,Bumb and Sons,HOTELS,PRIVATE_LIMITED,ACTIVE,7011,HYD,TELANGANA,1155.71,ACTIVE,HOTELS,1,1,0,0,False
MCH2566,1,Oommen Inc,RETAIL_OTHER,PRIVATE_LIMITED,ACTIVE,5999,NEW_DELHI,DELHI,2200.23,ACTIVE,RETAIL_OTHER,1,1,0,0,False
MCH2567,1,"Magar, Hora and Khare",TRANSPORTATION,SOLE_PROPRIETOR,ACTIVE,4131,DELHI,DELHI,572.7,ACTIVE,TRANSPORTATION,1,1,0,0,False
MCH2568,1,"Dhaliwal, Bhat and Sarin",KIRANA,PARTNERSHIP,ACTIVE,5411,MUMBAI,MAHARASHTRA,803.0,ACTIVE,KIRANA,1,1,0,0,False
MCH2571,1,Deep-Chakraborty,RESTAURANTS,PARTNERSHIP,SUSPENDED,5812,DELHI,DELHI,3828.75,SUSPENDED,RESTAURANTS,1,1,0,1,False
MCH2574,1,Bala and Sons,FASHION,INDIVIDUAL,SUSPENDED,5699,DELHI,DELHI,197.23,SUSPENDED,FASHION,1,1,0,1,False
MCH2575,1,Rast0gi-Verma,PHARMACY,INDIVIDUAL,ACTIVE,5912,PUNE,MAHARASHTRA,549.08,ACTIVE,PHARMACY,1,1,0,0,False
MCH2576,1,"Shan,SemandPau",DEPARTMENT_STORES,PARTNERSHIP,ACTIVE,05311,HYDERABAD,TELANGANA,472.21,ACTIVE,DEPARTMENT_STORES,1,1,1,0,False
MCH2577,1,Dua Inc,RESTAURANTS,SOLE_PROPRIETOR,ACTIVE,05812,BLR,KARNATAKA,23536.65,ACTIVE,RESTAURANTS,1,1,1,0,False
MCH2579,1,More Inc,BOOK_STORE,PARTNERSHIP,ACTIVE,,JAIPUR,RAJASTHAN,4068.74,ACTIVE,BOOK_STORE,1,1,1,0,False
MCH2580,1,Rajag0pa1an-S0man,EATING_PLACE,PRIVATE_LIMITED,ACTIVE,5812,JPR,RAJASTHAN,7864.69,ACTIVE,EATING_PLACE,1,1,0,0,False
MCH2582,1,Lal PLC,CHEMIST,SOLE_PROPRIETOR,ACTIVE,5912,DILLI,DELHI,1344.48,ACTIVE,CHEMIST,1,1,0,0,False
MCH2583,1,Gole-Prabhakar,TELECOM,PRIVATE_LIMITED,ACTIVE,4814,BANGALORE,KARNATAKA,323.0,ACTIVE,TELECOM,1,1,0,0,False
MCH2585,1,ROY LLC,GROCERY,SOLE_PROPRIETOR,ACTIVE,MISC,JPR,RAJASTHAN,2233.97,ACTIVE,GROCERY,1,1,1,0,False
MCH2588,2,MULTIPLE_VALUES,MULTIPLE_VALUES,MULTIPLE_VALUES,ACTIVE,MULTIPLE_VALUES,MULTIPLE_VALUES,MULTIPLE_VALUES,476.485,ACTIVE,APPAREL | PHARMACY,1,2,0,0,True
MCH2589,1,Dhawan-Thaker,DEPARTMENT_STORE,SOLE_PROPRIETOR,INACTIVE,5311,HYDERABAD,TELANGANA,,INACTIVE,DEPARTMENT_STORE,1,1,0,0,False
MCH2590,1,Goyal Group,HOSPITALITY,INDIVIDUAL,ACTIVE,7011,DELHI,DELHI,531.43,ACTIVE,HOSPITALITY,1,1,0,0,False
MCH2591,1,"Deol, Palla and Goel",GROCERY,INDIVIDUAL,ACTIVE,MISC,HYDERABAD,TELANGANA,468.59,ACTIVE,GROCERY,1,1,1,0,False
MCH2592,2,MULTIPLE_VALUES,MULTIPLE_VALUES,MULTIPLE_VALUES,ACTIVE,5999,MULTIPLE_VALUES,MULTIPLE_VALUES,2658.585,ACTIVE,MISCELLANEOUS | TRANSPORT,1,2,1,0,True
MCH2593,1,Gour Inc,MISCELLANEOUS,SOLE_PROPRIETOR,ACTIVE,5999,JALANDHAR,PUNJAB,1307.82,ACTIVE,MISCELLANEOUS,1,1,0,0,False
MCH2596,1,Vasa PLC,TRANSPORT,SOLE_PROPRIETOR,ACTIVE,4131,HYDERABAD,TELANGANA,,ACTIVE,TRANSPORT,1,1,0,0,False
MCH2598,2,MULTIPLE_VALUES,MULTIPLE_VALUES,MULTIPLE_VALUES,ACTIVE,,MULTIPLE_VALUES,MULTIPLE_VALUES,328.875,ACTIVE,CLOTHING | HOSPITALITY,1,2,2,0,True
MCH2600,1,Prabhakar and Sons,FASHION,PARTNERSHIP,ACTIVE,5699,KOLKATA,WEST_BENGAL,,ACTIVE,FASHION,1,1,0,0,False
MCH2601,1,"Mangal, Lalla and Desai",TRANSPORTATION,PRIVATE_LIMITED,ACTIVE,4131,LUDHIANA,PUNJAB,1601.46,ACTIVE,TRANSPORTATION,1,1,0,0,False
MCH2604,1,Sharaf-Kaur,TRANSPORTATION,PRIVATE_LIMITED,ACTIVE,4131,LUCKNOW,UTTAR_PRADESH,1813.01,ACTIVE,TRANSPORTATION,1,1,0,0,False
MCH2605,2,MULTIPLE_VALUES,MULTIPLE_VALUES,INDIVIDUAL,MULTIPLE_VALUES,MULTIPLE_VALUES,MULTIPLE_VALUES,MULTIPLE_VALUES,1353.4099999999999,ACTIVE | INACTIVE,EATING_PLACE | FASHION,2,2,1,0,True
MCH2607,2,MULTIPLE_VALUES,MULTIPLE_VALUES,MULTIPLE_VALUES,MULTIPLE_VALUES,5812,MULTIPLE_VALUES,TELANGANA,2482.91,ACTIVE | INACTIVE,CLOTHS | FOOD,2,2,1,0,True
MCH2608,1,"Loyal, Ghosh and Gaba",OTHER,INDIVIDUAL,ACTIVE,05999,HYD,TELANGANA,869.47,ACTIVE,OTHER,1,1,1,0,False
MCH2610,2,MULTIPLE_VALUES,MULTIPLE_VALUES,MULTIPLE_VALUES,ACTIVE,MULTIPLE_VALUES,MULTIPLE_VALUES,DELHI,1284.93,ACTIVE,DEPT_STORE | PHARMACY,1,2,0,0,True
MCH2612,1,Vala Ltd,HOTELS,SOLE_PROPRIETOR,ACTIVE,7011,LUCKNOW,UTTAR_PRADESH,,ACTIVE,HOTELS,1,1,0,0,False
MCH2613,1,"Grewal, Gade and Bhattacharyya",MOBILE_RECHARGE,PRIVATE_LIMITED,SUSPENDED,4814,KOLKATA,WEST_BENGAL,1066.15,SUSPENDED,MOBILE_RECHARGE,1,1,0,1,False
MCH2617,1,Mander-Parmar,MOBILE_RECHARGE,PRIVATE_LIMITED,ACTIVE,04814,KOLKATA,WEST_BENGAL,5191.58,ACTIVE,MOBILE_RECHARGE,1,1,1,0,False
MCH2618,1,"Loyal, Nadkarni and Mangal",BOOKS,PARTNERSHIP,ACTIVE,5942,BANGALORE,KARNATAKA,816.0,ACTIVE,BOOKS,1,1,0,0,False
MCH2623,3,MULTIPLE_VALUES,MULTIPLE_VALUES,MULTIPLE_VALUES,ACTIVE,MULTIPLE_VALUES,MULTIPLE_VALUES,MULTIPLE_VALUES,1338.2849999999999,ACTIVE,BOOKS_STATIONERY | BUS_TAXI | KIRANA,1,3,0,0,True
MCH2624,1,Pandya Group,DEPARTMENT_STORE,INDIVIDUAL,SUSPENDED,5311,BOMBAY,MAHARASHTRA,606.95,SUSPENDED,DEPARTMENT_STORE,1,1,0,1,False
MCH2627,2,MULTIPLE_VALUES,MULTIPLE_VALUES,INDIVIDUAL,ACTIVE,MULTIPLE_VALUES,MULTIPLE_VALUES,MULTIPLE_VALUES,838.1899999999999,ACTIVE,GARMENTS | RETAIL,1,2,0,0,True
MCH2628,1,Muni PLC,DEPT_STORE,INDIVIDUAL,ACTIVE,,PUNE,MAHARASHTRA,,ACTIVE,DEPT_STORE,1,1,1,0,False
MCH2632,1,Agate-Gandhi,DEPT_STORE,PARTNERSHIP,ACTIVE,5311,MADRAS,TAMIL_NADU,,ACTIVE,DEPT_STORE,1,1,0,0,False
MCH2634,2,MULTIPLE_VALUES,MULTIPLE_VALUES,MULTIPLE_VALUES,ACTIVE,5311,MULTIPLE_VALUES,MULTIPLE_VALUES,1897.5,ACTIVE,HOTEL | RETAIL,1,2,1,0,True
MCH2636,1,Rau PLC,DEPARTMENT_STORE,PARTNERSHIP,ACTIVE,5311,DELHI,DELHI,5739.27,ACTIVE,DEPARTMENT_STORE,1,1,0,0,False
MCH2637,1,Joshi Group,MISC_RETAIL,PARTNERSHIP,ACTIVE,5999,CHENNAI,TAMIL_NADU,,ACTIVE,MISC_RETAIL,1,1,0,0,False
MCH2639,1,Sunder-Keer,GROCERY_STORES,PARTNERSHIP,ACTIVE,5411,JAIPUR,RAJASTHAN,,ACTIVE,GROCERY_STORES,1,1,0,0,False
MCH2641,1,Varma-Saha,OTHER,INDIVIDUAL,INACTIVE,5999,BLR,KARNATAKA,5621.28,INACTIVE,OTHER,1,1,0,0,False
MCH2646,1,Parsa-Gole,MISC_RETAIL,PRIVATE_LIMITED,ACTIVE,5999,HYDERABAD,TELANGANA,450.19,ACTIVE,MISC_RETAIL,1,1,0,0,False
MCH2647,1,Saha Inc,MISCELLANEOUS,PRIVATE_LIMITED,ACTIVE,5999,LKO,UTTAR_PRADESH,1551.4,ACTIVE,MISCELLANEOUS,1,1,0,0,False
MCH2648,2,Batta LLC,RETAIL_OTHER,PARTNERSHIP,MULTIPLE_VALUES,5999,JAIPUR,RAJASTHAN,416.94,ACTIVE | SUSPENDED,RETAIL_OTHER,2,1,0,1,True
MCH2649,1,Pandya PLC,KIRANA,INDIVIDUAL,ACTIVE,,PUNE,MAHARASHTRA,6206.32,ACTIVE,KIRANA,1,1,1,0,False
MCH2650,1,Choudhary Ltd,STATIONERY,INDIVIDUAL,INACTIVE,05942,NEW_DELHI,DELHI,1197.2,INACTIVE,STATIONERY,1,1,1,0,False
MCH2654,2,MULTIPLE_VALUES,MULTIPLE_VALUES,SOLE_PROPRIETOR,ACTIVE,MULTIPLE_VALUES,MULTIPLE_VALUES,MULTIPLE_VALUES,2321.83,ACTIVE,HOTEL_LODGING | TELECOM,1,2,0,0,True
MCH2655,2,"Brahmbhatt, Desai and Sangha",TELECOM,SOLE_PROPRIETOR,MULTIPLE_VALUES,4814,AMRITSAR,PUNJAB,3102.0,ACTIVE | INACTIVE,TELECOM,2,1,0,0,True
MCH2656,2,MULTIPLE_VALUES,MULTIPLE_VALUES,MULTIPLE_VALUES,ACTIVE,MULTIPLE_VALUES,MULTIPLE_VALUES,MULTIPLE_VALUES,3145.5200000000004,ACTIVE,CHEMIST | KIRANA,1,2,0,0,True
MCH2658,1,"Parmar, Purohit and Bhasin",RESTAURANTS,SOLE_PROPRIETOR,ACTIVE,5812,BENGALURU,KARNATAKA,548.82,ACTIVE,RESTAURANTS,1,1,0,0,False
MCH2665,2,MULTIPLE_VALUES,MULTIPLE_VALUES,SOLE_PROPRIETOR,MULTIPLE_VALUES,5311,MULTIPLE_VALUES,MULTIPLE_VALUES,1809.245,ACTIVE | INACTIVE,DEPARTMENT_STORE | RETAIL,2,2,0,0,True
MCH2671,1,Mohanty-Chakrabarti,RETAIL_OTHER,PARTNERSHIP,ACTIVE,5999,JALANDHAR,PUNJAB,1187.55,ACTIVE,RETAIL_OTHER,1,1,0,0,False
MCH2674,3,MULTIPLE_VALUES,MULTIPLE_VALUES,MULTIPLE_VALUES,MULTIPLE_VALUES,MULTIPLE_VALUES,MULTIPLE_VALUES,MULTIPLE_VALUES,1034.195,ACTIVE | INACTIVE,BOOKS_STATIONERY | BUS_TAXI | PHARMACIES,2,3,0,0,True
MCH2675,1,Venkataraman-Rastogi,BOOK_STORE,PRIVATE_LIMITED,ACTIVE,5942,ASR,PUNJAB,877.85,ACTIVE,BOOK_STORE,1,1,0,0,False
MCH2676,4,MULTIPLE_VALUES,MULTIPLE_VALUES,MULTIPLE_VALUES,MULTIPLE_VALUES,MULTIPLE_VALUES,MULTIPLE_VALUES,MULTIPLE_VALUES,1679.3,ACTIVE | INACTIVE,CHEMIST | MEDICAL_STORE | TELECOM,2,3,1,0,True
MCH2679,1,"Barman, Bains and Shan",CHEMIST,PRIVATE_LIMITED,ACTIVE,05912,MUMBAI,MAHARASHTRA,1334.82,ACTIVE,CHEMIST,1,1,1,0,False
MCH2681,2,MULTIPLE_VALUES,MULTIPLE_VALUES,MULTIPLE_VALUES,ACTIVE,MULTIPLE_VALUES,MULTIPLE_VALUES,MULTIPLE_VALUES,476.04,ACTIVE,FASHION | HOSPITALITY,1,2,0,0,True
MCH2684,1,Barad-Jaggi,BOOK_STORE,SOLE_PROPRIETOR,ACTIVE,5942,NEW_DELHI,DELHI,518.0,ACTIVE,BOOK_STORE,1,1,0,0,False
MCH2690,1,nagarajan inc,MEDICAL,SOLE_PROPRIETOR,SUSPENDED,5912,LKO,UTTAR_PRADESH,3091.83,SUSPENDED,MEDICAL,1,1,0,1,False
MCH2691,1,PATHAK AND SONS,HOTEL,PRIVATE_LIMITED,ACTIVE,MISC,LUCKNOW,UTTAR_PRADESH,5340.32,ACTIVE,HOTEL,1,1,1,0,False
MCH2693,1,Tandon-Kaur,RETAIL,INDIVIDUAL,ACTIVE,5311,CHENNAI,TAMIL_NADU,1966.59,ACTIVE,RETAIL,1,1,0,0,False
MCH2694,1,Misra PLC,CLOTHING,INDIVIDUAL,INACTIVE,05699,PUNE,MAHARASHTRA,2669.29,INACTIVE,CLOTHING,1,1,1,0,False
MCH2695,1,Patil Inc,KIRANA,PARTNERSHIP,ACTIVE,5411,PUNE,MAHARASHTRA,792.09,ACTIVE,KIRANA,1,1,0,0,False
MCH2696,2,"Dave, Chaudhari and Bhatti",GROCERIES,INDIVIDUAL,MULTIPLE_VALUES,5411,DELHI,DELHI,,ACTIVE | SUSPENDED,GROCERIES,2,1,0,1,True
MCH2697,1,Shan-Warrior,TRANSPORT,PRIVATE_LIMITED,INACTIVE,4131,BANGALORE,KARNATAKA,1199.93,INACTIVE,TRANSPORT,1,1,0,0,False
MCH2698,3,MULTIPLE_VALUES,MULTIPLE_VALUES,INDIVIDUAL,MULTIPLE_VALUES,7011,MULTIPLE_VALUES,MULTIPLE_VALUES,3590.19,ACTIVE | INACTIVE,HOTEL_LODGING | OTHER,2,2,1,0,True
MCH2701,2,MULTIPLE_VALUES,MULTIPLE_VALUES,MULTIPLE_VALUES,ACTIVE,7011,MULTIPLE_VALUES,MULTIPLE_VALUES,1731.3249999999998,ACTIVE,HOSPITALITY | OTHER,1,2,1,0,True
MCH2704,1,Sengupta-Sarin,CLOTHS,PRIVATE_LIMITED,ACTIVE,5699,POONA,MAHARASHTRA,2593.67,ACTIVE,CLOTHS,1,1,0,0,False
MCH2708,1,"Mand, Zacharia and Vora",TRAVEL,SOLE_PROPRIETOR,ACTIVE,04131,MADRAS,TAMIL_NADU,363.56,ACTIVE,TRAVEL,1,1,1,0,False
MCH2709,1,"Iyengar, Dugar and Chacko",HOTEL_LODGING,PRIVATE_LIMITED,ACTIVE,7011,JAIPUR,RAJASTHAN,2413.11,ACTIVE,HOTEL_LODGING,1,1,0,0,False
MCH2710,4,MULTIPLE_VALUES,MULTIPLE_VALUES,MULTIPLE_VALUES,ACTIVE,MULTIPLE_VALUES,MULTIPLE_VALUES,MULTIPLE_VALUES,1712.55,ACTIVE,APPAREL | GROCERY_STORES | TELECOM,1,3,1,0,True
MCH2712,1,"RAI, GHOSE AND WADHWA",GROCERY,PRIVATE_LIMITED,ACTIVE,5411,AMRITSAR,PUNJAB,2957.32,ACTIVE,GROCERY,1,1,0,0,False
MCH2713,1,Dayal Group,FASHION,INDIVIDUAL,SUSPENDED,5699,POONA,MAHARASHTRA,1199.07,SUSPENDED,FASHION,1,1,0,1,False
MCH2718,1,"Krishna, Prabhu and Kara",HOTELS,INDIVIDUAL,ACTIVE,7011,BENGALURU,KARNATAKA,529.14,ACTIVE,HOTELS,1,1,0,0,False
MCH2719,2,MULTIPLE_VALUES,MULTIPLE_VALUES,PARTNERSHIP,ACTIVE,MULTIPLE_VALUES,MULTIPLE_VALUES,MULTIPLE_VALUES,2991.18,ACTIVE,FOOD_SERVICES | TRANSPORT,1,2,0,0,True
MCH2723,2,MULTIPLE_VALUES,MULTIPLE_VALUES,INDIVIDUAL,ACTIVE,,MULTIPLE_VALUES,PUNJAB,3958.675,ACTIVE,EATING_PLACE | FOOD,1,2,2,0,True
MCH2724,2,MULTIPLE_VALUES,MULTIPLE_VALUES,INDIVIDUAL,MULTIPLE_VALUES,5812,MULTIPLE_VALUES,MULTIPLE_VALUES,,ACTIVE | INACTIVE,DEPARTMENT_STORE | FOOD,2,2,1,0,True
MCH2725,2,MULTIPLE_VALUES,MULTIPLE_VALUES,MULTIPLE_VALUES,MULTIPLE_VALUES,MULTIPLE_VALUES,MULTIPLE_VALUES,MULTIPLE_VALUES,3018.59,INACTIVE | SUSPENDED,FOOD_SERVICES | HOTEL_LODGING,2,2,1,1,True
MCH2726,4,MULTIPLE_VALUES,MULTIPLE_VALUES,MULTIPLE_VALUES,MULTIPLE_VALUES,MULTIPLE_VALUES,MULTIPLE_VALUES,MULTIPLE_VALUES,2061.4700000000003,ACTIVE | INACTIVE | SUSPENDED,CLOTHING | GROCERY | GROCERY_STORES | STATIONERY,3,4,0,1,True
MCH2727,2,MULTIPLE_VALUES,MULTIPLE_VALUES,PARTNERSHIP,ACTIVE,MULTIPLE_VALUES,MULTIPLE_VALUES,MULTIPLE_VALUES,1509.8899999999999,ACTIVE,BOOKS_STATIONERY | TELECOM,1,2,0,0,True
MCH2730,2,MULTIPLE_VALUES,MULTIPLE_VALUES,MULTIPLE_VALUES,ACTIVE,7011,MULTIPLE_VALUES,RAJASTHAN,1252.945,ACTIVE,HOTELS | MISCELLANEOUS,1,2,1,0,True
MCH2731,1,Krishna-Kumar,DEPARTMENT_STORE,PRIVATE_LIMITED,ACTIVE,5311,LUDHIANA,PUNJAB,1031.53,ACTIVE,DEPARTMENT_STORE,1,1,0,0,False
MCH2733,1,CHAUHAN LTD,GROCERY,SOLE_PROPRIETOR,ACTIVE,5411,NEW_DELHI,DELHI,872.28,ACTIVE,GROCERY,1,1,0,0,False
MCH2737,1,"Sani, Chowdhury and Ganesan",RETAIL_OTHER,PARTNERSHIP,ACTIVE,5999,BENGALURU,KARNATAKA,610.07,ACTIVE,RETAIL_OTHER,1,1,0,0,False
MCH2738,2,MULTIPLE_VALUES,MULTIPLE_VALUES,MULTIPLE_VALUES,ACTIVE,MULTIPLE_VALUES,PUNE,MAHARASHTRA,2914.985,ACTIVE,OTHER | TRAVEL,1,2,0,0,True
MCH2741,2,MULTIPLE_VALUES,MULTIPLE_VALUES,MULTIPLE_VALUES,MULTIPLE_VALUES,MULTIPLE_VALUES,MULTIPLE_VALUES,MULTIPLE_VALUES,840.095,ACTIVE | SUSPENDED,BOOKS_STATIONERY | FOOD_SERVICES,2,2,1,1,True
MCH2742,2,MULTIPLE_VALUES,MULTIPLE_VALUES,MULTIPLE_VALUES,ACTIVE,MULTIPLE_VALUES,MULTIPLE_VALUES,MAHARASHTRA,965.36,ACTIVE,FASHION | STATIONERY,1,2,0,0,True
MCH2743,1,Joshi PLC,CHEMIST,PRIVATE_LIMITED,ACTIVE,,KOLKATA,WEST_BENGAL,,ACTIVE,CHEMIST,1,1,1,0,False
MCH2744,1,"DIVAN, NARANG AND JHAVERI",MEDICAL_STORE,PARTNERSHIP,SUSPENDED,5912,LUCKNOW,UTTAR_PRADESH,734.64,SUSPENDED,MEDICAL_STORE,1,1,0,1,False
MCH2746,1,"tella, mane and pillai",HOTELS,PRIVATE_LIMITED,INACTIVE,7011,LUDHIANA,PUNJAB,395.56,INACTIVE,HOTELS,1,1,0,0,False
MCH2748,1,"Banerjee, Wason and Dyal",RESTAURANT,PRIVATE_LIMITED,ACTIVE,5812,PUNE,MAHARASHTRA,1037.44,ACTIVE,RESTAURANT,1,1,0,0,False
MCH2749,3,MULTIPLE_VALUES,MULTIPLE_VALUES,MULTIPLE_VALUES,MULTIPLE_VALUES,MULTIPLE_VALUES,MULTIPLE_VALUES,MULTIPLE_VALUES,299.85,ACTIVE | INACTIVE,HOTEL_LODGING | MEDICAL_STORE | TRANSPORT,2,3,2,0,True
MCH2750,1,Rao-Narayanan,BOOKS,INDIVIDUAL,ACTIVE,5942,LDH,PUNJAB,,ACTIVE,BOOKS,1,1,0,0,False
MCH2752,1,Palla LLC,TRAVEL,SOLE_PROPRIETOR,ACTIVE,4131,LUCKNOW,UTTAR_PRADESH,69.28,ACTIVE,TRAVEL,1,1,0,0,False
MCH2753,1,"Karan, Ganguly and Desai",MISC_RETAIL,PRIVATE_LIMITED,ACTIVE,5999,AMRITSAR,PUNJAB,1254.6,ACTIVE,MISC_RETAIL,1,1,0,0,False
MCH2754,3,MULTIPLE_VALUES,MULTIPLE_VALUES,SOLE_PROPRIETOR,ACTIVE,MULTIPLE_VALUES,MULTIPLE_VALUES,MULTIPLE_VALUES,2871.91,ACTIVE,FOOD | MEDICAL | RESTAURANT,1,3,0,0,True
MCH2755,3,MULTIPLE_VALUES,MULTIPLE_VALUES,MULTIPLE_VALUES,ACTIVE,MULTIPLE_VALUES,MULTIPLE_VALUES,MULTIPLE_VALUES,440.0,ACTIVE,BOOKS | FASHION | MISCELLANEOUS,1,3,0,0,True
MCH2757,2,MULTIPLE_VALUES,MULTIPLE_VALUES,SOLE_PROPRIETOR,ACTIVE,MULTIPLE_VALUES,MULTIPLE_VALUES,MULTIPLE_VALUES,1507.73,ACTIVE,BOOK_STORE | CLOTHING,1,2,0,0,True
MCH2761,1,Sabharwa1-Pati1,OTHER,PRIVATE_LIMITED,INACTIVE,5999,HYDERABAD,TELANGANA,2607.92,INACTIVE,OTHER,1,1,0,0,False
MCH2763,1,Thaman-Virk,CHEMIST,PRIVATE_LIMITED,ACTIVE,5912,BANGALORE,KARNATAKA,563.88,ACTIVE,CHEMIST,1,1,0,0,False
MCH2764,1,"Yogi, Jani and Choudhry",PHONE_SERVICE,INDIVIDUAL,ACTIVE,4814,LUDHIANA,PUNJAB,516.18,ACTIVE,PHONE_SERVICE,1,1,0,0,False
MCH2765,3,MULTIPLE_VALUES,MULTIPLE_VALUES,MULTIPLE_VALUES,MULTIPLE_VALUES,MULTIPLE_VALUES,MULTIPLE_VALUES,MULTIPLE_VALUES,1191.66,ACTIVE | INACTIVE,DEPT_STORE | HOTEL | TELECOM,2,3,0,0,True
MCH2766,3,MULTIPLE_VALUES,MULTIPLE_VALUES,MULTIPLE_VALUES,MULTIPLE_VALUES,MULTIPLE_VALUES,MULTIPLE_VALUES,MULTIPLE_VALUES,2585.61,ACTIVE | SUSPENDED,DEPT_STORE | GROCERIES | TRANSPORTATION,2,3,0,1,True
MCH2767,3,MULTIPLE_VALUES,MULTIPLE_VALUES,MULTIPLE_VALUES,MULTIPLE_VALUES,4814,MULTIPLE_VALUES,MULTIPLE_VALUES,1994.09,ACTIVE | INACTIVE,GARMENTS | GROCERY_STORES | TELECOM,2,3,2,0,True
MCH2769,1,sehgal plc,TELECOM,PRIVATE_LIMITED,ACTIVE,4814,ASR,PUNJAB,131.0,ACTIVE,TELECOM,1,1,0,0,False
MCH2770,2,MULTIPLE_VALUES,MULTIPLE_VALUES,INDIVIDUAL,MULTIPLE_VALUES,MULTIPLE_VALUES,MULTIPLE_VALUES,MULTIPLE_VALUES,660.0,ACTIVE | SUSPENDED,CLOTHING | RETAIL_OTHER,2,2,0,1,True
MCH2772,2,MULTIPLE_VALUES,MULTIPLE_VALUES,MULTIPLE_VALUES,MULTIPLE_VALUES,MULTIPLE_VALUES,MULTIPLE_VALUES,MULTIPLE_VALUES,536.325,INACTIVE | SUSPENDED,BOOKS | CLOTHS,2,2,0,1,True
MCH2776,2,MULTIPLE_VALUES,MULTIPLE_VALUES,MULTIPLE_VALUES,ACTIVE,MULTIPLE_VALUES,MULTIPLE_VALUES,MULTIPLE_VALUES,5844.014999999999,ACTIVE,GROCERIES | TELECOM,1,2,0,0,True
MCH2778,2,MULTIPLE_VALUES,MULTIPLE_VALUES,MULTIPLE_VALUES,ACTIVE,5912,MULTIPLE_VALUES,MULTIPLE_VALUES,4029.72,ACTIVE,MEDICAL | PHARMACIES,1,2,0,0,True
MCH2786,3,MULTIPLE_VALUES,MULTIPLE_VALUES,MULTIPLE_VALUES,MULTIPLE_VALUES,MULTIPLE_VALUES,MULTIPLE_VALUES,MULTIPLE_VALUES,1259.46,ACTIVE | INACTIVE,CLOTHING | GROCERY_STORE,2,2,1,0,True
MCH2788,1,"Dash, Mallick and Sachdev",RESTAURANT,INDIVIDUAL,ACTIVE,5812,BLR,KARNATAKA,3989.94,ACTIVE,RESTAURANT,1,1,0,0,False
MCH2789,1,Peri-Panchal,DEPT_STORE,PARTNERSHIP,ACTIVE,5311,JALANDHAR,PUNJAB,1044.19,ACTIVE,DEPT_STORE,1,1,0,0,False
MCH2791,1,"Rastogi, Mannan and Sabharwal",CHEMIST,SOLE_PROPRIETOR,ACTIVE,UNKNOWN,DELHI,DELHI,,ACTIVE,CHEMIST,1,1,1,0,False
MCH2792,2,MULTIPLE_VALUES,MULTIPLE_VALUES,MULTIPLE_VALUES,ACTIVE,7011,MULTIPLE_VALUES,MULTIPLE_VALUES,815.95,ACTIVE,HOTEL | TRANSPORT,1,2,1,0,True
MCH2797,1,Sandhu-Singh,HOTEL_LODGING,PARTNERSHIP,ACTIVE,07011,BENGALURU,KARNATAKA,1083.54,ACTIVE,HOTEL_LODGING,1,1,1,0,False
MCH2799,1,KADAKIA-NAYAK,EATING_PLACE,SOLE_PROPRIETOR,ACTIVE,5812,DELHI,DELHI,,ACTIVE,EATING_PLACE,1,1,0,0,False
MCH2800,1,Raja-Naik,DEPARTMENT_STORE,PRIVATE_LIMITED,INACTIVE,5311,BANGALORE,KARNATAKA,1096.85,INACTIVE,DEPARTMENT_STORE,1,1,0,0,False
MCH2801,1,"Khurana, Oza and Divan",MOBILE_RECHARGE,PRIVATE_LIMITED,ACTIVE,4814,NEW_DELHI,DELHI,406.76,ACTIVE,MOBILE_RECHARGE,1,1,0,0,False
MCH2806,2,MULTIPLE_VALUES,MULTIPLE_VALUES,MULTIPLE_VALUES,MULTIPLE_VALUES,MULTIPLE_VALUES,MULTIPLE_VALUES,MULTIPLE_VALUES,2105.255,ACTIVE | INACTIVE,HOSPITALITY | RETAIL_OTHER,2,2,0,0,True
MCH2813,3,MULTIPLE_VALUES,MULTIPLE_VALUES,INDIVIDUAL,MULTIPLE_VALUES,MULTIPLE_VALUES,MULTIPLE_VALUES,MULTIPLE_VALUES,3821.16,ACTIVE | SUSPENDED,DEPT_STORE | FOOD,2,2,2,1,True
MCH2814,1,"SANI, KHARE AND RAMACHANDRAN",MEDICAL_STORE,PARTNERSHIP,ACTIVE,5912,JALANDHAR,PUNJAB,1581.52,ACTIVE,MEDICAL_STORE,1,1,0,0,False
MCH2816,2,MULTIPLE_VALUES,MULTIPLE_VALUES,MULTIPLE_VALUES,MULTIPLE_VALUES,05812,MULTIPLE_VALUES,MULTIPLE_VALUES,4025.5699999999997,INACTIVE | SUSPENDED,FOOD | MISCELLANEOUS,2,2,2,1,True
MCH2817,2,MULTIPLE_VALUES,MULTIPLE_VALUES,MULTIPLE_VALUES,MULTIPLE_VALUES,MULTIPLE_VALUES,MULTIPLE_VALUES,MULTIPLE_VALUES,1932.29,ACTIVE | INACTIVE,MISC_RETAIL | PHONE_SERVICE,2,2,0,0,True
MCH2818,1,Sibal Inc,GROCERY_STORE,SOLE_PROPRIETOR,ACTIVE,5411,JALANDHAR,PUNJAB,600.04,ACTIVE,GROCERY_STORE,1,1,0,0,False
MCH2825,2,MULTIPLE_VALUES,MULTIPLE_VALUES,MULTIPLE_VALUES,ACTIVE,MULTIPLE_VALUES,MULTIPLE_VALUES,MULTIPLE_VALUES,1291.01,ACTIVE,PHONE_SERVICE | RESTAURANT,1,2,0,0,True
MCH2827,1,Bala-Bhatti,MISCELLANEOUS,INDIVIDUAL,INACTIVE,5999,BANGALORE,KARNATAKA,381.0,INACTIVE,MISCELLANEOUS,1,1,0,0,False
MCH2829,1,Narain Ltd,RETAIL_OTHER,SOLE_PROPRIETOR,ACTIVE,5999,BANGALORE,KARNATAKA,1912.36,ACTIVE,RETAIL_OTHER,1,1,0,0,False
MCH2830,1,"Joshi,ChaudhariandToor",GROCERY_STORES,INDIVIDUAL,ACTIVE,5411,BANGALORE,KARNATAKA,756.0,ACTIVE,GROCERY_STORES,1,1,0,0,False
MCH2831,1,Rastogi-Devi,MISCELLANEOUS,PRIVATE_LIMITED,ACTIVE,,DELHI,DELHI,501.88,ACTIVE,MISCELLANEOUS,1,1,1,0,False
MCH2832,1,Parmer Inc,RETAIL,PRIVATE_LIMITED,ACTIVE,5311,PUNE,MAHARASHTRA,831.48,ACTIVE,RETAIL,1,1,0,0,False
MCH2833,1,Kapoor-Shankar,HOTEL_LODGING,SOLE_PROPRIETOR,ACTIVE,7011,JALANDAR,PUNJAB,474.69,ACTIVE,HOTEL_LODGING,1,1,0,0,False
MCH2836,1,RAI AND SONS,PHARMACY,PRIVATE_LIMITED,INACTIVE,05912,CHENNAI,TAMIL_NADU,3262.99,INACTIVE,PHARMACY,1,1,1,0,False
MCH2838,2,MULTIPLE_VALUES,MULTIPLE_VALUES,MULTIPLE_VALUES,ACTIVE,MULTIPLE_VALUES,MULTIPLE_VALUES,MULTIPLE_VALUES,3409.39,ACTIVE,RETAIL_OTHER | TELECOM,1,2,0,0,True
MCH2839,1,"brar, varughese and cherian",KIRANA,PARTNERSHIP,ACTIVE,5411,POONA,MAHARASHTRA,614.31,ACTIVE,KIRANA,1,1,0,0,False
MCH2841,1,"Memon, Samra and Rajagopal",BOOK_STORE,SOLE_PROPRIETOR,ACTIVE,5942,MUMBAI,MAHARASHTRA,,ACTIVE,BOOK_STORE,1,1,0,0,False
MCH2842,2,MULTIPLE_VALUES,MULTIPLE_VALUES,MULTIPLE_VALUES,ACTIVE,5699,MULTIPLE_VALUES,MULTIPLE_VALUES,1998.5149999999999,ACTIVE,CLOTHS | HOTELS,1,2,1,0,True
MCH2844,1,Misra-Seth,TRANSPORTATION,INDIVIDUAL,ACTIVE,4131,ASR,PUNJAB,162.5,ACTIVE,TRANSPORTATION,1,1,0,0,False
MCH2845,1,Narasimhan LLC,OTHER,PARTNERSHIP,ACTIVE,5999,AMRITSAR,PUNJAB,5926.94,ACTIVE,OTHER,1,1,0,0,False
MCH2846,1,"SHA, RAMANATHAN AND KOTA",GROCERY,INDIVIDUAL,INACTIVE,5411,JAIPUR,RAJASTHAN,2995.95,INACTIVE,GROCERY,1,1,0,0,False
MCH2849,4,MULTIPLE_VALUES,MULTIPLE_VALUES,MULTIPLE_VALUES,MULTIPLE_VALUES,MULTIPLE_VALUES,MULTIPLE_VALUES,MULTIPLE_VALUES,1823.8999999999999,ACTIVE | INACTIVE,HOTEL_LODGING | MISC_RETAIL | TELECOM,2,3,0,0,True
MCH2850,2,MULTIPLE_VALUES,MULTIPLE_VALUES,PRIVATE_LIMITED,ACTIVE,MULTIPLE_VALUES,MULTIPLE_VALUES,MULTIPLE_VALUES,689.16,ACTIVE,BUS_TAXI | TELECOM,1,2,0,0,True
MCH2851,3,MULTIPLE_VALUES,MULTIPLE_VALUES,MULTIPLE_VALUES,ACTIVE,MULTIPLE_VALUES,MULTIPLE_VALUES,MULTIPLE_VALUES,1535.83,ACTIVE,DEPARTMENT_STORES | HOTEL_LODGING | TRANSPORT,1,3,0,0,True
MCH2857,1,Bhattacharyya Inc,TRANSPRT,PRIVATE_LIMITED,ACTIVE,4131,JALANDAR,PUNJAB,4557.38,ACTIVE,TRANSPRT,1,1,0,0,False
MCH2859,1,"Doctor, Bir and Lanka",GROCERY_STORE,PRIVATE_LIMITED,ACTIVE,5411,HYDERABAD,TELANGANA,2296.45,ACTIVE,GROCERY_STORE,1,1,0,0,False
MCH2860,1,Ahluwalia Ltd,HOTEL_LODGING,PRIVATE_LIMITED,ACTIVE,7011,BENGALURU,KARNATAKA,250.0,ACTIVE,HOTEL_LODGING,1,1,0,0,False
MCH2861,1,Hayer Inc,DEPARTMENT_STORES,PRIVATE_LIMITED,ACTIVE,5311,PUNE,MAHARASHTRA,676.0,ACTIVE,DEPARTMENT_STORES,1,1,0,0,False
MCH2862,1,Bhasin Group,GARMENTS,PARTNERSHIP,ACTIVE,5699,JPR,RAJASTHAN,544.8,ACTIVE,GARMENTS,1,1,0,0,False
MCH2870,1,"Loyal, Buch and Ghose",RESTAURANTS,SOLE_PROPRIETOR,ACTIVE,5812,DELHI,DELHI,2213.61,ACTIVE,RESTAURANTS,1,1,0,0,False
MCH2875,1,Chander-Parmer,DEPARTMENT_STORE,PARTNERSHIP,ACTIVE,5311,LUDHIANA,PUNJAB,351.55,ACTIVE,DEPARTMENT_STORE,1,1,0,0,False
MCH2879,2,MULTIPLE_VALUES,MULTIPLE_VALUES,MULTIPLE_VALUES,ACTIVE,MULTIPLE_VALUES,MULTIPLE_VALUES,MULTIPLE_VALUES,1726.8,ACTIVE,BUS_TAXI | RESTAURANT,1,2,0,0,True
MCH2881,1,J0ha1 PLC,FOOD_SERVICES,PARTNERSHIP,ACTIVE,,ASR,PUNJAB,807.63,ACTIVE,FOOD_SERVICES,1,1,1,0,False
MCH2884,1,Malhotra-Sarin,BOOKS_STATIONERY,SOLE_PROPRIETOR,ACTIVE,5942,PUNE,MAHARASHTRA,683.54,ACTIVE,BOOKS_STATIONERY,1,1,0,0,False
MCH2885,2,"Varkey, Goda and Bala",EATING_PLACE,PRIVATE_LIMITED,MULTIPLE_VALUES,5812,MUMBAI,MAHARASHTRA,4853.92,ACTIVE | INACTIVE,EATING_PLACE,2,1,0,0,True
MCH2886,3,MULTIPLE_VALUES,MULTIPLE_VALUES,PRIVATE_LIMITED,MULTIPLE_VALUES,MULTIPLE_VALUES,MULTIPLE_VALUES,MULTIPLE_VALUES,8233.35,ACTIVE | INACTIVE | SUSPENDED,HOTEL | MEDICAL,3,2,0,1,True
MCH2887,1,Rau-Saha,CLOTHING,SOLE_PROPRIETOR,ACTIVE,5699,DELHI,DELHI,,ACTIVE,CLOTHING,1,1,0,0,False
MCH2888,1,Chahal LLC,PHARMACIES,PRIVATE_LIMITED,ACTIVE,5912,MUMBAI,MAHARASHTRA,631.05,ACTIVE,PHARMACIES,1,1,0,0,False
MCH2894,2,MULTIPLE_VALUES,MULTIPLE_VALUES,MULTIPLE_VALUES,MULTIPLE_VALUES,MULTIPLE_VALUES,MULTIPLE_VALUES,MULTIPLE_VALUES,2107.84,ACTIVE | SUSPENDED,GARMENTS | RESTAURANTS,2,2,0,1,True
MCH2896,2,MULTIPLE_VALUES,MULTIPLE_VALUES,MULTIPLE_VALUES,ACTIVE,MULTIPLE_VALUES,MULTIPLE_VALUES,MULTIPLE_VALUES,1398.705,ACTIVE,MEDICAL_STORE | TRANSPORT,1,2,0,0,True
MCH2897,1,Bath Ltd,OTHER,PRIVATE_LIMITED,ACTIVE,5999,HYDERABAD,TELANGANA,2239.12,ACTIVE,OTHER,1,1,0,0,False
MCH2899,2,MULTIPLE_VALUES,MULTIPLE_VALUES,MULTIPLE_VALUES,ACTIVE,MULTIPLE_VALUES,MULTIPLE_VALUES,MULTIPLE_VALUES,5018.99,ACTIVE,EATING_PLACE | TRANSPRT,1,2,0,0,True
MCH2902,3,MULTIPLE_VALUES,MULTIPLE_VALUES,MULTIPLE_VALUES,ACTIVE,MULTIPLE_VALUES,MULTIPLE_VALUES,MULTIPLE_VALUES,1381.585,ACTIVE,GROCERY_STORE | MEDICAL | TRANSPRT,1,3,1,0,True
MCH2903,1,Swamy-Parsa,FASHION,INDIVIDUAL,INACTIVE,05699,BOMBAY,MAHARASHTRA,1218.16,INACTIVE,FASHION,1,1,1,0,False
MCH2904,1,IYENGAR-COMAR,OTHER,PRIVATE_LIMITED,ACTIVE,5999,DELHI,DELHI,1147.91,ACTIVE,OTHER,1,1,0,0,False
MCH2905,1,Goyal-Gopal,MEDICAL,INDIVIDUAL,SUSPENDED,5912,DILLI,DELHI,2312.5,SUSPENDED,MEDICAL,1,1,0,1,False
MCH2907,1,VARUGHESE-MANI,MEDICAL_STORE,SOLE_PROPRIETOR,ACTIVE,5912,CHENNAI,TAMIL_NADU,1106.0,ACTIVE,MEDICAL_STORE,1,1,0,0,False
MCH2910,4,MULTIPLE_VALUES,MULTIPLE_VALUES,MULTIPLE_VALUES,MULTIPLE_VALUES,MULTIPLE_VALUES,MULTIPLE_VALUES,MULTIPLE_VALUES,2459.94,ACTIVE | INACTIVE,BOOKS_STATIONERY | BUS_TAXI | PHARMACIES,2,3,1,0,True
MCH2912,2,MULTIPLE_VALUES,MULTIPLE_VALUES,MULTIPLE_VALUES,INACTIVE,UNKNOWN,MULTIPLE_VALUES,MULTIPLE_VALUES,1895.43,INACTIVE,GROCERIES | KIRANA,1,2,2,0,True
MCH2914,2,MULTIPLE_VALUES,MULTIPLE_VALUES,MULTIPLE_VALUES,MULTIPLE_VALUES,MULTIPLE_VALUES,MULTIPLE_VALUES,MULTIPLE_VALUES,316.0,ACTIVE | INACTIVE,FOOD_SERVICES | RETAIL,2,2,0,0,True
MCH2915,2,MULTIPLE_VALUES,MULTIPLE_VALUES,MULTIPLE_VALUES,ACTIVE,MULTIPLE_VALUES,MULTIPLE_VALUES,MULTIPLE_VALUES,9407.570000000002,ACTIVE,PHARMACIES | TELECOM,1,2,0,0,True
MCH2917,3,MULTIPLE_VALUES,MULTIPLE_VALUES,MULTIPLE_VALUES,MULTIPLE_VALUES,MULTIPLE_VALUES,MULTIPLE_VALUES,MULTIPLE_VALUES,423.28999999999996,ACTIVE | INACTIVE,FOOD | GROCERY_STORES | MISC_RETAIL,2,3,1,0,True
MCH2919,1,Menon-Vaidya,PHARMACY,SOLE_PROPRIETOR,ACTIVE,,NEW_DELHI,DELHI,3825.85,ACTIVE,PHARMACY,1,1,1,0,False
MCH2921,1,Bakshi-Narayanan,HOSPITALITY,PRIVATE_LIMITED,ACTIVE,7011,LUCKNOW,UTTAR_PRADESH,,ACTIVE,HOSPITALITY,1,1,0,0,False
MCH2922,1,Chhabra-Jha,RETAIL_OTHER,SOLE_PROPRIETOR,ACTIVE,5999,BOMBAY,MAHARASHTRA,,ACTIVE,RETAIL_OTHER,1,1,0,0,False
MCH2923,2,MULTIPLE_VALUES,MULTIPLE_VALUES,MULTIPLE_VALUES,ACTIVE,MULTIPLE_VALUES,MULTIPLE_VALUES,MULTIPLE_VALUES,938.1300000000001,ACTIVE,PHARMACIES | PHONE_SERVICE,1,2,0,0,True
MCH2924,1,Chaudhary-Dugar,STATIONERY,INDIVIDUAL,ACTIVE,5942,BOMBAY,MAHARASHTRA,770.99,ACTIVE,STATIONERY,1,1,0,0,False
MCH2926,1,Sule-Thaker,STATIONERY,PARTNERSHIP,ACTIVE,5942,BENGALURU,KARNATAKA,1590.53,ACTIVE,STATIONERY,1,1,0,0,False
MCH2928,1,"Hans, Parmer and Buch",FOOD_SERVICES,PRIVATE_LIMITED,INACTIVE,5812,LUDHIANA,PUNJAB,1903.0,INACTIVE,FOOD_SERVICES,1,1,0,0,False
MCH2934,2,MULTIPLE_VALUES,MULTIPLE_VALUES,INDIVIDUAL,ACTIVE,MULTIPLE_VALUES,MULTIPLE_VALUES,PUNJAB,1759.02,ACTIVE,DEPARTMENT_STORE | OTHER,1,2,1,0,True
MCH2938,1,"Babu, Lata and Zacharia",KIRANA,PRIVATE_LIMITED,ACTIVE,5411,POONA,MAHARASHTRA,823.9,ACTIVE,KIRANA,1,1,0,0,False
MCH2941,1,SenGroup,DEPARTMENT_STORE,SOLE_PROPRIETOR,ACTIVE,5311,MUMBAI,MAHARASHTRA,1783.76,ACTIVE,DEPARTMENT_STORE,1,1,0,0,False
MCH2943,2,MULTIPLE_VALUES,MULTIPLE_VALUES,MULTIPLE_VALUES,ACTIVE,5812,MULTIPLE_VALUES,MAHARASHTRA,2129.73,ACTIVE,FOOD | RESTAURANT,1,2,0,0,True
MCH2945,1,Agarwa1-Cherian,MOBILE_RECHARGE,SOLE_PROPRIETOR,INACTIVE,UNKNOWN,JALANDAR,PUNJAB,1759.15,INACTIVE,MOBILE_RECHARGE,1,1,1,0,False
MCH2946,2,MULTIPLE_VALUES,MULTIPLE_VALUES,MULTIPLE_VALUES,ACTIVE,MULTIPLE_VALUES,MULTIPLE_VALUES,MULTIPLE_VALUES,781.485,ACTIVE,BUS_TAXI | TELECOM,1,2,0,0,True
MCH2949,1,"Mahal, Natt and Ghosh",MISCELLANEOUS,PARTNERSHIP,ACTIVE,5999,JAIPUR,RAJASTHAN,,ACTIVE,MISCELLANEOUS,1,1,0,0,False
MCH2950,1,"Rastogi, Bhavsar and Varghese",STATIONERY,PRIVATE_LIMITED,ACTIVE,5942,BLR,KARNATAKA,2370.66,ACTIVE,STATIONERY,1,1,0,0,False
MCH2951,1,"THAKUR, SUBRAMANIAM AND AGRAWAL",HOTEL,PARTNERSHIP,ACTIVE,7011,MUMBAI,MAHARASHTRA,,ACTIVE,HOTEL,1,1,0,0,False
MCH2954,2,MULTIPLE_VALUES,MULTIPLE_VALUES,MULTIPLE_VALUES,ACTIVE,MULTIPLE_VALUES,MULTIPLE_VALUES,MULTIPLE_VALUES,1398.0,ACTIVE,HOTELS | MEDICAL_STORE,1,2,0,0,True
MCH2956,2,MULTIPLE_VALUES,MULTIPLE_VALUES,MULTIPLE_VALUES,MULTIPLE_VALUES,4814,MULTIPLE_VALUES,MULTIPLE_VALUES,3886.795,ACTIVE | INACTIVE,MOBILE_RECHARGE | TELECOM,2,2,1,0,True
MCH2959,1,Kanda LLC,FOOD,PRIVATE_LIMITED,ACTIVE,5812,KOLKATA,WEST_BENGAL,6588.76,ACTIVE,FOOD,1,1,0,0,False
MCH2960,1,Malhotra-Buch,BUS_TAXI,PRIVATE_LIMITED,ACTIVE,4131,CHENNAI,TAMIL_NADU,2348.07,ACTIVE,BUS_TAXI,1,1,0,0,False
MCH2962,2,MULTIPLE_VALUES,MULTIPLE_VALUES,PARTNERSHIP,ACTIVE,MULTIPLE_VALUES,MULTIPLE_VALUES,MULTIPLE_VALUES,654.3199999999999,ACTIVE,KIRANA | TELECOM,1,2,0,0,True
MCH2964,2,MULTIPLE_VALUES,MULTIPLE_VALUES,MULTIPLE_VALUES,MULTIPLE_VALUES,4814,MULTIPLE_VALUES,MULTIPLE_VALUES,1268.56,ACTIVE | INACTIVE,PHONE_SERVICE | RESTAURANTS,2,2,1,0,True
MCH2965,1,shroff-prabhakar,GROCERIES,PARTNERSHIP,ACTIVE,5411,AMRITSAR,PUNJAB,2028.0,ACTIVE,GROCERIES,1,1,0,0,False
MCH2969,1,Randhawa-Karnik,HOTEL,SOLE_PROPRIETOR,ACTIVE,7011,BENGALURU,KARNATAKA,310.59,ACTIVE,HOTEL,1,1,0,0,False
MCH2970,1,GOLLA-VORA,APPAREL,INDIVIDUAL,ACTIVE,5699,CALCUTTA,WEST_BENGAL,326.25,ACTIVE,APPAREL,1,1,0,0,False
MCH2971,1,"Garg, Merchant and Kuruvilla",FASHION,INDIVIDUAL,ACTIVE,05699,LUDHIANA,PUNJAB,,ACTIVE,FASHION,1,1,1,0,False
MCH2973,1,"Bhargava, Dani and Krishnamurthy",TRANSPRT,PARTNERSHIP,ACTIVE,4131,LUDHIANA,PUNJAB,3748.31,ACTIVE,TRANSPRT,1,1,0,0,False
MCH2975,1,"Bora, Mander and Dalal",BOOKS,SOLE_PROPRIETOR,INACTIVE,5942,CHENNAI,TAMIL_NADU,3477.51,INACTIVE,BOOKS,1,1,0,0,False
MCH2978,1,Deshpande LLC,HOSPITALITY,PRIVATE_LIMITED,ACTIVE,7011,LUCKNOW,UTTAR_PRADESH,194.6,ACTIVE,HOSPITALITY,1,1,0,0,False
MCH2979,1,"Kurian, Guha and Gaba",MISCELLANEOUS,INDIVIDUAL,ACTIVE,5999,CHENNAI,TAMIL_NADU,7883.21,ACTIVE,MISCELLANEOUS,1,1,0,0,False
MCH2980,1,Mander and Sons,GROCERIES,SOLE_PROPRIETOR,ACTIVE,5411,CALCUTTA,WEST_BENGAL,1129.72,ACTIVE,GROCERIES,1,1,0,0,False
MCH2981,5,MULTIPLE_VALUES,MULTIPLE_VALUES,MULTIPLE_VALUES,ACTIVE,MULTIPLE_VALUES,MULTIPLE_VALUES,MULTIPLE_VALUES,841.65,ACTIVE,BOOKS | MISC_RETAIL | STATIONERY | TRAVEL,1,4,0,0,True
MCH2986,1,Kade-Anne,TRAVEL,PARTNERSHIP,SUSPENDED,4131,AMRITSAR,PUNJAB,736.81,SUSPENDED,TRAVEL,1,1,0,1,False
MCH2988,1,"Mangal, Gokhale and Malhotra",FOOD_SERVICES,SOLE_PROPRIETOR,ACTIVE,5812,MUMBAY,MAHARASHTRA,3595.96,ACTIVE,FOOD_SERVICES,1,1,0,0,False
MCH2990,2,MULTIPLE_VALUES,MULTIPLE_VALUES,MULTIPLE_VALUES,ACTIVE,MULTIPLE_VALUES,MULTIPLE_VALUES,MULTIPLE_VALUES,1046.7649999999999,ACTIVE,HOTEL | TELECOM,1,2,1,0,True
MCH2993,1,"Dube, Yadav and Konda",STATIONERY,INDIVIDUAL,ACTIVE,5942,JAIPUR,RAJASTHAN,2422.76,ACTIVE,STATIONERY,1,1,0,0,False
MCH2994,2,MULTIPLE_VALUES,MULTIPLE_VALUES,MULTIPLE_VALUES,ACTIVE,MULTIPLE_VALUES,MULTIPLE_VALUES,PUNJAB,1392.8600000000001,ACTIVE,MOBILE_RECHARGE | TRANSPORT,1,2,0,0,True
MCH2995,2,MULTIPLE_VALUES,MULTIPLE_VALUES,MULTIPLE_VALUES,ACTIVE,MULTIPLE_VALUES,AMRITSAR,PUNJAB,492.36,ACTIVE,CLOTHS | HOTEL,1,2,0,0,True
MCH2996,1,Rege-Khanna,GROCERY,INDIVIDUAL,INACTIVE,5411,LUCKNOW,UTTAR_PRADESH,,INACTIVE,GROCERY,1,1,0,0,False
MCH2997,3,MULTIPLE_VALUES,MULTIPLE_VALUES,MULTIPLE_VALUES,ACTIVE,7011,MULTIPLE_VALUES,MULTIPLE_VALUES,1286.53,ACTIVE,GROCERIES | HOSPITALITY | HOTEL_LODGING,1,3,1,0,True
MCH3002,1,"Dey, Chopra and Vig",CLOTHING,INDIVIDUAL,ACTIVE,5699,LUDHIANA,PUNJAB,761.12,ACTIVE,CLOTHING,1,1,0,0,False
MCH3005,1,"Saxena, Narain and Mander",APPAREL,PRIVATE_LIMITED,INACTIVE,5699,KOLKATA,WEST_BENGAL,1149.79,INACTIVE,APPAREL,1,1,0,0,False
MCH3006,1,BISWAS-RAM,MISCELLANEOUS,INDIVIDUAL,ACTIVE,5999,LUCKNOW,UTTAR_PRADESH,638.0,ACTIVE,MISCELLANEOUS,1,1,0,0,False
MCH3008,1,"Datta, Sarkar and Nori",DEPARTMENT_STORE,PARTNERSHIP,ACTIVE,5311,LDH,PUNJAB,,ACTIVE,DEPARTMENT_STORE,1,1,0,0,False
MCH3011,1,"Ahluwalia, Contractor and Comar",DEPARTMENT_STORES,SOLE_PROPRIETOR,INACTIVE,5311,DILLI,DELHI,2626.62,INACTIVE,DEPARTMENT_STORES,1,1,0,0,False
MCH3012,1,Sathe LLC,GROCERIES,PRIVATE_LIMITED,SUSPENDED,MISC,CHENNAI,TAMIL_NADU,448.76,SUSPENDED,GROCERIES,1,1,1,1,False
MCH3014,1,Nagarajan-Bandi,RETAIL,INDIVIDUAL,ACTIVE,5311,DELHI,DELHI,3013.17,ACTIVE,RETAIL,1,1,0,0,False
MCH3017,1,Ramanathan and Sons,DEPARTMENT_STORES,PARTNERSHIP,ACTIVE,05311,DELHI,DELHI,,ACTIVE,DEPARTMENT_STORES,1,1,1,0,False
MCH3021,2,MULTIPLE_VALUES,MULTIPLE_VALUES,MULTIPLE_VALUES,ACTIVE,MULTIPLE_VALUES,MULTIPLE_VALUES,MULTIPLE_VALUES,614.86,ACTIVE,BUS_TAXI | MOBILE_RECHARGE,1,2,0,0,True
MCH3023,3,MULTIPLE_VALUES,MULTIPLE_VALUES,MULTIPLE_VALUES,MULTIPLE_VALUES,MULTIPLE_VALUES,MULTIPLE_VALUES,MULTIPLE_VALUES,1722.88,ACTIVE | INACTIVE | SUSPENDED,HOSPITALITY | TRANSPORT,3,2,0,1,True
MCH3024,1,Kade-Bhatia,EATING_PLACE,PARTNERSHIP,ACTIVE,5812,NEW_DELHI,DELHI,2093.0,ACTIVE,EATING_PLACE,1,1,0,0,False
MCH3025,1,"Sachdeva, Bora and Hegde",TRANSPORT,PRIVATE_LIMITED,ACTIVE,04131,PUNE,MAHARASHTRA,611.84,ACTIVE,TRANSPORT,1,1,1,0,False
MCH3029,2,MULTIPLE_VALUES,MULTIPLE_VALUES,MULTIPLE_VALUES,ACTIVE,MULTIPLE_VALUES,MULTIPLE_VALUES,MULTIPLE_VALUES,416.34,ACTIVE,CLOTHING | TRANSPRT,1,2,0,0,True
MCH3030,1,"Sengupta, Bhagat and Kota",STATIONERY,PRIVATE_LIMITED,ACTIVE,5942,CHENNAI,TAMIL_NADU,194.19,ACTIVE,STATIONERY,1,1,0,0,False
MCH3031,1,Morar and Sons,GROCERIES,INDIVIDUAL,ACTIVE,5411,PUNE,MAHARASHTRA,4053.43,ACTIVE,GROCERIES,1,1,0,0,False
MCH3037,3,MULTIPLE_VALUES,MULTIPLE_VALUES,MULTIPLE_VALUES,MULTIPLE_VALUES,5411,MULTIPLE_VALUES,MULTIPLE_VALUES,1146.48,ACTIVE | SUSPENDED,GROCERY | GROCERY_STORES,2,2,0,2,True
MCH3039,1,Murty Inc,GROCERY_STORES,INDIVIDUAL,ACTIVE,5411,DILLI,DELHI,1465.47,ACTIVE,GROCERY_STORES,1,1,0,0,False
MCH3040,1,"Dhar, Kunda and Desai",GROCERY_STORE,PARTNERSHIP,ACTIVE,05411,JAIPUR,RAJASTHAN,267.0,ACTIVE,GROCERY_STORE,1,1,1,0,False
MCH3044,1,Gupta PLC,STATIONERY,SOLE_PROPRIETOR,INACTIVE,5942,BLR,KARNATAKA,582.54,INACTIVE,STATIONERY,1,1,0,0,False
MCH3046,1,Walla PLC,BOOK_STORE,PRIVATE_LIMITED,SUSPENDED,5942,JALANDHAR,PUNJAB,6756.54,SUSPENDED,BOOK_STORE,1,1,0,1,False
MCH3048,1,Kala Group,HOTELS,PRIVATE_LIMITED,ACTIVE,7011,JAIPUR,RAJASTHAN,613.58,ACTIVE,HOTELS,1,1,0,0,False
MCH3051,1,Hora-Mahajan,GARMENTS,PRIVATE_LIMITED,ACTIVE,5699,JAIPUR,RAJASTHAN,3699.21,ACTIVE,GARMENTS,1,1,0,0,False
MCH3055,1,"Batta, Sha and Dugar",HOTEL,PRIVATE_LIMITED,ACTIVE,7011,MADRAS,TAMIL_NADU,262.1,ACTIVE,HOTEL,1,1,0,0,False
MCH3057,1,Nagy-Banik,DEPARTMENT_STORES,PARTNERSHIP,ACTIVE,05311,KOLKATA,WEST_BENGAL,764.15,ACTIVE,DEPARTMENT_STORES,1,1,1,0,False
MCH3058,1,Patla-Padmanabhan,BOOKS,INDIVIDUAL,ACTIVE,5942,PUNE,MAHARASHTRA,974.77,ACTIVE,BOOKS,1,1,0,0,False
MCH3060,1,Deep-Tata,DEPT_STORE,INDIVIDUAL,ACTIVE,5311,ASR,PUNJAB,,ACTIVE,DEPT_STORE,1,1,0,0,False
MCH3061,3,MULTIPLE_VALUES,MULTIPLE_VALUES,MULTIPLE_VALUES,MULTIPLE_VALUES,MULTIPLE_VALUES,MULTIPLE_VALUES,MULTIPLE_VALUES,574.59,ACTIVE | INACTIVE,BOOKS_STATIONERY | DEPARTMENT_STORES | TRANSPORTATION,2,3,1,0,True
MCH3063,1,Bansal Inc,TRANSPORT,INDIVIDUAL,INACTIVE,04131,JPR,RAJASTHAN,282.67,INACTIVE,TRANSPORT,1,1,1,0,False
MCH3069,1,MAGAR INC,FASHION,INDIVIDUAL,ACTIVE,5699,MUMBAY,MAHARASHTRA,5346.85,ACTIVE,FASHION,1,1,0,0,False
MCH3070,2,MULTIPLE_VALUES,MULTIPLE_VALUES,MULTIPLE_VALUES,ACTIVE,MULTIPLE_VALUES,MULTIPLE_VALUES,MULTIPLE_VALUES,1530.635,ACTIVE,GROCERY_STORE | TELECOM,1,2,0,0,True
MCH3071,1,Misra-Padmanabhan,RESTAURANTS,SOLE_PROPRIETOR,ACTIVE,5812,LUDHIANA,PUNJAB,,ACTIVE,RESTAURANTS,1,1,0,0,False
MCH3072,3,MULTIPLE_VALUES,MULTIPLE_VALUES,MULTIPLE_VALUES,MULTIPLE_VALUES,MULTIPLE_VALUES,MULTIPLE_VALUES,MULTIPLE_VALUES,1993.93,ACTIVE | INACTIVE,CLOTHING | MISCELLANEOUS | RESTAURANTS,2,3,0,0,True
MCH3075,2,MULTIPLE_VALUES,MULTIPLE_VALUES,MULTIPLE_VALUES,ACTIVE,MULTIPLE_VALUES,MULTIPLE_VALUES,MULTIPLE_VALUES,1335.755,ACTIVE,GROCERY_STORES | TRANSPRT,1,2,0,0,True
MCH3077,1,Warrior Ltd,TRANSPRT,PARTNERSHIP,ACTIVE,4131,KOLKATA,WEST_BENGAL,1448.69,ACTIVE,TRANSPRT,1,1,0,0,False
MCH3078,1,"gandhi, rout and sankaran",HOTEL,SOLE_PROPRIETOR,ACTIVE,7011,BENGALURU,KARNATAKA,752.09,ACTIVE,HOTEL,1,1,0,0,False
MCH3079,2,MULTIPLE_VALUES,MULTIPLE_VALUES,MULTIPLE_VALUES,ACTIVE,MULTIPLE_VALUES,MULTIPLE_VALUES,MULTIPLE_VALUES,486.3,ACTIVE,BOOK_STORE | HOTEL,1,2,1,0,True
MCH3080,1,lad-soman,GROCERIES,SOLE_PROPRIETOR,ACTIVE,05411,JALANDHAR,PUNJAB,,ACTIVE,GROCERIES,1,1,1,0,False
MCH3081,1,"Anne, Choudhry and Nanda",MEDICAL_STORE,PARTNERSHIP,ACTIVE,5912,HYDERABAD,TELANGANA,590.0,ACTIVE,MEDICAL_STORE,1,1,0,0,False
MCH3084,1,Mani-Chowdhury,CLOTHS,PARTNERSHIP,ACTIVE,5699,HYD,TELANGANA,1594.62,ACTIVE,CLOTHS,1,1,0,0,False
MCH3085,4,MULTIPLE_VALUES,MULTIPLE_VALUES,MULTIPLE_VALUES,MULTIPLE_VALUES,MULTIPLE_VALUES,MULTIPLE_VALUES,MULTIPLE_VALUES,3842.0,ACTIVE | INACTIVE,BUS_TAXI | HOTEL | HOTELS,2,3,2,0,True
MCH3086,2,MULTIPLE_VALUES,MULTIPLE_VALUES,MULTIPLE_VALUES,MULTIPLE_VALUES,MULTIPLE_VALUES,MULTIPLE_VALUES,MULTIPLE_VALUES,1037.8049999999998,ACTIVE | INACTIVE,CHEMIST | FOOD,2,2,0,0,True
MCH3088,1,Suresh LLC,GROCERY,PARTNERSHIP,ACTIVE,5411,CHENNAI,TAMIL_NADU,4739.6,ACTIVE,GROCERY,1,1,0,0,False
MCH3089,1,Tata PLC,STATIONERY,SOLE_PROPRIETOR,ACTIVE,5942,JALANDHAR,PUNJAB,,ACTIVE,STATIONERY,1,1,0,0,False
MCH3092,1,"Dutta, Vasa and Jayaraman",MISCELLANEOUS,PRIVATE_LIMITED,ACTIVE,5999,AMRITSAR,PUNJAB,1605.55,ACTIVE,MISCELLANEOUS,1,1,0,0,False
MCH3093,3,MULTIPLE_VALUES,MULTIPLE_VALUES,MULTIPLE_VALUES,MULTIPLE_VALUES,MULTIPLE_VALUES,MULTIPLE_VALUES,MULTIPLE_VALUES,1561.4299999999998,ACTIVE | INACTIVE,MISCELLANEOUS | MOBILE_RECHARGE | RETAIL_OTHER,2,3,1,0,True
MCH3094,2,MULTIPLE_VALUES,MULTIPLE_VALUES,MULTIPLE_VALUES,ACTIVE,MULTIPLE_VALUES,MULTIPLE_VALUES,MULTIPLE_VALUES,1038.48,ACTIVE,GARMENTS | MOBILE_RECHARGE,1,2,0,0,True
MCH3095,1,HANS-SHAN,MISC_RETAIL,PARTNERSHIP,ACTIVE,5999,CALCUTTA,WEST_BENGAL,1208.82,ACTIVE,MISC_RETAIL,1,1,0,0,False
MCH3096,1,"Pradhan, Anne and Dhillon",FOOD,INDIVIDUAL,ACTIVE,5812,KOLKATA,WEST_BENGAL,,ACTIVE,FOOD,1,1,0,0,False
MCH3099,1,Peri-Parmer,GARMENTS,PARTNERSHIP,ACTIVE,05699,DELHI,DELHI,2046.1,ACTIVE,GARMENTS,1,1,1,0,False
MCH3105,1,Bandi PLC,DEPARTMENT_STORES,SOLE_PROPRIETOR,ACTIVE,5311,MUMBAY,MAHARASHTRA,1578.41,ACTIVE,DEPARTMENT_STORES,1,1,0,0,False
MCH3107,1,KAPOOR INC,MEDICAL,PARTNERSHIP,ACTIVE,,PUNE,MAHARASHTRA,,ACTIVE,MEDICAL,1,1,1,0,False
MCH3111,1,Cherian-G0swami,TELECOM,PRIVATE_LIMITED,ACTIVE,,BENGALURU,KARNATAKA,1311.29,ACTIVE,TELECOM,1,1,1,0,False
MCH3119,1,CHANA-DESHMUKH,DEPARTMENT_STORES,PRIVATE_LIMITED,ACTIVE,05311,HYDERABAD,TELANGANA,4993.0,ACTIVE,DEPARTMENT_STORES,1,1,1,0,False
MCH3122,3,MULTIPLE_VALUES,MULTIPLE_VALUES,MULTIPLE_VALUES,ACTIVE,MULTIPLE_VALUES,MULTIPLE_VALUES,MULTIPLE_VALUES,797.24,ACTIVE,CHEMIST | PHONE_SERVICE | STATIONERY,1,3,0,0,True
MCH3123,1,"Hegde, Bahl and Comar",TRAVEL,PRIVATE_LIMITED,ACTIVE,,NEW_DELHI,DELHI,2133.64,ACTIVE,TRAVEL,1,1,1,0,False
MCH3125,1,Din-Dara,CLOTHS,PARTNERSHIP,ACTIVE,05699,DELHI,DELHI,3672.47,ACTIVE,CLOTHS,1,1,1,0,False
MCH3129,1,"Ghose,HariandGarde",GROCERY_STORE,SOLE_PROPRIETOR,ACTIVE,5411,LUDHIANA,PUNJAB,1908.27,ACTIVE,GROCERY_STORE,1,1,0,0,False
MCH3130,1,"arora, karnik and sarraf",BOOK_STORE,SOLE_PROPRIETOR,INACTIVE,5942,CALCUTTA,WEST_BENGAL,1573.29,INACTIVE,BOOK_STORE,1,1,0,0,False
MCH3134,1,Rajan PLC,DEPT_STORE,INDIVIDUAL,ACTIVE,5311,JAIPUR,RAJASTHAN,993.0,ACTIVE,DEPT_STORE,1,1,0,0,False
MCH3139,3,MULTIPLE_VALUES,MULTIPLE_VALUES,MULTIPLE_VALUES,MULTIPLE_VALUES,MULTIPLE_VALUES,MULTIPLE_VALUES,MULTIPLE_VALUES,4138.0,ACTIVE | INACTIVE,BOOKS_STATIONERY | GARMENTS | HOSPITALITY,2,3,0,0,True
MCH3140,2,MULTIPLE_VALUES,MULTIPLE_VALUES,MULTIPLE_VALUES,MULTIPLE_VALUES,MULTIPLE_VALUES,MULTIPLE_VALUES,PUNJAB,988.605,ACTIVE | SUSPENDED,TELECOM | TRAVEL,2,2,0,1,True
MCH3142,1,"dugar, merchant and kala",BOOKS,PRIVATE_LIMITED,ACTIVE,5942,JPR,RAJASTHAN,619.08,ACTIVE,BOOKS,1,1,0,0,False
MCH3143,1,"ZACHARIA, BUCH AND YADAV",DEPT_STORE,PARTNERSHIP,ACTIVE,05311,HYDERABAD,TELANGANA,4822.0,ACTIVE,DEPT_STORE,1,1,1,0,False
MCH3144,1,raval-korpal,HOTELS,PARTNERSHIP,ACTIVE,7011,NEW_DELHI,DELHI,1879.74,ACTIVE,HOTELS,1,1,0,0,False
MCH3145,1,Chaudry and Sons,DEPARTMENT_STORE,INDIVIDUAL,ACTIVE,5311,BENGALURU,KARNATAKA,,ACTIVE,DEPARTMENT_STORE,1,1,0,0,False
MCH3146,1,Batta-Sharaf,TRANSPORT,INDIVIDUAL,ACTIVE,4131,POONA,MAHARASHTRA,898.04,ACTIVE,TRANSPORT,1,1,0,0,False
MCH3147,2,Acharya-Uppal,TRAVEL,INDIVIDUAL,ACTIVE,4131,MADRAS,TAMIL_NADU,343.0,ACTIVE,TRAVEL,1,1,0,0,False
MCH3148,1,RaoLtd,TELECOM,INDIVIDUAL,ACTIVE,4814,DELHI,DELHI,1684.65,ACTIVE,TELECOM,1,1,0,0,False
MCH3154,1,Bhardwaj Ltd,TRANSPORT,INDIVIDUAL,INACTIVE,4131,BOMBAY,MAHARASHTRA,633.37,INACTIVE,TRANSPORT,1,1,0,0,False
MCH3155,1,Agarwal Ltd,DEPT_STORE,PARTNERSHIP,ACTIVE,5311,MADRAS,TAMIL_NADU,1414.89,ACTIVE,DEPT_STORE,1,1,0,0,False
MCH3156,1,"Bal, Deo and Kala",MISCELLANEOUS,PARTNERSHIP,ACTIVE,5999,LUCKNOW,UTTAR_PRADESH,2486.0,ACTIVE,MISCELLANEOUS,1,1,0,0,False
MCH3161,1,Mittal-Bawa,OTHER,PRIVATE_LIMITED,ACTIVE,5999,JALANDAR,PUNJAB,2703.14,ACTIVE,OTHER,1,1,0,0,False
MCH3163,3,MULTIPLE_VALUES,MULTIPLE_VALUES,MULTIPLE_VALUES,MULTIPLE_VALUES,MULTIPLE_VALUES,MULTIPLE_VALUES,MULTIPLE_VALUES,1571.8149999999998,ACTIVE | SUSPENDED,CHEMIST | OTHER | RETAIL_OTHER,2,3,1,1,True
MCH3167,1,"grewal, biswas and naidu",GROCERY_STORES,SOLE_PROPRIETOR,ACTIVE,5411,JPR,RAJASTHAN,2704.22,ACTIVE,GROCERY_STORES,1,1,0,0,False
MCH3172,2,MULTIPLE_VALUES,MULTIPLE_VALUES,MULTIPLE_VALUES,ACTIVE,MULTIPLE_VALUES,MULTIPLE_VALUES,MULTIPLE_VALUES,3120.91,ACTIVE,DEPARTMENT_STORE | TELECOM,1,2,0,0,True
MCH3176,1,Gera Inc,PHONE_SERVICE,PRIVATE_LIMITED,ACTIVE,4814,LUCKNOW,UTTAR_PRADESH,1047.58,ACTIVE,PHONE_SERVICE,1,1,0,0,False
MCH3177,2,MULTIPLE_VALUES,MULTIPLE_VALUES,MULTIPLE_VALUES,MULTIPLE_VALUES,MULTIPLE_VALUES,MULTIPLE_VALUES,MULTIPLE_VALUES,1312.9450000000002,INACTIVE | SUSPENDED,STATIONERY | TRAVEL,2,2,0,1,True
MCH3178,1,GanesanGroup,CLOTHING,INDIVIDUAL,ACTIVE,5699,NEW_DELHI,DELHI,136.0,ACTIVE,CLOTHING,1,1,0,0,False
MCH3179,2,MULTIPLE_VALUES,MULTIPLE_VALUES,MULTIPLE_VALUES,MULTIPLE_VALUES,MULTIPLE_VALUES,MULTIPLE_VALUES,MULTIPLE_VALUES,1752.74,ACTIVE | SUSPENDED,DEPT_STORE | MISC_RETAIL,2,2,1,1,True
MCH3180,1,Sanghvi and S0ns,CHEMIST,PRIVATE_LIMITED,ACTIVE,5912,DILLI,DELHI,2608.0,ACTIVE,CHEMIST,1,1,0,0,False
MCH3181,1,"Kothari, Sengupta and Sandal",BUS_TAXI,PRIVATE_LIMITED,ACTIVE,4131,LUCKNOW,UTTAR_PRADESH,9001.75,ACTIVE,BUS_TAXI,1,1,0,0,False
MCH3184,1,"Sane, Dhawan and Prabhakar",TELECOM,INDIVIDUAL,ACTIVE,4814,MUMBAI,MAHARASHTRA,1192.54,ACTIVE,TELECOM,1,1,0,0,False
MCH3187,1,"Mand, Singhal and Raman",PHARMACY,SOLE_PROPRIETOR,ACTIVE,5912,CALCUTTA,WEST_BENGAL,4276.66,ACTIVE,PHARMACY,1,1,0,0,False
MCH3189,4,MULTIPLE_VALUES,MULTIPLE_VALUES,MULTIPLE_VALUES,MULTIPLE_VALUES,MULTIPLE_VALUES,MULTIPLE_VALUES,MULTIPLE_VALUES,2834.985,ACTIVE | SUSPENDED,GROCERY_STORE | TELECOM | TRANSPRT,2,3,1,1,True
MCH3191,1,Dhawan-Warrior,BUS_TAXI,SOLE_PROPRIETOR,ACTIVE,4131,HYDERABAD,TELANGANA,1885.9,ACTIVE,BUS_TAXI,1,1,0,0,False
MCH3199,1,deshmukh-karnik,DEPARTMENT_STORES,PARTNERSHIP,ACTIVE,5311,JAIPUR,RAJASTHAN,2251.19,ACTIVE,DEPARTMENT_STORES,1,1,0,0,False
MCH3201,1,BAHL AND SONS,BOOK_STORE,SOLE_PROPRIETOR,ACTIVE,05942,ASR,PUNJAB,576.96,ACTIVE,BOOK_STORE,1,1,1,0,False
MCH3203,1,Randhawa-Pant,RETAIL,PARTNERSHIP,ACTIVE,5311,JAIPUR,RAJASTHAN,,ACTIVE,RETAIL,1,1,0,0,False
MCH3206,2,MULTIPLE_VALUES,MULTIPLE_VALUES,MULTIPLE_VALUES,ACTIVE,MULTIPLE_VALUES,MULTIPLE_VALUES,MULTIPLE_VALUES,867.135,ACTIVE,HOTELS | RETAIL,1,2,0,0,True
MCH3207,1,"Gala, Khatri and Khalsa",CHEMIST,PARTNERSHIP,ACTIVE,5912,AMRITSAR,PUNJAB,929.51,ACTIVE,CHEMIST,1,1,0,0,False
MCH3211,1,"Mani, Hora and Hayer",PHARMACY,PRIVATE_LIMITED,ACTIVE,5912,BENGALURU,KARNATAKA,3678.27,ACTIVE,PHARMACY,1,1,0,0,False
MCH3212,1,Merchant LLC,MISCELLANEOUS,PRIVATE_LIMITED,ACTIVE,5999,BENGALURU,KARNATAKA,980.37,ACTIVE,MISCELLANEOUS,1,1,0,0,False
MCH3214,1,Dubey Inc,TRANSPRT,INDIVIDUAL,ACTIVE,4131,BANGALORE,KARNATAKA,2052.0,ACTIVE,TRANSPRT,1,1,0,0,False
MCH3216,1,K0thari-Bhatia,GROCERY_STORES,SOLE_PROPRIETOR,ACTIVE,05411,HYDERABAD,TELANGANA,1987.15,ACTIVE,GROCERY_STORES,1,1,1,0,False
MCH3218,1,"KEER, SONI AND DESHPANDE",CHEMIST,SOLE_PROPRIETOR,ACTIVE,5912,BOMBAY,MAHARASHTRA,3727.56,ACTIVE,CHEMIST,1,1,0,0,False
MCH3219,1,Aggarwal Group,DEPARTMENT_STORE,PARTNERSHIP,ACTIVE,5311,LKO,UTTAR_PRADESH,1058.64,ACTIVE,DEPARTMENT_STORE,1,1,0,0,False
MCH3221,1,Baria-Dube,HOTELS,SOLE_PROPRIETOR,INACTIVE,7011,KOLKATA,WEST_BENGAL,338.34,INACTIVE,HOTELS,1,1,0,0,False
MCH3229,1,Keer-Kale,PHARMACY,SOLE_PROPRIETOR,ACTIVE,5912,MUMBAY,MAHARASHTRA,276.23,ACTIVE,PHARMACY,1,1,0,0,False
MCH3231,1,Gokhale Group,GROCERY,INDIVIDUAL,ACTIVE,5411,JALANDHAR,PUNJAB,205.0,ACTIVE,GROCERY,1,1,0,0,False
MCH3232,2,MULTIPLE_VALUES,MULTIPLE_VALUES,MULTIPLE_VALUES,ACTIVE,5812,KOLKATA,WEST_BENGAL,613.79,ACTIVE,FOOD_SERVICES | RESTAURANTS,1,2,0,0,True
MCH3233,1,"Dada, Pingle and Date",FASHION,INDIVIDUAL,INACTIVE,5699,POONA,MAHARASHTRA,5434.84,INACTIVE,FASHION,1,1,0,0,False
MCH3234,1,Lad Inc,MOBILE_RECHARGE,INDIVIDUAL,ACTIVE,,CALCUTTA,WEST_BENGAL,,ACTIVE,MOBILE_RECHARGE,1,1,1,0,False
MCH3237,2,Gaba Inc,MISCELLANEOUS,SOLE_PROPRIETOR,MULTIPLE_VALUES,5999,DELHI,DELHI,,ACTIVE | SUSPENDED,MISCELLANEOUS,2,1,0,1,True
MCH3240,1,"roy, dash and bobal",GROCERY_STORE,PARTNERSHIP,ACTIVE,5411,PUNE,MAHARASHTRA,1077.02,ACTIVE,GROCERY_STORE,1,1,0,0,False
MCH3242,1,"upadhyay, dash and vaidya",MISC_RETAIL,PARTNERSHIP,ACTIVE,5999,JPR,RAJASTHAN,1731.73,ACTIVE,MISC_RETAIL,1,1,0,0,False
MCH3244,1,Murthy Group,MEDICAL_STORE,PRIVATE_LIMITED,ACTIVE,5912,JALANDAR,PUNJAB,3366.47,ACTIVE,MEDICAL_STORE,1,1,0,0,False
MCH3247,1,Nagarajan-Shan,PHARMACY,INDIVIDUAL,INACTIVE,,CHENNAI,TAMIL_NADU,2666.23,INACTIVE,PHARMACY,1,1,1,0,False
MCH3250,1,Bose-Kalita,DEPARTMENT_STORES,SOLE_PROPRIETOR,INACTIVE,5311,MUMBAI,MAHARASHTRA,1514.47,INACTIVE,DEPARTMENT_STORES,1,1,0,0,False
MCH3251,1,BALAN-KUNDA,GROCERY,INDIVIDUAL,ACTIVE,5411,LDH,PUNJAB,3266.06,ACTIVE,GROCERY,1,1,0,0,False
MCH3252,1,"Patel, Saran and Bala",GARMENTS,INDIVIDUAL,ACTIVE,5699,POONA,MAHARASHTRA,1917.91,ACTIVE,GARMENTS,1,1,0,0,False
MCH3253,1,Khatri-Krishnamurthy,BOOKS,PARTNERSHIP,ACTIVE,5942,LKO,UTTAR_PRADESH,2086.58,ACTIVE,BOOKS,1,1,0,0,False
MCH3254,2,MULTIPLE_VALUES,MULTIPLE_VALUES,PARTNERSHIP,ACTIVE,MULTIPLE_VALUES,MULTIPLE_VALUES,MULTIPLE_VALUES,1400.225,ACTIVE,STATIONERY | TRANSPORTATION,1,2,0,0,True
MCH3255,1,"Shah, Kala and Sarraf",HOTELS,PRIVATE_LIMITED,ACTIVE,7011,JALANDHAR,PUNJAB,807.0,ACTIVE,HOTELS,1,1,0,0,False
MCH3256,1,"Patil, Tripathi and Seshadri",BOOKS,PARTNERSHIP,ACTIVE,5942,LUDHIANA,PUNJAB,4035.32,ACTIVE,BOOKS,1,1,0,0,False
MCH3259,3,MULTIPLE_VALUES,MULTIPLE_VALUES,MULTIPLE_VALUES,ACTIVE,MULTIPLE_VALUES,MULTIPLE_VALUES,MULTIPLE_VALUES,308.57,ACTIVE,PHARMACIES | TRANSPRT,1,2,2,0,True
MCH3260,2,MULTIPLE_VALUES,MULTIPLE_VALUES,INDIVIDUAL,MULTIPLE_VALUES,MULTIPLE_VALUES,ASR,PUNJAB,3644.285,ACTIVE | INACTIVE,RETAIL | TRANSPORT,2,2,0,0,True
MCH3263,2,MULTIPLE_VALUES,MULTIPLE_VALUES,MULTIPLE_VALUES,ACTIVE,5812,MULTIPLE_VALUES,MULTIPLE_VALUES,2348.1,ACTIVE,BOOKS_STATIONERY | FOOD_SERVICES,1,2,1,0,True
MCH3264,2,MULTIPLE_VALUES,MULTIPLE_VALUES,SOLE_PROPRIETOR,ACTIVE,MULTIPLE_VALUES,MULTIPLE_VALUES,MULTIPLE_VALUES,2693.79,ACTIVE,GROCERY_STORES | HOTEL_LODGING,1,2,1,0,True
MCH3265,3,MULTIPLE_VALUES,MULTIPLE_VALUES,MULTIPLE_VALUES,MULTIPLE_VALUES,MULTIPLE_VALUES,MULTIPLE_VALUES,MULTIPLE_VALUES,1446.0,ACTIVE | INACTIVE,BOOKS_STATIONERY | DEPARTMENT_STORES | TELECOM,2,3,2,0,True
MCH3266,1,"Lalla, Baral and Pau",DEPARTMENT_STORE,PRIVATE_LIMITED,ACTIVE,5311,CHENNAI,TAMIL_NADU,1627.34,ACTIVE,DEPARTMENT_STORE,1,1,0,0,False
MCH3267,2,MULTIPLE_VALUES,MULTIPLE_VALUES,MULTIPLE_VALUES,ACTIVE,MULTIPLE_VALUES,MULTIPLE_VALUES,MULTIPLE_VALUES,1157.285,ACTIVE,CLOTHS | PHONE_SERVICE,1,2,1,0,True
MCH3268,1,Kadakia-Rajan,CLOTHING,SOLE_PROPRIETOR,ACTIVE,5699,PUNE,MAHARASHTRA,2055.32,ACTIVE,CLOTHING,1,1,0,0,False
MCH3269,1,Kara-Ramaswamy,EATING_PLACE,PARTNERSHIP,ACTIVE,,POONA,MAHARASHTRA,1481.0,ACTIVE,EATING_PLACE,1,1,1,0,False
MCH3270,1,"CHOKSHI, DASH AND SRIVASTAVA",TRANSPORT,PARTNERSHIP,ACTIVE,4131,CHENNAI,TAMIL_NADU,1910.46,ACTIVE,TRANSPORT,1,1,0,0,False
MCH3272,1,Gera Group,CLOTHS,SOLE_PROPRIETOR,ACTIVE,5699,CHENNAI,TAMIL_NADU,2272.01,ACTIVE,CLOTHS,1,1,0,0,False
MCH3274,1,Sen-Chawla,DEPT_STORE,PRIVATE_LIMITED,ACTIVE,5311,CHENNAI,TAMIL_NADU,,ACTIVE,DEPT_STORE,1,1,0,0,False
MCH3275,1,Sridhar and Sons,GARMENTS,PARTNERSHIP,SUSPENDED,5699,NEW_DELHI,DELHI,,SUSPENDED,GARMENTS,1,1,0,1,False
MCH3277,1,Issac-Lata,PHONE_SERVICE,PARTNERSHIP,ACTIVE,,DILLI,DELHI,1571.63,ACTIVE,PHONE_SERVICE,1,1,1,0,False
MCH3279,1,"Zachariah, Gill and Palla",RESTAURANTS,INDIVIDUAL,ACTIVE,5812,PUNE,MAHARASHTRA,,ACTIVE,RESTAURANTS,1,1,0,0,False
MCH3280,1,"Vohra, Bora and Vasa",GROCERY_STORE,PRIVATE_LIMITED,SUSPENDED,5411,PUNE,MAHARASHTRA,412.76,SUSPENDED,GROCERY_STORE,1,1,0,1,False
MCH3281,2,MULTIPLE_VALUES,MULTIPLE_VALUES,MULTIPLE_VALUES,MULTIPLE_VALUES,MULTIPLE_VALUES,MULTIPLE_VALUES,MULTIPLE_VALUES,432.42,ACTIVE | INACTIVE,PHARMACY | RETAIL,2,2,0,0,True
MCH3284,1,Lal and Sons,MOBILE_RECHARGE,PRIVATE_LIMITED,INACTIVE,,LUDHIANA,PUNJAB,3943.29,INACTIVE,MOBILE_RECHARGE,1,1,1,0,False
MCH3285,1,"Prasad, Luthra and Suri",RETAIL,PARTNERSHIP,ACTIVE,5311,BANGALORE,KARNATAKA,669.58,ACTIVE,RETAIL,1,1,0,0,False
MCH3287,1,"dave, ganesan and biswas",RETAIL,INDIVIDUAL,ACTIVE,5311,BENGALURU,KARNATAKA,1007.0,ACTIVE,RETAIL,1,1,0,0,False
MCH3288,2,MULTIPLE_VALUES,MULTIPLE_VALUES,PARTNERSHIP,MULTIPLE_VALUES,MULTIPLE_VALUES,MULTIPLE_VALUES,MULTIPLE_VALUES,,ACTIVE | SUSPENDED,HOTELS | PHONE_SERVICE,2,2,0,1,True
MCH3289,2,MULTIPLE_VALUES,MULTIPLE_VALUES,MULTIPLE_VALUES,ACTIVE,MULTIPLE_VALUES,MULTIPLE_VALUES,MULTIPLE_VALUES,1368.37,ACTIVE,MEDICAL | TELECOM,1,2,0,0,True
MCH3291,1,Sanghvi-Nair,HOTEL_LODGING,PRIVATE_LIMITED,ACTIVE,7011,BANGALORE,KARNATAKA,3917.0,ACTIVE,HOTEL_LODGING,1,1,0,0,False
MCH3292,4,MULTIPLE_VALUES,MULTIPLE_VALUES,MULTIPLE_VALUES,MULTIPLE_VALUES,MULTIPLE_VALUES,MULTIPLE_VALUES,MULTIPLE_VALUES,5881.615000000001,ACTIVE | INACTIVE | SUSPENDED,MEDICAL | RETAIL | STATIONERY,3,3,2,1,True
MCH3294,1,"Murty, Vala and Pall",TRANSPORT,INDIVIDUAL,ACTIVE,04131,LUDHIANA,PUNJAB,822.03,ACTIVE,TRANSPORT,1,1,1,0,False
MCH3296,1,Sampath-Chopra,MISCELLANEOUS,INDIVIDUAL,ACTIVE,5999,BANGALORE,KARNATAKA,1074.2,ACTIVE,MISCELLANEOUS,1,1,0,0,False
MCH3298,1,"kurian, sheth and bains",FASHION,INDIVIDUAL,ACTIVE,5699,DELHI,DELHI,3789.0,ACTIVE,FASHION,1,1,0,0,False
MCH3299,1,"Varghese, Tripathi and Ganesh",RETAIL_OTHER,SOLE_PROPRIETOR,INACTIVE,5999,BENGALURU,KARNATAKA,2177.34,INACTIVE,RETAIL_OTHER,1,1,0,0,False
MCH3301,1,REDDY AND SONS,BOOKS,PARTNERSHIP,ACTIVE,5942,JPR,RAJASTHAN,2571.65,ACTIVE,BOOKS,1,1,0,0,False
MCH3307,1,Uppal and Sons,HOTEL_LODGING,PRIVATE_LIMITED,ACTIVE,7011,POONA,MAHARASHTRA,1033.39,ACTIVE,HOTEL_LODGING,1,1,0,0,False
MCH3308,3,MULTIPLE_VALUES,MULTIPLE_VALUES,MULTIPLE_VALUES,MULTIPLE_VALUES,MULTIPLE_VALUES,MULTIPLE_VALUES,MULTIPLE_VALUES,2438.38,ACTIVE | INACTIVE,BOOK_STORE | GARMENTS | RETAIL,2,3,0,0,True
MCH3311,2,MULTIPLE_VALUES,MULTIPLE_VALUES,MULTIPLE_VALUES,ACTIVE,MULTIPLE_VALUES,MULTIPLE_VALUES,MULTIPLE_VALUES,1133.475,ACTIVE,APPAREL | BOOKS_STATIONERY,1,2,0,0,True
MCH3313,1,Comar-Sidhu,DEPT_STORE,SOLE_PROPRIETOR,INACTIVE,5311,LUCKNOW,UTTAR_PRADESH,408.55,INACTIVE,DEPT_STORE,1,1,0,0,False
MCH3319,1,"Jani, Tailor and Radhakrishnan",APPAREL,SOLE_PROPRIETOR,ACTIVE,5699,JALANDAR,PUNJAB,,ACTIVE,APPAREL,1,1,0,0,False
MCH3321,1,Barad-Trivedi,TRANSPRT,SOLE_PROPRIETOR,ACTIVE,,AMRITSAR,PUNJAB,2096.6,ACTIVE,TRANSPRT,1,1,1,0,False
MCH3323,1,Dey PLC,TELECOM,SOLE_PROPRIETOR,INACTIVE,4814,JPR,RAJASTHAN,559.08,INACTIVE,TELECOM,1,1,0,0,False
MCH3324,3,MULTIPLE_VALUES,MULTIPLE_VALUES,MULTIPLE_VALUES,MULTIPLE_VALUES,MULTIPLE_VALUES,MULTIPLE_VALUES,MULTIPLE_VALUES,366.78,INACTIVE | SUSPENDED,GARMENTS | HOTELS,2,2,0,2,True
MCH3325,2,Varty-Vig,PHARMACY,PARTNERSHIP,MULTIPLE_VALUES,5912,KOLKATA,WEST_BENGAL,4212.0,ACTIVE | SUSPENDED,PHARMACY,2,1,0,1,True
MCH3327,1,Balay Ltd,MEDICAL,PARTNERSHIP,ACTIVE,5912,ASR,PUNJAB,799.92,ACTIVE,MEDICAL,1,1,0,0,False
MCH3328,4,MULTIPLE_VALUES,MULTIPLE_VALUES,MULTIPLE_VALUES,ACTIVE,MULTIPLE_VALUES,MULTIPLE_VALUES,MULTIPLE_VALUES,2511.295,ACTIVE,BOOKS_STATIONERY | MEDICAL_STORE | RETAIL | TELECOM,1,4,1,0,True
MCH3330,1,"Keer, Gupta and Som",DEPARTMENT_STORES,PRIVATE_LIMITED,ACTIVE,5311,JALANDHAR,PUNJAB,3134.69,ACTIVE,DEPARTMENT_STORES,1,1,0,0,False
MCH3331,1,"Shukla, Kadakia and Kata",GARMENTS,PRIVATE_LIMITED,ACTIVE,5699,LUDHIANA,PUNJAB,1008.43,ACTIVE,GARMENTS,1,1,0,0,False
MCH3333,1,Dada PLC,MISCELLANEOUS,PRIVATE_LIMITED,ACTIVE,5999,MUMBAI,MAHARASHTRA,668.0,ACTIVE,MISCELLANEOUS,1,1,0,0,False
MCH3334,1,Majumdar-Raja,MOBILE_RECHARGE,PRIVATE_LIMITED,ACTIVE,4814,HYD,TELANGANA,2941.2,ACTIVE,MOBILE_RECHARGE,1,1,0,0,False
MCH3335,1,Choudhary Ltd,APPAREL,PARTNERSHIP,ACTIVE,5699,LUCKNOW,UTTAR_PRADESH,413.6,ACTIVE,APPAREL,1,1,0,0,False
MCH3338,1,"Mistry, Majumdar and Ghosh",MOBILE_RECHARGE,INDIVIDUAL,ACTIVE,04814,LUDHIANA,PUNJAB,1989.0,ACTIVE,MOBILE_RECHARGE,1,1,1,0,False
MCH3340,2,MULTIPLE_VALUES,MULTIPLE_VALUES,MULTIPLE_VALUES,MULTIPLE_VALUES,MULTIPLE_VALUES,MULTIPLE_VALUES,MULTIPLE_VALUES,311.76,ACTIVE | SUSPENDED,CLOTHS | MISCELLANEOUS,2,2,0,1,True
MCH3341,1,Ramesh Inc,PHARMACY,INDIVIDUAL,ACTIVE,5912,MUMBAY,MAHARASHTRA,1745.15,ACTIVE,PHARMACY,1,1,0,0,False
MCH3348,1,"Chauhan, Chowdhury and Dhillon",STATIONERY,INDIVIDUAL,ACTIVE,5942,AMRITSAR,PUNJAB,,ACTIVE,STATIONERY,1,1,0,0,False
MCH3351,1,"Loke, Narasimhan and Gandhi",CHEMIST,PARTNERSHIP,SUSPENDED,5912,ASR,PUNJAB,1029.99,SUSPENDED,CHEMIST,1,1,0,1,False
MCH3353,2,MULTIPLE_VALUES,MULTIPLE_VALUES,MULTIPLE_VALUES,MULTIPLE_VALUES,5942,MULTIPLE_VALUES,MULTIPLE_VALUES,2229.1400000000003,INACTIVE | SUSPENDED,BOOK_STORE | CHEMIST,2,2,1,1,True
MCH3354,1,"Barad, Ahluwalia and Mahal",BOOKS_STATIONERY,PARTNERSHIP,ACTIVE,5942,LUCKNOW,UTTAR_PRADESH,906.14,ACTIVE,BOOKS_STATIONERY,1,1,0,0,False
MCH3357,2,MULTIPLE_VALUES,MULTIPLE_VALUES,PARTNERSHIP,ACTIVE,MULTIPLE_VALUES,MULTIPLE_VALUES,MULTIPLE_VALUES,1350.53,ACTIVE,HOSPITALITY | TELECOM,1,2,0,0,True
MCH3358,1,Suri-Dhillon,TRAVEL,INDIVIDUAL,INACTIVE,4131,KOLKATA,WEST_BENGAL,665.29,INACTIVE,TRAVEL,1,1,0,0,False
MCH3361,1,Sabharwal-Shah,TRANSPRT,PARTNERSHIP,INACTIVE,MISC,JALANDHAR,PUNJAB,887.23,INACTIVE,TRANSPRT,1,1,1,0,False
MCH3362,1,Chander-Sangha,GROCERIES,PRIVATE_LIMITED,SUSPENDED,5411,ASR,PUNJAB,12795.59,SUSPENDED,GROCERIES,1,1,0,1,False
MCH3369,2,MULTIPLE_VALUES,MULTIPLE_VALUES,MULTIPLE_VALUES,ACTIVE,MULTIPLE_VALUES,MULTIPLE_VALUES,MULTIPLE_VALUES,1987.31,ACTIVE,MISC_RETAIL | STATIONERY,1,2,0,0,True
MCH3371,3,MULTIPLE_VALUES,MULTIPLE_VALUES,MULTIPLE_VALUES,ACTIVE,MULTIPLE_VALUES,MULTIPLE_VALUES,MULTIPLE_VALUES,1557.07,ACTIVE,CLOTHING | PHONE_SERVICE | TRANSPORT,1,3,1,0,True
MCH3376,1,Sama-Gaba,KIRANA,INDIVIDUAL,ACTIVE,5411,HYDERABAD,TELANGANA,732.24,ACTIVE,KIRANA,1,1,0,0,False
MCH3379,1,Sura Inc,GROCERY_STORES,SOLE_PROPRIETOR,ACTIVE,5411,MADRAS,TAMIL_NADU,851.53,ACTIVE,GROCERY_STORES,1,1,0,0,False
MCH3382,2,MULTIPLE_VALUES,MULTIPLE_VALUES,MULTIPLE_VALUES,MULTIPLE_VALUES,MULTIPLE_VALUES,MULTIPLE_VALUES,MAHARASHTRA,1461.48,ACTIVE | SUSPENDED,DEPT_STORE | TRANSPORTATION,2,2,0,1,True
MCH3383,1,Muni Inc,OTHER,SOLE_PROPRIETOR,ACTIVE,5999,DELHI,DELHI,5804.6,ACTIVE,OTHER,1,1,0,0,False
MCH3384,2,MULTIPLE_VALUES,MULTIPLE_VALUES,MULTIPLE_VALUES,ACTIVE,MULTIPLE_VALUES,MULTIPLE_VALUES,MULTIPLE_VALUES,929.4499999999999,ACTIVE,BOOK_STORE | MISC_RETAIL,1,2,0,0,True
MCH3386,2,MULTIPLE_VALUES,MULTIPLE_VALUES,MULTIPLE_VALUES,ACTIVE,5311,MULTIPLE_VALUES,MULTIPLE_VALUES,2256.76,ACTIVE,DEPARTMENT_STORES | RETAIL,1,2,0,0,True
MCH3387,1,Boase Ltd,MOBILE_RECHARGE,SOLE_PROPRIETOR,ACTIVE,04814,CHENNAI,TAMIL_NADU,4926.8,ACTIVE,MOBILE_RECHARGE,1,1,1,0,False
MCH3388,3,MULTIPLE_VALUES,MULTIPLE_VALUES,MULTIPLE_VALUES,INACTIVE,MULTIPLE_VALUES,MULTIPLE_VALUES,MULTIPLE_VALUES,1438.0,INACTIVE,DEPARTMENT_STORE | HOTEL | MISC_RETAIL,1,3,0,0,True
MCH3389,2,MULTIPLE_VALUES,MULTIPLE_VALUES,INDIVIDUAL,ACTIVE,MISC,MULTIPLE_VALUES,PUNJAB,234.09,ACTIVE,CHEMIST | MEDICAL_STORE,1,2,2,0,True
MCH3391,1,Dass Inc,TRANSPRT,PARTNERSHIP,ACTIVE,4131,LUCKNOW,UTTAR_PRADESH,1298.0,ACTIVE,TRANSPRT,1,1,0,0,False
MCH3393,1,"PANCHAL, MISTRY AND SAWHNEY",GROCERY,SOLE_PROPRIETOR,ACTIVE,,AMRITSAR,PUNJAB,612.0,ACTIVE,GROCERY,1,1,1,0,False
MCH3395,2,MULTIPLE_VALUES,MULTIPLE_VALUES,MULTIPLE_VALUES,MULTIPLE_VALUES,MULTIPLE_VALUES,MULTIPLE_VALUES,MULTIPLE_VALUES,1397.665,ACTIVE | INACTIVE,BUS_TAXI | PHARMACY,2,2,0,0,True
MCH3398,1,Chaudhary Ltd,APPAREL,SOLE_PROPRIETOR,INACTIVE,5699,CHENNAI,TAMIL_NADU,1864.25,INACTIVE,APPAREL,1,1,0,0,False
MCH3399,2,MULTIPLE_VALUES,MULTIPLE_VALUES,PRIVATE_LIMITED,ACTIVE,MULTIPLE_VALUES,MULTIPLE_VALUES,MULTIPLE_VALUES,575.9,ACTIVE,GARMENTS | MEDICAL_STORE,1,2,0,0,True
MCH3401,1,chana llc,GROCERY_STORES,INDIVIDUAL,ACTIVE,5411,CHENNAI,TAMIL_NADU,3703.23,ACTIVE,GROCERY_STORES,1,1,0,0,False
MCH3402,1,"Lala, Loyal and Trivedi",MISCELLANEOUS,PARTNERSHIP,INACTIVE,5999,POONA,MAHARASHTRA,1152.61,INACTIVE,MISCELLANEOUS,1,1,0,0,False
MCH3404,1,"parekh, lad and soman",DEPT_STORE,INDIVIDUAL,ACTIVE,5311,MUMBAI,MAHARASHTRA,,ACTIVE,DEPT_STORE,1,1,0,0,False
MCH3405,1,"DARA, BOASE AND CHADA",MISC_RETAIL,PARTNERSHIP,ACTIVE,5999,PUNE,MAHARASHTRA,210.2,ACTIVE,MISC_RETAIL,1,1,0,0,False
MCH3406,1,"Swamy, Borah and Sampath",RETAIL,INDIVIDUAL,INACTIVE,5311,MUMBAI,MAHARASHTRA,438.79,INACTIVE,RETAIL,1,1,0,0,False
MCH3407,1,Lal LLC,OTHER,PRIVATE_LIMITED,ACTIVE,UNKNOWN,JALANDAR,PUNJAB,3232.78,ACTIVE,OTHER,1,1,1,0,False
MCH3409,1,BADAMI AND SONS,HOTEL,SOLE_PROPRIETOR,ACTIVE,7011,BENGALURU,KARNATAKA,1179.18,ACTIVE,HOTEL,1,1,0,0,False
MCH3410,1,Mutti PLC,HOTEL,SOLE_PROPRIETOR,ACTIVE,7011,CHENNAI,TAMIL_NADU,4042.64,ACTIVE,HOTEL,1,1,0,0,False
MCH3412,1,Tak and Sons,HOTEL_LODGING,SOLE_PROPRIETOR,ACTIVE,7011,JPR,RAJASTHAN,4884.39,ACTIVE,HOTEL_LODGING,1,1,0,0,False
MCH3414,1,Sahota Ltd,TELECOM,PRIVATE_LIMITED,ACTIVE,4814,AMRITSAR,PUNJAB,1607.54,ACTIVE,TELECOM,1,1,0,0,False
MCH3415,1,Keer Inc,RESTAURANT,SOLE_PROPRIETOR,ACTIVE,5812,CHENNAI,TAMIL_NADU,,ACTIVE,RESTAURANT,1,1,0,0,False
MCH3416,1,"Rau, Baral and Karan",PHONE_SERVICE,PRIVATE_LIMITED,ACTIVE,4814,LUDHIANA,PUNJAB,894.0,ACTIVE,PHONE_SERVICE,1,1,0,0,False
MCH3418,1,Parsa-Parikh,CHEMIST,PARTNERSHIP,ACTIVE,5912,HYDERABAD,TELANGANA,8725.31,ACTIVE,CHEMIST,1,1,0,0,False
MCH3419,1,"bansal, naidu and baria",PHARMACIES,PRIVATE_LIMITED,ACTIVE,5912,PUNE,MAHARASHTRA,357.64,ACTIVE,PHARMACIES,1,1,0,0,False
MCH3420,1,"Mani, Kota and Deol",TRAVEL,INDIVIDUAL,INACTIVE,4131,JPR,RAJASTHAN,453.43,INACTIVE,TRAVEL,1,1,0,0,False
MCH3421,1,"Sandhu, Saxena and Talwar",STATIONERY,SOLE_PROPRIETOR,SUSPENDED,5942,DELHI,DELHI,1117.58,SUSPENDED,STATIONERY,1,1,0,1,False
MCH3423,1,Sant-Singh,HOTEL_LODGING,PARTNERSHIP,ACTIVE,07011,DELHI,DELHI,11283.23,ACTIVE,HOTEL_LODGING,1,1,1,0,False
MCH3424,1,Tandon-Raja,GROCERY_STORES,PRIVATE_LIMITED,INACTIVE,5411,PUNE,MAHARASHTRA,1643.97,INACTIVE,GROCERY_STORES,1,1,0,0,False
MCH3426,1,"Morar, Dar and Raja",DEPT_STORE,INDIVIDUAL,INACTIVE,5311,JALANDAR,PUNJAB,1252.0,INACTIVE,DEPT_STORE,1,1,0,0,False
MCH3431,1,Ghosh and Sons,EATING_PLACE,SOLE_PROPRIETOR,SUSPENDED,,MUMBAI,MAHARASHTRA,1904.92,SUSPENDED,EATING_PLACE,1,1,1,1,False
MCH3433,1,"Pathak, Sathe and Rama",GROCERY_STORE,PRIVATE_LIMITED,INACTIVE,5411,KOLKATA,WEST_BENGAL,3697.0,INACTIVE,GROCERY_STORE,1,1,0,0,False
MCH3435,1,"MITTER, CHAKRABARTI AND SWAMINATHAN",FOOD,INDIVIDUAL,ACTIVE,5812,LUDHIANA,PUNJAB,1050.63,ACTIVE,FOOD,1,1,0,0,False
MCH3438,3,MULTIPLE_VALUES,MULTIPLE_VALUES,MULTIPLE_VALUES,ACTIVE,MULTIPLE_VALUES,MULTIPLE_VALUES,MULTIPLE_VALUES,887.1500000000001,ACTIVE,DEPARTMENT_STORES | MOBILE_RECHARGE | TRANSPORT,1,3,1,0,True
MCH3439,2,MULTIPLE_VALUES,MULTIPLE_VALUES,MULTIPLE_VALUES,MULTIPLE_VALUES,MULTIPLE_VALUES,MULTIPLE_VALUES,PUNJAB,1300.79,ACTIVE | INACTIVE,KIRANA | PHONE_SERVICE,2,2,0,0,True
MCH3440,1,"Sahni, Thakur and Kale",GROCERY_STORE,PARTNERSHIP,ACTIVE,5411,HYDERABAD,TELANGANA,797.0,ACTIVE,GROCERY_STORE,1,1,0,0,False
MCH3441,1,"Naidu, Nayar and Chand",BOOKS,PARTNERSHIP,ACTIVE,05942,LDH,PUNJAB,817.0,ACTIVE,BOOKS,1,1,1,0,False
MCH3442,4,MULTIPLE_VALUES,MULTIPLE_VALUES,MULTIPLE_VALUES,MULTIPLE_VALUES,MULTIPLE_VALUES,MULTIPLE_VALUES,MULTIPLE_VALUES,2235.34,ACTIVE | INACTIVE | SUSPENDED,CLOTHING | GROCERY | GROCERY_STORE | TRAVEL,3,4,1,1,True
MCH3445,1,"Madan, Naidu and Andra",HOTELS,PRIVATE_LIMITED,ACTIVE,7011,JAIPUR,RAJASTHAN,983.3,ACTIVE,HOTELS,1,1,0,0,False
MCH3446,1,Ganesan-Contractor,GROCERY_STORE,SOLE_PROPRIETOR,INACTIVE,5411,LUCKNOW,UTTAR_PRADESH,348.14,INACTIVE,GROCERY_STORE,1,1,0,0,False
MCH3447,1,ANDRA-EDWIN,FASHION,INDIVIDUAL,ACTIVE,5699,HYD,TELANGANA,1619.69,ACTIVE,FASHION,1,1,0,0,False
MCH3449,2,MULTIPLE_VALUES,MISCELLANEOUS,MULTIPLE_VALUES,MULTIPLE_VALUES,MULTIPLE_VALUES,MULTIPLE_VALUES,MULTIPLE_VALUES,336.01,ACTIVE | INACTIVE,MISCELLANEOUS,2,1,1,0,True
MCH3451,1,AMBLE-NAIR,PHARMACY,SOLE_PROPRIETOR,SUSPENDED,5912,AMRITSAR,PUNJAB,,SUSPENDED,PHARMACY,1,1,0,1,False
MCH3452,1,"Tandon, Oza and Sharma",GROCERY_STORES,SOLE_PROPRIETOR,INACTIVE,5411,POONA,MAHARASHTRA,,INACTIVE,GROCERY_STORES,1,1,0,0,False
MCH3453,1,"Sangha, Minhas and Patil",HOSPITALITY,PRIVATE_LIMITED,ACTIVE,7011,JAIPUR,RAJASTHAN,,ACTIVE,HOSPITALITY,1,1,0,0,False
MCH3454,1,Rajagopal-Wason,RESTAURANT,PARTNERSHIP,ACTIVE,5812,HYDERABAD,TELANGANA,,ACTIVE,RESTAURANT,1,1,0,0,False
MCH3455,1,Singhal LLC,DEPARTMENT_STORE,INDIVIDUAL,ACTIVE,05311,JALANDAR,PUNJAB,11222.95,ACTIVE,DEPARTMENT_STORE,1,1,1,0,False
MCH3459,1,Nagi-Saini,TELECOM,SOLE_PROPRIETOR,ACTIVE,4814,HYDERABAD,TELANGANA,2617.26,ACTIVE,TELECOM,1,1,0,0,False
MCH3460,1,CHAND-BORA,GROCERY_STORES,INDIVIDUAL,ACTIVE,5411,CALCUTTA,WEST_BENGAL,,ACTIVE,GROCERY_STORES,1,1,0,0,False
MCH3461,1,"Balakrishnan, Sachdeva and Sekhon",MISCELLANEOUS,INDIVIDUAL,ACTIVE,5999,MUMBAI,MAHARASHTRA,1049.37,ACTIVE,MISCELLANEOUS,1,1,0,0,False
MCH3465,1,"Patla, Tiwari and Bobal",MOBILE_RECHARGE,PRIVATE_LIMITED,ACTIVE,4814,AMRITSAR,PUNJAB,662.0,ACTIVE,MOBILE_RECHARGE,1,1,0,0,False
MCH3468,1,Aurora-Ben,HOSPITALITY,PRIVATE_LIMITED,ACTIVE,,HYD,TELANGANA,199.0,ACTIVE,HOSPITALITY,1,1,1,0,False
MCH3469,1,Ha1der-Bains,TELECOM,PRIVATE_LIMITED,ACTIVE,,LUDHIANA,PUNJAB,943.76,ACTIVE,TELECOM,1,1,1,0,False
MCH3470,1,CHOPRA-GARDE,TELECOM,INDIVIDUAL,ACTIVE,4814,BANGALORE,KARNATAKA,509.62,ACTIVE,TELECOM,1,1,0,0,False
MCH3473,1,"Mahal, Butala and Shenoy",TRAVEL,INDIVIDUAL,INACTIVE,4131,AMRITSAR,PUNJAB,456.8,INACTIVE,TRAVEL,1,1,0,0,False
MCH3475,1,"Wadhwa, Banik and Prakash",RESTAURANT,PRIVATE_LIMITED,ACTIVE,5812,JAIPUR,RAJASTHAN,335.53,ACTIVE,RESTAURANT,1,1,0,0,False
MCH3477,1,"Mangal, Comar and Krish",DEPARTMENT_STORE,SOLE_PROPRIETOR,ACTIVE,5311,MUMBAI,MAHARASHTRA,13897.21,ACTIVE,DEPARTMENT_STORE,1,1,0,0,False
MCH3481,1,"RAJA, BRAR AND NAGAR",GROCERY_STORES,PRIVATE_LIMITED,ACTIVE,,NEW_DELHI,DELHI,1791.83,ACTIVE,GROCERY_STORES,1,1,1,0,False
MCH3483,1,"Puri, Sachdeva and Jhaveri",RESTAURANTS,PRIVATE_LIMITED,INACTIVE,5812,JAIPUR,RAJASTHAN,1128.9,INACTIVE,RESTAURANTS,1,1,0,0,False
MCH3484,1,Sidhu LLC,MISC_RETAIL,INDIVIDUAL,ACTIVE,5999,LUDHIANA,PUNJAB,,ACTIVE,MISC_RETAIL,1,1,0,0,False
MCH3487,3,MULTIPLE_VALUES,MULTIPLE_VALUES,MULTIPLE_VALUES,ACTIVE,MULTIPLE_VALUES,MULTIPLE_VALUES,MULTIPLE_VALUES,1642.29,ACTIVE,GARMENTS | MEDICAL | RESTAURANT,1,3,0,0,True
MCH3488,1,Sarna-Ramaswamy,CLOTHING,PRIVATE_LIMITED,ACTIVE,5699,KOLKATA,WEST_BENGAL,1118.6,ACTIVE,CLOTHING,1,1,0,0,False
MCH3489,1,Bahl-Bhavsar,TRANSPORTATION,PARTNERSHIP,ACTIVE,4131,DELHI,DELHI,908.03,ACTIVE,TRANSPORTATION,1,1,0,0,False
MCH3490,1,Sachdev-Din,KIRANA,INDIVIDUAL,SUSPENDED,5411,DELHI,DELHI,570.0,SUSPENDED,KIRANA,1,1,0,1,False
MCH3491,1,"Chawla, Tella and Madan",MOBILE_RECHARGE,SOLE_PROPRIETOR,ACTIVE,,LKO,UTTAR_PRADESH,1044.7,ACTIVE,MOBILE_RECHARGE,1,1,1,0,False
MCH3497,1,"Gokhale, Parmer and Contractor",TRANSPORT,INDIVIDUAL,ACTIVE,,JALANDHAR,PUNJAB,,ACTIVE,TRANSPORT,1,1,1,0,False
MCH3498,1,AGATE AND SONS,TELECOM,INDIVIDUAL,ACTIVE,4814,CHENNAI,TAMIL_NADU,1499.04,ACTIVE,TELECOM,1,1,0,0,False
MCH3499,3,MULTIPLE_VALUES,MULTIPLE_VALUES,MULTIPLE_VALUES,ACTIVE,MULTIPLE_VALUES,MULTIPLE_VALUES,MULTIPLE_VALUES,804.98,ACTIVE,FOOD | RETAIL,1,2,0,0,True
MCH3501,1,Chandran-Tripathi,MISCELLANEOUS,PRIVATE_LIMITED,ACTIVE,5999,MUMBAI,MAHARASHTRA,1658.21,ACTIVE,MISCELLANEOUS,1,1,0,0,False
MCH3502,1,"Bail, Sawhney and Majumdar",EATING_PLACE,INDIVIDUAL,ACTIVE,,HYD,TELANGANA,4792.39,ACTIVE,EATING_PLACE,1,1,1,0,False
MCH3504,1,"Ram, Dora and Bhatti",BOOK_STORE,INDIVIDUAL,INACTIVE,5942,PUNE,MAHARASHTRA,520.17,INACTIVE,BOOK_STORE,1,1,0,0,False
MCH3506,1,Peri Group,HOSPITALITY,INDIVIDUAL,ACTIVE,07011,BENGALURU,KARNATAKA,3808.09,ACTIVE,HOSPITALITY,1,1,1,0,False
MCH3507,1,"Sundaram, Shan and Subramanian",HOTEL_LODGING,INDIVIDUAL,ACTIVE,7011,AMRITSAR,PUNJAB,950.31,ACTIVE,HOTEL_LODGING,1,1,0,0,False
MCH3508,1,Prabhu and Sons,TRAVEL,PRIVATE_LIMITED,ACTIVE,4131,DELHI,DELHI,1850.0,ACTIVE,TRAVEL,1,1,0,0,False
MCH3509,2,MULTIPLE_VALUES,MULTIPLE_VALUES,MULTIPLE_VALUES,ACTIVE,MULTIPLE_VALUES,MULTIPLE_VALUES,MULTIPLE_VALUES,952.63,ACTIVE,OTHER | PHARMACIES,1,2,0,0,True
MCH3510,1,Sankaran Inc,APPAREL,INDIVIDUAL,INACTIVE,5699,HYDERABAD,TELANGANA,2317.0,INACTIVE,APPAREL,1,1,0,0,False
MCH3511,1,"Konda, Venkatesh and Jha",GROCERY,INDIVIDUAL,ACTIVE,5411,LUCKNOW,UTTAR_PRADESH,,ACTIVE,GROCERY,1,1,0,0,False
MCH3512,1,"Bhatti, Khosla and Chhabra",PHONE_SERVICE,PRIVATE_LIMITED,ACTIVE,,AMRITSAR,PUNJAB,1112.0,ACTIVE,PHONE_SERVICE,1,1,1,0,False
MCH3513,1,"Gade, Raghavan and Ben",STATIONERY,INDIVIDUAL,INACTIVE,5942,CHENNAI,TAMIL_NADU,1116.95,INACTIVE,STATIONERY,1,1,0,0,False
MCH3518,1,Borah and Sons,TRANSPORTATION,SOLE_PROPRIETOR,ACTIVE,4131,MUMBAY,MAHARASHTRA,451.33,ACTIVE,TRANSPORTATION,1,1,0,0,False
MCH3520,2,MULTIPLE_VALUES,MULTIPLE_VALUES,MULTIPLE_VALUES,ACTIVE,MULTIPLE_VALUES,MULTIPLE_VALUES,MULTIPLE_VALUES,1231.0,ACTIVE,CLOTHS | HOTEL,1,2,0,0,True
MCH3523,1,"Khare, Radhakrishnan and Gala",FOOD,INDIVIDUAL,ACTIVE,5812,JPR,RAJASTHAN,,ACTIVE,FOOD,1,1,0,0,False
MCH3530,1,DUGAR PLC,GARMENTS,INDIVIDUAL,ACTIVE,5699,LDH,PUNJAB,,ACTIVE,GARMENTS,1,1,0,0,False
MCH3533,1,Tiwari-Gulati,HOTEL_LODGING,PRIVATE_LIMITED,ACTIVE,7011,MUMBAI,MAHARASHTRA,709.41,ACTIVE,HOTEL_LODGING,1,1,0,0,False
MCH3535,2,MULTIPLE_VALUES,MULTIPLE_VALUES,MULTIPLE_VALUES,ACTIVE,MULTIPLE_VALUES,MULTIPLE_VALUES,MULTIPLE_VALUES,765.385,ACTIVE,HOTELS | TRAVEL,1,2,0,0,True
MCH3536,2,MULTIPLE_VALUES,MULTIPLE_VALUES,PARTNERSHIP,MULTIPLE_VALUES,MULTIPLE_VALUES,MULTIPLE_VALUES,MULTIPLE_VALUES,2587.015,ACTIVE | INACTIVE,BOOKS | FOOD,2,2,1,0,True
MCH3539,1,"Korpal, Nair and Chana",APPAREL,SOLE_PROPRIETOR,INACTIVE,5699,MUMBAI,MAHARASHTRA,2681.05,INACTIVE,APPAREL,1,1,0,0,False
MCH3541,2,"SRIVASTAVA, TELLA AND KONDA",MOBILE_RECHARGE,PRIVATE_LIMITED,MULTIPLE_VALUES,4814,DELHI,DELHI,2341.43,ACTIVE | INACTIVE,MOBILE_RECHARGE,2,1,0,0,True
MCH3545,1,"CHACKO, OZA AND JAGGI",HOTELS,SOLE_PROPRIETOR,ACTIVE,7011,HYD,TELANGANA,867.82,ACTIVE,HOTELS,1,1,0,0,False
MCH3547,1,RAMANATHAN-DADA,FOOD,PRIVATE_LIMITED,ACTIVE,5812,DILLI,DELHI,5262.6,ACTIVE,FOOD,1,1,0,0,False
MCH3548,1,"Bhakta, Dhaliwal and Comar",PHONE_SERVICE,INDIVIDUAL,ACTIVE,4814,JPR,RAJASTHAN,1931.09,ACTIVE,PHONE_SERVICE,1,1,0,0,False
MCH3549,1,Khalsa and Sons,FOOD,INDIVIDUAL,ACTIVE,5812,AMRITSAR,PUNJAB,1756.73,ACTIVE,FOOD,1,1,0,0,False
MCH3551,1,"Chaudry, Toor and Lala",PHONE_SERVICE,SOLE_PROPRIETOR,ACTIVE,4814,BENGALURU,KARNATAKA,941.64,ACTIVE,PHONE_SERVICE,1,1,0,0,False
MCH3552,1,"morar, ahuja and ravel",STATIONERY,SOLE_PROPRIETOR,ACTIVE,5942,PUNE,MAHARASHTRA,8846.0,ACTIVE,STATIONERY,1,1,0,0,False
MCH3553,2,MULTIPLE_VALUES,MULTIPLE_VALUES,MULTIPLE_VALUES,MULTIPLE_VALUES,MULTIPLE_VALUES,MULTIPLE_VALUES,MULTIPLE_VALUES,1035.0,ACTIVE | SUSPENDED,MEDICAL_STORE | TRANSPORTATION,2,2,0,1,True
MCH3554,1,"Chowdhury, Mann and Mitter",TRANSPORTATION,INDIVIDUAL,ACTIVE,4131,JALANDHAR,PUNJAB,893.92,ACTIVE,TRANSPORTATION,1,1,0,0,False
MCH3555,1,Chaudhari-Dutta,DEPT_STORE,PARTNERSHIP,ACTIVE,5311,CALCUTTA,WEST_BENGAL,712.21,ACTIVE,DEPT_STORE,1,1,0,0,False
MCH3556,2,MULTIPLE_VALUES,MULTIPLE_VALUES,MULTIPLE_VALUES,ACTIVE,MULTIPLE_VALUES,MULTIPLE_VALUES,MULTIPLE_VALUES,1107.13,ACTIVE,MISC_RETAIL | PHONE_SERVICE,1,2,0,0,True
MCH3558,3,MULTIPLE_VALUES,MULTIPLE_VALUES,MULTIPLE_VALUES,MULTIPLE_VALUES,MULTIPLE_VALUES,MULTIPLE_VALUES,MULTIPLE_VALUES,2683.485,ACTIVE | SUSPENDED,DEPARTMENT_STORE | HOTELS | TRANSPRT,2,3,0,1,True
MCH3559,2,Chokshi Inc,FOOD,PRIVATE_LIMITED,MULTIPLE_VALUES,5812,BENGALURU,KARNATAKA,,ACTIVE | SUSPENDED,FOOD,2,1,0,1,True
MCH3561,2,MULTIPLE_VALUES,MULTIPLE_VALUES,MULTIPLE_VALUES,ACTIVE,MULTIPLE_VALUES,MULTIPLE_VALUES,MULTIPLE_VALUES,496.0,ACTIVE,FOOD | PHONE_SERVICE,1,2,1,0,True
MCH3563,3,MULTIPLE_VALUES,MULTIPLE_VALUES,MULTIPLE_VALUES,ACTIVE,MULTIPLE_VALUES,MULTIPLE_VALUES,MULTIPLE_VALUES,418.41,ACTIVE,BUS_TAXI | CHEMIST | EATING_PLACE,1,3,2,0,True
MCH3564,2,MULTIPLE_VALUES,MULTIPLE_VALUES,MULTIPLE_VALUES,ACTIVE,MULTIPLE_VALUES,MULTIPLE_VALUES,MULTIPLE_VALUES,744.335,ACTIVE,FOOD_SERVICES | MISC_RETAIL,1,2,0,0,True
MCH3567,3,MULTIPLE_VALUES,MULTIPLE_VALUES,SOLE_PROPRIETOR,MULTIPLE_VALUES,MULTIPLE_VALUES,MULTIPLE_VALUES,MULTIPLE_VALUES,1794.62,ACTIVE | INACTIVE,GROCERY_STORES | TELECOM,2,2,0,0,True
MCH3568,1,"CHOUDHURY, TRIVEDI AND BHATNAGAR",DEPARTMENT_STORES,PRIVATE_LIMITED,ACTIVE,5311,LUDHIANA,PUNJAB,1208.3,ACTIVE,DEPARTMENT_STORES,1,1,0,0,False
MCH3569,1,Choudhury-Prashad,STATIONERY,SOLE_PROPRIETOR,ACTIVE,05942,LKO,UTTAR_PRADESH,1411.0,ACTIVE,STATIONERY,1,1,1,0,False
MCH3570,1,sura-barman,OTHER,PRIVATE_LIMITED,INACTIVE,5999,JALANDHAR,PUNJAB,1099.0,INACTIVE,OTHER,1,1,0,0,False
MCH3571,1,"Aurora, Kamdar and Vasa",KIRANA,PRIVATE_LIMITED,ACTIVE,5411,LKO,UTTAR_PRADESH,583.65,ACTIVE,KIRANA,1,1,0,0,False
MCH3572,2,MULTIPLE_VALUES,MULTIPLE_VALUES,SOLE_PROPRIETOR,ACTIVE,5812,MULTIPLE_VALUES,MULTIPLE_VALUES,793.52,ACTIVE,EATING_PLACE | TRAVEL,1,2,1,0,True
MCH3574,1,Sodhi-Shan,TRANSPORT,PARTNERSHIP,INACTIVE,4131,POONA,MAHARASHTRA,4407.0,INACTIVE,TRANSPORT,1,1,0,0,False
MCH3577,2,MULTIPLE_VALUES,MULTIPLE_VALUES,MULTIPLE_VALUES,ACTIVE,5812,MULTIPLE_VALUES,MULTIPLE_VALUES,1820.36,ACTIVE,BOOKS_STATIONERY | RESTAURANT,1,2,1,0,True
MCH3578,1,"badal, gopal and walla",TRANSPORTATION,INDIVIDUAL,ACTIVE,4131,AMRITSAR,PUNJAB,14795.0,ACTIVE,TRANSPORTATION,1,1,0,0,False
MCH3581,1,"Chadha, Sankaran and Pau",CLOTHING,PARTNERSHIP,ACTIVE,05699,KOLKATA,WEST_BENGAL,,ACTIVE,CLOTHING,1,1,1,0,False
MCH3586,2,MULTIPLE_VALUES,MULTIPLE_VALUES,MULTIPLE_VALUES,MULTIPLE_VALUES,MULTIPLE_VALUES,MULTIPLE_VALUES,MULTIPLE_VALUES,1765.065,ACTIVE | INACTIVE,PHARMACIES | TELECOM,2,2,2,0,True
MCH3587,2,Sagar-Raval,HOTEL_LODGING,PARTNERSHIP,MULTIPLE_VALUES,7011,JALANDAR,PUNJAB,1064.25,ACTIVE | SUSPENDED,HOTEL_LODGING,2,1,0,1,True
MCH3591,1,"Panchal, Balasubramanian and Dey",STATIONERY,PRIVATE_LIMITED,ACTIVE,05942,KOLKATA,WEST_BENGAL,2193.61,ACTIVE,STATIONERY,1,1,1,0,False
MCH3592,1,"Sem, Chandran and Dara",OTHER,SOLE_PROPRIETOR,INACTIVE,5999,DILLI,DELHI,,INACTIVE,OTHER,1,1,0,0,False
MCH3593,2,"Kara,BrarandApte",PHONE_SERVICE,PRIVATE_LIMITED,MULTIPLE_VALUES,4814,MUMBAI,MAHARASHTRA,474.6,ACTIVE | SUSPENDED,PHONE_SERVICE,2,1,0,1,True
MCH3594,2,MULTIPLE_VALUES,MULTIPLE_VALUES,PARTNERSHIP,ACTIVE,5999,MULTIPLE_VALUES,MULTIPLE_VALUES,381.0,ACTIVE,BUS_TAXI | MISC_RETAIL,1,2,1,0,True
MCH3595,1,"SRIVASTAVA, MERCHANT AND KOTA",RETAIL,PRIVATE_LIMITED,INACTIVE,5311,LUDHIANA,PUNJAB,1153.0,INACTIVE,RETAIL,1,1,0,0,False
MCH3596,2,MULTIPLE_VALUES,MULTIPLE_VALUES,MULTIPLE_VALUES,MULTIPLE_VALUES,MULTIPLE_VALUES,MULTIPLE_VALUES,MULTIPLE_VALUES,321.05,ACTIVE | INACTIVE,APPAREL | TRANSPORT,2,2,0,0,True
MCH3598,1,Kapur-Sahni,PHONE_SERVICE,PRIVATE_LIMITED,ACTIVE,04814,BANGALORE,KARNATAKA,7252.05,ACTIVE,PHONE_SERVICE,1,1,1,0,False
MCH3600,2,MULTIPLE_VALUES,MULTIPLE_VALUES,MULTIPLE_VALUES,MULTIPLE_VALUES,MULTIPLE_VALUES,MULTIPLE_VALUES,MULTIPLE_VALUES,2718.9049999999997,ACTIVE | SUSPENDED,RETAIL_OTHER | TRANSPORT,2,2,0,1,True
MCH3601,2,MULTIPLE_VALUES,MULTIPLE_VALUES,MULTIPLE_VALUES,ACTIVE,MULTIPLE_VALUES,MULTIPLE_VALUES,MULTIPLE_VALUES,3718.9800000000005,ACTIVE,BOOK_STORE | TRANSPORT,1,2,0,0,True
MCH3602,1,"Panchal, Karpe and Bhatti",HOTELS,PARTNERSHIP,ACTIVE,7011,ASR,PUNJAB,754.95,ACTIVE,HOTELS,1,1,0,0,False
MCH3604,3,MULTIPLE_VALUES,MULTIPLE_VALUES,MULTIPLE_VALUES,MULTIPLE_VALUES,MULTIPLE_VALUES,MULTIPLE_VALUES,PUNJAB,394.0,ACTIVE | INACTIVE,GROCERIES | STATIONERY,2,2,0,0,True
MCH3605,1,Bhasin Ltd,TRAVEL,PARTNERSHIP,ACTIVE,04131,LDH,PUNJAB,1858.98,ACTIVE,TRAVEL,1,1,1,0,False
MCH3607,1,Va1a-D0ra,EATING_PLACE,INDIVIDUAL,ACTIVE,5812,LDH,PUNJAB,1953.09,ACTIVE,EATING_PLACE,1,1,0,0,False
MCH3608,1,"Raj, Sarin and Sibal",TELECOM,PARTNERSHIP,INACTIVE,4814,JPR,RAJASTHAN,1956.65,INACTIVE,TELECOM,1,1,0,0,False
MCH3610,2,MULTIPLE_VALUES,MULTIPLE_VALUES,MULTIPLE_VALUES,ACTIVE,05699,MULTIPLE_VALUES,MULTIPLE_VALUES,940.6,ACTIVE,APPAREL | TELECOM,1,2,2,0,True
MCH3611,1,"ratti, sunder and kapoor",TRAVEL,PRIVATE_LIMITED,ACTIVE,4131,BLR,KARNATAKA,787.19,ACTIVE,TRAVEL,1,1,0,0,False
MCH3612,5,MULTIPLE_VALUES,MULTIPLE_VALUES,MULTIPLE_VALUES,ACTIVE,MULTIPLE_VALUES,MULTIPLE_VALUES,MULTIPLE_VALUES,605.01,ACTIVE,BOOK_STORE | HOTELS | MOBILE_RECHARGE | RESTAURANT | RETAIL,1,5,1,0,True
MCH3613,1,LAD-CHACKO,MOBILE_RECHARGE,PRIVATE_LIMITED,ACTIVE,4814,JAIPUR,RAJASTHAN,466.16,ACTIVE,MOBILE_RECHARGE,1,1,0,0,False
MCH3614,1,Morar-Sundaram,FOOD,INDIVIDUAL,ACTIVE,5812,MUMBAI,MAHARASHTRA,1484.85,ACTIVE,FOOD,1,1,0,0,False
MCH3616,4,MULTIPLE_VALUES,MULTIPLE_VALUES,MULTIPLE_VALUES,MULTIPLE_VALUES,MULTIPLE_VALUES,MULTIPLE_VALUES,MULTIPLE_VALUES,377.75,ACTIVE | INACTIVE,BOOK_STORE | DEPARTMENT_STORES | GROCERY_STORE | TRAVEL,2,4,1,0,True
MCH3618,2,"Narang, Atwal and Merchant",MEDICAL,SOLE_PROPRIETOR,ACTIVE,UNKNOWN,MUMBAI,MAHARASHTRA,1728.22,ACTIVE,MEDICAL,1,1,2,0,False
MCH3619,1,"MODY, SAMI AND BATTA",RETAIL_OTHER,SOLE_PROPRIETOR,INACTIVE,5999,KOLKATA,WEST_BENGAL,3456.23,INACTIVE,RETAIL_OTHER,1,1,0,0,False
MCH3625,2,MULTIPLE_VALUES,MULTIPLE_VALUES,MULTIPLE_VALUES,MULTIPLE_VALUES,MULTIPLE_VALUES,MULTIPLE_VALUES,MULTIPLE_VALUES,5385.2300000000005,ACTIVE | INACTIVE,FASHION | RESTAURANTS,2,2,0,0,True
MCH3627,1,"CHANDRA, VENKATARAMAN AND PALLA",MEDICAL,SOLE_PROPRIETOR,ACTIVE,5912,JPR,RAJASTHAN,379.66,ACTIVE,MEDICAL,1,1,0,0,False
MCH3628,1,MITRA LTD,GARMENTS,SOLE_PROPRIETOR,ACTIVE,5699,DELHI,DELHI,3214.64,ACTIVE,GARMENTS,1,1,0,0,False
MCH3630,1,Chacko Ltd,RESTAURANT,PARTNERSHIP,INACTIVE,5812,MUMBAI,MAHARASHTRA,2433.39,INACTIVE,RESTAURANT,1,1,0,0,False
MCH3637,2,MULTIPLE_VALUES,MULTIPLE_VALUES,MULTIPLE_VALUES,ACTIVE,MULTIPLE_VALUES,MULTIPLE_VALUES,MULTIPLE_VALUES,1990.42,ACTIVE,EATING_PLACE | FASHION,1,2,1,0,True
MCH3640,1,Parikh-Raghavan,HOTEL,SOLE_PROPRIETOR,ACTIVE,7011,HYDERABAD,TELANGANA,400.1,ACTIVE,HOTEL,1,1,0,0,False
MCH3641,1,"khurana, barman and suresh",FASHION,INDIVIDUAL,ACTIVE,5699,DELHI,DELHI,2224.44,ACTIVE,FASHION,1,1,0,0,False
MCH3642,1,Prabhu-Pai,GROCERIES,SOLE_PROPRIETOR,ACTIVE,5411,CALCUTTA,WEST_BENGAL,3223.63,ACTIVE,GROCERIES,1,1,0,0,False
MCH3649,1,"Jain, Sama and Sarma",MISCELLANEOUS,PARTNERSHIP,ACTIVE,05999,MUMBAI,MAHARASHTRA,671.85,ACTIVE,MISCELLANEOUS,1,1,1,0,False
MCH3652,1,Varghese PLC,OTHER,PARTNERSHIP,ACTIVE,,LDH,PUNJAB,2254.0,ACTIVE,OTHER,1,1,1,0,False
MCH3654,1,Ganesan Ltd,RESTAURANTS,SOLE_PROPRIETOR,ACTIVE,5812,JALANDHAR,PUNJAB,286.1,ACTIVE,RESTAURANTS,1,1,0,0,False
MCH3655,1,Batra LLC,MEDICAL_STORE,SOLE_PROPRIETOR,ACTIVE,5912,POONA,MAHARASHTRA,,ACTIVE,MEDICAL_STORE,1,1,0,0,False
MCH3656,3,MULTIPLE_VALUES,MULTIPLE_VALUES,MULTIPLE_VALUES,ACTIVE,MULTIPLE_VALUES,MULTIPLE_VALUES,MULTIPLE_VALUES,2272.6549999999997,ACTIVE,GROCERY_STORES | RESTAURANT | TELECOM,1,3,1,0,True
MCH3659,5,MULTIPLE_VALUES,MULTIPLE_VALUES,MULTIPLE_VALUES,MULTIPLE_VALUES,MULTIPLE_VALUES,MULTIPLE_VALUES,MULTIPLE_VALUES,1399.0149999999999,ACTIVE | INACTIVE | SUSPENDED,BUS_TAXI | KIRANA | PHARMACIES | RESTAURANTS | STATIONERY,3,5,0,1,True
MCH3661,2,MULTIPLE_VALUES,MULTIPLE_VALUES,INDIVIDUAL,SUSPENDED,MULTIPLE_VALUES,MULTIPLE_VALUES,MULTIPLE_VALUES,1152.01,SUSPENDED,DEPT_STORE | TRANSPORTATION,1,2,0,2,True
MCH3662,4,MULTIPLE_VALUES,MULTIPLE_VALUES,MULTIPLE_VALUES,MULTIPLE_VALUES,MULTIPLE_VALUES,MULTIPLE_VALUES,MULTIPLE_VALUES,1998.0,ACTIVE | INACTIVE | SUSPENDED,APPAREL | GROCERY | MISC_RETAIL | TELECOM,3,4,1,1,True
MCH3663,2,MULTIPLE_VALUES,MULTIPLE_VALUES,MULTIPLE_VALUES,MULTIPLE_VALUES,MULTIPLE_VALUES,JAIPUR,RAJASTHAN,866.525,ACTIVE | SUSPENDED,CLOTHING | HOSPITALITY,2,2,1,1,True
MCH3666,1,Gera-Ranganathan,TRANSPORT,PARTNERSHIP,ACTIVE,4131,JAIPUR,RAJASTHAN,243.55,ACTIVE,TRANSPORT,1,1,0,0,False
MCH3668,1,Pandey-Uppal,TRANSPORTATION,SOLE_PROPRIETOR,ACTIVE,4131,PUNE,MAHARASHTRA,795.26,ACTIVE,TRANSPORTATION,1,1,0,0,False
MCH3669,1,"Dutta, Banerjee and Saini",MISC_RETAIL,PRIVATE_LIMITED,ACTIVE,5999,LUCKNOW,UTTAR_PRADESH,2883.4,ACTIVE,MISC_RETAIL,1,1,0,0,False
MCH3671,1,"VALA, DHAR AND WASON",MEDICAL,INDIVIDUAL,ACTIVE,5912,CHENNAI,TAMIL_NADU,2167.0,ACTIVE,MEDICAL,1,1,0,0,False
MCH3672,2,MULTIPLE_VALUES,MULTIPLE_VALUES,PRIVATE_LIMITED,ACTIVE,MULTIPLE_VALUES,MULTIPLE_VALUES,MULTIPLE_VALUES,9848.33,ACTIVE,BOOKS | HOTEL_LODGING,1,2,1,0,True
MCH3674,1,Wason and Sons,RESTAURANT,INDIVIDUAL,ACTIVE,5812,DELHI,DELHI,,ACTIVE,RESTAURANT,1,1,0,0,False
MCH3675,2,MULTIPLE_VALUES,MULTIPLE_VALUES,MULTIPLE_VALUES,INACTIVE,MULTIPLE_VALUES,MULTIPLE_VALUES,MULTIPLE_VALUES,243.19,INACTIVE,MISCELLANEOUS | PHONE_SERVICE,1,2,0,0,True
MCH3677,2,MULTIPLE_VALUES,MULTIPLE_VALUES,MULTIPLE_VALUES,ACTIVE,MULTIPLE_VALUES,MULTIPLE_VALUES,PUNJAB,2464.87,ACTIVE,HOTEL_LODGING | MEDICAL_STORE,1,2,0,0,True
MCH3678,1,"Ramanathan, Oza and Aggarwal",FASHION,PARTNERSHIP,ACTIVE,5699,JALANDHAR,PUNJAB,1617.86,ACTIVE,FASHION,1,1,0,0,False
MCH3679,1,Kumer LLC,TELECOM,PRIVATE_LIMITED,ACTIVE,4814,HYD,TELANGANA,587.47,ACTIVE,TELECOM,1,1,0,0,False
MCH3680,2,MULTIPLE_VALUES,MULTIPLE_VALUES,MULTIPLE_VALUES,ACTIVE,4131,MULTIPLE_VALUES,MULTIPLE_VALUES,740.63,ACTIVE,TRANSPORTATION | TRAVEL,1,2,0,0,True
MCH3682,2,MULTIPLE_VALUES,MULTIPLE_VALUES,MULTIPLE_VALUES,INACTIVE,MULTIPLE_VALUES,MULTIPLE_VALUES,MULTIPLE_VALUES,2469.135,INACTIVE,DEPARTMENT_STORES | TRANSPRT,1,2,0,0,True
MCH3683,1,Mander Group,GROCERY_STORES,INDIVIDUAL,ACTIVE,5411,MUMBAI,MAHARASHTRA,4247.99,ACTIVE,GROCERY_STORES,1,1,0,0,False
MCH3684,1,Chahal-Reddy,GROCERY_STORE,PARTNERSHIP,ACTIVE,MISC,DELHI,DELHI,629.48,ACTIVE,GROCERY_STORE,1,1,1,0,False
MCH3686,1,Prasad Inc,RESTAURANTS,SOLE_PROPRIETOR,ACTIVE,5812,MUMBAI,MAHARASHTRA,1179.14,ACTIVE,RESTAURANTS,1,1,0,0,False
MCH3688,1,"Nayak, Brar and Sahni",MOBILE_RECHARGE,INDIVIDUAL,SUSPENDED,4814,MADRAS,TAMIL_NADU,2787.88,SUSPENDED,MOBILE_RECHARGE,1,1,0,1,False
MCH3689,1,"Palla, Gara and Malhotra",STATIONERY,PARTNERSHIP,INACTIVE,5942,BENGALURU,KARNATAKA,1319.27,INACTIVE,STATIONERY,1,1,0,0,False
MCH3690,1,Aurora Inc,TRAVEL,PARTNERSHIP,ACTIVE,4131,BLR,KARNATAKA,915.55,ACTIVE,TRAVEL,1,1,0,0,False
MCH3693,1,"Rajagopal, Savant and Ganesan",MOBILE_RECHARGE,INDIVIDUAL,ACTIVE,4814,JALANDHAR,PUNJAB,893.17,ACTIVE,MOBILE_RECHARGE,1,1,0,0,False
MCH3694,1,"Date, Naidu and Raja",PHARMACIES,PARTNERSHIP,ACTIVE,5912,JALANDHAR,PUNJAB,4933.54,ACTIVE,PHARMACIES,1,1,0,0,False
MCH3696,1,"pandya, maharaj and sundaram",BOOK_STORE,INDIVIDUAL,SUSPENDED,5942,POONA,MAHARASHTRA,416.04,SUSPENDED,BOOK_STORE,1,1,0,1,False
MCH3697,1,Cherian LLC,HOTEL,INDIVIDUAL,ACTIVE,7011,MADRAS,TAMIL_NADU,2525.65,ACTIVE,HOTEL,1,1,0,0,False
MCH3698,2,MULTIPLE_VALUES,MULTIPLE_VALUES,PARTNERSHIP,ACTIVE,MULTIPLE_VALUES,MULTIPLE_VALUES,MULTIPLE_VALUES,1707.62,ACTIVE,MEDICAL | RETAIL,1,2,1,0,True
MCH3699,2,MULTIPLE_VALUES,MULTIPLE_VALUES,PRIVATE_LIMITED,MULTIPLE_VALUES,MULTIPLE_VALUES,MULTIPLE_VALUES,MULTIPLE_VALUES,635.335,ACTIVE | INACTIVE,OTHER | STATIONERY,2,2,0,0,True
MCH3700,2,MULTIPLE_VALUES,MULTIPLE_VALUES,MULTIPLE_VALUES,MULTIPLE_VALUES,MULTIPLE_VALUES,MULTIPLE_VALUES,MULTIPLE_VALUES,1485.5149999999999,ACTIVE | INACTIVE,CHEMIST | FOOD_SERVICES,2,2,0,0,True
MCH3701,1,Mand-Bhat,RETAIL_OTHER,SOLE_PROPRIETOR,INACTIVE,5999,LKO,UTTAR_PRADESH,231.29,INACTIVE,RETAIL_OTHER,1,1,0,0,False
MCH3703,1,Khatri-Shuk1a,FOOD_SERVICES,PRIVATE_LIMITED,SUSPENDED,5812,JALANDAR,PUNJAB,3523.05,SUSPENDED,FOOD_SERVICES,1,1,0,1,False
MCH3705,2,MULTIPLE_VALUES,MULTIPLE_VALUES,MULTIPLE_VALUES,ACTIVE,MULTIPLE_VALUES,MULTIPLE_VALUES,MULTIPLE_VALUES,928.37,ACTIVE,EATING_PLACE | STATIONERY,1,2,0,0,True
MCH3712,1,Narain-Vaidya,HOTELS,INDIVIDUAL,ACTIVE,7011,HYDERABAD,TELANGANA,333.0,ACTIVE,HOTELS,1,1,0,0,False
MCH3715,1,BANSAL INC,BOOKS,INDIVIDUAL,SUSPENDED,5942,LUCKNOW,UTTAR_PRADESH,2025.81,SUSPENDED,BOOKS,1,1,0,1,False
MCH3718,1,"S0m, Barman and Bhavsar",KIRANA,SOLE_PROPRIETOR,ACTIVE,5411,PUNE,MAHARASHTRA,312.19,ACTIVE,KIRANA,1,1,0,0,False
MCH3720,1,"Bedi, Sanghvi and Balakrishnan",GROCERIES,INDIVIDUAL,ACTIVE,5411,NEW_DELHI,DELHI,610.0,ACTIVE,GROCERIES,1,1,0,0,False
MCH3722,3,MULTIPLE_VALUES,MULTIPLE_VALUES,PRIVATE_LIMITED,MULTIPLE_VALUES,MULTIPLE_VALUES,MULTIPLE_VALUES,MULTIPLE_VALUES,2279.6,ACTIVE | INACTIVE | SUSPENDED,BOOKS | OTHER | PHARMACIES,3,3,0,1,True
MCH3723,1,wagle-dugar,GROCERY,INDIVIDUAL,ACTIVE,5411,BENGALURU,KARNATAKA,1906.51,ACTIVE,GROCERY,1,1,0,0,False
MCH3725,2,MULTIPLE_VALUES,MULTIPLE_VALUES,SOLE_PROPRIETOR,ACTIVE,MULTIPLE_VALUES,MULTIPLE_VALUES,MULTIPLE_VALUES,4518.3,ACTIVE,MEDICAL | RESTAURANTS,1,2,0,0,True
MCH3726,1,Varughese PLC,PHONE_SERVICE,INDIVIDUAL,ACTIVE,4814,LUCKNOW,UTTAR_PRADESH,3572.06,ACTIVE,PHONE_SERVICE,1,1,0,0,False
MCH3732,1,"Bhat, Sarin and Wag1e",HOTEL,SOLE_PROPRIETOR,ACTIVE,,LUCKNOW,UTTAR_PRADESH,604.0,ACTIVE,HOTEL,1,1,1,0,False
MCH3733,1,Ramakrishnan-Chaudhuri,HOTELS,SOLE_PROPRIETOR,ACTIVE,7011,AMRITSAR,PUNJAB,1213.25,ACTIVE,HOTELS,1,1,0,0,False
MCH3736,4,MULTIPLE_VALUES,MULTIPLE_VALUES,MULTIPLE_VALUES,MULTIPLE_VALUES,MULTIPLE_VALUES,MULTIPLE_VALUES,MULTIPLE_VALUES,1248.165,ACTIVE | SUSPENDED,KIRANA | TELECOM,2,2,1,1,True
MCH3737,1,Raval-Kurian,RESTAURANTS,INDIVIDUAL,ACTIVE,5812,BOMBAY,MAHARASHTRA,,ACTIVE,RESTAURANTS,1,1,0,0,False
MCH3739,1,Murty Ltd,DEPARTMENT_STORE,PRIVATE_LIMITED,ACTIVE,5311,MADRAS,TAMIL_NADU,571.15,ACTIVE,DEPARTMENT_STORE,1,1,0,0,False
MCH3742,1,"Mall, Sarma and Merchant",MISCELLANEOUS,PARTNERSHIP,ACTIVE,5999,JALANDHAR,PUNJAB,330.87,ACTIVE,MISCELLANEOUS,1,1,0,0,False
MCH3743,1,doctor ltd,PHARMACY,SOLE_PROPRIETOR,ACTIVE,05912,HYD,TELANGANA,12417.3,ACTIVE,PHARMACY,1,1,1,0,False
MCH3748,1,Bedi-Cherian,RETAIL,INDIVIDUAL,SUSPENDED,5311,MUMBAY,MAHARASHTRA,1343.58,SUSPENDED,RETAIL,1,1,0,1,False
MCH3753,3,MULTIPLE_VALUES,MULTIPLE_VALUES,MULTIPLE_VALUES,ACTIVE,MULTIPLE_VALUES,MULTIPLE_VALUES,MULTIPLE_VALUES,754.9,ACTIVE,CLOTHING | GROCERY_STORES | MOBILE_RECHARGE,1,3,0,0,True
MCH3754,1,Dugal-Chawla,FOOD_SERVICES,PARTNERSHIP,ACTIVE,5812,CALCUTTA,WEST_BENGAL,,ACTIVE,FOOD_SERVICES,1,1,0,0,False
MCH3755,1,Hayer and Sons,FOOD_SERVICES,PRIVATE_LIMITED,ACTIVE,5812,POONA,MAHARASHTRA,1098.64,ACTIVE,FOOD_SERVICES,1,1,0,0,False
MCH3757,1,Chokshi PLC,TELECOM,PRIVATE_LIMITED,ACTIVE,04814,JAIPUR,RAJASTHAN,2492.69,ACTIVE,TELECOM,1,1,1,0,False
MCH3758,1,Dube Ltd,MISC_RETAIL,SOLE_PROPRIETOR,ACTIVE,5999,DELHI,DELHI,1607.42,ACTIVE,MISC_RETAIL,1,1,0,0,False
MCH3760,1,Das-Ahuja,EATING_PLACE,SOLE_PROPRIETOR,ACTIVE,5812,LUCKNOW,UTTAR_PRADESH,755.0,ACTIVE,EATING_PLACE,1,1,0,0,False
MCH3761,1,"Bal,MittalandPrabhakar",OTHER,PRIVATE_LIMITED,ACTIVE,5999,POONA,MAHARASHTRA,6900.33,ACTIVE,OTHER,1,1,0,0,False
MCH3764,1,Tandon and Sons,MEDICAL,PARTNERSHIP,ACTIVE,5912,MUMBAI,MAHARASHTRA,3428.0,ACTIVE,MEDICAL,1,1,0,0,False
MCH3765,1,Mohanty LLC,DEPARTMENT_STORE,PARTNERSHIP,ACTIVE,5311,HYDERABAD,TELANGANA,1911.75,ACTIVE,DEPARTMENT_STORE,1,1,0,0,False
MCH3771,1,Bumb Inc,RETAIL_OTHER,PARTNERSHIP,ACTIVE,5999,LKO,UTTAR_PRADESH,2602.75,ACTIVE,RETAIL_OTHER,1,1,0,0,False
MCH3776,1,"Kapadia, Sathe and Shenoy",DEPT_STORE,PARTNERSHIP,ACTIVE,5311,DELHI,DELHI,1854.99,ACTIVE,DEPT_STORE,1,1,0,0,False
MCH3778,2,MULTIPLE_VALUES,MULTIPLE_VALUES,MULTIPLE_VALUES,INACTIVE,5912,MULTIPLE_VALUES,MULTIPLE_VALUES,2000.83,INACTIVE,PHARMACIES | PHONE_SERVICE,1,2,1,0,True
MCH3779,1,aggarwal-hans,DEPARTMENT_STORES,PRIVATE_LIMITED,ACTIVE,05311,CALCUTTA,WEST_BENGAL,,ACTIVE,DEPARTMENT_STORES,1,1,1,0,False
MCH3780,3,MULTIPLE_VALUES,MULTIPLE_VALUES,MULTIPLE_VALUES,MULTIPLE_VALUES,5311,MULTIPLE_VALUES,MULTIPLE_VALUES,315.62,ACTIVE | SUSPENDED,DEPARTMENT_STORES | DEPT_STORE,2,2,0,1,True
MCH3786,1,Ratta-Bhasin,MISC_RETAIL,PARTNERSHIP,ACTIVE,05999,BENGALURU,KARNATAKA,1037.97,ACTIVE,MISC_RETAIL,1,1,1,0,False
MCH3787,2,MULTIPLE_VALUES,MULTIPLE_VALUES,MULTIPLE_VALUES,ACTIVE,MULTIPLE_VALUES,MULTIPLE_VALUES,MULTIPLE_VALUES,1436.68,ACTIVE,HOTELS | KIRANA,1,2,0,0,True
MCH3788,4,MULTIPLE_VALUES,MULTIPLE_VALUES,MULTIPLE_VALUES,MULTIPLE_VALUES,MULTIPLE_VALUES,MULTIPLE_VALUES,MULTIPLE_VALUES,4329.09,ACTIVE | SUSPENDED,BUS_TAXI | GROCERY_STORES | RETAIL,2,3,0,1,True
MCH3793,1,"Sankar, Parsa and Shere",HOSPITALITY,SOLE_PROPRIETOR,ACTIVE,7011,LUDHIANA,PUNJAB,6906.85,ACTIVE,HOSPITALITY,1,1,0,0,False
MCH3795,1,Sinha-Ramesh,TELECOM,PARTNERSHIP,ACTIVE,4814,HYDERABAD,TELANGANA,1083.1,ACTIVE,TELECOM,1,1,0,0,False
MCH3796,2,MULTIPLE_VALUES,MULTIPLE_VALUES,MULTIPLE_VALUES,ACTIVE,5699,MULTIPLE_VALUES,MULTIPLE_VALUES,942.47,ACTIVE,CLOTHS | FOOD,1,2,1,0,True
MCH3797,1,"Dhaliwal, Parekh and Dey",HOTEL_LODGING,PARTNERSHIP,SUSPENDED,7011,JALANDHAR,PUNJAB,,SUSPENDED,HOTEL_LODGING,1,1,0,1,False
MCH3801,1,"Arya, Sachar and Khanna",PHARMACY,PARTNERSHIP,SUSPENDED,5912,BLR,KARNATAKA,639.86,SUSPENDED,PHARMACY,1,1,0,1,False
MCH3803,1,"Tara, Wali and Sachdev",BOOK_STORE,INDIVIDUAL,ACTIVE,5942,LUCKNOW,UTTAR_PRADESH,2461.72,ACTIVE,BOOK_STORE,1,1,0,0,False
MCH3804,1,"Pingle, Choudhry and Sastry",STATIONERY,SOLE_PROPRIETOR,ACTIVE,05942,DELHI,DELHI,729.5,ACTIVE,STATIONERY,1,1,1,0,False
MCH3805,1,Issac-Munshi,MISC_RETAIL,PRIVATE_LIMITED,ACTIVE,5999,BENGALURU,KARNATAKA,7651.0,ACTIVE,MISC_RETAIL,1,1,0,0,False
MCH3806,2,MULTIPLE_VALUES,MULTIPLE_VALUES,SOLE_PROPRIETOR,ACTIVE,MULTIPLE_VALUES,MULTIPLE_VALUES,RAJASTHAN,2047.5,ACTIVE,BOOKS | KIRANA,1,2,0,0,True
MCH3810,1,Mallick-Lall,KIRANA,PRIVATE_LIMITED,SUSPENDED,5411,LUCKNOW,UTTAR_PRADESH,630.92,SUSPENDED,KIRANA,1,1,0,1,False
MCH3811,1,"bhat, anand and bakshi",HOTELS,INDIVIDUAL,ACTIVE,,BENGALURU,KARNATAKA,563.14,ACTIVE,HOTELS,1,1,1,0,False
MCH3817,1,Subramanian Group,DEPT_STORE,SOLE_PROPRIETOR,ACTIVE,5311,LUDHIANA,PUNJAB,3916.72,ACTIVE,DEPT_STORE,1,1,0,0,False
MCH3818,1,Gopal-Khalsa,TELECOM,PARTNERSHIP,ACTIVE,4814,ASR,PUNJAB,200.35,ACTIVE,TELECOM,1,1,0,0,False
MCH3819,1,Butala-Patla,MISC_RETAIL,INDIVIDUAL,ACTIVE,5999,DELHI,DELHI,2466.12,ACTIVE,MISC_RETAIL,1,1,0,0,False
MCH3820,1,Behl LLC,DEPARTMENT_STORES,PARTNERSHIP,INACTIVE,5311,JALANDAR,PUNJAB,983.06,INACTIVE,DEPARTMENT_STORES,1,1,0,0,False
MCH3822,1,Anne and Sons,GROCERY,PRIVATE_LIMITED,ACTIVE,5411,AMRITSAR,PUNJAB,2115.91,ACTIVE,GROCERY,1,1,0,0,False
MCH3824,1,Chand-Sarna,FOOD_SERVICES,SOLE_PROPRIETOR,ACTIVE,5812,CALCUTTA,WEST_BENGAL,733.85,ACTIVE,FOOD_SERVICES,1,1,0,0,False
MCH3829,2,MULTIPLE_VALUES,MULTIPLE_VALUES,MULTIPLE_VALUES,MULTIPLE_VALUES,MULTIPLE_VALUES,PUNE,MAHARASHTRA,1930.665,ACTIVE | INACTIVE,DEPT_STORE | HOTELS,2,2,0,0,True
MCH3835,1,"Pillai, Ratti and Chaudhuri",MOBILE_RECHARGE,PARTNERSHIP,INACTIVE,4814,LUDHIANA,PUNJAB,6901.65,INACTIVE,MOBILE_RECHARGE,1,1,0,0,False
MCH3837,5,MULTIPLE_VALUES,MULTIPLE_VALUES,MULTIPLE_VALUES,MULTIPLE_VALUES,MULTIPLE_VALUES,MULTIPLE_VALUES,MULTIPLE_VALUES,866.44,ACTIVE | SUSPENDED,DEPARTMENT_STORE | FOOD_SERVICES | HOTEL | OTHER,2,4,0,1,True
MCH3841,2,"SANDHU, KHOSLA AND GUHA",MISCELLANEOUS,PARTNERSHIP,MULTIPLE_VALUES,5999,BANGALORE,KARNATAKA,2207.18,ACTIVE | INACTIVE,MISCELLANEOUS,2,1,0,0,True
MCH3842,2,MULTIPLE_VALUES,MULTIPLE_VALUES,MULTIPLE_VALUES,MULTIPLE_VALUES,4131,MULTIPLE_VALUES,MULTIPLE_VALUES,444.1,ACTIVE | INACTIVE,BUS_TAXI | TRANSPORT,2,2,0,0,True
MCH3845,2,MULTIPLE_VALUES,MULTIPLE_VALUES,MULTIPLE_VALUES,MULTIPLE_VALUES,MULTIPLE_VALUES,MULTIPLE_VALUES,MULTIPLE_VALUES,2098.39,ACTIVE | INACTIVE,RETAIL_OTHER | TRANSPRT,2,2,0,0,True
MCH3846,2,MULTIPLE_VALUES,MULTIPLE_VALUES,PRIVATE_LIMITED,ACTIVE,MULTIPLE_VALUES,MULTIPLE_VALUES,MULTIPLE_VALUES,2288.48,ACTIVE,KIRANA | RETAIL,1,2,0,0,True
MCH3847,1,Nair PLC,RETAIL,SOLE_PROPRIETOR,ACTIVE,5311,POONA,MAHARASHTRA,660.47,ACTIVE,RETAIL,1,1,0,0,False
MCH3849,1,Das-Ratta,PHONE_SERVICE,INDIVIDUAL,ACTIVE,4814,CHENNAI,TAMIL_NADU,4368.0,ACTIVE,PHONE_SERVICE,1,1,0,0,False
MCH3853,1,Bhat-Dutt,GROCERY,SOLE_PROPRIETOR,ACTIVE,5411,HYDERABAD,TELANGANA,,ACTIVE,GROCERY,1,1,0,0,False
MCH3854,1,"Was0n, Chauhan and Gh0se",FOOD_SERVICES,PRIVATE_LIMITED,ACTIVE,5812,HYDERABAD,TELANGANA,528.0,ACTIVE,FOOD_SERVICES,1,1,0,0,False
MCH3856,3,MULTIPLE_VALUES,MULTIPLE_VALUES,MULTIPLE_VALUES,ACTIVE,MULTIPLE_VALUES,MULTIPLE_VALUES,MULTIPLE_VALUES,755.4,ACTIVE,EATING_PLACE | FOOD | MEDICAL,1,3,1,0,True
MCH3859,1,"mall, bassi and seshadri",GROCERIES,PARTNERSHIP,ACTIVE,05411,MUMBAY,MAHARASHTRA,610.0,ACTIVE,GROCERIES,1,1,1,0,False
MCH3860,1,sama group,CLOTHING,SOLE_PROPRIETOR,ACTIVE,5699,CHENNAI,TAMIL_NADU,448.66,ACTIVE,CLOTHING,1,1,0,0,False
MCH3869,1,HEGDE LTD,DEPARTMENT_STORE,PARTNERSHIP,ACTIVE,,PUNE,MAHARASHTRA,,ACTIVE,DEPARTMENT_STORE,1,1,1,0,False
MCH3872,1,Krish Group,CLOTHS,PARTNERSHIP,ACTIVE,5699,ASR,PUNJAB,3660.6,ACTIVE,CLOTHS,1,1,0,0,False
MCH3873,1,"DUGAL, THAKUR AND PURI",HOTELS,PRIVATE_LIMITED,ACTIVE,7011,JALANDAR,PUNJAB,1499.22,ACTIVE,HOTELS,1,1,0,0,False
MCH3874,1,"Dora,DeshpandeandSeth",PHONE_SERVICE,PRIVATE_LIMITED,ACTIVE,,JALANDAR,PUNJAB,1119.69,ACTIVE,PHONE_SERVICE,1,1,1,0,False
MCH3875,2,MULTIPLE_VALUES,MULTIPLE_VALUES,PRIVATE_LIMITED,ACTIVE,MULTIPLE_VALUES,MULTIPLE_VALUES,MULTIPLE_VALUES,3722.685,ACTIVE,FOOD | MOBILE_RECHARGE,1,2,0,0,True
MCH3880,3,MULTIPLE_VALUES,MULTIPLE_VALUES,MULTIPLE_VALUES,ACTIVE,MULTIPLE_VALUES,MULTIPLE_VALUES,MULTIPLE_VALUES,794.44,ACTIVE,MEDICAL | RETAIL_OTHER | TRANSPORTATION,1,3,1,0,True
MCH3882,1,Kannan PLC,MEDICAL,INDIVIDUAL,ACTIVE,5912,POONA,MAHARASHTRA,1470.9,ACTIVE,MEDICAL,1,1,0,0,False
MCH3883,1,Vohra and Sons,HOTELS,INDIVIDUAL,ACTIVE,7011,MUMBAI,MAHARASHTRA,,ACTIVE,HOTELS,1,1,0,0,False
MCH3885,1,Thakur Inc,TRANSPRT,PRIVATE_LIMITED,ACTIVE,4131,MADRAS,TAMIL_NADU,618.81,ACTIVE,TRANSPRT,1,1,0,0,False
MCH3886,1,Gandhi Inc,EATING_PLACE,SOLE_PROPRIETOR,ACTIVE,5812,KOLKATA,WEST_BENGAL,,ACTIVE,EATING_PLACE,1,1,0,0,False
MCH3887,1,Pa11a-Sah0ta,HOTEL,PARTNERSHIP,INACTIVE,7011,CALCUTTA,WEST_BENGAL,1596.95,INACTIVE,HOTEL,1,1,0,0,False
MCH3888,1,"Gandhi, Cherian and Chhabra",PHONE_SERVICE,PARTNERSHIP,ACTIVE,4814,HYDERABAD,TELANGANA,,ACTIVE,PHONE_SERVICE,1,1,0,0,False
MCH3889,2,MULTIPLE_VALUES,MULTIPLE_VALUES,MULTIPLE_VALUES,ACTIVE,MULTIPLE_VALUES,MULTIPLE_VALUES,MULTIPLE_VALUES,2088.06,ACTIVE,BUS_TAXI | HOTEL,1,2,0,0,True
MCH3890,1,Tata-Bal,CHEMIST,INDIVIDUAL,ACTIVE,UNKNOWN,POONA,MAHARASHTRA,668.0,ACTIVE,CHEMIST,1,1,1,0,False
MCH3893,2,MULTIPLE_VALUES,MULTIPLE_VALUES,MULTIPLE_VALUES,ACTIVE,MULTIPLE_VALUES,MULTIPLE_VALUES,MULTIPLE_VALUES,2445.5,ACTIVE,FOOD | MEDICAL_STORE,1,2,0,0,True
MCH3895,1,Wable-Sarna,HOTELS,PRIVATE_LIMITED,INACTIVE,,JAIPUR,RAJASTHAN,797.39,INACTIVE,HOTELS,1,1,1,0,False
MCH3896,1,"Bansal, Thakkar and Dar",BOOKS,SOLE_PROPRIETOR,ACTIVE,5942,BANGALORE,KARNATAKA,,ACTIVE,BOOKS,1,1,0,0,False
MCH3898,1,Wadhwa-Sahni,FASHION,PRIVATE_LIMITED,ACTIVE,5699,LDH,PUNJAB,,ACTIVE,FASHION,1,1,0,0,False
MCH3899,1,Goswami-Bath,TRANSPORTATION,SOLE_PROPRIETOR,ACTIVE,4131,HYDERABAD,TELANGANA,,ACTIVE,TRANSPORTATION,1,1,0,0,False
MCH3900,1,Mand-Bedi,EATING_PLACE,PRIVATE_LIMITED,ACTIVE,5812,KOLKATA,WEST_BENGAL,1036.74,ACTIVE,EATING_PLACE,1,1,0,0,False
MCH3903,1,"KHARE, BALASUBRAMANIAN AND MITAL",BOOKS_STATIONERY,SOLE_PROPRIETOR,ACTIVE,05942,JAIPUR,RAJASTHAN,3531.21,ACTIVE,BOOKS_STATIONERY,1,1,1,0,False
MCH3907,3,MULTIPLE_VALUES,MULTIPLE_VALUES,MULTIPLE_VALUES,ACTIVE,MULTIPLE_VALUES,MULTIPLE_VALUES,MULTIPLE_VALUES,1320.29,ACTIVE,DEPARTMENT_STORE | FOOD_SERVICES | PHONE_SERVICE,1,3,0,0,True
MCH3908,1,Kanda LLC,RETAIL_OTHER,SOLE_PROPRIETOR,ACTIVE,5999,PUNE,MAHARASHTRA,,ACTIVE,RETAIL_OTHER,1,1,0,0,False
MCH3911,2,MULTIPLE_VALUES,MULTIPLE_VALUES,MULTIPLE_VALUES,MULTIPLE_VALUES,MULTIPLE_VALUES,MULTIPLE_VALUES,MULTIPLE_VALUES,1820.8850000000002,INACTIVE | SUSPENDED,PHARMACY | RESTAURANT,2,2,1,1,True
MCH3913,1,Tank-Pathak,DEPARTMENT_STORES,INDIVIDUAL,ACTIVE,5311,JALANDHAR,PUNJAB,2215.86,ACTIVE,DEPARTMENT_STORES,1,1,0,0,False
MCH3916,1,"Parmer, Chakrabarti and Sibal",TRANSPORT,INDIVIDUAL,ACTIVE,04131,JAIPUR,RAJASTHAN,794.0,ACTIVE,TRANSPORT,1,1,1,0,False
MCH3917,2,CHOWDHURY-PANDIT,FASHION,PRIVATE_LIMITED,MULTIPLE_VALUES,,HYD,TELANGANA,,ACTIVE | INACTIVE,FASHION,2,1,2,0,True
MCH3920,1,SharmaLLC,BOOK_STORE,PRIVATE_LIMITED,SUSPENDED,UNKNOWN,LKO,UTTAR_PRADESH,1885.7,SUSPENDED,BOOK_STORE,1,1,1,1,False
MCH3925,2,MULTIPLE_VALUES,MULTIPLE_VALUES,MULTIPLE_VALUES,MULTIPLE_VALUES,MULTIPLE_VALUES,MULTIPLE_VALUES,MULTIPLE_VALUES,,ACTIVE | SUSPENDED,OTHER | PHARMACY,2,2,0,1,True
MCH3926,1,Master-Sarin,MISC_RETAIL,INDIVIDUAL,ACTIVE,5999,HYDERABAD,TELANGANA,1913.5,ACTIVE,MISC_RETAIL,1,1,0,0,False
MCH3927,1,Basak-Shukla,MOBILE_RECHARGE,PRIVATE_LIMITED,INACTIVE,04814,JALANDAR,PUNJAB,980.64,INACTIVE,MOBILE_RECHARGE,1,1,1,0,False
MCH3930,1,Kashyap-Rastogi,APPAREL,INDIVIDUAL,ACTIVE,5699,LKO,UTTAR_PRADESH,510.04,ACTIVE,APPAREL,1,1,0,0,False
MCH3935,2,MULTIPLE_VALUES,MULTIPLE_VALUES,MULTIPLE_VALUES,ACTIVE,MULTIPLE_VALUES,DELHI,DELHI,2037.815,ACTIVE,DEPARTMENT_STORE | TELECOM,1,2,0,0,True
MCH3936,1,Bath Inc,GROCERY_STORE,INDIVIDUAL,ACTIVE,5411,LUCKNOW,UTTAR_PRADESH,879.38,ACTIVE,GROCERY_STORE,1,1,0,0,False
MCH3938,1,Acharya Group,HOTEL,SOLE_PROPRIETOR,ACTIVE,7011,KOLKATA,WEST_BENGAL,2349.37,ACTIVE,HOTEL,1,1,0,0,False
MCH3940,1,Chad-Dara,GROCERIES,PARTNERSHIP,ACTIVE,,MADRAS,TAMIL_NADU,,ACTIVE,GROCERIES,1,1,1,0,False
MCH3941,2,MULTIPLE_VALUES,MULTIPLE_VALUES,MULTIPLE_VALUES,ACTIVE,4814,MULTIPLE_VALUES,MULTIPLE_VALUES,998.2049999999999,ACTIVE,RETAIL_OTHER | TELECOM,1,2,1,0,True
MCH3945,1,Mukhopadhyay-Raghavan,TRANSPRT,SOLE_PROPRIETOR,ACTIVE,4131,BOMBAY,MAHARASHTRA,942.71,ACTIVE,TRANSPRT,1,1,0,0,False
MCH3946,1,Dhar-Buch,FOOD,PARTNERSHIP,ACTIVE,5812,DELHI,DELHI,1451.62,ACTIVE,FOOD,1,1,0,0,False
MCH3953,1,"Ray, Minhas and Yohannan",GROCERY_STORES,SOLE_PROPRIETOR,ACTIVE,5411,KOLKATA,WEST_BENGAL,8126.93,ACTIVE,GROCERY_STORES,1,1,0,0,False
MCH3955,3,MULTIPLE_VALUES,MULTIPLE_VALUES,MULTIPLE_VALUES,MULTIPLE_VALUES,MULTIPLE_VALUES,MULTIPLE_VALUES,MULTIPLE_VALUES,935.24,ACTIVE | INACTIVE | SUSPENDED,DEPARTMENT_STORES | FOOD_SERVICES,3,2,0,1,True
MCH3956,1,Kota Ltd,DEPARTMENT_STORE,PRIVATE_LIMITED,ACTIVE,5311,HYDERABAD,TELANGANA,656.81,ACTIVE,DEPARTMENT_STORE,1,1,0,0,False
MCH3959,1,"Kant, Goel and Pradhan",MISCELLANEOUS,INDIVIDUAL,ACTIVE,5999,HYD,TELANGANA,1214.73,ACTIVE,MISCELLANEOUS,1,1,0,0,False
MCH3964,2,"Bala, Chanda and Loyal",BOOKS,PARTNERSHIP,MULTIPLE_VALUES,5942,JPR,RAJASTHAN,2002.33,ACTIVE | INACTIVE,BOOKS,2,1,0,0,True
MCH3966,1,NATH-DIXIT,KIRANA,PARTNERSHIP,ACTIVE,05411,PUNE,MAHARASHTRA,1005.47,ACTIVE,KIRANA,1,1,1,0,False
MCH3968,1,"Peri, Sane and Mohanty",EATING_PLACE,INDIVIDUAL,ACTIVE,5812,MUMBAI,MAHARASHTRA,1174.15,ACTIVE,EATING_PLACE,1,1,0,0,False
MCH3970,1,"Chawla, Sami and Mani",BOOKS_STATIONERY,SOLE_PROPRIETOR,ACTIVE,5942,POONA,MAHARASHTRA,2506.67,ACTIVE,BOOKS_STATIONERY,1,1,0,0,False
MCH3971,2,Sura PLC,HOTEL_LODGING,INDIVIDUAL,MULTIPLE_VALUES,7011,DILLI,DELHI,748.82,ACTIVE | INACTIVE,HOTEL_LODGING,2,1,0,0,True
MCH3974,1,"Mishra, Baral and Char",BOOK_STORE,SOLE_PROPRIETOR,SUSPENDED,5942,CHENNAI,TAMIL_NADU,2017.65,SUSPENDED,BOOK_STORE,1,1,0,1,False
MCH3980,1,Chadha-Raval,APPAREL,PARTNERSHIP,ACTIVE,5699,BENGALURU,KARNATAKA,1323.06,ACTIVE,APPAREL,1,1,0,0,False
MCH3983,2,MULTIPLE_VALUES,MULTIPLE_VALUES,MULTIPLE_VALUES,ACTIVE,MULTIPLE_VALUES,MULTIPLE_VALUES,PUNJAB,774.415,ACTIVE,GROCERY_STORES | MEDICAL,1,2,0,0,True
MCH3984,1,"wadhwa, sunder and bobal",HOTEL_LODGING,PRIVATE_LIMITED,ACTIVE,7011,CHENNAI,TAMIL_NADU,1305.55,ACTIVE,HOTEL_LODGING,1,1,0,0,False
MCH3987,2,MULTIPLE_VALUES,MULTIPLE_VALUES,MULTIPLE_VALUES,ACTIVE,5942,MULTIPLE_VALUES,MULTIPLE_VALUES,474.5,ACTIVE,BOOKS_STATIONERY | PHARMACY,1,2,1,0,True
MCH3988,1,Barad-Bawa,HOTEL_LODGING,INDIVIDUAL,ACTIVE,7011,AMRITSAR,PUNJAB,602.31,ACTIVE,HOTEL_LODGING,1,1,0,0,False
MCH3989,1,Madan LLC,GROCERY_STORES,PARTNERSHIP,ACTIVE,5411,JAIPUR,RAJASTHAN,238.33,ACTIVE,GROCERY_STORES,1,1,0,0,False
MCH3990,1,Dey-Chaudhari,PHARMACY,INDIVIDUAL,ACTIVE,5912,CHENNAI,TAMIL_NADU,,ACTIVE,PHARMACY,1,1,0,0,False
MCH3993,1,VAIDYA LTD,OTHER,PARTNERSHIP,ACTIVE,5999,CHENNAI,TAMIL_NADU,372.73,ACTIVE,OTHER,1,1,0,0,False
MCH3997,2,MULTIPLE_VALUES,MULTIPLE_VALUES,MULTIPLE_VALUES,MULTIPLE_VALUES,MULTIPLE_VALUES,MULTIPLE_VALUES,MULTIPLE_VALUES,,INACTIVE | SUSPENDED,PHONE_SERVICE | RETAIL_OTHER,2,2,1,1,True
MCH3998,1,"krish, tak and peri",TELECOM,PARTNERSHIP,ACTIVE,4814,LUDHIANA,PUNJAB,1019.25,ACTIVE,TELECOM,1,1,0,0,False
MCH4000,1,"Dewan, Sunder and Bhakta",GROCERIES,PRIVATE_LIMITED,ACTIVE,5411,CALCUTTA,WEST_BENGAL,,ACTIVE,GROCERIES,1,1,0,0,False
MCH4002,1,"Bora, Kant and Chauhan",GROCERY_STORE,INDIVIDUAL,ACTIVE,5411,BENGALURU,KARNATAKA,,ACTIVE,GROCERY_STORE,1,1,0,0,False
MCH4006,2,MULTIPLE_VALUES,MULTIPLE_VALUES,MULTIPLE_VALUES,MULTIPLE_VALUES,5411,MULTIPLE_VALUES,MULTIPLE_VALUES,1330.585,ACTIVE | INACTIVE,KIRANA | TRANSPORT,2,2,1,0,True
MCH4008,1,"deep, rajagopal and tandon",PHONE_SERVICE,PRIVATE_LIMITED,ACTIVE,MISC,HYD,TELANGANA,1196.0,ACTIVE,PHONE_SERVICE,1,1,1,0,False
MCH4009,2,MULTIPLE_VALUES,MULTIPLE_VALUES,MULTIPLE_VALUES,MULTIPLE_VALUES,MULTIPLE_VALUES,MULTIPLE_VALUES,MULTIPLE_VALUES,1523.0,ACTIVE | INACTIVE,PHARMACY | PHONE_SERVICE,2,2,1,0,True
MCH4010,1,"Barad, Mukherjee and Joshi",KIRANA,SOLE_PROPRIETOR,ACTIVE,05411,ASR,PUNJAB,992.35,ACTIVE,KIRANA,1,1,1,0,False
MCH4021,1,"BALAKRISHNAN, MISTRY AND VIG",PHARMACY,INDIVIDUAL,ACTIVE,5912,HYD,TELANGANA,1395.91,ACTIVE,PHARMACY,1,1,0,0,False
MCH4022,2,MULTIPLE_VALUES,MULTIPLE_VALUES,MULTIPLE_VALUES,MULTIPLE_VALUES,5699,MULTIPLE_VALUES,MULTIPLE_VALUES,724.48,ACTIVE | SUSPENDED,APPAREL | GROCERY,2,2,1,1,True
MCH4023,1,"Dhaliwal, Dugar and Vasa",STATIONERY,PARTNERSHIP,ACTIVE,5942,CHENNAI,TAMIL_NADU,,ACTIVE,STATIONERY,1,1,0,0,False
MCH4024,1,Choudhury Ltd,MISC_RETAIL,INDIVIDUAL,ACTIVE,5999,LUDHIANA,PUNJAB,,ACTIVE,MISC_RETAIL,1,1,0,0,False
MCH4025,1,Hegde-Sule,RETAIL,INDIVIDUAL,INACTIVE,5311,HYDERABAD,TELANGANA,1108.29,INACTIVE,RETAIL,1,1,0,0,False
MCH4026,1,NAGY LTD,RESTAURANT,PRIVATE_LIMITED,ACTIVE,5812,CALCUTTA,WEST_BENGAL,1027.0,ACTIVE,RESTAURANT,1,1,0,0,False
MCH4027,1,"Hegde, Ratti and Gera",GROCERY_STORE,PRIVATE_LIMITED,ACTIVE,5411,HYD,TELANGANA,,ACTIVE,GROCERY_STORE,1,1,0,0,False
MCH4028,1,TANEJA-BHATTACHARYYA,TRANSPORT,PARTNERSHIP,ACTIVE,4131,LUCKNOW,UTTAR_PRADESH,2673.0,ACTIVE,TRANSPORT,1,1,0,0,False
MCH4029,1,Kuruvilla and Sons,GROCERY_STORES,PRIVATE_LIMITED,ACTIVE,5411,PUNE,MAHARASHTRA,55.43,ACTIVE,GROCERY_STORES,1,1,0,0,False
MCH4030,1,Nayar PLC,BOOKS,PRIVATE_LIMITED,ACTIVE,,ASR,PUNJAB,1079.32,ACTIVE,BOOKS,1,1,1,0,False
MCH4031,1,"Mitra, Bali and Rai",BOOKS_STATIONERY,PRIVATE_LIMITED,ACTIVE,05942,LUCKNOW,UTTAR_PRADESH,9089.26,ACTIVE,BOOKS_STATIONERY,1,1,1,0,False
MCH4033,1,Kota PLC,FASHION,INDIVIDUAL,ACTIVE,5699,LUDHIANA,PUNJAB,,ACTIVE,FASHION,1,1,0,0,False
MCH4034,1,Tiwari-Lad,OTHER,INDIVIDUAL,SUSPENDED,5999,LDH,PUNJAB,2041.77,SUSPENDED,OTHER,1,1,0,1,False
MCH4037,1,chaudhuri llc,DEPT_STORE,INDIVIDUAL,ACTIVE,5311,HYD,TELANGANA,,ACTIVE,DEPT_STORE,1,1,0,0,False
MCH4040,1,"Bahri, Solanki and Magar",DEPARTMENT_STORES,PRIVATE_LIMITED,ACTIVE,5311,CHENNAI,TAMIL_NADU,1173.0,ACTIVE,DEPARTMENT_STORES,1,1,0,0,False
MCH4041,1,Salvi-Mishra,RESTAURANTS,SOLE_PROPRIETOR,INACTIVE,5812,ASR,PUNJAB,1291.58,INACTIVE,RESTAURANTS,1,1,0,0,False
MCH4042,1,ROUT-MAHARAJ,MISCELLANEOUS,PARTNERSHIP,ACTIVE,05999,AMRITSAR,PUNJAB,696.23,ACTIVE,MISCELLANEOUS,1,1,1,0,False
MCH4043,2,MULTIPLE_VALUES,MULTIPLE_VALUES,MULTIPLE_VALUES,MULTIPLE_VALUES,MULTIPLE_VALUES,MULTIPLE_VALUES,MULTIPLE_VALUES,367.6,ACTIVE | INACTIVE,BOOKS_STATIONERY | PHARMACIES,2,2,0,0,True
MCH4047,1,KAUL-BARAD,DEPT_STORE,SOLE_PROPRIETOR,ACTIVE,5311,MUMBAY,MAHARASHTRA,986.5,ACTIVE,DEPT_STORE,1,1,0,0,False
MCH4048,1,"Lall, Kara and Uppal",FOOD,PARTNERSHIP,INACTIVE,05812,JALANDAR,PUNJAB,1748.0,INACTIVE,FOOD,1,1,1,0,False
MCH4050,2,MULTIPLE_VALUES,MULTIPLE_VALUES,MULTIPLE_VALUES,ACTIVE,MULTIPLE_VALUES,MULTIPLE_VALUES,MULTIPLE_VALUES,779.115,ACTIVE,APPAREL | GROCERY_STORE,1,2,1,0,True
MCH4051,3,MULTIPLE_VALUES,MULTIPLE_VALUES,MULTIPLE_VALUES,ACTIVE,MULTIPLE_VALUES,MULTIPLE_VALUES,MULTIPLE_VALUES,762.06,ACTIVE,DEPT_STORE | RESTAURANT | TRANSPORT,1,3,1,0,True
MCH4052,1,Bal-Choudhary,FOOD,PARTNERSHIP,ACTIVE,5812,JALANDHAR,PUNJAB,2217.99,ACTIVE,FOOD,1,1,0,0,False
MCH4055,2,MULTIPLE_VALUES,MULTIPLE_VALUES,MULTIPLE_VALUES,MULTIPLE_VALUES,MULTIPLE_VALUES,MULTIPLE_VALUES,MULTIPLE_VALUES,630.845,ACTIVE | SUSPENDED,HOTEL | RESTAURANT,2,2,0,1,True
MCH4061,1,Mody-Vig,MISCELLANEOUS,INDIVIDUAL,ACTIVE,5999,AMRITSAR,PUNJAB,2007.74,ACTIVE,MISCELLANEOUS,1,1,0,0,False
MCH4062,1,Rana Group,RETAIL_OTHER,INDIVIDUAL,INACTIVE,5999,MUMBAY,MAHARASHTRA,1544.23,INACTIVE,RETAIL_OTHER,1,1,0,0,False
MCH4064,2,MULTIPLE_VALUES,MULTIPLE_VALUES,MULTIPLE_VALUES,MULTIPLE_VALUES,MULTIPLE_VALUES,MULTIPLE_VALUES,MULTIPLE_VALUES,1462.39,ACTIVE | INACTIVE,HOTEL_LODGING | TRANSPORTATION,2,2,0,0,True
MCH4066,2,MULTIPLE_VALUES,MULTIPLE_VALUES,MULTIPLE_VALUES,ACTIVE,MULTIPLE_VALUES,MULTIPLE_VALUES,MULTIPLE_VALUES,972.63,ACTIVE,BOOK_STORE | DEPT_STORE,1,2,1,0,True
MCH4068,1,Balakrishnan Inc,TELECOM,INDIVIDUAL,ACTIVE,4814,JALANDHAR,PUNJAB,1322.89,ACTIVE,TELECOM,1,1,0,0,False
MCH4072,1,Singhal-Natarajan,RESTAURANT,SOLE_PROPRIETOR,ACTIVE,5812,CHENNAI,TAMIL_NADU,2593.54,ACTIVE,RESTAURANT,1,1,0,0,False
MCH4073,1,Gopal PLC,RESTAURANTS,INDIVIDUAL,ACTIVE,05812,JAIPUR,RAJASTHAN,,ACTIVE,RESTAURANTS,1,1,1,0,False
MCH4075,1,Sankar-Mandal,EATING_PLACE,PARTNERSHIP,ACTIVE,5812,LUDHIANA,PUNJAB,1056.32,ACTIVE,EATING_PLACE,1,1,0,0,False
MCH4077,3,MULTIPLE_VALUES,MULTIPLE_VALUES,MULTIPLE_VALUES,ACTIVE,MULTIPLE_VALUES,MULTIPLE_VALUES,MULTIPLE_VALUES,640.73,ACTIVE,FOOD_SERVICES | RESTAURANTS | TRANSPRT,1,3,0,0,True
MCH4080,2,MULTIPLE_VALUES,MULTIPLE_VALUES,MULTIPLE_VALUES,ACTIVE,MULTIPLE_VALUES,MULTIPLE_VALUES,MULTIPLE_VALUES,3477.7,ACTIVE,DEPARTMENT_STORE | MOBILE_RECHARGE,1,2,0,0,True
MCH4081,1,Srinivasan-Bahri,MOBILE_RECHARGE,SOLE_PROPRIETOR,ACTIVE,4814,DELHI,DELHI,2928.84,ACTIVE,MOBILE_RECHARGE,1,1,0,0,False
MCH4082,1,Khurana Inc,OTHER,PRIVATE_LIMITED,INACTIVE,5999,DELHI,DELHI,288.7,INACTIVE,OTHER,1,1,0,0,False
MCH4083,1,"Loyal, Dara and Sharaf",PHONE_SERVICE,INDIVIDUAL,ACTIVE,4814,CHENNAI,TAMIL_NADU,1752.1,ACTIVE,PHONE_SERVICE,1,1,0,0,False
MCH4084,1,Mitra PLC,DEPARTMENT_STORES,INDIVIDUAL,ACTIVE,5311,JALANDHAR,PUNJAB,973.94,ACTIVE,DEPARTMENT_STORES,1,1,0,0,False
MCH4086,2,"Kannan, Varghese and Lalla",RETAIL,PRIVATE_LIMITED,ACTIVE,5311,MUMBAI,MAHARASHTRA,1459.96,ACTIVE,RETAIL,1,1,0,0,False
MCH4087,1,"basak, lal and tailor",MOBILE_RECHARGE,PRIVATE_LIMITED,ACTIVE,4814,PUNE,MAHARASHTRA,298.11,ACTIVE,MOBILE_RECHARGE,1,1,0,0,False
MCH4089,1,Mistry and Sons,GROCERY_STORE,SOLE_PROPRIETOR,ACTIVE,5411,MUMBAI,MAHARASHTRA,1563.22,ACTIVE,GROCERY_STORE,1,1,0,0,False
MCH4090,4,MULTIPLE_VALUES,MULTIPLE_VALUES,MULTIPLE_VALUES,MULTIPLE_VALUES,MULTIPLE_VALUES,MULTIPLE_VALUES,MULTIPLE_VALUES,1538.0,ACTIVE | INACTIVE,BOOKS | DEPARTMENT_STORE | MISCELLANEOUS | TRANSPORTATION,2,4,1,0,True
MCH4092,2,MULTIPLE_VALUES,MULTIPLE_VALUES,MULTIPLE_VALUES,MULTIPLE_VALUES,MULTIPLE_VALUES,MULTIPLE_VALUES,MULTIPLE_VALUES,3163.5750000000003,ACTIVE | SUSPENDED,BOOKS_STATIONERY | FOOD,2,2,1,1,True
MCH4093,1,Krishnamurthy PLC,HOTEL,PRIVATE_LIMITED,INACTIVE,7011,LUCKNOW,UTTAR_PRADESH,1291.9,INACTIVE,HOTEL,1,1,0,0,False
MCH4094,2,MULTIPLE_VALUES,DEPT_STORE,MULTIPLE_VALUES,ACTIVE,MULTIPLE_VALUES,MULTIPLE_VALUES,MULTIPLE_VALUES,3665.635,ACTIVE,DEPT_STORE,1,1,1,0,False
MCH4096,2,MULTIPLE_VALUES,MULTIPLE_VALUES,PRIVATE_LIMITED,ACTIVE,5999,MULTIPLE_VALUES,MULTIPLE_VALUES,2053.125,ACTIVE,APPAREL | MISC_RETAIL,1,2,1,0,True
MCH4097,3,MULTIPLE_VALUES,MULTIPLE_VALUES,MULTIPLE_VALUES,MULTIPLE_VALUES,MULTIPLE_VALUES,MULTIPLE_VALUES,MULTIPLE_VALUES,930.77,ACTIVE | INACTIVE,KIRANA | MEDICAL | PHARMACY,2,3,0,0,True
MCH4099,1,"Dewan, Rastogi and Jayaraman",RETAIL,INDIVIDUAL,ACTIVE,,LDH,PUNJAB,1926.0,ACTIVE,RETAIL,1,1,1,0,False
MCH4100,1,RAJA-VASA,HOSPITALITY,SOLE_PROPRIETOR,ACTIVE,7011,JALANDHAR,PUNJAB,479.15,ACTIVE,HOSPITALITY,1,1,0,0,False
MCH4101,2,MULTIPLE_VALUES,MULTIPLE_VALUES,MULTIPLE_VALUES,ACTIVE,MULTIPLE_VALUES,MULTIPLE_VALUES,MULTIPLE_VALUES,1236.83,ACTIVE,DEPARTMENT_STORES | HOSPITALITY,1,2,0,0,True
MCH4102,4,MULTIPLE_VALUES,MULTIPLE_VALUES,MULTIPLE_VALUES,ACTIVE,MULTIPLE_VALUES,MULTIPLE_VALUES,MULTIPLE_VALUES,1337.6,ACTIVE,BOOK_STORE | CHEMIST | CLOTHING | PHONE_SERVICE,1,4,1,0,True
MCH4104,3,MULTIPLE_VALUES,MULTIPLE_VALUES,INDIVIDUAL,MULTIPLE_VALUES,4814,MULTIPLE_VALUES,MULTIPLE_VALUES,295.0,ACTIVE | INACTIVE,HOTEL | TELECOM,2,2,1,0,True
MCH4106,2,MULTIPLE_VALUES,MULTIPLE_VALUES,PRIVATE_LIMITED,MULTIPLE_VALUES,MULTIPLE_VALUES,MULTIPLE_VALUES,MULTIPLE_VALUES,2559.4750000000004,ACTIVE | INACTIVE,KIRANA | PHARMACY,2,2,0,0,True
MCH4107,1,Pandey-Sastry,CLOTHS,SOLE_PROPRIETOR,INACTIVE,5699,JALANDHAR,PUNJAB,319.0,INACTIVE,CLOTHS,1,1,0,0,False
MCH4109,1,"Lal, Handa and Mammen",BOOKS_STATIONERY,INDIVIDUAL,ACTIVE,5942,KOLKATA,WEST_BENGAL,1181.07,ACTIVE,BOOKS_STATIONERY,1,1,0,0,False
MCH4110,1,Suresh-Bassi,STATIONERY,INDIVIDUAL,INACTIVE,5942,MUMBAI,MAHARASHTRA,1527.43,INACTIVE,STATIONERY,1,1,0,0,False
MCH4111,1,Brahmbhatt LLC,MISCELLANEOUS,PARTNERSHIP,SUSPENDED,5999,LKO,UTTAR_PRADESH,682.69,SUSPENDED,MISCELLANEOUS,1,1,0,1,False
MCH4112,1,Sodhi-Desai,DEPARTMENT_STORE,SOLE_PROPRIETOR,INACTIVE,MISC,HYD,TELANGANA,3193.0,INACTIVE,DEPARTMENT_STORE,1,1,1,0,False
MCH4113,1,"Anand,ChoudharyandContractor",PHARMACY,INDIVIDUAL,ACTIVE,5912,CHENNAI,TAMIL_NADU,,ACTIVE,PHARMACY,1,1,0,0,False
MCH4114,2,MULTIPLE_VALUES,MULTIPLE_VALUES,MULTIPLE_VALUES,MULTIPLE_VALUES,MULTIPLE_VALUES,MULTIPLE_VALUES,MULTIPLE_VALUES,1547.515,ACTIVE | INACTIVE,MOBILE_RECHARGE | TRANSPRT,2,2,0,0,True
MCH4115,1,"Bandi, Rau and Hayre",TRANSPORTATION,SOLE_PROPRIETOR,SUSPENDED,4131,JAIPUR,RAJASTHAN,748.37,SUSPENDED,TRANSPORTATION,1,1,0,1,False
MCH4118,1,Upadhyay LLC,TRANSPORTATION,PRIVATE_LIMITED,ACTIVE,4131,CALCUTTA,WEST_BENGAL,,ACTIVE,TRANSPORTATION,1,1,0,0,False
MCH4122,1,"Lata, Magar and Savant",RETAIL_OTHER,PARTNERSHIP,ACTIVE,5999,BLR,KARNATAKA,3699.77,ACTIVE,RETAIL_OTHER,1,1,0,0,False
MCH4123,1,"Parekh, Patla and Kar",BOOK_STORE,PARTNERSHIP,ACTIVE,5942,JALANDHAR,PUNJAB,2764.76,ACTIVE,BOOK_STORE,1,1,0,0,False
MCH4124,2,MULTIPLE_VALUES,MULTIPLE_VALUES,MULTIPLE_VALUES,ACTIVE,MULTIPLE_VALUES,MULTIPLE_VALUES,MULTIPLE_VALUES,1525.675,ACTIVE,GROCERIES | HOTEL_LODGING,1,2,0,0,True
MCH4126,2,MULTIPLE_VALUES,MULTIPLE_VALUES,INDIVIDUAL,ACTIVE,MULTIPLE_VALUES,MULTIPLE_VALUES,MULTIPLE_VALUES,914.525,ACTIVE,APPAREL | TRANSPORTATION,1,2,0,0,True
MCH4127,2,Subramaniam-Jhaveri,BUS_TAXI,SOLE_PROPRIETOR,MULTIPLE_VALUES,4131,JPR,RAJASTHAN,5333.88,ACTIVE | SUSPENDED,BUS_TAXI,2,1,0,1,True
MCH4129,1,"Lad, Raja and Sachdev",HOTEL,PARTNERSHIP,ACTIVE,7011,MUMBAI,MAHARASHTRA,954.07,ACTIVE,HOTEL,1,1,0,0,False
MCH4131,2,MULTIPLE_VALUES,MULTIPLE_VALUES,MULTIPLE_VALUES,MULTIPLE_VALUES,MULTIPLE_VALUES,MULTIPLE_VALUES,MULTIPLE_VALUES,940.4649999999999,ACTIVE | INACTIVE,OTHER | TRANSPORT,2,2,0,0,True
MCH4133,2,MULTIPLE_VALUES,MULTIPLE_VALUES,MULTIPLE_VALUES,MULTIPLE_VALUES,MULTIPLE_VALUES,MULTIPLE_VALUES,MULTIPLE_VALUES,570.23,ACTIVE | SUSPENDED,PHARMACY | TRANSPORT,2,2,1,1,True
MCH4135,1,sunder ltd,GROCERY,PARTNERSHIP,ACTIVE,5411,LUDHIANA,PUNJAB,6745.05,ACTIVE,GROCERY,1,1,0,0,False
MCH4136,1,SEHGAL PLC,GARMENTS,PARTNERSHIP,ACTIVE,5699,MUMBAI,MAHARASHTRA,2564.97,ACTIVE,GARMENTS,1,1,0,0,False
MCH4141,1,Sarkar and Sons,MOBILE_RECHARGE,PARTNERSHIP,ACTIVE,4814,BANGALORE,KARNATAKA,1485.34,ACTIVE,MOBILE_RECHARGE,1,1,0,0,False
MCH4145,1,"Dalal, Dass and Vaidya",BOOK_STORE,SOLE_PROPRIETOR,SUSPENDED,5942,POONA,MAHARASHTRA,,SUSPENDED,BOOK_STORE,1,1,0,1,False
MCH4148,2,MULTIPLE_VALUES,MULTIPLE_VALUES,MULTIPLE_VALUES,MULTIPLE_VALUES,MULTIPLE_VALUES,MULTIPLE_VALUES,MULTIPLE_VALUES,2254.0,ACTIVE | INACTIVE,OTHER | PHONE_SERVICE,2,2,0,0,True
MCH4153,1,Shroff Ltd,RETAIL_OTHER,SOLE_PROPRIETOR,ACTIVE,5999,KOLKATA,WEST_BENGAL,3578.7,ACTIVE,RETAIL_OTHER,1,1,0,0,False
MCH4157,1,Minhas-Saran,TELECOM,PARTNERSHIP,ACTIVE,4814,BOMBAY,MAHARASHTRA,,ACTIVE,TELECOM,1,1,0,0,False
MCH4158,1,SASTRY INC,BOOKS_STATIONERY,PARTNERSHIP,INACTIVE,UNKNOWN,DELHI,DELHI,480.93,INACTIVE,BOOKS_STATIONERY,1,1,1,0,False
MCH4163,2,MULTIPLE_VALUES,MULTIPLE_VALUES,SOLE_PROPRIETOR,ACTIVE,MULTIPLE_VALUES,MULTIPLE_VALUES,MULTIPLE_VALUES,390.74,ACTIVE,FOOD_SERVICES | HOTEL,1,2,0,0,True
MCH4164,1,Iyengar LLC,MISC_RETAIL,SOLE_PROPRIETOR,ACTIVE,05999,JAIPUR,RAJASTHAN,440.0,ACTIVE,MISC_RETAIL,1,1,1,0,False
MCH4165,2,MULTIPLE_VALUES,MULTIPLE_VALUES,PRIVATE_LIMITED,SUSPENDED,MULTIPLE_VALUES,MULTIPLE_VALUES,MULTIPLE_VALUES,1388.15,SUSPENDED,DEPARTMENT_STORES | TELECOM,1,2,0,2,True
MCH4167,2,MULTIPLE_VALUES,MULTIPLE_VALUES,MULTIPLE_VALUES,ACTIVE,MULTIPLE_VALUES,MULTIPLE_VALUES,MULTIPLE_VALUES,1881.4450000000002,ACTIVE,FOOD_SERVICES | RETAIL,1,2,1,0,True
MCH4168,2,MULTIPLE_VALUES,MULTIPLE_VALUES,MULTIPLE_VALUES,MULTIPLE_VALUES,MULTIPLE_VALUES,MULTIPLE_VALUES,MULTIPLE_VALUES,1194.41,ACTIVE | INACTIVE,CHEMIST | RETAIL_OTHER,2,2,1,0,True
MCH4169,1,"Vaidya, Vasa and Palan",MOBILE_RECHARGE,INDIVIDUAL,ACTIVE,4814,HYD,TELANGANA,1965.48,ACTIVE,MOBILE_RECHARGE,1,1,0,0,False
MCH4170,3,MULTIPLE_VALUES,MULTIPLE_VALUES,MULTIPLE_VALUES,ACTIVE,MULTIPLE_VALUES,MULTIPLE_VALUES,MULTIPLE_VALUES,926.11,ACTIVE,DEPARTMENT_STORES | FOOD_SERVICES | MISC_RETAIL,1,3,0,0,True
MCH4172,1,"khosla, tak and mahajan",MEDICAL_STORE,PARTNERSHIP,ACTIVE,5912,KOLKATA,WEST_BENGAL,1964.28,ACTIVE,MEDICAL_STORE,1,1,0,0,False
MCH4176,1,Sani-Bhalla,HOTEL_LODGING,INDIVIDUAL,ACTIVE,UNKNOWN,DELHI,DELHI,1216.13,ACTIVE,HOTEL_LODGING,1,1,1,0,False
MCH4179,1,"Choudhry, Bera and Pandit",FASHION,PARTNERSHIP,ACTIVE,5699,KOLKATA,WEST_BENGAL,1930.08,ACTIVE,FASHION,1,1,0,0,False
MCH4180,2,MULTIPLE_VALUES,MULTIPLE_VALUES,MULTIPLE_VALUES,ACTIVE,7011,MULTIPLE_VALUES,MULTIPLE_VALUES,2129.745,ACTIVE,BOOKS_STATIONERY | HOTELS,1,2,1,0,True
MCH4182,1,"More, Sarma and Baria",TELECOM,INDIVIDUAL,ACTIVE,4814,MUMBAI,MAHARASHTRA,4102.61,ACTIVE,TELECOM,1,1,0,0,False
MCH4184,2,MULTIPLE_VALUES,MULTIPLE_VALUES,PARTNERSHIP,MULTIPLE_VALUES,MULTIPLE_VALUES,MULTIPLE_VALUES,MULTIPLE_VALUES,951.635,ACTIVE | INACTIVE,FOOD_SERVICES | HOTEL_LODGING,2,2,1,0,True
MCH4185,2,MULTIPLE_VALUES,MULTIPLE_VALUES,PRIVATE_LIMITED,ACTIVE,MULTIPLE_VALUES,MULTIPLE_VALUES,MULTIPLE_VALUES,867.75,ACTIVE,BOOK_STORE | TELECOM,1,2,0,0,True
MCH4187,1,"Tella, Hayre and Patla",EATING_PLACE,SOLE_PROPRIETOR,SUSPENDED,5812,JAIPUR,RAJASTHAN,2332.84,SUSPENDED,EATING_PLACE,1,1,0,1,False
MCH4191,1,"Mangal, Seshadri and Kakar",GARMENTS,PRIVATE_LIMITED,ACTIVE,5699,PUNE,MAHARASHTRA,1192.21,ACTIVE,GARMENTS,1,1,0,0,False
MCH4194,2,MULTIPLE_VALUES,MULTIPLE_VALUES,MULTIPLE_VALUES,MULTIPLE_VALUES,4131,MULTIPLE_VALUES,PUNJAB,2059.54,ACTIVE | INACTIVE,MEDICAL_STORE | TRANSPORTATION,2,2,1,0,True
MCH4197,1,Chaudry Group,PHARMACY,PRIVATE_LIMITED,ACTIVE,5912,PUNE,MAHARASHTRA,4814.44,ACTIVE,PHARMACY,1,1,0,0,False
MCH4200,3,MULTIPLE_VALUES,MULTIPLE_VALUES,MULTIPLE_VALUES,ACTIVE,MULTIPLE_VALUES,MULTIPLE_VALUES,MULTIPLE_VALUES,951.15,ACTIVE,APPAREL | BOOK_STORE | TRANSPRT,1,3,1,0,True
MCH4205,1,Behl-Narula,DEPT_STORE,SOLE_PROPRIETOR,ACTIVE,05311,CALCUTTA,WEST_BENGAL,4442.0,ACTIVE,DEPT_STORE,1,1,1,0,False
MCH4208,1,devi-mangal,BOOK_STORE,SOLE_PROPRIETOR,ACTIVE,5942,LUDHIANA,PUNJAB,1564.41,ACTIVE,BOOK_STORE,1,1,0,0,False
MCH4209,2,MULTIPLE_VALUES,MULTIPLE_VALUES,MULTIPLE_VALUES,ACTIVE,MULTIPLE_VALUES,MULTIPLE_VALUES,MULTIPLE_VALUES,1481.2199999999998,ACTIVE,BUS_TAXI | RESTAURANTS,1,2,1,0,True
MCH4211,1,Amb1e-Saha,GROCERIES,SOLE_PROPRIETOR,ACTIVE,,DILLI,DELHI,525.0,ACTIVE,GROCERIES,1,1,1,0,False
MCH4212,1,Raman-Kohli,GROCERY_STORES,PARTNERSHIP,ACTIVE,5411,LUDHIANA,PUNJAB,3361.0,ACTIVE,GROCERY_STORES,1,1,0,0,False
MCH4214,1,"Mitra, Oak and Keer",APPAREL,INDIVIDUAL,ACTIVE,5699,BANGALORE,KARNATAKA,1159.46,ACTIVE,APPAREL,1,1,0,0,False
MCH4216,1,Ratta and Sons,STATIONERY,PARTNERSHIP,ACTIVE,5942,JALANDHAR,PUNJAB,1337.5,ACTIVE,STATIONERY,1,1,0,0,False
MCH4218,1,Srivastava Ltd,BOOK_STORE,SOLE_PROPRIETOR,ACTIVE,05942,BOMBAY,MAHARASHTRA,1744.69,ACTIVE,BOOK_STORE,1,1,1,0,False
MCH4220,2,MULTIPLE_VALUES,MULTIPLE_VALUES,INDIVIDUAL,ACTIVE,MULTIPLE_VALUES,MULTIPLE_VALUES,MULTIPLE_VALUES,660.4449999999999,ACTIVE,APPAREL | HOTEL,1,2,2,0,True
MCH4221,1,"Rastogi, Goda and Naidu",RETAIL_OTHER,INDIVIDUAL,ACTIVE,5999,JALANDHAR,PUNJAB,745.75,ACTIVE,RETAIL_OTHER,1,1,0,0,False
MCH4223,2,"Bajwa, Khurana and Sinha",RETAIL,SOLE_PROPRIETOR,MULTIPLE_VALUES,MISC,BENGALURU,KARNATAKA,585.1,ACTIVE | INACTIVE,RETAIL,2,1,2,0,True
MCH4225,1,Karnik LLC,CLOTHS,INDIVIDUAL,ACTIVE,5699,LDH,PUNJAB,537.99,ACTIVE,CLOTHS,1,1,0,0,False
MCH4227,2,MULTIPLE_VALUES,MULTIPLE_VALUES,MULTIPLE_VALUES,ACTIVE,5999,MULTIPLE_VALUES,MULTIPLE_VALUES,1730.9099999999999,ACTIVE,OTHER | RETAIL_OTHER,1,2,0,0,True
MCH4228,1,"SINGHAL, BHASIN AND KAUL",CLOTHS,PRIVATE_LIMITED,ACTIVE,5699,ASR,PUNJAB,896.57,ACTIVE,CLOTHS,1,1,0,0,False
MCH4230,1,Jha Group,PHARMACY,PRIVATE_LIMITED,ACTIVE,5912,JPR,RAJASTHAN,911.06,ACTIVE,PHARMACY,1,1,0,0,False
MCH4232,2,MULTIPLE_VALUES,MULTIPLE_VALUES,MULTIPLE_VALUES,MULTIPLE_VALUES,MULTIPLE_VALUES,MULTIPLE_VALUES,MULTIPLE_VALUES,4112.72,ACTIVE | SUSPENDED,GROCERY_STORE | PHARMACIES,2,2,0,1,True
MCH4233,4,MULTIPLE_VALUES,MULTIPLE_VALUES,SOLE_PROPRIETOR,MULTIPLE_VALUES,MULTIPLE_VALUES,MULTIPLE_VALUES,MULTIPLE_VALUES,2662.915,ACTIVE | INACTIVE,GROCERY_STORES | MEDICAL_STORE | MISC_RETAIL,2,3,0,0,True
MCH4235,1,NAGAR-SHARMA,RETAIL,SOLE_PROPRIETOR,ACTIVE,5311,KOLKATA,WEST_BENGAL,1671.65,ACTIVE,RETAIL,1,1,0,0,False
MCH4236,2,MULTIPLE_VALUES,MULTIPLE_VALUES,MULTIPLE_VALUES,ACTIVE,MULTIPLE_VALUES,MULTIPLE_VALUES,MULTIPLE_VALUES,1135.94,ACTIVE,APPAREL | STATIONERY,1,2,0,0,True
MCH4237,1,"Deshmukh, Ghose and Chhabra",EATING_PLACE,SOLE_PROPRIETOR,SUSPENDED,,PUNE,MAHARASHTRA,5905.65,SUSPENDED,EATING_PLACE,1,1,1,1,False
MCH4243,1,"Ramesh, Venkatesh and Ravel",RETAIL,SOLE_PROPRIETOR,ACTIVE,5311,AMRITSAR,PUNJAB,133.28,ACTIVE,RETAIL,1,1,0,0,False
MCH4244,2,MULTIPLE_VALUES,MULTIPLE_VALUES,MULTIPLE_VALUES,ACTIVE,5311,MULTIPLE_VALUES,MULTIPLE_VALUES,1770.38,ACTIVE,DEPARTMENT_STORE | HOTELS,1,2,1,0,True
MCH4245,1,Dua Group,TRANSPRT,PARTNERSHIP,ACTIVE,4131,LUDHIANA,PUNJAB,323.1,ACTIVE,TRANSPRT,1,1,0,0,False
MCH4246,1,Rama-Dasgupta,RETAIL,INDIVIDUAL,ACTIVE,5311,AMRITSAR,PUNJAB,2336.28,ACTIVE,RETAIL,1,1,0,0,False
MCH4248,1,"Bahl, Prashad and Reddy",DEPARTMENT_STORES,SOLE_PROPRIETOR,ACTIVE,5311,LUCKNOW,UTTAR_PRADESH,4921.5,ACTIVE,DEPARTMENT_STORES,1,1,0,0,False
MCH4249,2,MULTIPLE_VALUES,MULTIPLE_VALUES,SOLE_PROPRIETOR,ACTIVE,MULTIPLE_VALUES,MULTIPLE_VALUES,MULTIPLE_VALUES,3717.435,ACTIVE,FOOD_SERVICES | HOTEL,1,2,1,0,True
MCH4250,2,MULTIPLE_VALUES,MULTIPLE_VALUES,MULTIPLE_VALUES,ACTIVE,MULTIPLE_VALUES,MULTIPLE_VALUES,MULTIPLE_VALUES,698.835,ACTIVE,BUS_TAXI | GROCERY,1,2,0,0,True
MCH4253,1,MANDER-SAGAR,RETAIL_OTHER,INDIVIDUAL,ACTIVE,,LDH,PUNJAB,348.43,ACTIVE,RETAIL_OTHER,1,1,1,0,False
MCH4260,1,"Kalla, Banerjee and Choudhary",PHONE_SERVICE,PARTNERSHIP,ACTIVE,4814,LDH,PUNJAB,389.14,ACTIVE,PHONE_SERVICE,1,1,0,0,False
MCH4261,3,MULTIPLE_VALUES,MULTIPLE_VALUES,MULTIPLE_VALUES,ACTIVE,MULTIPLE_VALUES,MULTIPLE_VALUES,MULTIPLE_VALUES,965.51,ACTIVE,DEPARTMENT_STORE | HOTEL_LODGING | KIRANA,1,3,1,0,True
MCH4263,1,Kari and Sons,MOBILE_RECHARGE,PRIVATE_LIMITED,ACTIVE,4814,KOLKATA,WEST_BENGAL,,ACTIVE,MOBILE_RECHARGE,1,1,0,0,False
MCH4273,1,Bava Group,MISC_RETAIL,PRIVATE_LIMITED,INACTIVE,5999,LUDHIANA,PUNJAB,2773.64,INACTIVE,MISC_RETAIL,1,1,0,0,False
MCH4274,2,MULTIPLE_VALUES,MULTIPLE_VALUES,PRIVATE_LIMITED,MULTIPLE_VALUES,4131,MULTIPLE_VALUES,MULTIPLE_VALUES,937.01,ACTIVE | INACTIVE,GROCERY_STORE | TRANSPORTATION,2,2,1,0,True
MCH4275,2,MULTIPLE_VALUES,MULTIPLE_VALUES,MULTIPLE_VALUES,ACTIVE,MULTIPLE_VALUES,MULTIPLE_VALUES,MULTIPLE_VALUES,1009.55,ACTIVE,DEPT_STORE | RESTAURANT,1,2,0,0,True
MCH4277,3,MULTIPLE_VALUES,MULTIPLE_VALUES,MULTIPLE_VALUES,ACTIVE,MULTIPLE_VALUES,MULTIPLE_VALUES,MULTIPLE_VALUES,902.975,ACTIVE,DEPT_STORE | TRANSPORT | TRANSPORTATION,1,3,0,0,True
MCH4278,1,Thakkar-Gupta,DEPARTMENT_STORES,PRIVATE_LIMITED,INACTIVE,5311,ASR,PUNJAB,703.48,INACTIVE,DEPARTMENT_STORES,1,1,0,0,False
MCH4282,1,PINGLE LTD,RETAIL,SOLE_PROPRIETOR,ACTIVE,5311,ASR,PUNJAB,816.0,ACTIVE,RETAIL,1,1,0,0,False
MCH4283,1,Joshi-Srinivas,GROCERY_STORE,PARTNERSHIP,ACTIVE,5411,AMRITSAR,PUNJAB,1135.0,ACTIVE,GROCERY_STORE,1,1,0,0,False
MCH4284,2,MULTIPLE_VALUES,MULTIPLE_VALUES,MULTIPLE_VALUES,MULTIPLE_VALUES,MULTIPLE_VALUES,MULTIPLE_VALUES,MULTIPLE_VALUES,385.0,ACTIVE | SUSPENDED,OTHER | TRAVEL,2,2,0,1,True
MCH4285,1,Bhatnagar-Atwal,BOOK_STORE,PARTNERSHIP,INACTIVE,5942,JALANDHAR,PUNJAB,988.9,INACTIVE,BOOK_STORE,1,1,0,0,False
MCH4287,1,"Kuruvilla, Chanda and Sood",TRANSPORT,INDIVIDUAL,ACTIVE,4131,JALANDHAR,PUNJAB,1244.04,ACTIVE,TRANSPORT,1,1,0,0,False
MCH4288,1,KASHYAP-PUROHIT,FASHION,PRIVATE_LIMITED,ACTIVE,5699,JPR,RAJASTHAN,262.02,ACTIVE,FASHION,1,1,0,0,False
MCH4289,1,singhal-dasgupta,FASHION,PARTNERSHIP,ACTIVE,,BENGALURU,KARNATAKA,,ACTIVE,FASHION,1,1,1,0,False
MCH4290,2,MULTIPLE_VALUES,MULTIPLE_VALUES,MULTIPLE_VALUES,MULTIPLE_VALUES,MULTIPLE_VALUES,MULTIPLE_VALUES,MULTIPLE_VALUES,2175.7,ACTIVE | INACTIVE,DEPARTMENT_STORE | OTHER,2,2,0,0,True
MCH4296,1,Varty-Varma,MISC_RETAIL,PRIVATE_LIMITED,ACTIVE,5999,AMRITSAR,PUNJAB,,ACTIVE,MISC_RETAIL,1,1,0,0,False
MCH4298,2,MULTIPLE_VALUES,MULTIPLE_VALUES,MULTIPLE_VALUES,MULTIPLE_VALUES,MULTIPLE_VALUES,MULTIPLE_VALUES,MULTIPLE_VALUES,316.99,ACTIVE | INACTIVE,MOBILE_RECHARGE | OTHER,2,2,0,0,True
MCH4299,1,Master PLC,CLOTHS,PRIVATE_LIMITED,ACTIVE,5699,DELHI,DELHI,3539.65,ACTIVE,CLOTHS,1,1,0,0,False
MCH4301,1,Thakur Inc,BOOKS_STATIONERY,PARTNERSHIP,ACTIVE,5942,NEW_DELHI,DELHI,4449.0,ACTIVE,BOOKS_STATIONERY,1,1,0,0,False
MCH4303,1,"Dhingra, Khurana and Zachariah",MOBILE_RECHARGE,PARTNERSHIP,ACTIVE,4814,BOMBAY,MAHARASHTRA,2476.0,ACTIVE,MOBILE_RECHARGE,1,1,0,0,False
MCH4305,1,Padmanabhan-Thaker,TRANSPORTATION,INDIVIDUAL,ACTIVE,4131,LUDHIANA,PUNJAB,572.69,ACTIVE,TRANSPORTATION,1,1,0,0,False
MCH4306,1,"Narula, Hegde and Minhas",GROCERY_STORES,PRIVATE_LIMITED,ACTIVE,5411,BLR,KARNATAKA,,ACTIVE,GROCERY_STORES,1,1,0,0,False
MCH4308,1,Natt Group,MEDICAL,PARTNERSHIP,ACTIVE,5912,DELHI,DELHI,2114.37,ACTIVE,MEDICAL,1,1,0,0,False
MCH4312,1,Dada-Hari,CLOTHS,SOLE_PROPRIETOR,ACTIVE,5699,LDH,PUNJAB,2174.33,ACTIVE,CLOTHS,1,1,0,0,False
MCH4314,1,Deshmukh Ltd,APPAREL,PRIVATE_LIMITED,INACTIVE,5699,JALANDHAR,PUNJAB,986.05,INACTIVE,APPAREL,1,1,0,0,False
MCH4318,1,Nagar and Sons,TRANSPRT,SOLE_PROPRIETOR,ACTIVE,4131,LKO,UTTAR_PRADESH,1159.12,ACTIVE,TRANSPRT,1,1,0,0,False
MCH4319,3,MULTIPLE_VALUES,MULTIPLE_VALUES,MULTIPLE_VALUES,MULTIPLE_VALUES,MULTIPLE_VALUES,MULTIPLE_VALUES,MULTIPLE_VALUES,1351.02,ACTIVE | SUSPENDED,APPAREL | EATING_PLACE | RETAIL,2,3,1,1,True
MCH4320,1,Vala and Sons,MOBILE_RECHARGE,PRIVATE_LIMITED,INACTIVE,4814,MUMBAI,MAHARASHTRA,,INACTIVE,MOBILE_RECHARGE,1,1,0,0,False
MCH4322,6,MULTIPLE_VALUES,MULTIPLE_VALUES,MULTIPLE_VALUES,ACTIVE,MULTIPLE_VALUES,MULTIPLE_VALUES,MULTIPLE_VALUES,575.07,ACTIVE,DEPT_STORE | GROCERIES | HOTELS | TELECOM,1,4,2,0,True
MCH4323,1,"Ben, Wagle and Shan",EATING_PLACE,SOLE_PROPRIETOR,SUSPENDED,5812,MADRAS,TAMIL_NADU,,SUSPENDED,EATING_PLACE,1,1,0,1,False
MCH4324,1,Choudhury Group,DEPT_STORE,INDIVIDUAL,ACTIVE,5311,CHENNAI,TAMIL_NADU,10680.0,ACTIVE,DEPT_STORE,1,1,0,0,False
MCH4325,1,choudhry llc,HOTELS,PRIVATE_LIMITED,INACTIVE,07011,JAIPUR,RAJASTHAN,,INACTIVE,HOTELS,1,1,1,0,False
MCH4326,1,Morar-Jani,HOTELS,PARTNERSHIP,ACTIVE,7011,LKO,UTTAR_PRADESH,9768.01,ACTIVE,HOTELS,1,1,0,0,False
MCH4330,1,"Viswanathan, Morar and Barad",TRANSPRT,INDIVIDUAL,ACTIVE,4131,JALANDHAR,PUNJAB,151.73,ACTIVE,TRANSPRT,1,1,0,0,False
MCH4331,1,"Wali, Buch and Nagi",GARMENTS,SOLE_PROPRIETOR,INACTIVE,5699,AMRITSAR,PUNJAB,1154.33,INACTIVE,GARMENTS,1,1,0,0,False
MCH4332,1,Varma PLC,BOOKS,INDIVIDUAL,ACTIVE,5942,MUMBAI,MAHARASHTRA,229.07,ACTIVE,BOOKS,1,1,0,0,False
MCH4334,1,"Nazareth, Loyal and Dhar",DEPARTMENT_STORE,INDIVIDUAL,ACTIVE,05311,LUDHIANA,PUNJAB,6505.28,ACTIVE,DEPARTMENT_STORE,1,1,1,0,False
MCH4336,2,MULTIPLE_VALUES,MULTIPLE_VALUES,MULTIPLE_VALUES,ACTIVE,5411,MULTIPLE_VALUES,MULTIPLE_VALUES,614.99,ACTIVE,GROCERIES | KIRANA,1,2,0,0,True
MCH4337,1,Sethi Ltd,TELECOM,INDIVIDUAL,INACTIVE,4814,JALANDHAR,PUNJAB,3672.22,INACTIVE,TELECOM,1,1,0,0,False
MCH4338,1,Johal-Dara,HOTEL,INDIVIDUAL,SUSPENDED,7011,JPR,RAJASTHAN,3419.42,SUSPENDED,HOTEL,1,1,0,1,False
MCH4340,1,"Nadig, Kothari and Khalsa",HOTELS,PARTNERSHIP,ACTIVE,7011,MUMBAI,MAHARASHTRA,1756.35,ACTIVE,HOTELS,1,1,0,0,False
MCH4342,2,MULTIPLE_VALUES,MULTIPLE_VALUES,PRIVATE_LIMITED,MULTIPLE_VALUES,MULTIPLE_VALUES,MULTIPLE_VALUES,MULTIPLE_VALUES,337.31,INACTIVE | SUSPENDED,MOBILE_RECHARGE | TRANSPRT,2,2,0,1,True
MCH4349,2,MULTIPLE_VALUES,MULTIPLE_VALUES,MULTIPLE_VALUES,ACTIVE,MULTIPLE_VALUES,MULTIPLE_VALUES,MULTIPLE_VALUES,1318.2350000000001,ACTIVE,BOOKS_STATIONERY | TRANSPORTATION,1,2,1,0,True
MCH4352,1,suri ltd,MEDICAL_STORE,INDIVIDUAL,ACTIVE,5912,LUCKNOW,UTTAR_PRADESH,,ACTIVE,MEDICAL_STORE,1,1,0,0,False
MCH4353,1,"Sha, Thaman and Bhasin",APPAREL,PARTNERSHIP,INACTIVE,5699,LUCKNOW,UTTAR_PRADESH,,INACTIVE,APPAREL,1,1,0,0,False
MCH4354,1,Natarajan-Lad,HOTEL_LODGING,PARTNERSHIP,ACTIVE,7011,AMRITSAR,PUNJAB,703.43,ACTIVE,HOTEL_LODGING,1,1,0,0,False
MCH4355,1,Sur-Pandit,GARMENTS,PARTNERSHIP,ACTIVE,05699,LUCKNOW,UTTAR_PRADESH,,ACTIVE,GARMENTS,1,1,1,0,False
MCH4356,2,MULTIPLE_VALUES,MULTIPLE_VALUES,PARTNERSHIP,ACTIVE,MULTIPLE_VALUES,MULTIPLE_VALUES,MULTIPLE_VALUES,2193.255,ACTIVE,MEDICAL | TELECOM,1,2,1,0,True
MCH4357,1,Som and Sons,RETAIL,INDIVIDUAL,ACTIVE,5311,LDH,PUNJAB,,ACTIVE,RETAIL,1,1,0,0,False
MCH4359,1,Mistry-Parekh,PHARMACIES,PRIVATE_LIMITED,SUSPENDED,5912,MUMBAI,MAHARASHTRA,684.0,SUSPENDED,PHARMACIES,1,1,0,1,False
MCH4360,1,Khurana Ltd,APPAREL,PARTNERSHIP,ACTIVE,5699,JAIPUR,RAJASTHAN,507.91,ACTIVE,APPAREL,1,1,0,0,False
MCH4361,2,MULTIPLE_VALUES,MULTIPLE_VALUES,MULTIPLE_VALUES,ACTIVE,MULTIPLE_VALUES,PUNE,MAHARASHTRA,2381.07,ACTIVE,CLOTHS | GROCERIES,1,2,0,0,True
MCH4362,1,Sura LLC,HOTEL_LODGING,INDIVIDUAL,SUSPENDED,7011,JAIPUR,RAJASTHAN,218.0,SUSPENDED,HOTEL_LODGING,1,1,0,1,False
MCH4363,2,MULTIPLE_VALUES,MULTIPLE_VALUES,MULTIPLE_VALUES,ACTIVE,MULTIPLE_VALUES,MULTIPLE_VALUES,PUNJAB,1127.865,ACTIVE,HOTEL_LODGING | PHARMACY,1,2,0,0,True
MCH4364,1,SASTRY-SHETTY,TRANSPORT,SOLE_PROPRIETOR,ACTIVE,4131,KOLKATA,WEST_BENGAL,1128.0,ACTIVE,TRANSPORT,1,1,0,0,False
MCH4367,2,MULTIPLE_VALUES,MULTIPLE_VALUES,MULTIPLE_VALUES,ACTIVE,MULTIPLE_VALUES,MULTIPLE_VALUES,MULTIPLE_VALUES,1465.905,ACTIVE,FASHION | KIRANA,1,2,0,0,True
MCH4369,2,MULTIPLE_VALUES,MULTIPLE_VALUES,MULTIPLE_VALUES,MULTIPLE_VALUES,5812,MULTIPLE_VALUES,MULTIPLE_VALUES,588.685,ACTIVE | SUSPENDED,FOOD | FOOD_SERVICES,2,2,0,1,True
MCH4370,1,Kuruvilla and Sons,OTHER,INDIVIDUAL,ACTIVE,05999,MUMBAY,MAHARASHTRA,,ACTIVE,OTHER,1,1,1,0,False
MCH4371,1,Chahal-Chaudhari,PHONE_SERVICE,SOLE_PROPRIETOR,SUSPENDED,4814,LUDHIANA,PUNJAB,219.82,SUSPENDED,PHONE_SERVICE,1,1,0,1,False
MCH4373,1,Raman-Karnik,BOOKS,PARTNERSHIP,ACTIVE,5942,DELHI,DELHI,,ACTIVE,BOOKS,1,1,0,0,False
MCH4374,1,Venkatesh LLC,HOTEL,INDIVIDUAL,ACTIVE,7011,JALANDHAR,PUNJAB,418.37,ACTIVE,HOTEL,1,1,0,0,False
MCH4375,1,"Mani, Pillai and Soman",DEPARTMENT_STORES,SOLE_PROPRIETOR,ACTIVE,05311,LUCKNOW,UTTAR_PRADESH,1050.41,ACTIVE,DEPARTMENT_STORES,1,1,1,0,False
MCH4377,1,Kale-Krishnan,BOOK_STORE,PARTNERSHIP,INACTIVE,5942,BENGALURU,KARNATAKA,2218.12,INACTIVE,BOOK_STORE,1,1,0,0,False
MCH4382,2,MULTIPLE_VALUES,MULTIPLE_VALUES,INDIVIDUAL,ACTIVE,MULTIPLE_VALUES,MUMBAI,MAHARASHTRA,872.05,ACTIVE,MEDICAL_STORE | PHARMACIES,1,2,1,0,True
MCH4383,2,MULTIPLE_VALUES,MULTIPLE_VALUES,MULTIPLE_VALUES,ACTIVE,MULTIPLE_VALUES,MULTIPLE_VALUES,MULTIPLE_VALUES,2123.73,ACTIVE,DEPT_STORE | FOOD,1,2,1,0,True
MCH4385,1,Bera-S0m,GROCERIES,PRIVATE_LIMITED,ACTIVE,UNKNOWN,JALANDAR,PUNJAB,2548.67,ACTIVE,GROCERIES,1,1,1,0,False
MCH4389,1,"Bobal, Chakrabarti and Dash",PHARMACY,SOLE_PROPRIETOR,ACTIVE,5912,PUNE,MAHARASHTRA,445.95,ACTIVE,PHARMACY,1,1,0,0,False
MCH4390,1,Ar0ra LLC,RESTAURANTS,SOLE_PROPRIETOR,ACTIVE,5812,HYD,TELANGANA,1372.0,ACTIVE,RESTAURANTS,1,1,0,0,False
MCH4395,1,Ramakrishnan-Rastogi,MISC_RETAIL,PRIVATE_LIMITED,ACTIVE,5999,CHENNAI,TAMIL_NADU,,ACTIVE,MISC_RETAIL,1,1,0,0,False
MCH4397,1,Tailor-Pandey,CHEMIST,PRIVATE_LIMITED,ACTIVE,5912,PUNE,MAHARASHTRA,,ACTIVE,CHEMIST,1,1,0,0,False
MCH4398,1,"BOSE, DHAR AND OZA",RESTAURANT,INDIVIDUAL,ACTIVE,5812,JALANDHAR,PUNJAB,580.38,ACTIVE,RESTAURANT,1,1,0,0,False
MCH4401,2,MULTIPLE_VALUES,MULTIPLE_VALUES,MULTIPLE_VALUES,ACTIVE,MULTIPLE_VALUES,MULTIPLE_VALUES,MULTIPLE_VALUES,2443.395,ACTIVE,FASHION | PHONE_SERVICE,1,2,0,0,True
MCH4406,1,"Chand, Ahuja and Behl",HOTEL_LODGING,PRIVATE_LIMITED,ACTIVE,07011,PUNE,MAHARASHTRA,3629.0,ACTIVE,HOTEL_LODGING,1,1,1,0,False
MCH4408,1,Dhar-Shetty,MEDICAL,INDIVIDUAL,INACTIVE,5912,ASR,PUNJAB,425.49,INACTIVE,MEDICAL,1,1,0,0,False
MCH4411,1,"Kale, Issac and Sibal",RETAIL_OTHER,PRIVATE_LIMITED,ACTIVE,5999,MUMBAI,MAHARASHTRA,566.46,ACTIVE,RETAIL_OTHER,1,1,0,0,False
MCH4413,3,MULTIPLE_VALUES,MULTIPLE_VALUES,MULTIPLE_VALUES,ACTIVE,MULTIPLE_VALUES,MULTIPLE_VALUES,MULTIPLE_VALUES,3646.52,ACTIVE,CLOTHS | TRANSPORT,1,2,0,0,True
MCH4414,1,"Manne, Arora and Goel",GROCERIES,PRIVATE_LIMITED,ACTIVE,05411,HYD,TELANGANA,,ACTIVE,GROCERIES,1,1,1,0,False
MCH4416,2,Raju and S0ns,MISCELLANEOUS,INDIVIDUAL,MULTIPLE_VALUES,5999,BENGALURU,KARNATAKA,3955.0,INACTIVE | SUSPENDED,MISCELLANEOUS,2,1,0,1,True
MCH4417,1,Nair-Bhavsar,BOOKS,PRIVATE_LIMITED,ACTIVE,5942,JALANDHAR,PUNJAB,291.65,ACTIVE,BOOKS,1,1,0,0,False
MCH4419,3,MULTIPLE_VALUES,MEDICAL_STORE,MULTIPLE_VALUES,ACTIVE,MULTIPLE_VALUES,MULTIPLE_VALUES,MULTIPLE_VALUES,1442.51,ACTIVE,MEDICAL_STORE,1,1,1,0,False
MCH4421,3,MULTIPLE_VALUES,MULTIPLE_VALUES,SOLE_PROPRIETOR,ACTIVE,MULTIPLE_VALUES,MULTIPLE_VALUES,MULTIPLE_VALUES,1261.07,ACTIVE,GROCERY | MISCELLANEOUS | RETAIL_OTHER,1,3,0,0,True
MCH4424,1,"Date, Soman and Lall",DEPARTMENT_STORE,PRIVATE_LIMITED,ACTIVE,05311,CHENNAI,TAMIL_NADU,,ACTIVE,DEPARTMENT_STORE,1,1,1,0,False
MCH4427,1,Deshpande LLC,FOOD,PRIVATE_LIMITED,ACTIVE,5812,MUMBAI,MAHARASHTRA,1587.13,ACTIVE,FOOD,1,1,0,0,False
MCH4428,1,Raja-Kapadia,BOOKS_STATIONERY,PRIVATE_LIMITED,ACTIVE,5942,POONA,MAHARASHTRA,3396.0,ACTIVE,BOOKS_STATIONERY,1,1,0,0,False
MCH4431,1,"Wali, Zachariah and Toor",GROCERY_STORE,SOLE_PROPRIETOR,SUSPENDED,5411,BOMBAY,MAHARASHTRA,3595.68,SUSPENDED,GROCERY_STORE,1,1,0,1,False
MCH4433,1,"PATIL, SUBRAMANIAN AND MADAN",HOSPITALITY,PARTNERSHIP,ACTIVE,7011,CALCUTTA,WEST_BENGAL,830.16,ACTIVE,HOSPITALITY,1,1,0,0,False
MCH4434,1,Andra and Sons,OTHER,PRIVATE_LIMITED,ACTIVE,5999,LUDHIANA,PUNJAB,233.0,ACTIVE,OTHER,1,1,0,0,False
MCH4435,1,"Shere, Jain and Luthra",RETAIL_OTHER,PRIVATE_LIMITED,ACTIVE,5999,CHENNAI,TAMIL_NADU,894.0,ACTIVE,RETAIL_OTHER,1,1,0,0,False
MCH4438,1,Vasa-Divan,DEPARTMENT_STORE,PARTNERSHIP,ACTIVE,5311,KOLKATA,WEST_BENGAL,1288.65,ACTIVE,DEPARTMENT_STORE,1,1,0,0,False
MCH4439,1,DESHPANDE LTD,EATING_PLACE,PARTNERSHIP,ACTIVE,5812,BENGALURU,KARNATAKA,,ACTIVE,EATING_PLACE,1,1,0,0,False
MCH4440,2,MULTIPLE_VALUES,MULTIPLE_VALUES,MULTIPLE_VALUES,MULTIPLE_VALUES,5699,MULTIPLE_VALUES,MULTIPLE_VALUES,749.44,ACTIVE | SUSPENDED,APPAREL | CLOTHS,2,2,0,1,True
MCH4441,1,"Sachdev, Doctor and Subramanian",DEPARTMENT_STORE,PARTNERSHIP,INACTIVE,5311,CHENNAI,TAMIL_NADU,3222.79,INACTIVE,DEPARTMENT_STORE,1,1,0,0,False
MCH4443,1,Sachar-Banik,STATIONERY,PARTNERSHIP,ACTIVE,5942,JPR,RAJASTHAN,2375.86,ACTIVE,STATIONERY,1,1,0,0,False
MCH4444,2,MULTIPLE_VALUES,MULTIPLE_VALUES,PARTNERSHIP,ACTIVE,5999,MULTIPLE_VALUES,MULTIPLE_VALUES,1773.605,ACTIVE,MISC_RETAIL | RETAIL_OTHER,1,2,1,0,True
MCH4447,1,"sodhi, dalal and iyengar",DEPARTMENT_STORE,PRIVATE_LIMITED,ACTIVE,5311,BANGALORE,KARNATAKA,208.51,ACTIVE,DEPARTMENT_STORE,1,1,0,0,False
MCH4448,1,Gara and Sons,MISCELLANEOUS,INDIVIDUAL,SUSPENDED,5999,MADRAS,TAMIL_NADU,1524.31,SUSPENDED,MISCELLANEOUS,1,1,0,1,False
MCH4450,1,ZACHARIAH-BATRA,RETAIL,SOLE_PROPRIETOR,ACTIVE,5311,AMRITSAR,PUNJAB,1045.82,ACTIVE,RETAIL,1,1,0,0,False
MCH4451,1,Bansal-Tak,HOSPITALITY,INDIVIDUAL,ACTIVE,7011,AMRITSAR,PUNJAB,,ACTIVE,HOSPITALITY,1,1,0,0,False
MCH4454,2,MULTIPLE_VALUES,MULTIPLE_VALUES,MULTIPLE_VALUES,ACTIVE,MULTIPLE_VALUES,MULTIPLE_VALUES,MULTIPLE_VALUES,1259.63,ACTIVE,BOOKS_STATIONERY | RESTAURANTS,1,2,1,0,True
MCH4455,1,Iyer LLC,KIRANA,INDIVIDUAL,ACTIVE,5411,BANGALORE,KARNATAKA,586.02,ACTIVE,KIRANA,1,1,0,0,False
MCH4456,1,Krish-Panchal,GROCERY,INDIVIDUAL,ACTIVE,5411,LUCKNOW,UTTAR_PRADESH,1642.08,ACTIVE,GROCERY,1,1,0,0,False
MCH4457,1,"Chanda, Parikh and Hayre",RETAIL_OTHER,PRIVATE_LIMITED,ACTIVE,5999,AMRITSAR,PUNJAB,,ACTIVE,RETAIL_OTHER,1,1,0,0,False
MCH4458,1,"Gola, Dixit and Banik",GROCERY_STORE,SOLE_PROPRIETOR,ACTIVE,5411,AMRITSAR,PUNJAB,991.85,ACTIVE,GROCERY_STORE,1,1,0,0,False
MCH4459,3,MULTIPLE_VALUES,MULTIPLE_VALUES,MULTIPLE_VALUES,MULTIPLE_VALUES,MULTIPLE_VALUES,MULTIPLE_VALUES,MULTIPLE_VALUES,2096.925,ACTIVE | INACTIVE,DEPT_STORE | GROCERY_STORES | TRANSPRT,2,3,1,0,True
MCH4460,1,BUMB PLC,BOOKS,PRIVATE_LIMITED,ACTIVE,5942,CHENNAI,TAMIL_NADU,696.95,ACTIVE,BOOKS,1,1,0,0,False
MCH4462,1,"Koshy, Badal and Nayar",CLOTHING,INDIVIDUAL,ACTIVE,5699,HYD,TELANGANA,937.0,ACTIVE,CLOTHING,1,1,0,0,False
MCH4463,3,MULTIPLE_VALUES,MULTIPLE_VALUES,MULTIPLE_VALUES,MULTIPLE_VALUES,MULTIPLE_VALUES,MULTIPLE_VALUES,PUNJAB,703.89,ACTIVE | INACTIVE | SUSPENDED,APPAREL | CLOTHS | KIRANA,3,3,0,1,True
MCH4469,1,mane and sons,TRANSPORTATION,PARTNERSHIP,ACTIVE,4131,HYDERABAD,TELANGANA,1447.11,ACTIVE,TRANSPORTATION,1,1,0,0,False
MCH4474,1,Ram Ltd,TELECOM,PARTNERSHIP,ACTIVE,4814,JALANDHAR,PUNJAB,1082.17,ACTIVE,TELECOM,1,1,0,0,False
MCH4475,2,"Ray, Kulkarni and Suresh",DEPT_STORE,PRIVATE_LIMITED,ACTIVE,5311,LUDHIANA,PUNJAB,3417.23,ACTIVE,DEPT_STORE,1,1,0,0,False
MCH4476,1,Parikh Group,MEDICAL,PARTNERSHIP,ACTIVE,5912,KOLKATA,WEST_BENGAL,,ACTIVE,MEDICAL,1,1,0,0,False
MCH4477,2,MULTIPLE_VALUES,MULTIPLE_VALUES,PARTNERSHIP,ACTIVE,MULTIPLE_VALUES,MULTIPLE_VALUES,MULTIPLE_VALUES,2325.075,ACTIVE,CHEMIST | TELECOM,1,2,0,0,True
MCH4478,1,Shenoy Inc,TRANSPORT,PRIVATE_LIMITED,ACTIVE,4131,PUNE,MAHARASHTRA,3749.72,ACTIVE,TRANSPORT,1,1,0,0,False
MCH4481,1,Nagi Inc,CLOTHS,PARTNERSHIP,ACTIVE,5699,POONA,MAHARASHTRA,2759.79,ACTIVE,CLOTHS,1,1,0,0,False
MCH4482,1,Sawhney-Raman,HOTEL_LODGING,PRIVATE_LIMITED,ACTIVE,7011,LUDHIANA,PUNJAB,246.88,ACTIVE,HOTEL_LODGING,1,1,0,0,False
MCH4484,1,"Mukherjee, Tella and Malhotra",RESTAURANT,PARTNERSHIP,ACTIVE,5812,BANGALORE,KARNATAKA,2091.93,ACTIVE,RESTAURANT,1,1,0,0,False
MCH4485,1,NazarethInc,RETAIL_OTHER,INDIVIDUAL,SUSPENDED,5999,POONA,MAHARASHTRA,1928.18,SUSPENDED,RETAIL_OTHER,1,1,0,1,False
MCH4486,1,"Bumb, Kibe and Saraf",MOBILE_RECHARGE,PRIVATE_LIMITED,ACTIVE,4814,MADRAS,TAMIL_NADU,2112.84,ACTIVE,MOBILE_RECHARGE,1,1,0,0,False
MCH4487,3,MULTIPLE_VALUES,MULTIPLE_VALUES,MULTIPLE_VALUES,ACTIVE,MULTIPLE_VALUES,MULTIPLE_VALUES,MULTIPLE_VALUES,1290.99,ACTIVE,DEPARTMENT_STORES | MEDICAL_STORE | PHONE_SERVICE,1,3,0,0,True
MCH4490,2,MULTIPLE_VALUES,MULTIPLE_VALUES,MULTIPLE_VALUES,ACTIVE,MULTIPLE_VALUES,MULTIPLE_VALUES,MULTIPLE_VALUES,513.7,ACTIVE,GROCERIES | RESTAURANTS,1,2,0,0,True
MCH4495,1,"Nadig, Gade and Jha",BOOK_STORE,PARTNERSHIP,ACTIVE,5942,HYD,TELANGANA,1329.61,ACTIVE,BOOK_STORE,1,1,0,0,False
MCH4496,2,MULTIPLE_VALUES,TELECOM,PARTNERSHIP,ACTIVE,4814,MULTIPLE_VALUES,MULTIPLE_VALUES,,ACTIVE,TELECOM,1,1,0,0,False
MCH4497,1,Padmanabhan Group,RESTAURANT,INDIVIDUAL,ACTIVE,5812,MUMBAI,MAHARASHTRA,2142.62,ACTIVE,RESTAURANT,1,1,0,0,False
MCH4501,1,BARMAN AND SONS,RESTAURANT,PRIVATE_LIMITED,ACTIVE,5812,DILLI,DELHI,523.04,ACTIVE,RESTAURANT,1,1,0,0,False
MCH4503,3,MULTIPLE_VALUES,MULTIPLE_VALUES,MULTIPLE_VALUES,ACTIVE,MULTIPLE_VALUES,MULTIPLE_VALUES,MULTIPLE_VALUES,540.93,ACTIVE,GROCERIES | HOTELS | HOTEL_LODGING,1,3,0,0,True
MCH4507,1,Bassi-Merchant,EATING_PLACE,SOLE_PROPRIETOR,ACTIVE,5812,MADRAS,TAMIL_NADU,3598.7,ACTIVE,EATING_PLACE,1,1,0,0,False
MCH4508,1,Prakash Ltd,EATING_PLACE,PRIVATE_LIMITED,SUSPENDED,5812,MUMBAI,MAHARASHTRA,1744.61,SUSPENDED,EATING_PLACE,1,1,0,1,False
MCH4509,1,"shanker, sem and varughese",BUS_TAXI,SOLE_PROPRIETOR,ACTIVE,4131,PUNE,MAHARASHTRA,,ACTIVE,BUS_TAXI,1,1,0,0,False
MCH4510,1,Bora Ltd,MOBILE_RECHARGE,INDIVIDUAL,ACTIVE,4814,CHENNAI,TAMIL_NADU,1583.66,ACTIVE,MOBILE_RECHARGE,1,1,0,0,False
MCH4511,1,"Walla, Kala and Devi",TRANSPORT,SOLE_PROPRIETOR,ACTIVE,4131,HYDERABAD,TELANGANA,1448.32,ACTIVE,TRANSPORT,1,1,0,0,False
MCH4515,1,Memon-Upadhyay,TRANSPRT,SOLE_PROPRIETOR,ACTIVE,4131,LUCKNOW,UTTAR_PRADESH,2435.25,ACTIVE,TRANSPRT,1,1,0,0,False
MCH4517,1,"Madan, Gola and Srivastava",RESTAURANTS,SOLE_PROPRIETOR,ACTIVE,5812,KOLKATA,WEST_BENGAL,,ACTIVE,RESTAURANTS,1,1,0,0,False
MCH4521,1,Raman PLC,APPAREL,PRIVATE_LIMITED,ACTIVE,5699,HYDERABAD,TELANGANA,4397.68,ACTIVE,APPAREL,1,1,0,0,False
MCH4524,1,Tara Ltd,MISCELLANEOUS,PRIVATE_LIMITED,ACTIVE,5999,HYDERABAD,TELANGANA,1296.94,ACTIVE,MISCELLANEOUS,1,1,0,0,False
MCH4526,1,"Mittal, Saha and Puri",APPAREL,SOLE_PROPRIETOR,ACTIVE,5699,BLR,KARNATAKA,893.38,ACTIVE,APPAREL,1,1,0,0,False
MCH4527,1,BansalInc,GROCERIES,PRIVATE_LIMITED,ACTIVE,5411,LUCKNOW,UTTAR_PRADESH,3449.0,ACTIVE,GROCERIES,1,1,0,0,False
MCH4528,1,Memon LLC,MEDICAL,PARTNERSHIP,ACTIVE,5912,HYD,TELANGANA,490.99,ACTIVE,MEDICAL,1,1,0,0,False
MCH4529,2,MULTIPLE_VALUES,MULTIPLE_VALUES,MULTIPLE_VALUES,MULTIPLE_VALUES,5999,MULTIPLE_VALUES,MULTIPLE_VALUES,1089.585,ACTIVE | SUSPENDED,CLOTHING | OTHER,2,2,1,1,True
MCH4530,3,MULTIPLE_VALUES,MULTIPLE_VALUES,MULTIPLE_VALUES,ACTIVE,MULTIPLE_VALUES,MULTIPLE_VALUES,MULTIPLE_VALUES,2420.975,ACTIVE,BOOKS | BOOKS_STATIONERY | FOOD_SERVICES,1,3,1,0,True
MCH4531,1,bail-ramachandran,TELECOM,PRIVATE_LIMITED,ACTIVE,4814,JPR,RAJASTHAN,597.69,ACTIVE,TELECOM,1,1,0,0,False
MCH4534,1,BUMB-GANGULY,CLOTHS,PARTNERSHIP,ACTIVE,05699,CHENNAI,TAMIL_NADU,1225.88,ACTIVE,CLOTHS,1,1,1,0,False
MCH4536,1,Gulati and Sons,RETAIL,INDIVIDUAL,ACTIVE,5311,DILLI,DELHI,951.8,ACTIVE,RETAIL,1,1,0,0,False
MCH4538,1,Lad Ltd,FASHION,PRIVATE_LIMITED,ACTIVE,5699,NEW_DELHI,DELHI,449.9,ACTIVE,FASHION,1,1,0,0,False
MCH4540,1,Nadig LLC,GARMENTS,PARTNERSHIP,ACTIVE,05699,MUMBAI,MAHARASHTRA,7331.0,ACTIVE,GARMENTS,1,1,1,0,False
MCH4544,1,"Som, Deshmukh and Narang",KIRANA,PARTNERSHIP,ACTIVE,5411,BANGALORE,KARNATAKA,4619.33,ACTIVE,KIRANA,1,1,0,0,False
MCH4547,1,rout inc,RESTAURANT,PRIVATE_LIMITED,ACTIVE,5812,BENGALURU,KARNATAKA,307.37,ACTIVE,RESTAURANT,1,1,0,0,False
MCH4548,2,MULTIPLE_VALUES,MULTIPLE_VALUES,PRIVATE_LIMITED,MULTIPLE_VALUES,MULTIPLE_VALUES,MULTIPLE_VALUES,MULTIPLE_VALUES,568.11,INACTIVE | SUSPENDED,MEDICAL | TRANSPRT,2,2,1,1,True
MCH4551,1,SURA GROUP,APPAREL,SOLE_PROPRIETOR,ACTIVE,5699,JALANDHAR,PUNJAB,3287.63,ACTIVE,APPAREL,1,1,0,0,False
MCH4552,1,"Palla, Mutti and Jayaraman",TRANSPORTATION,SOLE_PROPRIETOR,ACTIVE,4131,JAIPUR,RAJASTHAN,912.53,ACTIVE,TRANSPORTATION,1,1,0,0,False
MCH4553,1,Zachariah-Dara,RESTAURANTS,PRIVATE_LIMITED,ACTIVE,5812,JALANDHAR,PUNJAB,343.99,ACTIVE,RESTAURANTS,1,1,0,0,False
MCH4556,2,MULTIPLE_VALUES,MULTIPLE_VALUES,PRIVATE_LIMITED,ACTIVE,MULTIPLE_VALUES,MULTIPLE_VALUES,MULTIPLE_VALUES,881.89,ACTIVE,BOOK_STORE | HOSPITALITY,1,2,1,0,True
MCH4560,1,Shankar Ltd,TELECOM,INDIVIDUAL,ACTIVE,4814,BLR,KARNATAKA,1403.88,ACTIVE,TELECOM,1,1,0,0,False
MCH4567,1,Bhatti Inc,HOTELS,PARTNERSHIP,ACTIVE,7011,HYDERABAD,TELANGANA,1514.65,ACTIVE,HOTELS,1,1,0,0,False
MCH4573,2,MULTIPLE_VALUES,MULTIPLE_VALUES,MULTIPLE_VALUES,ACTIVE,4814,MULTIPLE_VALUES,MULTIPLE_VALUES,1733.43,ACTIVE,PHARMACY | PHONE_SERVICE,1,2,1,0,True
MCH4574,1,Cherian and Sons,DEPARTMENT_STORE,INDIVIDUAL,ACTIVE,5311,LUCKNOW,UTTAR_PRADESH,789.16,ACTIVE,DEPARTMENT_STORE,1,1,0,0,False
MCH4577,3,MULTIPLE_VALUES,MULTIPLE_VALUES,MULTIPLE_VALUES,MULTIPLE_VALUES,5812,MULTIPLE_VALUES,MULTIPLE_VALUES,316.9,ACTIVE | SUSPENDED,MISCELLANEOUS | RESTAURANT,2,2,1,1,True
MCH4578,3,MULTIPLE_VALUES,MULTIPLE_VALUES,PRIVATE_LIMITED,MULTIPLE_VALUES,MULTIPLE_VALUES,MULTIPLE_VALUES,MULTIPLE_VALUES,504.9,ACTIVE | INACTIVE,BOOKS | BOOK_STORE | PHARMACIES,2,3,0,0,True
MCH4581,2,"Tailor, Ganesh and Menon",RESTAURANTS,PARTNERSHIP,INACTIVE,5812,BOMBAY,MAHARASHTRA,1137.0,INACTIVE,RESTAURANTS,1,1,0,0,False
MCH4582,1,Pai-Shenoy,PHONE_SERVICE,INDIVIDUAL,ACTIVE,MISC,POONA,MAHARASHTRA,1857.0,ACTIVE,PHONE_SERVICE,1,1,1,0,False
MCH4583,2,MULTIPLE_VALUES,MULTIPLE_VALUES,MULTIPLE_VALUES,ACTIVE,MULTIPLE_VALUES,MULTIPLE_VALUES,MULTIPLE_VALUES,3619.8,ACTIVE,CLOTHING | FOOD,1,2,0,0,True
MCH4587,2,Karnik and Sons,RETAIL,PARTNERSHIP,MULTIPLE_VALUES,5311,JAIPUR,RAJASTHAN,2493.1,ACTIVE | INACTIVE,RETAIL,2,1,0,0,True
MCH4588,1,"Gole, Raval and Hans",FOOD,SOLE_PROPRIETOR,ACTIVE,UNKNOWN,BENGALURU,KARNATAKA,1061.34,ACTIVE,FOOD,1,1,1,0,False
MCH4589,2,MULTIPLE_VALUES,MULTIPLE_VALUES,MULTIPLE_VALUES,ACTIVE,MULTIPLE_VALUES,MULTIPLE_VALUES,PUNJAB,290.985,ACTIVE,GARMENTS | TELECOM,1,2,0,0,True
MCH4593,1,dube-ravel,HOSPITALITY,PARTNERSHIP,ACTIVE,7011,HYDERABAD,TELANGANA,1285.0,ACTIVE,HOSPITALITY,1,1,0,0,False
MCH4599,1,Majumdar-Choudhary,GROCERIES,PRIVATE_LIMITED,INACTIVE,,MUMBAI,MAHARASHTRA,1341.81,INACTIVE,GROCERIES,1,1,1,0,False
MCH4600,1,Devi Group,DEPARTMENT_STORES,INDIVIDUAL,INACTIVE,5311,NEW_DELHI,DELHI,1126.47,INACTIVE,DEPARTMENT_STORES,1,1,0,0,False
MCH4604,1,"Som, Kalla and Dada",CLOTHS,SOLE_PROPRIETOR,ACTIVE,05699,CHENNAI,TAMIL_NADU,1478.97,ACTIVE,CLOTHS,1,1,1,0,False
MCH4605,1,BARAD PLC,STATIONERY,SOLE_PROPRIETOR,ACTIVE,5942,PUNE,MAHARASHTRA,5165.18,ACTIVE,STATIONERY,1,1,0,0,False
MCH4606,3,MULTIPLE_VALUES,MULTIPLE_VALUES,MULTIPLE_VALUES,MULTIPLE_VALUES,MULTIPLE_VALUES,MULTIPLE_VALUES,MULTIPLE_VALUES,924.7750000000001,ACTIVE | INACTIVE,HOTELS | PHARMACIES | TELECOM,2,3,0,0,True
MCH4608,1,Chandran Group,APPAREL,SOLE_PROPRIETOR,ACTIVE,5699,LUCKNOW,UTTAR_PRADESH,950.53,ACTIVE,APPAREL,1,1,0,0,False
MCH4610,1,"Barad,ChandaandRana",BOOKS_STATIONERY,PRIVATE_LIMITED,ACTIVE,5942,HYDERABAD,TELANGANA,2989.03,ACTIVE,BOOKS_STATIONERY,1,1,0,0,False
MCH4613,2,MULTIPLE_VALUES,MULTIPLE_VALUES,INDIVIDUAL,MULTIPLE_VALUES,MULTIPLE_VALUES,MULTIPLE_VALUES,MULTIPLE_VALUES,1451.15,ACTIVE | INACTIVE,GARMENTS | RETAIL,2,2,0,0,True
MCH4614,2,MULTIPLE_VALUES,MULTIPLE_VALUES,MULTIPLE_VALUES,MULTIPLE_VALUES,MULTIPLE_VALUES,MULTIPLE_VALUES,MULTIPLE_VALUES,3085.265,ACTIVE | INACTIVE,KIRANA | STATIONERY,2,2,1,0,True
MCH4621,2,Ravel-Chaudhuri,STATIONERY,PRIVATE_LIMITED,ACTIVE,5942,DELHI,DELHI,,ACTIVE,STATIONERY,1,1,0,0,False
MCH4622,1,Toor-Rajan,HOTEL_LODGING,PRIVATE_LIMITED,ACTIVE,7011,LDH,PUNJAB,2524.16,ACTIVE,HOTEL_LODGING,1,1,0,0,False
MCH4623,3,MULTIPLE_VALUES,MULTIPLE_VALUES,MULTIPLE_VALUES,ACTIVE,MULTIPLE_VALUES,MULTIPLE_VALUES,MULTIPLE_VALUES,171.0,ACTIVE,MISCELLANEOUS | STATIONERY,1,2,2,0,True
MCH4624,2,MULTIPLE_VALUES,MULTIPLE_VALUES,MULTIPLE_VALUES,ACTIVE,MULTIPLE_VALUES,MULTIPLE_VALUES,MULTIPLE_VALUES,506.005,ACTIVE,GROCERIES | MISCELLANEOUS,1,2,0,0,True
MCH4626,1,"Lalla, Handa and Ahuja",RETAIL_OTHER,PRIVATE_LIMITED,ACTIVE,5999,BENGALURU,KARNATAKA,1497.15,ACTIVE,RETAIL_OTHER,1,1,0,0,False
MCH4627,1,Barman-Kashyap,CLOTHS,PARTNERSHIP,ACTIVE,5699,PUNE,MAHARASHTRA,1852.01,ACTIVE,CLOTHS,1,1,0,0,False
MCH4630,3,MULTIPLE_VALUES,MULTIPLE_VALUES,MULTIPLE_VALUES,MULTIPLE_VALUES,MULTIPLE_VALUES,MULTIPLE_VALUES,MULTIPLE_VALUES,809.7,ACTIVE | INACTIVE,GARMENTS | HOTEL | MISC_RETAIL,2,3,0,0,True
MCH4636,1,Sura and Sons,APPAREL,PARTNERSHIP,ACTIVE,5699,MUMBAI,MAHARASHTRA,,ACTIVE,APPAREL,1,1,0,0,False
MCH4637,1,Mitter-Pandya,GROCERY_STORES,INDIVIDUAL,ACTIVE,5411,CHENNAI,TAMIL_NADU,2198.28,ACTIVE,GROCERY_STORES,1,1,0,0,False
MCH4639,1,Chaudhry-Bath,MEDICAL,PARTNERSHIP,ACTIVE,5912,JALANDHAR,PUNJAB,295.45,ACTIVE,MEDICAL,1,1,0,0,False
MCH4640,1,Choudhary-Joshi,CLOTHING,PARTNERSHIP,ACTIVE,5699,JPR,RAJASTHAN,857.62,ACTIVE,CLOTHING,1,1,0,0,False
MCH4641,1,KarnikLLC,RETAIL,SOLE_PROPRIETOR,ACTIVE,5311,LUDHIANA,PUNJAB,,ACTIVE,RETAIL,1,1,0,0,False
MCH4642,1,Jaggi Ltd,GROCERY_STORE,PARTNERSHIP,SUSPENDED,5411,DELHI,DELHI,1180.53,SUSPENDED,GROCERY_STORE,1,1,0,1,False
MCH4643,3,MULTIPLE_VALUES,MULTIPLE_VALUES,MULTIPLE_VALUES,MULTIPLE_VALUES,MULTIPLE_VALUES,MULTIPLE_VALUES,MULTIPLE_VALUES,551.11,ACTIVE | SUSPENDED,BOOKS | HOTEL | TRANSPRT,2,3,0,1,True
MCH4648,1,Tara-Pandya,CLOTHING,PARTNERSHIP,ACTIVE,5699,CHENNAI,TAMIL_NADU,852.19,ACTIVE,CLOTHING,1,1,0,0,False
MCH4649,1,"Mand,DattaandSanghvi",HOTELS,PARTNERSHIP,ACTIVE,7011,LUDHIANA,PUNJAB,666.8,ACTIVE,HOTELS,1,1,0,0,False
MCH4651,1,Bhat-Kamdar,OTHER,SOLE_PROPRIETOR,ACTIVE,5999,HYD,TELANGANA,718.3,ACTIVE,OTHER,1,1,0,0,False
MCH4652,2,MULTIPLE_VALUES,MULTIPLE_VALUES,PRIVATE_LIMITED,ACTIVE,MULTIPLE_VALUES,MULTIPLE_VALUES,PUNJAB,3458.11,ACTIVE,RESTAURANTS | TRANSPORTATION,1,2,1,0,True
MCH4656,2,MULTIPLE_VALUES,MULTIPLE_VALUES,MULTIPLE_VALUES,ACTIVE,MULTIPLE_VALUES,MULTIPLE_VALUES,MULTIPLE_VALUES,982.555,ACTIVE,BOOK_STORE | TRANSPRT,1,2,1,0,True
MCH4658,1,Kapadia Inc,RETAIL,INDIVIDUAL,ACTIVE,5311,HYDERABAD,TELANGANA,2693.95,ACTIVE,RETAIL,1,1,0,0,False
MCH4667,2,MULTIPLE_VALUES,MULTIPLE_VALUES,MULTIPLE_VALUES,ACTIVE,MULTIPLE_VALUES,MULTIPLE_VALUES,MULTIPLE_VALUES,1043.72,ACTIVE,CLOTHS | FOOD,1,2,0,0,True
MCH4669,2,MULTIPLE_VALUES,MULTIPLE_VALUES,MULTIPLE_VALUES,MULTIPLE_VALUES,MULTIPLE_VALUES,MULTIPLE_VALUES,MULTIPLE_VALUES,1960.77,ACTIVE | INACTIVE,BUS_TAXI | HOSPITALITY,2,2,1,0,True
MCH4672,1,Sandhu LLC,STATIONERY,PARTNERSHIP,ACTIVE,5942,BANGALORE,KARNATAKA,456.49,ACTIVE,STATIONERY,1,1,0,0,False
MCH4674,1,Sachar-Loke,APPAREL,PRIVATE_LIMITED,ACTIVE,5699,JALANDHAR,PUNJAB,1222.52,ACTIVE,APPAREL,1,1,0,0,False
MCH4675,1,"MINHAS, NARAYAN AND BANDI",BOOKS,SOLE_PROPRIETOR,ACTIVE,,JALANDHAR,PUNJAB,,ACTIVE,BOOKS,1,1,1,0,False
MCH4676,1,Shan Inc,OTHER,SOLE_PROPRIETOR,ACTIVE,5999,MUMBAI,MAHARASHTRA,2805.31,ACTIVE,OTHER,1,1,0,0,False
MCH4677,1,"Sethi, Bora and Karpe",STATIONERY,INDIVIDUAL,INACTIVE,5942,POONA,MAHARASHTRA,5089.5,INACTIVE,STATIONERY,1,1,0,0,False
MCH4678,1,"Yogi, Goel and Chaudry",CHEMIST,SOLE_PROPRIETOR,ACTIVE,5912,AMRITSAR,PUNJAB,1363.28,ACTIVE,CHEMIST,1,1,0,0,False
MCH4681,2,MULTIPLE_VALUES,MULTIPLE_VALUES,MULTIPLE_VALUES,ACTIVE,MULTIPLE_VALUES,MULTIPLE_VALUES,MAHARASHTRA,540.71,ACTIVE,BOOK_STORE | GROCERY_STORES,1,2,1,0,True
MCH4682,2,MULTIPLE_VALUES,MULTIPLE_VALUES,INDIVIDUAL,ACTIVE,MULTIPLE_VALUES,MULTIPLE_VALUES,MULTIPLE_VALUES,1036.09,ACTIVE,TELECOM | TRANSPORTATION,1,2,0,0,True
MCH4685,2,Mukhopadhyay-Cheema,BOOKS,PRIVATE_LIMITED,SUSPENDED,,CHENNAI,TAMIL_NADU,,SUSPENDED,BOOKS,1,1,2,2,False
MCH4687,1,GOEL LLC,BOOK_STORE,INDIVIDUAL,ACTIVE,5942,LUCKNOW,UTTAR_PRADESH,820.0,ACTIVE,BOOK_STORE,1,1,0,0,False
MCH4688,2,MULTIPLE_VALUES,MULTIPLE_VALUES,MULTIPLE_VALUES,SUSPENDED,5942,MULTIPLE_VALUES,MULTIPLE_VALUES,2039.76,SUSPENDED,CHEMIST | STATIONERY,1,2,1,2,True
MCH4690,2,MULTIPLE_VALUES,MULTIPLE_VALUES,MULTIPLE_VALUES,MULTIPLE_VALUES,MULTIPLE_VALUES,AMRITSAR,PUNJAB,150.96,INACTIVE | SUSPENDED,DEPARTMENT_STORES | OTHER,2,2,0,1,True
MCH4691,1,"Deshmukh, Pant and Garg",HOTELS,SOLE_PROPRIETOR,ACTIVE,7011,BENGALURU,KARNATAKA,2116.48,ACTIVE,HOTELS,1,1,0,0,False
MCH4692,2,MULTIPLE_VALUES,MULTIPLE_VALUES,MULTIPLE_VALUES,ACTIVE,MULTIPLE_VALUES,MULTIPLE_VALUES,MULTIPLE_VALUES,3808.17,ACTIVE,HOTEL | TRAVEL,1,2,0,0,True
MCH4693,1,Dhingra-Bava,HOTELS,PRIVATE_LIMITED,ACTIVE,7011,MUMBAI,MAHARASHTRA,3445.16,ACTIVE,HOTELS,1,1,0,0,False
MCH4695,1,Patel-Halder,RESTAURANTS,SOLE_PROPRIETOR,ACTIVE,5812,PUNE,MAHARASHTRA,652.55,ACTIVE,RESTAURANTS,1,1,0,0,False
MCH4699,1,Setty Inc,HOTEL_LODGING,PRIVATE_LIMITED,ACTIVE,7011,PUNE,MAHARASHTRA,632.27,ACTIVE,HOTEL_LODGING,1,1,0,0,False
MCH4700,1,"rajan, garg and ray",APPAREL,INDIVIDUAL,ACTIVE,,CHENNAI,TAMIL_NADU,805.94,ACTIVE,APPAREL,1,1,1,0,False
MCH4701,1,Bhagat and Sons,TRANSPORTATION,INDIVIDUAL,ACTIVE,4131,HYDERABAD,TELANGANA,493.82,ACTIVE,TRANSPORTATION,1,1,0,0,False
MCH4702,1,Nath Group,RETAIL,SOLE_PROPRIETOR,ACTIVE,5311,LUCKNOW,UTTAR_PRADESH,584.0,ACTIVE,RETAIL,1,1,0,0,False
MCH4706,2,MULTIPLE_VALUES,MULTIPLE_VALUES,MULTIPLE_VALUES,ACTIVE,MULTIPLE_VALUES,MULTIPLE_VALUES,MULTIPLE_VALUES,418.32,ACTIVE,DEPARTMENT_STORE | PHARMACY,1,2,1,0,True
MCH4708,2,Loke-Ganesan,MISCELLANEOUS,SOLE_PROPRIETOR,ACTIVE,5999,JALANDAR,PUNJAB,1266.56,ACTIVE,MISCELLANEOUS,1,1,0,0,False
MCH4709,2,MULTIPLE_VALUES,MULTIPLE_VALUES,MULTIPLE_VALUES,ACTIVE,MULTIPLE_VALUES,MULTIPLE_VALUES,MULTIPLE_VALUES,649.1899999999999,ACTIVE,PHONE_SERVICE | TRAVEL,1,2,0,0,True
MCH4712,2,MULTIPLE_VALUES,MULTIPLE_VALUES,MULTIPLE_VALUES,MULTIPLE_VALUES,MULTIPLE_VALUES,MULTIPLE_VALUES,MULTIPLE_VALUES,1405.9250000000002,ACTIVE | SUSPENDED,FOOD | MEDICAL_STORE,2,2,0,1,True
MCH4713,1,Sura-Boase,CLOTHING,SOLE_PROPRIETOR,ACTIVE,,AMRITSAR,PUNJAB,1694.6,ACTIVE,CLOTHING,1,1,1,0,False
MCH4716,3,MULTIPLE_VALUES,GROCERIES,MULTIPLE_VALUES,MULTIPLE_VALUES,5411,MULTIPLE_VALUES,MULTIPLE_VALUES,1438.61,ACTIVE | SUSPENDED,GROCERIES,2,1,0,1,True
MCH4717,1,Bir Ltd,TRANSPORTATION,PRIVATE_LIMITED,ACTIVE,4131,MADRAS,TAMIL_NADU,7107.16,ACTIVE,TRANSPORTATION,1,1,0,0,False
MCH4720,1,sha ltd,KIRANA,PARTNERSHIP,ACTIVE,5411,CHENNAI,TAMIL_NADU,874.68,ACTIVE,KIRANA,1,1,0,0,False
MCH4723,1,kanda ltd,RETAIL_OTHER,INDIVIDUAL,ACTIVE,5999,CHENNAI,TAMIL_NADU,649.83,ACTIVE,RETAIL_OTHER,1,1,0,0,False
MCH4725,1,Joshi PLC,DEPT_STORE,PRIVATE_LIMITED,ACTIVE,5311,AMRITSAR,PUNJAB,639.24,ACTIVE,DEPT_STORE,1,1,0,0,False
MCH4727,2,Dua-Mishra,DEPARTMENT_STORE,SOLE_PROPRIETOR,MULTIPLE_VALUES,5311,PUNE,MAHARASHTRA,1242.0,ACTIVE | INACTIVE,DEPARTMENT_STORE,2,1,0,0,True
MCH4729,3,MULTIPLE_VALUES,MULTIPLE_VALUES,MULTIPLE_VALUES,MULTIPLE_VALUES,MULTIPLE_VALUES,MULTIPLE_VALUES,MULTIPLE_VALUES,1506.61,ACTIVE | INACTIVE,DEPT_STORE | HOTEL | HOTEL_LODGING,2,3,0,0,True
MCH4732,1,"RAMANATHAN, KANDA AND KARNIK",EATING_PLACE,PRIVATE_LIMITED,ACTIVE,5812,LUCKNOW,UTTAR_PRADESH,3954.51,ACTIVE,EATING_PLACE,1,1,0,0,False
MCH4733,1,Sankar Inc,GROCERY_STORE,SOLE_PROPRIETOR,ACTIVE,5411,JAIPUR,RAJASTHAN,1176.53,ACTIVE,GROCERY_STORE,1,1,0,0,False
MCH4736,2,MULTIPLE_VALUES,MULTIPLE_VALUES,MULTIPLE_VALUES,ACTIVE,MULTIPLE_VALUES,MULTIPLE_VALUES,MULTIPLE_VALUES,885.16,ACTIVE,STATIONERY | TRANSPORTATION,1,2,0,0,True
MCH4737,1,"Aurora, Mallick and Dugar",STATIONERY,INDIVIDUAL,INACTIVE,5942,JALANDAR,PUNJAB,489.0,INACTIVE,STATIONERY,1,1,0,0,False
MCH4738,1,Jha PLC,RETAIL_OTHER,SOLE_PROPRIETOR,INACTIVE,,BENGALURU,KARNATAKA,1636.42,INACTIVE,RETAIL_OTHER,1,1,1,0,False
MCH4739,2,Karpe-Doshi,GROCERY_STORES,INDIVIDUAL,MULTIPLE_VALUES,5411,LUCKNOW,UTTAR_PRADESH,,ACTIVE | SUSPENDED,GROCERY_STORES,2,1,0,1,True
MCH4741,1,KARA AND SONS,MISCELLANEOUS,PARTNERSHIP,ACTIVE,,JAIPUR,RAJASTHAN,2009.21,ACTIVE,MISCELLANEOUS,1,1,1,0,False
MCH4743,1,Ahluwalia-Bansal,CHEMIST,PRIVATE_LIMITED,INACTIVE,,LUDHIANA,PUNJAB,486.29,INACTIVE,CHEMIST,1,1,1,0,False
MCH4744,1,Tiwari-Bedi,STATIONERY,SOLE_PROPRIETOR,INACTIVE,5942,POONA,MAHARASHTRA,1636.0,INACTIVE,STATIONERY,1,1,0,0,False
MCH4745,2,MULTIPLE_VALUES,MULTIPLE_VALUES,SOLE_PROPRIETOR,ACTIVE,MULTIPLE_VALUES,MULTIPLE_VALUES,MULTIPLE_VALUES,1191.945,ACTIVE,APPAREL | DEPT_STORE,1,2,0,0,True
MCH4746,1,"Srivastava, Bhattacharyya and Morar",MISCELLANEOUS,SOLE_PROPRIETOR,INACTIVE,05999,MADRAS,TAMIL_NADU,402.85,INACTIVE,MISCELLANEOUS,1,1,1,0,False
MCH4747,1,issac plc,TRAVEL,PRIVATE_LIMITED,INACTIVE,4131,MUMBAI,MAHARASHTRA,,INACTIVE,TRAVEL,1,1,0,0,False
MCH4749,1,Sane-Kota,HOTELS,PARTNERSHIP,ACTIVE,07011,LUDHIANA,PUNJAB,2066.82,ACTIVE,HOTELS,1,1,1,0,False
MCH4752,1,"Chaudhuri, Sampath and Wali",DEPARTMENT_STORE,INDIVIDUAL,ACTIVE,5311,BENGALURU,KARNATAKA,399.3,ACTIVE,DEPARTMENT_STORE,1,1,0,0,False
MCH4754,2,MULTIPLE_VALUES,MULTIPLE_VALUES,PRIVATE_LIMITED,MULTIPLE_VALUES,MULTIPLE_VALUES,MULTIPLE_VALUES,TELANGANA,2016.37,ACTIVE | INACTIVE,CLOTHS | MISCELLANEOUS,2,2,0,0,True
MCH4760,1,"Kalla, Mammen and Purohit",PHONE_SERVICE,INDIVIDUAL,ACTIVE,4814,NEW_DELHI,DELHI,964.0,ACTIVE,PHONE_SERVICE,1,1,0,0,False
MCH4761,1,Khalsa PLC,PHARMACY,INDIVIDUAL,INACTIVE,5912,JAIPUR,RAJASTHAN,4970.84,INACTIVE,PHARMACY,1,1,0,0,False
MCH4765,2,MULTIPLE_VALUES,MULTIPLE_VALUES,MULTIPLE_VALUES,MULTIPLE_VALUES,MULTIPLE_VALUES,MULTIPLE_VALUES,MULTIPLE_VALUES,1759.9099999999999,ACTIVE | INACTIVE,CLOTHING | TRANSPRT,2,2,0,0,True
MCH4767,1,Prasad Inc,PHONE_SERVICE,PRIVATE_LIMITED,INACTIVE,,PUNE,MAHARASHTRA,789.87,INACTIVE,PHONE_SERVICE,1,1,1,0,False
MCH4769,2,MULTIPLE_VALUES,MULTIPLE_VALUES,MULTIPLE_VALUES,ACTIVE,MULTIPLE_VALUES,MULTIPLE_VALUES,MULTIPLE_VALUES,145.49,ACTIVE,APPAREL | HOTELS,1,2,0,0,True
MCH4770,1,Mahal-Sood,GROCERY_STORE,SOLE_PROPRIETOR,INACTIVE,5411,JAIPUR,RAJASTHAN,489.82,INACTIVE,GROCERY_STORE,1,1,0,0,False
MCH4774,1,Wadhwa PLC,DEPT_STORE,PARTNERSHIP,ACTIVE,5311,JALANDHAR,PUNJAB,374.94,ACTIVE,DEPT_STORE,1,1,0,0,False
MCH4775,1,"DIVAN, BUCH AND KUNDA",PHONE_SERVICE,SOLE_PROPRIETOR,INACTIVE,4814,LKO,UTTAR_PRADESH,562.44,INACTIVE,PHONE_SERVICE,1,1,0,0,False
MCH4776,2,MULTIPLE_VALUES,MULTIPLE_VALUES,MULTIPLE_VALUES,ACTIVE,MULTIPLE_VALUES,MULTIPLE_VALUES,MULTIPLE_VALUES,2547.095,ACTIVE,CHEMIST | GROCERY_STORES,1,2,1,0,True
MCH4777,1,Babu-Choudhry,MOBILE_RECHARGE,INDIVIDUAL,ACTIVE,4814,DELHI,DELHI,373.4,ACTIVE,MOBILE_RECHARGE,1,1,0,0,False
MCH4778,1,wali llc,TRANSPORTATION,PRIVATE_LIMITED,ACTIVE,4131,LUCKNOW,UTTAR_PRADESH,1242.33,ACTIVE,TRANSPORTATION,1,1,0,0,False
MCH4781,2,MULTIPLE_VALUES,RETAIL,MULTIPLE_VALUES,ACTIVE,MISC,MULTIPLE_VALUES,MULTIPLE_VALUES,512.215,ACTIVE,RETAIL,1,1,2,0,False
MCH4782,1,Salvi-Comar,HOTEL,SOLE_PROPRIETOR,ACTIVE,7011,JALANDHAR,PUNJAB,876.5,ACTIVE,HOTEL,1,1,0,0,False
MCH4786,2,MULTIPLE_VALUES,MULTIPLE_VALUES,MULTIPLE_VALUES,ACTIVE,MULTIPLE_VALUES,MULTIPLE_VALUES,MULTIPLE_VALUES,3435.22,ACTIVE,CLOTHING | MISCELLANEOUS,1,2,0,0,True
MCH4788,1,Chauhan-Kh0s1a,GARMENTS,INDIVIDUAL,ACTIVE,05699,BANGALORE,KARNATAKA,109.29,ACTIVE,GARMENTS,1,1,1,0,False
MCH4790,1,date plc,HOTEL,INDIVIDUAL,SUSPENDED,,AMRITSAR,PUNJAB,199.0,SUSPENDED,HOTEL,1,1,1,1,False
MCH4792,1,Agrawal-Prabhu,FOOD,SOLE_PROPRIETOR,INACTIVE,5812,MADRAS,TAMIL_NADU,1844.0,INACTIVE,FOOD,1,1,0,0,False
MCH4794,1,borra-dutt,HOTELS,PRIVATE_LIMITED,ACTIVE,07011,JPR,RAJASTHAN,1006.04,ACTIVE,HOTELS,1,1,1,0,False
MCH4801,1,Bhargava-Basak,RETAIL,SOLE_PROPRIETOR,ACTIVE,5311,LUCKNOW,UTTAR_PRADESH,2920.36,ACTIVE,RETAIL,1,1,0,0,False
MCH4802,3,MULTIPLE_VALUES,MULTIPLE_VALUES,MULTIPLE_VALUES,MULTIPLE_VALUES,5411,MULTIPLE_VALUES,MULTIPLE_VALUES,1158.19,INACTIVE | SUSPENDED,DEPT_STORE | GROCERY_STORE,2,2,1,1,True
MCH4804,1,Swamy PLC,FASHION,PARTNERSHIP,SUSPENDED,,LKO,UTTAR_PRADESH,207.24,SUSPENDED,FASHION,1,1,1,1,False
MCH4805,2,MULTIPLE_VALUES,MULTIPLE_VALUES,MULTIPLE_VALUES,ACTIVE,5999,MULTIPLE_VALUES,MULTIPLE_VALUES,2245.56,ACTIVE,OTHER | STATIONERY,1,2,1,0,True
MCH4807,1,"Dutt, Pandey and Tella",PHARMACIES,INDIVIDUAL,ACTIVE,5912,MADRAS,TAMIL_NADU,1458.0,ACTIVE,PHARMACIES,1,1,0,0,False
MCH4808,1,padmanabhan-pathak,FASHION,SOLE_PROPRIETOR,INACTIVE,5699,LUCKNOW,UTTAR_PRADESH,,INACTIVE,FASHION,1,1,0,0,False
MCH4809,1,Viswanathan PLC,HOTEL_LODGING,INDIVIDUAL,ACTIVE,7011,KOLKATA,WEST_BENGAL,1713.6,ACTIVE,HOTEL_LODGING,1,1,0,0,False
MCH4811,4,MULTIPLE_VALUES,MULTIPLE_VALUES,MULTIPLE_VALUES,ACTIVE,MULTIPLE_VALUES,MULTIPLE_VALUES,MULTIPLE_VALUES,458.06,ACTIVE,FOOD | HOSPITALITY | PHARMACIES | TELECOM,1,4,1,0,True
MCH4812,1,rai-aurora,HOSPITALITY,PRIVATE_LIMITED,ACTIVE,7011,JPR,RAJASTHAN,1732.91,ACTIVE,HOSPITALITY,1,1,0,0,False
MCH4815,2,MULTIPLE_VALUES,MULTIPLE_VALUES,MULTIPLE_VALUES,ACTIVE,MULTIPLE_VALUES,MULTIPLE_VALUES,MULTIPLE_VALUES,2789.7149999999997,ACTIVE,PHARMACY | TRANSPORTATION,1,2,0,0,True
MCH4818,2,MULTIPLE_VALUES,MULTIPLE_VALUES,MULTIPLE_VALUES,ACTIVE,MULTIPLE_VALUES,MULTIPLE_VALUES,MULTIPLE_VALUES,795.96,ACTIVE,GROCERY | MISCELLANEOUS,1,2,0,0,True
MCH4821,1,"Kade, Dhawan and Kadakia",KIRANA,PRIVATE_LIMITED,ACTIVE,5411,MUMBAI,MAHARASHTRA,2277.0,ACTIVE,KIRANA,1,1,0,0,False
MCH4822,1,SAMA-KEER,TRANSPORTATION,PRIVATE_LIMITED,ACTIVE,4131,HYD,TELANGANA,736.6,ACTIVE,TRANSPORTATION,1,1,0,0,False
MCH4827,1,"Deol, Rastogi and Khatri",MOBILE_RECHARGE,SOLE_PROPRIETOR,ACTIVE,04814,LUCKNOW,UTTAR_PRADESH,810.0,ACTIVE,MOBILE_RECHARGE,1,1,1,0,False
MCH4831,2,MULTIPLE_VALUES,MULTIPLE_VALUES,MULTIPLE_VALUES,ACTIVE,MULTIPLE_VALUES,MULTIPLE_VALUES,MULTIPLE_VALUES,1887.45,ACTIVE,DEPARTMENT_STORE | GROCERY_STORE,1,2,0,0,True
MCH4835,1,Hari Inc,MEDICAL_STORE,INDIVIDUAL,ACTIVE,5912,HYDERABAD,TELANGANA,348.86,ACTIVE,MEDICAL_STORE,1,1,0,0,False
MCH4836,1,"Sidhu, Krish and Wadhwa",FOOD_SERVICES,INDIVIDUAL,ACTIVE,5812,POONA,MAHARASHTRA,431.0,ACTIVE,FOOD_SERVICES,1,1,0,0,False
MCH4838,1,SRINIVASAN LTD,CLOTHS,PARTNERSHIP,ACTIVE,5699,LUDHIANA,PUNJAB,193.54,ACTIVE,CLOTHS,1,1,0,0,False
MCH4839,1,Sura-Mall,TRANSPORTATION,PRIVATE_LIMITED,ACTIVE,MISC,LUDHIANA,PUNJAB,682.13,ACTIVE,TRANSPORTATION,1,1,1,0,False
MCH4841,1,"Soman, Chhabra and Rau",FOOD,INDIVIDUAL,ACTIVE,5812,HYDERABAD,TELANGANA,611.25,ACTIVE,FOOD,1,1,0,0,False
MCH4842,2,MULTIPLE_VALUES,MULTIPLE_VALUES,MULTIPLE_VALUES,ACTIVE,MULTIPLE_VALUES,MULTIPLE_VALUES,MULTIPLE_VALUES,1736.615,ACTIVE,HOTEL_LODGING | STATIONERY,1,2,0,0,True
MCH4843,2,MULTIPLE_VALUES,MULTIPLE_VALUES,MULTIPLE_VALUES,ACTIVE,MULTIPLE_VALUES,MULTIPLE_VALUES,MULTIPLE_VALUES,1023.41,ACTIVE,MEDICAL | PHONE_SERVICE,1,2,0,0,True
MCH4844,1,Trivedi-De01,HOTEL,INDIVIDUAL,ACTIVE,7011,BENGALURU,KARNATAKA,798.53,ACTIVE,HOTEL,1,1,0,0,False
MCH4846,1,arora-raghavan,RETAIL_OTHER,PRIVATE_LIMITED,ACTIVE,5999,JAIPUR,RAJASTHAN,,ACTIVE,RETAIL_OTHER,1,1,0,0,False
MCH4847,1,Dhillon-Pillay,HOTELS,PRIVATE_LIMITED,ACTIVE,7011,LUCKNOW,UTTAR_PRADESH,2178.15,ACTIVE,HOTELS,1,1,0,0,False
MCH4848,1,"Borra, Balakrishnan and Chad",APPAREL,PARTNERSHIP,ACTIVE,5699,DELHI,DELHI,3072.49,ACTIVE,APPAREL,1,1,0,0,False
MCH4856,2,MULTIPLE_VALUES,MULTIPLE_VALUES,MULTIPLE_VALUES,MULTIPLE_VALUES,MULTIPLE_VALUES,MULTIPLE_VALUES,MULTIPLE_VALUES,2052.5699999999997,ACTIVE | INACTIVE,PHONE_SERVICE | RETAIL,2,2,0,0,True
MCH4857,1,Sethi-Soni,BUS_TAXI,INDIVIDUAL,ACTIVE,4131,LUDHIANA,PUNJAB,278.84,ACTIVE,BUS_TAXI,1,1,0,0,False
MCH4858,1,MALHOTRA-DOCTOR,TELECOM,INDIVIDUAL,ACTIVE,4814,LUDHIANA,PUNJAB,7460.92,ACTIVE,TELECOM,1,1,0,0,False
MCH4859,2,VASA-RAJU,RESTAURANT,SOLE_PROPRIETOR,MULTIPLE_VALUES,5812,HYD,TELANGANA,214.0,ACTIVE | SUSPENDED,RESTAURANT,2,1,0,1,True
MCH4863,1,GILL PLC,FOOD,INDIVIDUAL,ACTIVE,5812,HYD,TELANGANA,552.87,ACTIVE,FOOD,1,1,0,0,False
MCH4864,1,Date Ltd,GROCERY,PRIVATE_LIMITED,ACTIVE,5411,BLR,KARNATAKA,4042.64,ACTIVE,GROCERY,1,1,0,0,False
MCH4867,2,MULTIPLE_VALUES,MULTIPLE_VALUES,MULTIPLE_VALUES,ACTIVE,MULTIPLE_VALUES,MULTIPLE_VALUES,MULTIPLE_VALUES,1689.115,ACTIVE,EATING_PLACE | HOTELS,1,2,1,0,True
MCH4870,1,Rana Inc,TELECOM,INDIVIDUAL,SUSPENDED,04814,AMRITSAR,PUNJAB,1127.0,SUSPENDED,TELECOM,1,1,1,1,False
MCH4871,1,KUNDA LTD,FOOD,PARTNERSHIP,SUSPENDED,5812,LUCKNOW,UTTAR_PRADESH,648.87,SUSPENDED,FOOD,1,1,0,1,False
MCH4874,1,"chanda, bahl and kohli",GARMENTS,SOLE_PROPRIETOR,ACTIVE,5699,BOMBAY,MAHARASHTRA,709.03,ACTIVE,GARMENTS,1,1,0,0,False
MCH4875,1,"Sangha, Sodhi and Banik",RETAIL_OTHER,SOLE_PROPRIETOR,INACTIVE,5999,CALCUTTA,WEST_BENGAL,303.18,INACTIVE,RETAIL_OTHER,1,1,0,0,False
MCH4876,1,"Dugar, Prasad and Pal",FOOD,PARTNERSHIP,ACTIVE,5812,CHENNAI,TAMIL_NADU,1346.64,ACTIVE,FOOD,1,1,0,0,False
MCH4881,1,"Wadhwa, Morar and Kara",PHARMACIES,SOLE_PROPRIETOR,ACTIVE,5912,JALANDAR,PUNJAB,367.72,ACTIVE,PHARMACIES,1,1,0,0,False
MCH4884,1,"Reddy, Wason and Magar",TRANSPORT,PRIVATE_LIMITED,INACTIVE,04131,KOLKATA,WEST_BENGAL,2421.0,INACTIVE,TRANSPORT,1,1,1,0,False
MCH4886,1,Mangat-Gh0se,MISC_RETAIL,SOLE_PROPRIETOR,ACTIVE,5999,POONA,MAHARASHTRA,551.0,ACTIVE,MISC_RETAIL,1,1,0,0,False
MCH4888,2,MULTIPLE_VALUES,MULTIPLE_VALUES,SOLE_PROPRIETOR,ACTIVE,MULTIPLE_VALUES,MULTIPLE_VALUES,MULTIPLE_VALUES,1471.95,ACTIVE,MEDICAL_STORE | PHONE_SERVICE,1,2,0,0,True
MCH4889,1,Bhatti-Kapoor,MISC_RETAIL,INDIVIDUAL,ACTIVE,5999,JALANDHAR,PUNJAB,2464.23,ACTIVE,MISC_RETAIL,1,1,0,0,False
MCH4893,1,jani-verma,TRANSPRT,PARTNERSHIP,ACTIVE,04131,JALANDAR,PUNJAB,1601.52,ACTIVE,TRANSPRT,1,1,1,0,False
MCH4897,2,MULTIPLE_VALUES,MULTIPLE_VALUES,MULTIPLE_VALUES,MULTIPLE_VALUES,4131,MULTIPLE_VALUES,MULTIPLE_VALUES,6953.87,ACTIVE | INACTIVE,BUS_TAXI | MEDICAL,2,2,1,0,True
MCH4900,2,MULTIPLE_VALUES,MULTIPLE_VALUES,SOLE_PROPRIETOR,ACTIVE,MULTIPLE_VALUES,MULTIPLE_VALUES,MULTIPLE_VALUES,2107.75,ACTIVE,GROCERY_STORES | PHARMACIES,1,2,0,0,True
MCH4902,1,"Pingle, Choudhary and Raghavan",HOSPITALITY,SOLE_PROPRIETOR,ACTIVE,7011,BENGALURU,KARNATAKA,482.41,ACTIVE,HOSPITALITY,1,1,0,0,False
MCH4903,1,Khatri Gr0up,DEPT_STORE,INDIVIDUAL,ACTIVE,5311,DELHI,DELHI,,ACTIVE,DEPT_STORE,1,1,0,0,False
MCH4904,2,MULTIPLE_VALUES,MULTIPLE_VALUES,PARTNERSHIP,ACTIVE,MULTIPLE_VALUES,MULTIPLE_VALUES,MULTIPLE_VALUES,1201.7450000000001,ACTIVE,MOBILE_RECHARGE | PHONE_SERVICE,1,2,1,0,True
MCH4906,1,Gaba LLC,FOOD_SERVICES,PRIVATE_LIMITED,ACTIVE,5812,JAIPUR,RAJASTHAN,1902.8,ACTIVE,FOOD_SERVICES,1,1,0,0,False
MCH4909,2,"Sharaf, Lalla and Rattan",BOOKS,SOLE_PROPRIETOR,MULTIPLE_VALUES,,CALCUTTA,WEST_BENGAL,650.04,ACTIVE | SUSPENDED,BOOKS,2,1,2,1,True
MCH4911,1,"Nigam, Mahajan and Misra",GROCERY_STORE,INDIVIDUAL,ACTIVE,5411,BENGALURU,KARNATAKA,689.3,ACTIVE,GROCERY_STORE,1,1,0,0,False
MCH4912,1,Devi Group,GROCERY,SOLE_PROPRIETOR,ACTIVE,,CALCUTTA,WEST_BENGAL,1738.86,ACTIVE,GROCERY,1,1,1,0,False
MCH4913,1,Baral-Bhattacharyya,TRANSPORT,INDIVIDUAL,INACTIVE,4131,AMRITSAR,PUNJAB,697.03,INACTIVE,TRANSPORT,1,1,0,0,False
MCH4914,1,BORA INC,DEPARTMENT_STORE,SOLE_PROPRIETOR,ACTIVE,,JAIPUR,RAJASTHAN,4227.85,ACTIVE,DEPARTMENT_STORE,1,1,1,0,False
MCH4916,1,Rama-Patel,BOOKS_STATIONERY,INDIVIDUAL,ACTIVE,5942,DELHI,DELHI,,ACTIVE,BOOKS_STATIONERY,1,1,0,0,False
MCH4917,1,"Bhat, Saha and Wable",TRAVEL,PRIVATE_LIMITED,ACTIVE,4131,JAIPUR,RAJASTHAN,6159.51,ACTIVE,TRAVEL,1,1,0,0,False
MCH4918,1,GANESH INC,HOTEL,INDIVIDUAL,ACTIVE,MISC,LUCKNOW,UTTAR_PRADESH,651.04,ACTIVE,HOTEL,1,1,1,0,False
MCH4922,1,Cheema Group,MISC_RETAIL,PARTNERSHIP,ACTIVE,5999,HYDERABAD,TELANGANA,324.81,ACTIVE,MISC_RETAIL,1,1,0,0,False
MCH4926,2,Shankar Ltd,RESTAURANT,INDIVIDUAL,ACTIVE,5812,HYDERABAD,TELANGANA,,ACTIVE,RESTAURANT,1,1,0,0,False
MCH4927,1,mohan plc,APPAREL,INDIVIDUAL,ACTIVE,5699,JPR,RAJASTHAN,1972.99,ACTIVE,APPAREL,1,1,0,0,False
MCH4928,1,"NARANG, BEDI AND SACHAR",CLOTHS,PRIVATE_LIMITED,ACTIVE,5699,JALANDAR,PUNJAB,3146.1,ACTIVE,CLOTHS,1,1,0,0,False
MCH4930,1,Dasgupta-Dua,FOOD,PARTNERSHIP,ACTIVE,,JAIPUR,RAJASTHAN,,ACTIVE,FOOD,1,1,1,0,False
MCH4932,1,KHOSLA AND SONS,FOOD_SERVICES,SOLE_PROPRIETOR,INACTIVE,5812,JALANDHAR,PUNJAB,340.55,INACTIVE,FOOD_SERVICES,1,1,0,0,False
MCH4934,2,MULTIPLE_VALUES,MULTIPLE_VALUES,PRIVATE_LIMITED,ACTIVE,MULTIPLE_VALUES,MULTIPLE_VALUES,PUNJAB,1471.24,ACTIVE,PHARMACY | RESTAURANT,1,2,0,0,True
MCH4936,2,MULTIPLE_VALUES,MULTIPLE_VALUES,INDIVIDUAL,ACTIVE,MULTIPLE_VALUES,MULTIPLE_VALUES,MULTIPLE_VALUES,1402.31,ACTIVE,GROCERIES | PHONE_SERVICE,1,2,0,0,True
MCH4937,1,Mand and Sons,CHEMIST,PARTNERSHIP,INACTIVE,5912,CALCUTTA,WEST_BENGAL,2054.97,INACTIVE,CHEMIST,1,1,0,0,False
MCH4939,1,Bath-Kumer,MOBILE_RECHARGE,PARTNERSHIP,ACTIVE,4814,DELHI,DELHI,1620.24,ACTIVE,MOBILE_RECHARGE,1,1,0,0,False
MCH4943,1,Sawhney-Dugar,HOSPITALITY,SOLE_PROPRIETOR,INACTIVE,7011,CHENNAI,TAMIL_NADU,470.52,INACTIVE,HOSPITALITY,1,1,0,0,False
MCH4944,1,"Pillai, Kurian and Sunder",KIRANA,SOLE_PROPRIETOR,ACTIVE,MISC,MUMBAI,MAHARASHTRA,907.45,ACTIVE,KIRANA,1,1,1,0,False
MCH4947,2,MULTIPLE_VALUES,MULTIPLE_VALUES,INDIVIDUAL,ACTIVE,MULTIPLE_VALUES,MULTIPLE_VALUES,MULTIPLE_VALUES,1826.705,ACTIVE,APPAREL | TRANSPORT,1,2,2,0,True
MCH4948,1,Dass-Dhaliwal,RESTAURANTS,PARTNERSHIP,ACTIVE,05812,JALANDHAR,PUNJAB,,ACTIVE,RESTAURANTS,1,1,1,0,False
MCH4951,3,MULTIPLE_VALUES,MULTIPLE_VALUES,MULTIPLE_VALUES,MULTIPLE_VALUES,MULTIPLE_VALUES,MULTIPLE_VALUES,MULTIPLE_VALUES,430.18,ACTIVE | INACTIVE,DEPARTMENT_STORES | GROCERY_STORE | TELECOM,2,3,0,0,True
MCH4952,1,"Anne,ChoudhryandBhattacharyya",RESTAURANTS,INDIVIDUAL,ACTIVE,5812,DILLI,DELHI,4302.0,ACTIVE,RESTAURANTS,1,1,0,0,False
MCH4956,1,Kant-Setty,GROCERY,SOLE_PROPRIETOR,ACTIVE,5411,JPR,RAJASTHAN,6450.59,ACTIVE,GROCERY,1,1,0,0,False
MCH4957,1,Natt Ltd,APPAREL,INDIVIDUAL,ACTIVE,5699,LUCKNOW,UTTAR_PRADESH,1324.11,ACTIVE,APPAREL,1,1,0,0,False
MCH4958,2,MULTIPLE_VALUES,MULTIPLE_VALUES,MULTIPLE_VALUES,ACTIVE,4814,MULTIPLE_VALUES,MULTIPLE_VALUES,440.09,ACTIVE,PHONE_SERVICE | TRANSPRT,1,2,1,0,True
MCH4962,1,venkataraman-mannan,BOOKS,PRIVATE_LIMITED,ACTIVE,5942,CHENNAI,TAMIL_NADU,266.61,ACTIVE,BOOKS,1,1,0,0,False
MCH4963,1,AtwalLtd,PHARMACY,SOLE_PROPRIETOR,ACTIVE,5912,HYDERABAD,TELANGANA,,ACTIVE,PHARMACY,1,1,0,0,False
MCH4964,2,SARKAR-GODA,DEPT_STORE,PRIVATE_LIMITED,MULTIPLE_VALUES,5311,POONA,MAHARASHTRA,1517.0,ACTIVE | SUSPENDED,DEPT_STORE,2,1,0,1,True
MCH4965,1,"Shukla, Brahmbhatt and Natarajan",CLOTHS,INDIVIDUAL,ACTIVE,5699,PUNE,MAHARASHTRA,168.46,ACTIVE,CLOTHS,1,1,0,0,False
MCH4967,1,Mallick PLC,TRANSPORT,PARTNERSHIP,ACTIVE,4131,AMRITSAR,PUNJAB,,ACTIVE,TRANSPORT,1,1,0,0,False
MCH4968,1,Choudhry Inc,MOBILE_RECHARGE,PARTNERSHIP,ACTIVE,4814,JAIPUR,RAJASTHAN,1122.44,ACTIVE,MOBILE_RECHARGE,1,1,0,0,False
MCH4969,1,"Bobal, Garde and Upadhyay",MOBILE_RECHARGE,SOLE_PROPRIETOR,ACTIVE,4814,CHENNAI,TAMIL_NADU,817.93,ACTIVE,MOBILE_RECHARGE,1,1,0,0,False
MCH4971,1,"Gopal, Jayaraman and Narayan",BOOK_STORE,INDIVIDUAL,ACTIVE,5942,LKO,UTTAR_PRADESH,650.74,ACTIVE,BOOK_STORE,1,1,0,0,False
MCH4972,2,MULTIPLE_VALUES,MULTIPLE_VALUES,PARTNERSHIP,ACTIVE,MULTIPLE_VALUES,MULTIPLE_VALUES,MULTIPLE_VALUES,,ACTIVE,DEPARTMENT_STORES | FOOD,1,2,0,0,True
MCH4973,1,vala-raval,HOTEL,PRIVATE_LIMITED,ACTIVE,7011,CHENNAI,TAMIL_NADU,859.46,ACTIVE,HOTEL,1,1,0,0,False
MCH4974,1,Krishna PLC,FASHION,INDIVIDUAL,SUSPENDED,5699,KOLKATA,WEST_BENGAL,1458.56,SUSPENDED,FASHION,1,1,0,1,False
MCH4975,2,MULTIPLE_VALUES,MULTIPLE_VALUES,MULTIPLE_VALUES,ACTIVE,MULTIPLE_VALUES,MULTIPLE_VALUES,MULTIPLE_VALUES,451.32000000000005,ACTIVE,FASHION | HOTEL_LODGING,1,2,0,0,True
MCH4976,1,Walla and Sons,BOOKS_STATIONERY,SOLE_PROPRIETOR,ACTIVE,5942,BENGALURU,KARNATAKA,929.0,ACTIVE,BOOKS_STATIONERY,1,1,0,0,False
MCH4977,1,ARORA-NAYAK,OTHER,INDIVIDUAL,ACTIVE,5999,LDH,PUNJAB,1505.38,ACTIVE,OTHER,1,1,0,0,False
MCH4980,2,MULTIPLE_VALUES,MULTIPLE_VALUES,MULTIPLE_VALUES,MULTIPLE_VALUES,MULTIPLE_VALUES,MULTIPLE_VALUES,MULTIPLE_VALUES,1832.14,ACTIVE | INACTIVE,KIRANA | MEDICAL,2,2,1,0,True
MCH4982,1,Upadhyay-Thaker,APPAREL,PRIVATE_LIMITED,ACTIVE,5699,PUNE,MAHARASHTRA,,ACTIVE,APPAREL,1,1,0,0,False
MCH4983,1,"Magar, Ratta and Choudhary",GROCERY,PARTNERSHIP,ACTIVE,05411,LUDHIANA,PUNJAB,617.98,ACTIVE,GROCERY,1,1,1,0,False
MCH4984,2,MULTIPLE_VALUES,MULTIPLE_VALUES,MULTIPLE_VALUES,MULTIPLE_VALUES,MULTIPLE_VALUES,MULTIPLE_VALUES,MULTIPLE_VALUES,,ACTIVE | INACTIVE,HOTEL_LODGING | MOBILE_RECHARGE,2,2,1,0,True
MCH4985,1,HAYRE AND SONS,BOOKS,PARTNERSHIP,ACTIVE,5942,LUCKNOW,UTTAR_PRADESH,1981.89,ACTIVE,BOOKS,1,1,0,0,False
MCH4989,2,MULTIPLE_VALUES,MULTIPLE_VALUES,MULTIPLE_VALUES,ACTIVE,MULTIPLE_VALUES,MULTIPLE_VALUES,PUNJAB,2075.7,ACTIVE,CHEMIST | HOTEL_LODGING,1,2,1,0,True
MCH4990,1,"Ramakrishnan, Dey and Thakkar",GROCERY_STORE,PRIVATE_LIMITED,ACTIVE,5411,MUMBAI,MAHARASHTRA,,ACTIVE,GROCERY_STORE,1,1,0,0,False
MCH4992,1,VISWANATHAN-PANDEY,HOTEL_LODGING,INDIVIDUAL,SUSPENDED,7011,JALANDHAR,PUNJAB,918.79,SUSPENDED,HOTEL_LODGING,1,1,0,1,False
MCH4994,1,"Uppal, Bawa and Gera",EATING_PLACE,SOLE_PROPRIETOR,ACTIVE,05812,DELHI,DELHI,1710.0,ACTIVE,EATING_PLACE,1,1,1,0,False
MCH4998,1,"Sura, Kanda and Chopra",GROCERY_STORES,PARTNERSHIP,INACTIVE,05411,PUNE,MAHARASHTRA,,INACTIVE,GROCERY_STORES,1,1,1,0,False
MCH5000,1,Lad Group,MISCELLANEOUS,PRIVATE_LIMITED,ACTIVE,5999,KOLKATA,WEST_BENGAL,,ACTIVE,MISCELLANEOUS,1,1,0,0,False
MCH5001,2,MULTIPLE_VALUES,MULTIPLE_VALUES,MULTIPLE_VALUES,ACTIVE,MULTIPLE_VALUES,MULTIPLE_VALUES,MULTIPLE_VALUES,3257.3900000000003,ACTIVE,EATING_PLACE | FASHION,1,2,0,0,True
MCH5009,1,arora-wagle,GARMENTS,INDIVIDUAL,INACTIVE,5699,HYDERABAD,TELANGANA,1125.91,INACTIVE,GARMENTS,1,1,0,0,False
MCH5015,1,"Pall, Mand and Balakrishnan",EATING_PLACE,SOLE_PROPRIETOR,ACTIVE,5812,LUCKNOW,UTTAR_PRADESH,2215.59,ACTIVE,EATING_PLACE,1,1,0,0,False
MCH5017,1,"Datta, Sinha and Pat1a",HOSPITALITY,SOLE_PROPRIETOR,ACTIVE,7011,KOLKATA,WEST_BENGAL,617.0,ACTIVE,HOSPITALITY,1,1,0,0,False
MCH5019,4,MULTIPLE_VALUES,MULTIPLE_VALUES,MULTIPLE_VALUES,ACTIVE,MULTIPLE_VALUES,MULTIPLE_VALUES,MULTIPLE_VALUES,1015.45,ACTIVE,GROCERY_STORE | GROCERY_STORES | PHARMACY | TELECOM,1,4,2,0,True
MCH5020,1,Sarna-Sarraf,GROCERY,INDIVIDUAL,ACTIVE,5411,LUCKNOW,UTTAR_PRADESH,3351.89,ACTIVE,GROCERY,1,1,0,0,False
MCH5021,2,MULTIPLE_VALUES,MULTIPLE_VALUES,MULTIPLE_VALUES,ACTIVE,MULTIPLE_VALUES,MULTIPLE_VALUES,MULTIPLE_VALUES,643.315,ACTIVE,HOTEL | MOBILE_RECHARGE,1,2,1,0,True
MCH5023,3,MULTIPLE_VALUES,MULTIPLE_VALUES,MULTIPLE_VALUES,ACTIVE,MULTIPLE_VALUES,MULTIPLE_VALUES,MULTIPLE_VALUES,1257.95,ACTIVE,GROCERY_STORES | HOTELS | PHARMACIES,1,3,1,0,True
MCH5027,1,Mukhopadhyay-Brar,RETAIL_OTHER,PARTNERSHIP,ACTIVE,5999,LUDHIANA,PUNJAB,3103.67,ACTIVE,RETAIL_OTHER,1,1,0,0,False
MCH5028,1,"Chhabra, Deo and Chakrabarti",HOTELS,PARTNERSHIP,INACTIVE,7011,LUDHIANA,PUNJAB,716.94,INACTIVE,HOTELS,1,1,0,0,False
MCH5036,2,MULTIPLE_VALUES,MULTIPLE_VALUES,MULTIPLE_VALUES,ACTIVE,MULTIPLE_VALUES,MULTIPLE_VALUES,MULTIPLE_VALUES,1738.1950000000002,ACTIVE,BOOK_STORE | RESTAURANTS,1,2,0,0,True
MCH5037,2,MULTIPLE_VALUES,MULTIPLE_VALUES,MULTIPLE_VALUES,MULTIPLE_VALUES,MULTIPLE_VALUES,MULTIPLE_VALUES,MULTIPLE_VALUES,,ACTIVE | SUSPENDED,DEPT_STORE | RESTAURANT,2,2,0,1,True
MCH5038,1,"din, som and bahl",PHARMACIES,PARTNERSHIP,ACTIVE,,LUCKNOW,UTTAR_PRADESH,1056.12,ACTIVE,PHARMACIES,1,1,1,0,False
MCH5040,4,MULTIPLE_VALUES,MULTIPLE_VALUES,MULTIPLE_VALUES,ACTIVE,MULTIPLE_VALUES,MULTIPLE_VALUES,MULTIPLE_VALUES,1360.4699999999998,ACTIVE,GARMENTS | GROCERY_STORES | TELECOM | TRANSPRT,1,4,0,0,True
MCH5042,2,MULTIPLE_VALUES,MULTIPLE_VALUES,MULTIPLE_VALUES,ACTIVE,7011,MULTIPLE_VALUES,MULTIPLE_VALUES,3524.4,ACTIVE,HOSPITALITY | PHARMACIES,1,2,1,0,True
MCH5043,1,"Chakraborty, Gour and Kothari",TRAVEL,PRIVATE_LIMITED,INACTIVE,4131,CALCUTTA,WEST_BENGAL,614.63,INACTIVE,TRAVEL,1,1,0,0,False
MCH5044,1,Mahajan-Narasimhan,BOOK_STORE,INDIVIDUAL,ACTIVE,,CHENNAI,TAMIL_NADU,1148.0,ACTIVE,BOOK_STORE,1,1,1,0,False
MCH5045,1,More-Doctor,DEPT_STORE,INDIVIDUAL,SUSPENDED,,BANGALORE,KARNATAKA,145.75,SUSPENDED,DEPT_STORE,1,1,1,1,False
MCH5050,1,Subramanian-Dua,BOOK_STORE,PARTNERSHIP,ACTIVE,5942,PUNE,MAHARASHTRA,1506.0,ACTIVE,BOOK_STORE,1,1,0,0,False
MCH5052,1,Pillay-Bora,RETAIL_OTHER,PARTNERSHIP,ACTIVE,,HYDERABAD,TELANGANA,1127.0,ACTIVE,RETAIL_OTHER,1,1,1,0,False
MCH5054,1,"Kara, Mandal and Mitra",EATING_PLACE,SOLE_PROPRIETOR,SUSPENDED,5812,KOLKATA,WEST_BENGAL,5895.31,SUSPENDED,EATING_PLACE,1,1,0,1,False
MCH5055,1,Aggarwal-Doctor,MEDICAL,PRIVATE_LIMITED,ACTIVE,05912,HYDERABAD,TELANGANA,3805.08,ACTIVE,MEDICAL,1,1,1,0,False
MCH5056,1,subramaniam plc,GROCERY_STORE,PARTNERSHIP,SUSPENDED,05411,BLR,KARNATAKA,473.92,SUSPENDED,GROCERY_STORE,1,1,1,1,False
MCH5061,1,Natarajan Inc,CLOTHS,SOLE_PROPRIETOR,ACTIVE,05699,LDH,PUNJAB,1265.19,ACTIVE,CLOTHS,1,1,1,0,False
MCH5064,2,MULTIPLE_VALUES,MULTIPLE_VALUES,MULTIPLE_VALUES,MULTIPLE_VALUES,MULTIPLE_VALUES,MULTIPLE_VALUES,MULTIPLE_VALUES,1526.385,ACTIVE | INACTIVE,CLOTHS | RESTAURANT,2,2,0,0,True
MCH5067,1,Mangat-Pant,TELECOM,INDIVIDUAL,ACTIVE,4814,POONA,MAHARASHTRA,1263.65,ACTIVE,TELECOM,1,1,0,0,False
MCH5070,2,MULTIPLE_VALUES,MULTIPLE_VALUES,MULTIPLE_VALUES,ACTIVE,5999,MULTIPLE_VALUES,MULTIPLE_VALUES,6368.32,ACTIVE,MOBILE_RECHARGE | RETAIL_OTHER,1,2,1,0,True
MCH5072,1,Shroff-Sangha,RETAIL_OTHER,PRIVATE_LIMITED,ACTIVE,5999,JAIPUR,RAJASTHAN,3955.29,ACTIVE,RETAIL_OTHER,1,1,0,0,False
MCH5077,1,"Chauhan, Thakur and Chacko",GROCERIES,INDIVIDUAL,INACTIVE,05411,JPR,RAJASTHAN,250.88,INACTIVE,GROCERIES,1,1,1,0,False
MCH5079,1,Ramaswamy-Trivedi,DEPT_STORE,PRIVATE_LIMITED,SUSPENDED,05311,BLR,KARNATAKA,549.02,SUSPENDED,DEPT_STORE,1,1,1,1,False
MCH5080,1,"Shere, Jha and Sarma",MEDICAL,SOLE_PROPRIETOR,ACTIVE,5912,CALCUTTA,WEST_BENGAL,2711.51,ACTIVE,MEDICAL,1,1,0,0,False
MCH5081,2,MULTIPLE_VALUES,MULTIPLE_VALUES,MULTIPLE_VALUES,ACTIVE,MULTIPLE_VALUES,MULTIPLE_VALUES,MULTIPLE_VALUES,746.7,ACTIVE,MEDICAL | STATIONERY,1,2,0,0,True
MCH5084,1,Doshi LLC,BOOKS_STATIONERY,INDIVIDUAL,ACTIVE,5942,JALANDHAR,PUNJAB,182.0,ACTIVE,BOOKS_STATIONERY,1,1,0,0,False
MCH5086,1,Balan LLC,OTHER,PRIVATE_LIMITED,ACTIVE,5999,AMRITSAR,PUNJAB,575.58,ACTIVE,OTHER,1,1,0,0,False
MCH5089,1,Korpal-Parmer,RETAIL,PRIVATE_LIMITED,ACTIVE,05311,JAIPUR,RAJASTHAN,3730.0,ACTIVE,RETAIL,1,1,1,0,False
MCH5090,1,Chacko-Dora,GROCERY,SOLE_PROPRIETOR,ACTIVE,5411,HYDERABAD,TELANGANA,,ACTIVE,GROCERY,1,1,0,0,False
MCH5091,1,Rau-Ratta,EATING_PLACE,PARTNERSHIP,ACTIVE,5812,CALCUTTA,WEST_BENGAL,755.0,ACTIVE,EATING_PLACE,1,1,0,0,False
MCH5092,1,Dubey-Gade,TELECOM,PARTNERSHIP,ACTIVE,4814,KOLKATA,WEST_BENGAL,730.73,ACTIVE,TELECOM,1,1,0,0,False
MCH5093,1,Khatri-Kata,GROCERY_STORE,PARTNERSHIP,INACTIVE,5411,JPR,RAJASTHAN,1344.37,INACTIVE,GROCERY_STORE,1,1,0,0,False
MCH5097,1,SATHE INC,DEPARTMENT_STORE,SOLE_PROPRIETOR,ACTIVE,5311,JAIPUR,RAJASTHAN,997.33,ACTIVE,DEPARTMENT_STORE,1,1,0,0,False
MCH5100,2,Garde-Mody,GROCERY_STORE,SOLE_PROPRIETOR,ACTIVE,,HYDERABAD,TELANGANA,347.68,ACTIVE,GROCERY_STORE,1,1,2,0,False
MCH5103,1,"MORAR, KANNAN AND PUROHIT",HOTEL,INDIVIDUAL,SUSPENDED,7011,LKO,UTTAR_PRADESH,,SUSPENDED,HOTEL,1,1,0,1,False
MCH5106,2,MULTIPLE_VALUES,MULTIPLE_VALUES,MULTIPLE_VALUES,ACTIVE,MULTIPLE_VALUES,JALANDHAR,PUNJAB,1059.355,ACTIVE,CHEMIST | STATIONERY,1,2,1,0,True
MCH5108,2,MULTIPLE_VALUES,MULTIPLE_VALUES,PRIVATE_LIMITED,ACTIVE,MULTIPLE_VALUES,MULTIPLE_VALUES,MULTIPLE_VALUES,1054.85,ACTIVE,GROCERIES | HOTELS,1,2,0,0,True
MCH5110,3,MULTIPLE_VALUES,MULTIPLE_VALUES,PRIVATE_LIMITED,MULTIPLE_VALUES,MULTIPLE_VALUES,MULTIPLE_VALUES,MULTIPLE_VALUES,478.0,ACTIVE | INACTIVE,BOOK_STORE | DEPT_STORE | MISC_RETAIL,2,3,0,0,True
MCH5111,1,Ramachandran Group,DEPARTMENT_STORES,PRIVATE_LIMITED,ACTIVE,,LUDHIANA,PUNJAB,541.94,ACTIVE,DEPARTMENT_STORES,1,1,1,0,False
MCH5112,3,MULTIPLE_VALUES,MULTIPLE_VALUES,PRIVATE_LIMITED,MULTIPLE_VALUES,MULTIPLE_VALUES,MULTIPLE_VALUES,MULTIPLE_VALUES,669.14,ACTIVE | INACTIVE,DEPARTMENT_STORE | RETAIL | TRANSPORTATION,2,3,0,0,True
MCH5113,1,Mani-Buch,CLOTHS,PARTNERSHIP,ACTIVE,5699,PUNE,MAHARASHTRA,2132.66,ACTIVE,CLOTHS,1,1,0,0,False
MCH5114,3,MULTIPLE_VALUES,MULTIPLE_VALUES,MULTIPLE_VALUES,ACTIVE,MULTIPLE_VALUES,MULTIPLE_VALUES,MULTIPLE_VALUES,1143.5,ACTIVE,CHEMIST | KIRANA,1,2,2,0,True
MCH5117,2,MULTIPLE_VALUES,MULTIPLE_VALUES,MULTIPLE_VALUES,MULTIPLE_VALUES,MULTIPLE_VALUES,MULTIPLE_VALUES,MULTIPLE_VALUES,412.17,ACTIVE | SUSPENDED,DEPARTMENT_STORE | HOTEL,2,2,0,1,True
MCH5119,1,Raghavan-Shere,FOOD,SOLE_PROPRIETOR,ACTIVE,05812,CHENNAI,TAMIL_NADU,1149.0,ACTIVE,FOOD,1,1,1,0,False
MCH5121,2,MULTIPLE_VALUES,MULTIPLE_VALUES,MULTIPLE_VALUES,ACTIVE,MULTIPLE_VALUES,MULTIPLE_VALUES,PUNJAB,3081.16,ACTIVE,EATING_PLACE | TRANSPRT,1,2,0,0,True
MCH5122,3,MULTIPLE_VALUES,MULTIPLE_VALUES,MULTIPLE_VALUES,ACTIVE,MULTIPLE_VALUES,MULTIPLE_VALUES,MULTIPLE_VALUES,957.5,ACTIVE,CLOTHS | GARMENTS | RESTAURANTS,1,3,2,0,True
MCH5125,1,Dave and Sons,FOOD_SERVICES,PRIVATE_LIMITED,ACTIVE,5812,LDH,PUNJAB,838.15,ACTIVE,FOOD_SERVICES,1,1,0,0,False
MCH5127,2,MULTIPLE_VALUES,MULTIPLE_VALUES,MULTIPLE_VALUES,ACTIVE,MULTIPLE_VALUES,MULTIPLE_VALUES,MULTIPLE_VALUES,1249.795,ACTIVE,APPAREL | HOSPITALITY,1,2,1,0,True
MCH5129,2,MULTIPLE_VALUES,MULTIPLE_VALUES,SOLE_PROPRIETOR,ACTIVE,MULTIPLE_VALUES,CHENNAI,TAMIL_NADU,3188.81,ACTIVE,PHARMACY | TRANSPORT,1,2,0,0,True
MCH5133,1,sawhney group,GROCERY_STORE,INDIVIDUAL,ACTIVE,MISC,HYDERABAD,TELANGANA,1388.77,ACTIVE,GROCERY_STORE,1,1,1,0,False
MCH5135,2,MULTIPLE_VALUES,MULTIPLE_VALUES,MULTIPLE_VALUES,ACTIVE,MULTIPLE_VALUES,MULTIPLE_VALUES,MULTIPLE_VALUES,974.265,ACTIVE,APPAREL | BOOKS,1,2,0,0,True
MCH5136,1,Thakur and Sons,BUS_TAXI,SOLE_PROPRIETOR,SUSPENDED,4131,JAIPUR,RAJASTHAN,2681.3,SUSPENDED,BUS_TAXI,1,1,0,1,False
MCH5137,2,MULTIPLE_VALUES,MULTIPLE_VALUES,MULTIPLE_VALUES,MULTIPLE_VALUES,MULTIPLE_VALUES,MULTIPLE_VALUES,MULTIPLE_VALUES,592.86,ACTIVE | SUSPENDED,TELECOM | TRANSPORTATION,2,2,0,1,True
MCH5141,2,MULTIPLE_VALUES,MULTIPLE_VALUES,MULTIPLE_VALUES,MULTIPLE_VALUES,4814,MULTIPLE_VALUES,MULTIPLE_VALUES,1382.46,ACTIVE | INACTIVE,APPAREL | TELECOM,2,2,1,0,True
MCH5144,1,Johal Ltd,HOTEL_LODGING,SOLE_PROPRIETOR,INACTIVE,7011,JALANDAR,PUNJAB,490.7,INACTIVE,HOTEL_LODGING,1,1,0,0,False
MCH5146,1,Wadhwa-Swamy,DEPARTMENT_STORES,PARTNERSHIP,ACTIVE,05311,JALANDHAR,PUNJAB,,ACTIVE,DEPARTMENT_STORES,1,1,1,0,False
MCH5147,1,"Rao, Mahal and Wable",OTHER,PRIVATE_LIMITED,ACTIVE,5999,JALANDAR,PUNJAB,687.0,ACTIVE,OTHER,1,1,0,0,False
MCH5148,1,"Bose, Ranganathan and Bose",KIRANA,INDIVIDUAL,ACTIVE,5411,AMRITSAR,PUNJAB,,ACTIVE,KIRANA,1,1,0,0,False
MCH5151,1,Sachar-Lad,TRAVEL,PARTNERSHIP,ACTIVE,4131,MUMBAI,MAHARASHTRA,703.87,ACTIVE,TRAVEL,1,1,0,0,False
MCH5154,3,MULTIPLE_VALUES,MULTIPLE_VALUES,MULTIPLE_VALUES,ACTIVE,MULTIPLE_VALUES,MULTIPLE_VALUES,MULTIPLE_VALUES,1206.43,ACTIVE,CHEMIST | MISC_RETAIL | PHONE_SERVICE,1,3,1,0,True
MCH5156,1,"Bumb, Buch and R0ut",HOTEL_LODGING,PRIVATE_LIMITED,ACTIVE,7011,MUMBAI,MAHARASHTRA,1483.33,ACTIVE,HOTEL_LODGING,1,1,0,0,False
MCH5159,1,"Boase, Nadkarni and Kala",BUS_TAXI,PRIVATE_LIMITED,ACTIVE,4131,JPR,RAJASTHAN,214.1,ACTIVE,BUS_TAXI,1,1,0,0,False
MCH5160,1,subramanian inc,HOTEL,PARTNERSHIP,ACTIVE,7011,AMRITSAR,PUNJAB,1435.76,ACTIVE,HOTEL,1,1,0,0,False
MCH5162,1,Srinivas-Sule,RETAIL,INDIVIDUAL,ACTIVE,5311,JAIPUR,RAJASTHAN,1145.33,ACTIVE,RETAIL,1,1,0,0,False
MCH5163,1,"Pandit, Lad and V0ra",MOBILE_RECHARGE,INDIVIDUAL,ACTIVE,4814,KOLKATA,WEST_BENGAL,1014.92,ACTIVE,MOBILE_RECHARGE,1,1,0,0,False
MCH5164,1,"Yohannan,SahniandBasak",DEPARTMENT_STORE,INDIVIDUAL,INACTIVE,,MUMBAY,MAHARASHTRA,830.61,INACTIVE,DEPARTMENT_STORE,1,1,1,0,False
MCH5166,2,MULTIPLE_VALUES,MULTIPLE_VALUES,INDIVIDUAL,MULTIPLE_VALUES,4814,MULTIPLE_VALUES,MULTIPLE_VALUES,1467.0500000000002,ACTIVE | INACTIVE,GROCERY | MOBILE_RECHARGE,2,2,1,0,True
MCH5167,1,Bose and Sons,BOOK_STORE,PRIVATE_LIMITED,INACTIVE,5942,JALANDHAR,PUNJAB,1269.25,INACTIVE,BOOK_STORE,1,1,0,0,False
MCH5169,1,Kurian-Narayan,STATIONERY,INDIVIDUAL,ACTIVE,5942,JALANDHAR,PUNJAB,1621.49,ACTIVE,STATIONERY,1,1,0,0,False
MCH5171,1,"pandya, bawa and kibe",TRANSPORTATION,PARTNERSHIP,ACTIVE,4131,JPR,RAJASTHAN,1895.53,ACTIVE,TRANSPORTATION,1,1,0,0,False
MCH5176,1,"Samra,SampathandChaudhuri",TRAVEL,INDIVIDUAL,ACTIVE,4131,JALANDHAR,PUNJAB,905.0,ACTIVE,TRAVEL,1,1,0,0,False
MCH5180,2,MULTIPLE_VALUES,FASHION,MULTIPLE_VALUES,ACTIVE,5699,MULTIPLE_VALUES,MULTIPLE_VALUES,900.6099999999999,ACTIVE,FASHION,1,1,0,0,False
MCH5182,1,"kadakia, raman and badal",TRANSPORT,SOLE_PROPRIETOR,INACTIVE,4131,ASR,PUNJAB,932.0,INACTIVE,TRANSPORT,1,1,0,0,False
MCH5183,1,Chandra LLC,STATIONERY,INDIVIDUAL,ACTIVE,05942,JAIPUR,RAJASTHAN,578.29,ACTIVE,STATIONERY,1,1,1,0,False
MCH5186,3,MULTIPLE_VALUES,MULTIPLE_VALUES,MULTIPLE_VALUES,MULTIPLE_VALUES,MULTIPLE_VALUES,MULTIPLE_VALUES,MULTIPLE_VALUES,830.18,ACTIVE | INACTIVE,DEPARTMENT_STORE | MEDICAL_STORE,2,2,0,0,True
MCH5188,1,"Dube, Nair and Datta",BUS_TAXI,INDIVIDUAL,ACTIVE,4131,JALANDHAR,PUNJAB,2008.92,ACTIVE,BUS_TAXI,1,1,0,0,False
MCH5190,2,MULTIPLE_VALUES,MULTIPLE_VALUES,SOLE_PROPRIETOR,ACTIVE,MULTIPLE_VALUES,MULTIPLE_VALUES,MULTIPLE_VALUES,1943.47,ACTIVE,BOOKS_STATIONERY | GROCERY,1,2,0,0,True
MCH5193,1,Shetty Inc,CHEMIST,PARTNERSHIP,ACTIVE,5912,AMRITSAR,PUNJAB,,ACTIVE,CHEMIST,1,1,0,0,False
MCH5196,2,MULTIPLE_VALUES,MULTIPLE_VALUES,MULTIPLE_VALUES,MULTIPLE_VALUES,MULTIPLE_VALUES,MULTIPLE_VALUES,MULTIPLE_VALUES,3536.0,ACTIVE | SUSPENDED,RETAIL | TRAVEL,2,2,0,1,True
MCH5197,1,AcharyaInc,TRANSPORTATION,PRIVATE_LIMITED,ACTIVE,4131,JALANDAR,PUNJAB,699.94,ACTIVE,TRANSPORTATION,1,1,0,0,False
MCH5200,1,Saha PLC,BUS_TAXI,PRIVATE_LIMITED,ACTIVE,4131,LUDHIANA,PUNJAB,913.24,ACTIVE,BUS_TAXI,1,1,0,0,False
MCH5203,1,"Goel, Mishra and Ram",TELECOM,SOLE_PROPRIETOR,ACTIVE,4814,BLR,KARNATAKA,3326.82,ACTIVE,TELECOM,1,1,0,0,False
MCH5204,2,MULTIPLE_VALUES,MULTIPLE_VALUES,MULTIPLE_VALUES,ACTIVE,5411,MULTIPLE_VALUES,MULTIPLE_VALUES,955.33,ACTIVE,BOOKS_STATIONERY | GROCERY,1,2,1,0,True
MCH5205,1,"Yogi, Minhas and Goda",DEPARTMENT_STORE,PARTNERSHIP,INACTIVE,5311,LUDHIANA,PUNJAB,455.0,INACTIVE,DEPARTMENT_STORE,1,1,0,0,False
MCH5208,1,mann inc,GROCERIES,PRIVATE_LIMITED,SUSPENDED,05411,HYDERABAD,TELANGANA,1269.59,SUSPENDED,GROCERIES,1,1,1,1,False
MCH5210,3,MULTIPLE_VALUES,MULTIPLE_VALUES,MULTIPLE_VALUES,MULTIPLE_VALUES,MULTIPLE_VALUES,MULTIPLE_VALUES,MULTIPLE_VALUES,1319.3,ACTIVE | SUSPENDED,BOOK_STORE | CHEMIST | TRANSPRT,2,3,0,1,True
MCH5213,1,Keer-Yadav,HOTEL_LODGING,PRIVATE_LIMITED,ACTIVE,07011,JALANDHAR,PUNJAB,2157.19,ACTIVE,HOTEL_LODGING,1,1,1,0,False
MCH5215,1,Tank-Golla,MISC_RETAIL,INDIVIDUAL,ACTIVE,5999,HYDERABAD,TELANGANA,1953.0,ACTIVE,MISC_RETAIL,1,1,0,0,False
MCH5217,2,MULTIPLE_VALUES,MULTIPLE_VALUES,MULTIPLE_VALUES,MULTIPLE_VALUES,MULTIPLE_VALUES,MULTIPLE_VALUES,MULTIPLE_VALUES,1058.8249999999998,ACTIVE | INACTIVE,KIRANA | RETAIL,2,2,0,0,True
MCH5219,2,MULTIPLE_VALUES,MULTIPLE_VALUES,MULTIPLE_VALUES,ACTIVE,MULTIPLE_VALUES,MULTIPLE_VALUES,MULTIPLE_VALUES,834.97,ACTIVE,HOSPITALITY | TELECOM,1,2,1,0,True
MCH5222,1,"Char, Warrior and Cherian",APPAREL,PARTNERSHIP,INACTIVE,5699,MADRAS,TAMIL_NADU,352.83,INACTIVE,APPAREL,1,1,0,0,False
MCH5223,1,"Dua, Raj and Aurora",FOOD,PRIVATE_LIMITED,ACTIVE,5812,LUDHIANA,PUNJAB,986.86,ACTIVE,FOOD,1,1,0,0,False
MCH5224,1,Prabhakar-Baral,MISCELLANEOUS,SOLE_PROPRIETOR,ACTIVE,5999,DELHI,DELHI,873.18,ACTIVE,MISCELLANEOUS,1,1,0,0,False
MCH5225,1,"Bera, Guha and Narayan",BOOK_STORE,INDIVIDUAL,ACTIVE,5942,HYD,TELANGANA,,ACTIVE,BOOK_STORE,1,1,0,0,False
MCH5226,1,Tiwari-Pau,OTHER,INDIVIDUAL,ACTIVE,5999,LUCKNOW,UTTAR_PRADESH,271.33,ACTIVE,OTHER,1,1,0,0,False
MCH5227,2,MULTIPLE_VALUES,MULTIPLE_VALUES,MULTIPLE_VALUES,ACTIVE,MULTIPLE_VALUES,MULTIPLE_VALUES,MULTIPLE_VALUES,2005.26,ACTIVE,FOOD_SERVICES | HOTEL,1,2,0,0,True
MCH5230,1,Bajaj Ltd,TRANSPORTATION,PARTNERSHIP,ACTIVE,MISC,DELHI,DELHI,3959.52,ACTIVE,TRANSPORTATION,1,1,1,0,False
MCH5231,2,MULTIPLE_VALUES,MULTIPLE_VALUES,MULTIPLE_VALUES,ACTIVE,5912,MULTIPLE_VALUES,MULTIPLE_VALUES,428.715,ACTIVE,GROCERY | PHARMACY,1,2,1,0,True
MCH5233,1,Raghavan-Mall,MOBILE_RECHARGE,PARTNERSHIP,ACTIVE,04814,BENGALURU,KARNATAKA,3087.5,ACTIVE,MOBILE_RECHARGE,1,1,1,0,False
MCH5235,2,MULTIPLE_VALUES,MULTIPLE_VALUES,MULTIPLE_VALUES,ACTIVE,MULTIPLE_VALUES,MULTIPLE_VALUES,MULTIPLE_VALUES,3807.5,ACTIVE,BOOK_STORE | TRAVEL,1,2,0,0,True
MCH5236,2,MULTIPLE_VALUES,MULTIPLE_VALUES,MULTIPLE_VALUES,ACTIVE,5999,MULTIPLE_VALUES,MULTIPLE_VALUES,749.805,ACTIVE,OTHER | RETAIL_OTHER,1,2,0,0,True
MCH5237,2,MULTIPLE_VALUES,MULTIPLE_VALUES,MULTIPLE_VALUES,MULTIPLE_VALUES,5999,MULTIPLE_VALUES,MULTIPLE_VALUES,1470.74,ACTIVE | SUSPENDED,MISC_RETAIL | PHARMACY,2,2,1,1,True
MCH5239,1,Saha Inc,RETAIL_OTHER,INDIVIDUAL,ACTIVE,5999,LKO,UTTAR_PRADESH,6907.0,ACTIVE,RETAIL_OTHER,1,1,0,0,False
MCH5242,1,Mishra-Dua,DEPARTMENT_STORE,INDIVIDUAL,ACTIVE,5311,MUMBAI,MAHARASHTRA,,ACTIVE,DEPARTMENT_STORE,1,1,0,0,False
MCH5245,2,MULTIPLE_VALUES,MULTIPLE_VALUES,MULTIPLE_VALUES,ACTIVE,MULTIPLE_VALUES,MULTIPLE_VALUES,MULTIPLE_VALUES,2923.74,ACTIVE,KIRANA | RETAIL,1,2,0,0,True
MCH5247,1,Nagi Ltd,TELECOM,PARTNERSHIP,SUSPENDED,4814,AMRITSAR,PUNJAB,632.92,SUSPENDED,TELECOM,1,1,0,1,False
MCH5249,1,Tak Inc,HOTEL_LODGING,PRIVATE_LIMITED,ACTIVE,7011,LUCKNOW,UTTAR_PRADESH,,ACTIVE,HOTEL_LODGING,1,1,0,0,False
MCH5250,1,Virk-Nadkarni,RETAIL_OTHER,PARTNERSHIP,SUSPENDED,5999,PUNE,MAHARASHTRA,759.43,SUSPENDED,RETAIL_OTHER,1,1,0,1,False
MCH5251,2,MULTIPLE_VALUES,MULTIPLE_VALUES,MULTIPLE_VALUES,MULTIPLE_VALUES,MULTIPLE_VALUES,MULTIPLE_VALUES,MULTIPLE_VALUES,2133.3450000000003,ACTIVE | INACTIVE,GROCERIES | TRANSPORTATION,2,2,0,0,True
MCH5253,1,Balakrishnan PLC,CHEMIST,SOLE_PROPRIETOR,ACTIVE,5912,MUMBAI,MAHARASHTRA,,ACTIVE,CHEMIST,1,1,0,0,False
MCH5256,1,GhoshLLC,TRANSPORT,INDIVIDUAL,ACTIVE,4131,MADRAS,TAMIL_NADU,429.35,ACTIVE,TRANSPORT,1,1,0,0,False
MCH5257,1,Kara-Sibal,TELECOM,INDIVIDUAL,ACTIVE,4814,BENGALURU,KARNATAKA,1601.92,ACTIVE,TELECOM,1,1,0,0,False
MCH5258,1,Kibe-Ramanathan,BOOK_STORE,PARTNERSHIP,ACTIVE,,DILLI,DELHI,3143.33,ACTIVE,BOOK_STORE,1,1,1,0,False
MCH5260,1,"Memon, Ben and Sant",MEDICAL,SOLE_PROPRIETOR,ACTIVE,5912,JALANDHAR,PUNJAB,1467.0,ACTIVE,MEDICAL,1,1,0,0,False
MCH5261,1,M0dy Gr0up,BOOK_STORE,INDIVIDUAL,ACTIVE,5942,JAIPUR,RAJASTHAN,345.16,ACTIVE,BOOK_STORE,1,1,0,0,False
MCH5263,1,"Narang, Kata and Pillai",DEPARTMENT_STORES,PRIVATE_LIMITED,ACTIVE,5311,LUDHIANA,PUNJAB,,ACTIVE,DEPARTMENT_STORES,1,1,0,0,False
MCH5265,2,MULTIPLE_VALUES,MULTIPLE_VALUES,MULTIPLE_VALUES,ACTIVE,MULTIPLE_VALUES,MULTIPLE_VALUES,MULTIPLE_VALUES,1611.565,ACTIVE,CLOTHING | GROCERY_STORES,1,2,1,0,True
MCH5267,1,"Chandra, Som and Grewal",TRANSPORTATION,INDIVIDUAL,ACTIVE,4131,HYDERABAD,TELANGANA,999.83,ACTIVE,TRANSPORTATION,1,1,0,0,False
MCH5268,1,Nagy-Ravel,MISC_RETAIL,SOLE_PROPRIETOR,SUSPENDED,5999,KOLKATA,WEST_BENGAL,4125.6,SUSPENDED,MISC_RETAIL,1,1,0,1,False
MCH5269,2,MULTIPLE_VALUES,MULTIPLE_VALUES,MULTIPLE_VALUES,ACTIVE,MULTIPLE_VALUES,MULTIPLE_VALUES,MULTIPLE_VALUES,699.5,ACTIVE,BOOKS_STATIONERY | BOOK_STORE,1,2,1,0,True
MCH5270,1,"Kannan, Goda and Kade",HOTEL_LODGING,INDIVIDUAL,INACTIVE,7011,LUCKNOW,UTTAR_PRADESH,469.0,INACTIVE,HOTEL_LODGING,1,1,0,0,False
MCH5271,1,Choudhary-Chaudhry,FOOD_SERVICES,PARTNERSHIP,ACTIVE,5812,LDH,PUNJAB,,ACTIVE,FOOD_SERVICES,1,1,0,0,False
MCH5274,2,MULTIPLE_VALUES,MULTIPLE_VALUES,MULTIPLE_VALUES,ACTIVE,MULTIPLE_VALUES,MULTIPLE_VALUES,MULTIPLE_VALUES,791.005,ACTIVE,TELECOM | TRAVEL,1,2,0,0,True
MCH5277,1,Kannan-Deshmukh,BOOK_STORE,PRIVATE_LIMITED,INACTIVE,5942,LUCKNOW,UTTAR_PRADESH,4638.51,INACTIVE,BOOK_STORE,1,1,0,0,False
MCH5278,1,"Sarraf, Peri and Ratti",MISC_RETAIL,PRIVATE_LIMITED,ACTIVE,5999,KOLKATA,WEST_BENGAL,1446.64,ACTIVE,MISC_RETAIL,1,1,0,0,False
MCH5280,1,Mani-Chada,BUS_TAXI,SOLE_PROPRIETOR,ACTIVE,4131,CHENNAI,TAMIL_NADU,1112.24,ACTIVE,BUS_TAXI,1,1,0,0,False
MCH5281,2,MULTIPLE_VALUES,MULTIPLE_VALUES,MULTIPLE_VALUES,ACTIVE,MULTIPLE_VALUES,MULTIPLE_VALUES,KARNATAKA,526.585,ACTIVE,HOTELS | KIRANA,1,2,0,0,True
MCH5283,3,MULTIPLE_VALUES,MULTIPLE_VALUES,MULTIPLE_VALUES,MULTIPLE_VALUES,05912,MULTIPLE_VALUES,MULTIPLE_VALUES,1266.0,ACTIVE | INACTIVE,MEDICAL | PHARMACIES,2,2,3,0,True
MCH5285,1,"Yadav, Dhawan and Bahri",RETAIL,INDIVIDUAL,ACTIVE,05311,BENGALURU,KARNATAKA,220.0,ACTIVE,RETAIL,1,1,1,0,False
MCH5287,2,MULTIPLE_VALUES,MULTIPLE_VALUES,PARTNERSHIP,ACTIVE,MULTIPLE_VALUES,MULTIPLE_VALUES,MULTIPLE_VALUES,823.34,ACTIVE,FOOD_SERVICES | TRAVEL,1,2,1,0,True
MCH5288,2,"THAMAN, MUNI AND OM",MISCELLANEOUS,SOLE_PROPRIETOR,ACTIVE,5999,PUNE,MAHARASHTRA,1015.84,ACTIVE,MISCELLANEOUS,1,1,0,0,False
MCH5292,2,MULTIPLE_VALUES,MULTIPLE_VALUES,MULTIPLE_VALUES,MULTIPLE_VALUES,MULTIPLE_VALUES,MULTIPLE_VALUES,MULTIPLE_VALUES,542.0,ACTIVE | INACTIVE,KIRANA | OTHER,2,2,0,0,True
MCH5293,3,MULTIPLE_VALUES,MULTIPLE_VALUES,MULTIPLE_VALUES,MULTIPLE_VALUES,MULTIPLE_VALUES,MULTIPLE_VALUES,MULTIPLE_VALUES,1512.4299999999998,ACTIVE | SUSPENDED,BUS_TAXI | MISCELLANEOUS | TRAVEL,2,3,1,1,True
MCH5294,1,Bhakta Group,TELECOM,PRIVATE_LIMITED,ACTIVE,4814,JAIPUR,RAJASTHAN,765.13,ACTIVE,TELECOM,1,1,0,0,False
MCH5295,1,"Goda, Prashad and Narain",MEDICAL,INDIVIDUAL,ACTIVE,,LKO,UTTAR_PRADESH,888.39,ACTIVE,MEDICAL,1,1,1,0,False
MCH5298,1,Keer and Sons,MISCELLANEOUS,PARTNERSHIP,INACTIVE,5999,BENGALURU,KARNATAKA,600.45,INACTIVE,MISCELLANEOUS,1,1,0,0,False
MCH5303,1,walla inc,DEPARTMENT_STORES,PRIVATE_LIMITED,ACTIVE,5311,MADRAS,TAMIL_NADU,1019.0,ACTIVE,DEPARTMENT_STORES,1,1,0,0,False
MCH5305,1,taneja inc,HOTELS,SOLE_PROPRIETOR,ACTIVE,7011,CHENNAI,TAMIL_NADU,1731.48,ACTIVE,HOTELS,1,1,0,0,False
MCH5307,1,"Balan, Varughese and Dave",RESTAURANTS,PARTNERSHIP,ACTIVE,5812,PUNE,MAHARASHTRA,204.07,ACTIVE,RESTAURANTS,1,1,0,0,False
MCH5308,1,Shukla-Trivedi,FOOD,INDIVIDUAL,ACTIVE,,JAIPUR,RAJASTHAN,,ACTIVE,FOOD,1,1,1,0,False
MCH5312,1,Choudhary Inc,GROCERY,PARTNERSHIP,ACTIVE,05411,KOLKATA,WEST_BENGAL,1438.2,ACTIVE,GROCERY,1,1,1,0,False
MCH5316,3,MULTIPLE_VALUES,MULTIPLE_VALUES,MULTIPLE_VALUES,MULTIPLE_VALUES,MULTIPLE_VALUES,MULTIPLE_VALUES,MULTIPLE_VALUES,706.61,ACTIVE | INACTIVE,CLOTHING | DEPARTMENT_STORES,2,2,0,0,True
MCH5317,1,Seth PLC,HOTEL_LODGING,SOLE_PROPRIETOR,ACTIVE,7011,BANGALORE,KARNATAKA,2738.46,ACTIVE,HOTEL_LODGING,1,1,0,0,False
MCH5320,1,Ramaswamy-Sarma,MOBILE_RECHARGE,SOLE_PROPRIETOR,ACTIVE,4814,HYDERABAD,TELANGANA,750.06,ACTIVE,MOBILE_RECHARGE,1,1,0,0,False
MCH5321,1,Maharaj Ltd,PHARMACY,SOLE_PROPRIETOR,INACTIVE,5912,MUMBAI,MAHARASHTRA,,INACTIVE,PHARMACY,1,1,0,0,False
MCH5322,1,Parsa LLC,CHEMIST,INDIVIDUAL,ACTIVE,5912,JALANDHAR,PUNJAB,2329.55,ACTIVE,CHEMIST,1,1,0,0,False
MCH5328,2,MULTIPLE_VALUES,MULTIPLE_VALUES,MULTIPLE_VALUES,ACTIVE,MULTIPLE_VALUES,MULTIPLE_VALUES,MULTIPLE_VALUES,984.53,ACTIVE,EATING_PLACE | GARMENTS,1,2,1,0,True
MCH5333,1,Rajagopal-Agate,TELECOM,SOLE_PROPRIETOR,INACTIVE,4814,ASR,PUNJAB,15510.71,INACTIVE,TELECOM,1,1,0,0,False
MCH5335,2,MULTIPLE_VALUES,MULTIPLE_VALUES,MULTIPLE_VALUES,MULTIPLE_VALUES,5311,MULTIPLE_VALUES,MULTIPLE_VALUES,932.65,ACTIVE | INACTIVE,DEPT_STORE | HOTEL_LODGING,2,2,1,0,True
MCH5339,1,"vaidya, hari and mistry",OTHER,INDIVIDUAL,ACTIVE,5999,DELHI,DELHI,514.42,ACTIVE,OTHER,1,1,0,0,False
MCH5343,1,Sangha-Pillay,KIRANA,INDIVIDUAL,INACTIVE,5411,LKO,UTTAR_PRADESH,1724.67,INACTIVE,KIRANA,1,1,0,0,False
MCH5354,2,MULTIPLE_VALUES,MULTIPLE_VALUES,PARTNERSHIP,ACTIVE,MULTIPLE_VALUES,MULTIPLE_VALUES,PUNJAB,2213.0,ACTIVE,BOOK_STORE | RESTAURANT,1,2,1,0,True
MCH5355,1,"Sundaram, Gara and Bajwa",RESTAURANT,SOLE_PROPRIETOR,ACTIVE,5812,KOLKATA,WEST_BENGAL,3350.71,ACTIVE,RESTAURANT,1,1,0,0,False
MCH5356,2,MULTIPLE_VALUES,MULTIPLE_VALUES,MULTIPLE_VALUES,MULTIPLE_VALUES,MULTIPLE_VALUES,MULTIPLE_VALUES,MULTIPLE_VALUES,917.24,ACTIVE | INACTIVE,GROCERY_STORE | MOBILE_RECHARGE,2,2,0,0,True
MCH5360,1,pillai and sons,CHEMIST,INDIVIDUAL,ACTIVE,5912,LUCKNOW,UTTAR_PRADESH,745.28,ACTIVE,CHEMIST,1,1,0,0,False
MCH5361,1,"Baria,SantandMunshi",STATIONERY,PRIVATE_LIMITED,ACTIVE,5942,DELHI,DELHI,,ACTIVE,STATIONERY,1,1,0,0,False
MCH5362,3,MULTIPLE_VALUES,MULTIPLE_VALUES,MULTIPLE_VALUES,MULTIPLE_VALUES,MULTIPLE_VALUES,MULTIPLE_VALUES,MULTIPLE_VALUES,1922.99,ACTIVE | INACTIVE,BOOKS_STATIONERY | MEDICAL,2,2,1,0,True
MCH5366,1,Bali Ltd,DEPARTMENT_STORE,PRIVATE_LIMITED,INACTIVE,5311,LUCKNOW,UTTAR_PRADESH,1551.58,INACTIVE,DEPARTMENT_STORE,1,1,0,0,False
MCH5367,2,MULTIPLE_VALUES,MULTIPLE_VALUES,SOLE_PROPRIETOR,ACTIVE,MULTIPLE_VALUES,MULTIPLE_VALUES,MULTIPLE_VALUES,1410.7649999999999,ACTIVE,BOOK_STORE | CLOTHING,1,2,0,0,True
MCH5370,2,MULTIPLE_VALUES,MULTIPLE_VALUES,MULTIPLE_VALUES,ACTIVE,MULTIPLE_VALUES,MULTIPLE_VALUES,MULTIPLE_VALUES,1457.3000000000002,ACTIVE,DEPT_STORE | MEDICAL_STORE,1,2,1,0,True
MCH5371,1,Tailor Ltd,DEPARTMENT_STORE,SOLE_PROPRIETOR,ACTIVE,MISC,JALANDHAR,PUNJAB,2851.53,ACTIVE,DEPARTMENT_STORE,1,1,1,0,False
MCH5375,1,"Zacharia, Krishnamurthy and Talwar",CLOTHS,INDIVIDUAL,ACTIVE,5699,PUNE,MAHARASHTRA,,ACTIVE,CLOTHS,1,1,0,0,False
MCH5376,1,"Narayanan, Palla and Tripathi",PHONE_SERVICE,SOLE_PROPRIETOR,ACTIVE,4814,LUDHIANA,PUNJAB,2169.37,ACTIVE,PHONE_SERVICE,1,1,0,0,False
MCH5378,2,MULTIPLE_VALUES,MULTIPLE_VALUES,MULTIPLE_VALUES,ACTIVE,MULTIPLE_VALUES,MULTIPLE_VALUES,MULTIPLE_VALUES,815.52,ACTIVE,HOSPITALITY | KIRANA,1,2,1,0,True
MCH5381,1,Jaggi and Sons,DEPARTMENT_STORE,PRIVATE_LIMITED,ACTIVE,5311,DELHI,DELHI,550.97,ACTIVE,DEPARTMENT_STORE,1,1,0,0,False
MCH5383,1,ray-dara,HOSPITALITY,PRIVATE_LIMITED,ACTIVE,7011,DILLI,DELHI,2541.0,ACTIVE,HOSPITALITY,1,1,0,0,False
MCH5384,1,Sibal Inc,GROCERIES,PRIVATE_LIMITED,ACTIVE,5411,JAIPUR,RAJASTHAN,951.53,ACTIVE,GROCERIES,1,1,0,0,False
MCH5386,1,"Hari, Handa and Madan",MOBILE_RECHARGE,PRIVATE_LIMITED,ACTIVE,4814,BENGALURU,KARNATAKA,682.57,ACTIVE,MOBILE_RECHARGE,1,1,0,0,False
MCH5387,2,MULTIPLE_VALUES,MULTIPLE_VALUES,SOLE_PROPRIETOR,ACTIVE,MULTIPLE_VALUES,MULTIPLE_VALUES,MULTIPLE_VALUES,1308.585,ACTIVE,CLOTHS | HOTEL,1,2,1,0,True
MCH5388,1,Mann-Oza,BOOKS,PRIVATE_LIMITED,ACTIVE,5942,HYDERABAD,TELANGANA,1696.0,ACTIVE,BOOKS,1,1,0,0,False
MCH5389,1,sem llc,BUS_TAXI,PARTNERSHIP,ACTIVE,4131,JPR,RAJASTHAN,342.38,ACTIVE,BUS_TAXI,1,1,0,0,False
MCH5390,3,MULTIPLE_VALUES,MULTIPLE_VALUES,MULTIPLE_VALUES,ACTIVE,MULTIPLE_VALUES,MULTIPLE_VALUES,MULTIPLE_VALUES,2643.0,ACTIVE,BUS_TAXI | STATIONERY | TRANSPORT,1,3,1,0,True
MCH5391,1,Nagi-Pandya,KIRANA,PARTNERSHIP,SUSPENDED,5411,KOLKATA,WEST_BENGAL,1471.0,SUSPENDED,KIRANA,1,1,0,1,False
MCH5395,1,"Dada, Jani and Kaul",STATIONERY,PARTNERSHIP,ACTIVE,5942,MADRAS,TAMIL_NADU,,ACTIVE,STATIONERY,1,1,0,0,False
MCH5396,1,MANDA-SETH,TRANSPORTATION,SOLE_PROPRIETOR,ACTIVE,4131,DELHI,DELHI,439.03,ACTIVE,TRANSPORTATION,1,1,0,0,False
MCH5399,1,Agate-Wali,OTHER,PRIVATE_LIMITED,ACTIVE,5999,CHENNAI,TAMIL_NADU,1379.64,ACTIVE,OTHER,1,1,0,0,False
MCH5401,2,MULTIPLE_VALUES,MULTIPLE_VALUES,MULTIPLE_VALUES,ACTIVE,5311,MULTIPLE_VALUES,MULTIPLE_VALUES,3231.0,ACTIVE,BOOKS_STATIONERY | DEPARTMENT_STORE,1,2,1,0,True
MCH5402,1,"MANDAL, CHADA AND DESHPANDE",KIRANA,SOLE_PROPRIETOR,SUSPENDED,5411,DELHI,DELHI,,SUSPENDED,KIRANA,1,1,0,1,False
MCH5404,1,Cherian Group,HOTELS,SOLE_PROPRIETOR,ACTIVE,7011,PUNE,MAHARASHTRA,1440.0,ACTIVE,HOTELS,1,1,0,0,False
MCH5405,1,Balan-Sabharwal,FOOD,INDIVIDUAL,ACTIVE,5812,BENGALURU,KARNATAKA,2280.95,ACTIVE,FOOD,1,1,0,0,False
MCH5408,2,MULTIPLE_VALUES,MULTIPLE_VALUES,MULTIPLE_VALUES,ACTIVE,MULTIPLE_VALUES,MUMBAI,MAHARASHTRA,1318.28,ACTIVE,KIRANA | TELECOM,1,2,0,0,True
MCH5409,1,Buch Inc,APPAREL,SOLE_PROPRIETOR,ACTIVE,5699,AMRITSAR,PUNJAB,922.0,ACTIVE,APPAREL,1,1,0,0,False
MCH5410,1,Ganesh LLC,HOTEL,PARTNERSHIP,ACTIVE,7011,DELHI,DELHI,1114.19,ACTIVE,HOTEL,1,1,0,0,False
MCH5411,1,Kale Inc,GROCERY,PARTNERSHIP,ACTIVE,5411,PUNE,MAHARASHTRA,708.0,ACTIVE,GROCERY,1,1,0,0,False
MCH5413,1,"K0shy, Batra and K0h1i",DEPARTMENT_STORE,SOLE_PROPRIETOR,ACTIVE,5311,LKO,UTTAR_PRADESH,608.0,ACTIVE,DEPARTMENT_STORE,1,1,0,0,False
MCH5414,1,bhandari ltd,HOTEL,PRIVATE_LIMITED,ACTIVE,07011,DELHI,DELHI,155.88,ACTIVE,HOTEL,1,1,1,0,False
MCH5416,2,MULTIPLE_VALUES,MULTIPLE_VALUES,MULTIPLE_VALUES,ACTIVE,MULTIPLE_VALUES,MULTIPLE_VALUES,MULTIPLE_VALUES,898.37,ACTIVE,STATIONERY | TRANSPRT,1,2,0,0,True
MCH5420,1,Sahni-Ghosh,HOTEL,SOLE_PROPRIETOR,ACTIVE,7011,KOLKATA,WEST_BENGAL,1993.6,ACTIVE,HOTEL,1,1,0,0,False
MCH5422,1,sawhney llc,FASHION,SOLE_PROPRIETOR,ACTIVE,MISC,CALCUTTA,WEST_BENGAL,866.35,ACTIVE,FASHION,1,1,1,0,False
MCH5423,1,"Chanda, Mallick and Butala",DEPARTMENT_STORE,SOLE_PROPRIETOR,ACTIVE,5311,JAIPUR,RAJASTHAN,458.56,ACTIVE,DEPARTMENT_STORE,1,1,0,0,False
MCH5425,1,"Bora, Kibe and Yadav",TELECOM,INDIVIDUAL,SUSPENDED,4814,DILLI,DELHI,810.1,SUSPENDED,TELECOM,1,1,0,1,False
MCH5426,1,"DORA, SEHGAL AND CHOUDHURY",TRANSPORT,INDIVIDUAL,ACTIVE,4131,DILLI,DELHI,598.49,ACTIVE,TRANSPORT,1,1,0,0,False
MCH5430,1,THAKKAR AND SONS,CLOTHS,PRIVATE_LIMITED,INACTIVE,5699,AMRITSAR,PUNJAB,4264.84,INACTIVE,CLOTHS,1,1,0,0,False
MCH5433,1,Subramanian PLC,GARMENTS,PARTNERSHIP,ACTIVE,5699,LDH,PUNJAB,673.68,ACTIVE,GARMENTS,1,1,0,0,False
MCH5438,1,"Krishna, Vohra and Ghose",CHEMIST,SOLE_PROPRIETOR,ACTIVE,5912,MADRAS,TAMIL_NADU,1326.9,ACTIVE,CHEMIST,1,1,0,0,False
MCH5441,1,Sur Group,GROCERY_STORES,PRIVATE_LIMITED,ACTIVE,5411,LDH,PUNJAB,1094.34,ACTIVE,GROCERY_STORES,1,1,0,0,False
MCH5442,2,MULTIPLE_VALUES,MULTIPLE_VALUES,MULTIPLE_VALUES,ACTIVE,MULTIPLE_VALUES,MULTIPLE_VALUES,MULTIPLE_VALUES,1784.95,ACTIVE,DEPARTMENT_STORES | GROCERY_STORES,1,2,0,0,True
MCH5443,1,LOYAL-NARASIMHAN,HOTELS,INDIVIDUAL,ACTIVE,7011,KOLKATA,WEST_BENGAL,1593.65,ACTIVE,HOTELS,1,1,0,0,False
MCH5444,1,PRADHAN-NAIR,OTHER,SOLE_PROPRIETOR,ACTIVE,5999,LUCKNOW,UTTAR_PRADESH,372.0,ACTIVE,OTHER,1,1,0,0,False
MCH5445,1,Ganesan Ltd,RETAIL,PARTNERSHIP,ACTIVE,5311,DILLI,DELHI,2186.0,ACTIVE,RETAIL,1,1,0,0,False
MCH5447,2,MULTIPLE_VALUES,MULTIPLE_VALUES,MULTIPLE_VALUES,ACTIVE,,MULTIPLE_VALUES,MULTIPLE_VALUES,363.53,ACTIVE,GROCERY_STORE | HOTEL_LODGING,1,2,2,0,True
MCH5448,1,"Bala, Sha and Bera",DEPARTMENT_STORE,PRIVATE_LIMITED,ACTIVE,5311,BENGALURU,KARNATAKA,523.59,ACTIVE,DEPARTMENT_STORE,1,1,0,0,False
MCH5450,1,"Karnik, Karan and Boase",STATIONERY,PARTNERSHIP,ACTIVE,,KOLKATA,WEST_BENGAL,852.07,ACTIVE,STATIONERY,1,1,1,0,False
MCH5451,1,Divan LLC,GROCERY_STORE,PARTNERSHIP,ACTIVE,5411,JPR,RAJASTHAN,2492.35,ACTIVE,GROCERY_STORE,1,1,0,0,False
MCH5457,1,Deol PLC,BOOK_STORE,SOLE_PROPRIETOR,ACTIVE,5942,JAIPUR,RAJASTHAN,1085.1,ACTIVE,BOOK_STORE,1,1,0,0,False
MCH5458,1,"Korpal, Venkatesh and Choudhary",HOTEL,INDIVIDUAL,ACTIVE,7011,JPR,RAJASTHAN,,ACTIVE,HOTEL,1,1,0,0,False
MCH5459,1,Sachdev Ltd,CLOTHING,SOLE_PROPRIETOR,SUSPENDED,5699,BLR,KARNATAKA,1804.28,SUSPENDED,CLOTHING,1,1,0,1,False
MCH5465,1,"KEER, GILL AND TANK",TELECOM,INDIVIDUAL,ACTIVE,4814,JPR,RAJASTHAN,3170.0,ACTIVE,TELECOM,1,1,0,0,False
MCH5467,1,"Kurian, Anne and Borra",MOBILE_RECHARGE,INDIVIDUAL,ACTIVE,4814,LDH,PUNJAB,940.0,ACTIVE,MOBILE_RECHARGE,1,1,0,0,False
MCH5472,1,Dua Group,BOOKS_STATIONERY,PRIVATE_LIMITED,ACTIVE,5942,LUDHIANA,PUNJAB,778.0,ACTIVE,BOOKS_STATIONERY,1,1,0,0,False
MCH5476,1,Buch Group,CHEMIST,PRIVATE_LIMITED,ACTIVE,,DELHI,DELHI,1311.87,ACTIVE,CHEMIST,1,1,1,0,False
MCH5477,2,MULTIPLE_VALUES,MULTIPLE_VALUES,INDIVIDUAL,ACTIVE,MULTIPLE_VALUES,MULTIPLE_VALUES,MULTIPLE_VALUES,2284.59,ACTIVE,CLOTHS | KIRANA,1,2,0,0,True
MCH5478,1,"Prashad, Tripathi and Bala",TELECOM,PRIVATE_LIMITED,ACTIVE,4814,JPR,RAJASTHAN,3789.33,ACTIVE,TELECOM,1,1,0,0,False
MCH5479,1,"Mukherjee, Nazareth and Palla",RESTAURANTS,SOLE_PROPRIETOR,ACTIVE,5812,LUDHIANA,PUNJAB,,ACTIVE,RESTAURANTS,1,1,0,0,False
MCH5482,2,MULTIPLE_VALUES,MULTIPLE_VALUES,MULTIPLE_VALUES,MULTIPLE_VALUES,MULTIPLE_VALUES,MULTIPLE_VALUES,MULTIPLE_VALUES,480.195,ACTIVE | INACTIVE,EATING_PLACE | TRANSPRT,2,2,0,0,True
MCH5483,1,Khare Inc,RETAIL,SOLE_PROPRIETOR,ACTIVE,5311,JALANDHAR,PUNJAB,827.39,ACTIVE,RETAIL,1,1,0,0,False
MCH5484,1,Vasa PLC,HOTEL_LODGING,INDIVIDUAL,ACTIVE,7011,LUCKNOW,UTTAR_PRADESH,,ACTIVE,HOTEL_LODGING,1,1,0,0,False
MCH5488,2,MULTIPLE_VALUES,MULTIPLE_VALUES,MULTIPLE_VALUES,ACTIVE,MULTIPLE_VALUES,MULTIPLE_VALUES,MULTIPLE_VALUES,1149.0,ACTIVE,KIRANA | TELECOM,1,2,1,0,True
MCH5489,1,NATH LTD,DEPARTMENT_STORES,INDIVIDUAL,ACTIVE,5311,JAIPUR,RAJASTHAN,3788.36,ACTIVE,DEPARTMENT_STORES,1,1,0,0,False
MCH5490,1,"Bahl, Kakar and Dara",FASHION,INDIVIDUAL,ACTIVE,5699,HYD,TELANGANA,1917.65,ACTIVE,FASHION,1,1,0,0,False
MCH5493,3,MULTIPLE_VALUES,MULTIPLE_VALUES,MULTIPLE_VALUES,ACTIVE,MULTIPLE_VALUES,MULTIPLE_VALUES,MULTIPLE_VALUES,1737.6000000000001,ACTIVE,CLOTHING | EATING_PLACE | HOSPITALITY,1,3,2,0,True
MCH5494,3,MULTIPLE_VALUES,MULTIPLE_VALUES,MULTIPLE_VALUES,ACTIVE,MULTIPLE_VALUES,MULTIPLE_VALUES,MULTIPLE_VALUES,325.0,ACTIVE,CHEMIST | MOBILE_RECHARGE | STATIONERY,1,3,1,0,True
MCH5496,2,MULTIPLE_VALUES,MULTIPLE_VALUES,MULTIPLE_VALUES,ACTIVE,5912,MULTIPLE_VALUES,MULTIPLE_VALUES,374.06,ACTIVE,CHEMIST | MEDICAL,1,2,0,0,True
MCH5497,2,MULTIPLE_VALUES,MULTIPLE_VALUES,MULTIPLE_VALUES,ACTIVE,MULTIPLE_VALUES,MULTIPLE_VALUES,MULTIPLE_VALUES,1016.97,ACTIVE,MEDICAL | MISCELLANEOUS,1,2,0,0,True
MCH5498,1,"Gera, Narayan and Sankaran",DEPARTMENT_STORE,PARTNERSHIP,ACTIVE,5311,CALCUTTA,WEST_BENGAL,849.49,ACTIVE,DEPARTMENT_STORE,1,1,0,0,False
MCH5500,1,"Dubey, Tandon and Batta",TELECOM,SOLE_PROPRIETOR,ACTIVE,4814,LUCKNOW,UTTAR_PRADESH,2211.38,ACTIVE,TELECOM,1,1,0,0,False
MCH5502,2,MULTIPLE_VALUES,MULTIPLE_VALUES,MULTIPLE_VALUES,ACTIVE,MULTIPLE_VALUES,MULTIPLE_VALUES,MULTIPLE_VALUES,716.0,ACTIVE,DEPARTMENT_STORES | PHARMACY,1,2,1,0,True
MCH5503,1,Suri Ltd,TRANSPRT,PRIVATE_LIMITED,ACTIVE,4131,KOLKATA,WEST_BENGAL,2446.68,ACTIVE,TRANSPRT,1,1,0,0,False
MCH5505,3,MULTIPLE_VALUES,MULTIPLE_VALUES,MULTIPLE_VALUES,MULTIPLE_VALUES,MULTIPLE_VALUES,MULTIPLE_VALUES,MULTIPLE_VALUES,1908.25,ACTIVE | INACTIVE,DEPARTMENT_STORES | TELECOM | TRANSPORT,2,3,1,0,True
MCH5511,1,"Pandya, Dugar and Dube",MISCELLANEOUS,INDIVIDUAL,ACTIVE,05999,DELHI,DELHI,997.89,ACTIVE,MISCELLANEOUS,1,1,1,0,False
MCH5516,1,Muni LLC,CLOTHS,INDIVIDUAL,ACTIVE,5699,KOLKATA,WEST_BENGAL,1139.0,ACTIVE,CLOTHS,1,1,0,0,False
MCH5518,2,MULTIPLE_VALUES,MULTIPLE_VALUES,MULTIPLE_VALUES,ACTIVE,MULTIPLE_VALUES,MULTIPLE_VALUES,MULTIPLE_VALUES,1073.145,ACTIVE,FOOD | OTHER,1,2,0,0,True
MCH5523,1,Behl Inc,CLOTHS,INDIVIDUAL,ACTIVE,05699,LUCKNOW,UTTAR_PRADESH,2946.06,ACTIVE,CLOTHS,1,1,1,0,False
MCH5524,1,"Mangat, Sanghvi and Shah",BOOKS,PARTNERSHIP,ACTIVE,5942,JALANDAR,PUNJAB,6188.2,ACTIVE,BOOKS,1,1,0,0,False
MCH5525,1,Nagy and Sons,HOTEL_LODGING,PARTNERSHIP,ACTIVE,7011,BANGALORE,KARNATAKA,1141.1,ACTIVE,HOTEL_LODGING,1,1,0,0,False
MCH5528,1,"Bhagat, Sathe and Iyengar",GROCERY,SOLE_PROPRIETOR,ACTIVE,05411,PUNE,MAHARASHTRA,668.43,ACTIVE,GROCERY,1,1,1,0,False
MCH5529,1,"Ganguly, Mukherjee and Boase",GROCERIES,PRIVATE_LIMITED,ACTIVE,,MADRAS,TAMIL_NADU,879.0,ACTIVE,GROCERIES,1,1,1,0,False
MCH5531,1,"Dhingra, Sangha and Sidhu",GROCERY,PARTNERSHIP,INACTIVE,5411,MUMBAY,MAHARASHTRA,,INACTIVE,GROCERY,1,1,0,0,False
MCH5538,1,Barad-Nigam,TELECOM,PARTNERSHIP,ACTIVE,,PUNE,MAHARASHTRA,2223.97,ACTIVE,TELECOM,1,1,1,0,False
MCH5541,1,Sheth and Sons,FOOD_SERVICES,INDIVIDUAL,ACTIVE,05812,BENGALURU,KARNATAKA,548.54,ACTIVE,FOOD_SERVICES,1,1,1,0,False
MCH5545,1,Parikh-Raja,BOOKS_STATIONERY,SOLE_PROPRIETOR,ACTIVE,5942,LUCKNOW,UTTAR_PRADESH,1144.37,ACTIVE,BOOKS_STATIONERY,1,1,0,0,False
MCH5546,2,MULTIPLE_VALUES,MULTIPLE_VALUES,MULTIPLE_VALUES,ACTIVE,MULTIPLE_VALUES,MULTIPLE_VALUES,MULTIPLE_VALUES,1137.1,ACTIVE,PHONE_SERVICE | RETAIL,1,2,0,0,True
MCH5547,2,MULTIPLE_VALUES,MULTIPLE_VALUES,PARTNERSHIP,MULTIPLE_VALUES,MULTIPLE_VALUES,MULTIPLE_VALUES,MULTIPLE_VALUES,1168.825,ACTIVE | SUSPENDED,GROCERY_STORES | PHARMACY,2,2,1,1,True
MCH5549,1,Bahri Ltd,FOOD_SERVICES,PARTNERSHIP,ACTIVE,5812,MADRAS,TAMIL_NADU,1045.04,ACTIVE,FOOD_SERVICES,1,1,0,0,False
MCH5551,1,Narain-Goda,FASHION,PRIVATE_LIMITED,ACTIVE,5699,MUMBAI,MAHARASHTRA,817.05,ACTIVE,FASHION,1,1,0,0,False
MCH5553,2,MULTIPLE_VALUES,MULTIPLE_VALUES,MULTIPLE_VALUES,MULTIPLE_VALUES,MULTIPLE_VALUES,MULTIPLE_VALUES,MULTIPLE_VALUES,3894.89,ACTIVE | INACTIVE,GROCERIES | RESTAURANTS,2,2,0,0,True
MCH5555,2,MULTIPLE_VALUES,MULTIPLE_VALUES,MULTIPLE_VALUES,ACTIVE,MULTIPLE_VALUES,MULTIPLE_VALUES,MULTIPLE_VALUES,1663.56,ACTIVE,TELECOM | TRANSPRT,1,2,0,0,True
MCH5556,1,Pau-Kale,MEDICAL_STORE,PRIVATE_LIMITED,ACTIVE,5912,MUMBAI,MAHARASHTRA,513.95,ACTIVE,MEDICAL_STORE,1,1,0,0,False
MCH5558,1,"Rao, Sidhu and Barad",HOSPITALITY,PARTNERSHIP,ACTIVE,7011,ASR,PUNJAB,626.0,ACTIVE,HOSPITALITY,1,1,0,0,False
MCH5559,4,MULTIPLE_VALUES,MULTIPLE_VALUES,MULTIPLE_VALUES,MULTIPLE_VALUES,MULTIPLE_VALUES,MULTIPLE_VALUES,PUNJAB,1094.92,ACTIVE | INACTIVE,CLOTHING | GROCERIES | HOSPITALITY | MISC_RETAIL,2,4,2,0,True
MCH5560,1,"D’Alia, Dasgupta and Chakrabarti",TRANSPORTATION,SOLE_PROPRIETOR,INACTIVE,4131,JALANDHAR,PUNJAB,1247.75,INACTIVE,TRANSPORTATION,1,1,0,0,False
MCH5562,1,Savant-Narayan,TRAVEL,PRIVATE_LIMITED,ACTIVE,4131,HYDERABAD,TELANGANA,2799.21,ACTIVE,TRAVEL,1,1,0,0,False
MCH5563,1,"Dubey, Wali and Yadav",GARMENTS,SOLE_PROPRIETOR,ACTIVE,,KOLKATA,WEST_BENGAL,2198.0,ACTIVE,GARMENTS,1,1,1,0,False
MCH5565,1,Chatterjee and Sons,GROCERY,SOLE_PROPRIETOR,ACTIVE,5411,POONA,MAHARASHTRA,1083.09,ACTIVE,GROCERY,1,1,0,0,False
MCH5567,3,MULTIPLE_VALUES,MULTIPLE_VALUES,MULTIPLE_VALUES,MULTIPLE_VALUES,MULTIPLE_VALUES,MULTIPLE_VALUES,MULTIPLE_VALUES,1983.35,ACTIVE | INACTIVE,CHEMIST | HOTEL | RESTAURANTS,2,3,0,0,True
MCH5569,1,"Thaman, Kar and Dass",MISC_RETAIL,SOLE_PROPRIETOR,INACTIVE,5999,MUMBAI,MAHARASHTRA,3592.34,INACTIVE,MISC_RETAIL,1,1,0,0,False
MCH5570,1,"Sahni, Bala and Sharma",MISCELLANEOUS,INDIVIDUAL,SUSPENDED,5999,NEW_DELHI,DELHI,1506.33,SUSPENDED,MISCELLANEOUS,1,1,0,1,False
MCH5573,2,MULTIPLE_VALUES,MULTIPLE_VALUES,MULTIPLE_VALUES,MULTIPLE_VALUES,MULTIPLE_VALUES,MULTIPLE_VALUES,MULTIPLE_VALUES,2631.8450000000003,ACTIVE | INACTIVE,GROCERIES | PHONE_SERVICE,2,2,0,0,True
MCH5575,1,Sandal LLC,KIRANA,PARTNERSHIP,ACTIVE,5411,CHENNAI,TAMIL_NADU,5255.72,ACTIVE,KIRANA,1,1,0,0,False
MCH5576,1,oza plc,TRANSPORTATION,SOLE_PROPRIETOR,ACTIVE,4131,BENGALURU,KARNATAKA,,ACTIVE,TRANSPORTATION,1,1,0,0,False
MCH5580,1,Chatterjee-Andra,TRAVEL,PRIVATE_LIMITED,ACTIVE,04131,LUCKNOW,UTTAR_PRADESH,512.38,ACTIVE,TRAVEL,1,1,1,0,False
MCH5583,1,"Sama, Thaman and Bakshi",MOBILE_RECHARGE,INDIVIDUAL,ACTIVE,4814,PUNE,MAHARASHTRA,2696.94,ACTIVE,MOBILE_RECHARGE,1,1,0,0,False
MCH5586,1,Andra-Sha,CLOTHS,PRIVATE_LIMITED,SUSPENDED,5699,AMRITSAR,PUNJAB,,SUSPENDED,CLOTHS,1,1,0,1,False
MCH5587,3,MULTIPLE_VALUES,MULTIPLE_VALUES,MULTIPLE_VALUES,MULTIPLE_VALUES,MULTIPLE_VALUES,MULTIPLE_VALUES,MULTIPLE_VALUES,996.25,ACTIVE | INACTIVE,FOOD | PHARMACY | RESTAURANTS,2,3,0,0,True
MCH5588,1,Divan-Yohannan,TRANSPRT,INDIVIDUAL,ACTIVE,04131,HYDERABAD,TELANGANA,203.0,ACTIVE,TRANSPRT,1,1,1,0,False
MCH5590,1,"Bhandari, M0re and Bhatti",TRAVEL,PARTNERSHIP,INACTIVE,4131,PUNE,MAHARASHTRA,2034.57,INACTIVE,TRAVEL,1,1,0,0,False
MCH5594,2,MULTIPLE_VALUES,MULTIPLE_VALUES,MULTIPLE_VALUES,MULTIPLE_VALUES,MULTIPLE_VALUES,MULTIPLE_VALUES,MULTIPLE_VALUES,1396.485,ACTIVE | SUSPENDED,GROCERY_STORES | PHONE_SERVICE,2,2,0,1,True
MCH5595,1,"Menon, Ahluwalia and Mistry",HOSPITALITY,SOLE_PROPRIETOR,ACTIVE,7011,JAIPUR,RAJASTHAN,376.55,ACTIVE,HOSPITALITY,1,1,0,0,False
MCH5596,1,Biswas Group,RETAIL,PARTNERSHIP,SUSPENDED,5311,BANGALORE,KARNATAKA,,SUSPENDED,RETAIL,1,1,0,1,False
MCH5597,1,"Shankar, Pandey and Sridhar",EATING_PLACE,PRIVATE_LIMITED,ACTIVE,5812,LUCKNOW,UTTAR_PRADESH,380.65,ACTIVE,EATING_PLACE,1,1,0,0,False
MCH5598,1,"Thakur, Verma and Venkataraman",CHEMIST,INDIVIDUAL,ACTIVE,5912,JALANDHAR,PUNJAB,2948.79,ACTIVE,CHEMIST,1,1,0,0,False
MCH5599,1,Peri-Bhatti,BOOK_STORE,INDIVIDUAL,ACTIVE,05942,MUMBAY,MAHARASHTRA,8103.17,ACTIVE,BOOK_STORE,1,1,1,0,False
MCH5601,1,Raj-Gopal,HOTELS,PRIVATE_LIMITED,ACTIVE,7011,JALANDHAR,PUNJAB,,ACTIVE,HOTELS,1,1,0,0,False
MCH5602,1,Kaul PLC,GROCERY_STORES,PRIVATE_LIMITED,INACTIVE,5411,HYDERABAD,TELANGANA,469.06,INACTIVE,GROCERY_STORES,1,1,0,0,False
MCH5603,1,Saha-Sahota,RESTAURANTS,PARTNERSHIP,ACTIVE,,MUMBAI,MAHARASHTRA,1242.85,ACTIVE,RESTAURANTS,1,1,1,0,False
MCH5606,2,MULTIPLE_VALUES,MULTIPLE_VALUES,PARTNERSHIP,ACTIVE,5812,MULTIPLE_VALUES,MULTIPLE_VALUES,1365.345,ACTIVE,EATING_PLACE | HOSPITALITY,1,2,1,0,True
MCH5607,2,MULTIPLE_VALUES,MULTIPLE_VALUES,MULTIPLE_VALUES,ACTIVE,MULTIPLE_VALUES,DELHI,DELHI,2725.63,ACTIVE,BOOKS | TRANSPORT,1,2,1,0,True
MCH5608,1,raman-behl,FOOD,INDIVIDUAL,ACTIVE,5812,ASR,PUNJAB,251.88,ACTIVE,FOOD,1,1,0,0,False
MCH5611,2,MULTIPLE_VALUES,MULTIPLE_VALUES,PARTNERSHIP,ACTIVE,MULTIPLE_VALUES,MULTIPLE_VALUES,MULTIPLE_VALUES,516.625,ACTIVE,DEPARTMENT_STORES | HOSPITALITY,1,2,0,0,True
MCH5618,2,MULTIPLE_VALUES,MULTIPLE_VALUES,PARTNERSHIP,ACTIVE,MULTIPLE_VALUES,MULTIPLE_VALUES,MULTIPLE_VALUES,847.75,ACTIVE,GROCERY_STORES | PHARMACIES,1,2,0,0,True
MCH5619,1,"Iyer, Lata and Bhatnagar",TRANSPRT,PARTNERSHIP,ACTIVE,4131,BENGALURU,KARNATAKA,5962.0,ACTIVE,TRANSPRT,1,1,0,0,False
MCH5622,2,MULTIPLE_VALUES,MULTIPLE_VALUES,MULTIPLE_VALUES,ACTIVE,MULTIPLE_VALUES,MULTIPLE_VALUES,MULTIPLE_VALUES,751.6400000000001,ACTIVE,BOOKS | PHARMACY,1,2,0,0,True
MCH5626,1,"Borah, Bedi and Khalsa",HOTEL,SOLE_PROPRIETOR,SUSPENDED,7011,HYDERABAD,TELANGANA,1422.38,SUSPENDED,HOTEL,1,1,0,1,False
MCH5627,1,"SRIDHAR, YOGI AND PANCHAL",GROCERY_STORE,SOLE_PROPRIETOR,ACTIVE,5411,JPR,RAJASTHAN,483.0,ACTIVE,GROCERY_STORE,1,1,0,0,False
MCH5629,2,MULTIPLE_VALUES,MULTIPLE_VALUES,MULTIPLE_VALUES,ACTIVE,MULTIPLE_VALUES,MULTIPLE_VALUES,MULTIPLE_VALUES,1109.8049999999998,ACTIVE,RETAIL | TRANSPORT,1,2,0,0,True
MCH5630,1,Srinivas-Doshi,HOTELS,SOLE_PROPRIETOR,INACTIVE,7011,AMRITSAR,PUNJAB,2338.55,INACTIVE,HOTELS,1,1,0,0,False
MCH5631,2,MULTIPLE_VALUES,MULTIPLE_VALUES,SOLE_PROPRIETOR,MULTIPLE_VALUES,MULTIPLE_VALUES,MULTIPLE_VALUES,MULTIPLE_VALUES,1529.74,ACTIVE | SUSPENDED,CLOTHS | HOTEL,2,2,0,1,True
MCH5632,1,Tandon Ltd,DEPT_STORE,SOLE_PROPRIETOR,ACTIVE,05311,BANGALORE,KARNATAKA,270.52,ACTIVE,DEPT_STORE,1,1,1,0,False
MCH5637,2,MULTIPLE_VALUES,MULTIPLE_VALUES,MULTIPLE_VALUES,ACTIVE,MULTIPLE_VALUES,MULTIPLE_VALUES,MULTIPLE_VALUES,905.79,ACTIVE,BOOKS_STATIONERY | RETAIL,1,2,0,0,True
MCH5639,1,"Viswanathan, Gupta and Varghese",HOTEL,SOLE_PROPRIETOR,ACTIVE,7011,BOMBAY,MAHARASHTRA,2712.0,ACTIVE,HOTEL,1,1,0,0,False
MCH5641,2,MULTIPLE_VALUES,MULTIPLE_VALUES,PARTNERSHIP,MULTIPLE_VALUES,MULTIPLE_VALUES,MULTIPLE_VALUES,MULTIPLE_VALUES,1808.895,ACTIVE | INACTIVE,MISCELLANEOUS | TRANSPORTATION,2,2,0,0,True
MCH5642,2,MULTIPLE_VALUES,MULTIPLE_VALUES,MULTIPLE_VALUES,ACTIVE,MULTIPLE_VALUES,MULTIPLE_VALUES,MULTIPLE_VALUES,1651.14,ACTIVE,HOSPITALITY | PHARMACY,1,2,0,0,True
MCH5644,1,Prabhu-Chaudhry,CLOTHING,INDIVIDUAL,ACTIVE,5699,HYDERABAD,TELANGANA,,ACTIVE,CLOTHING,1,1,0,0,False
MCH5645,1,Dey Ltd,TELECOM,PRIVATE_LIMITED,ACTIVE,4814,JALANDHAR,PUNJAB,1164.31,ACTIVE,TELECOM,1,1,0,0,False
MCH5646,2,MULTIPLE_VALUES,MULTIPLE_VALUES,MULTIPLE_VALUES,ACTIVE,MULTIPLE_VALUES,MULTIPLE_VALUES,MULTIPLE_VALUES,3402.225,ACTIVE,BOOKS_STATIONERY | PHONE_SERVICE,1,2,0,0,True
MCH5648,3,MULTIPLE_VALUES,MULTIPLE_VALUES,MULTIPLE_VALUES,MULTIPLE_VALUES,MULTIPLE_VALUES,MULTIPLE_VALUES,MULTIPLE_VALUES,1745.3,ACTIVE | INACTIVE,CHEMIST | HOSPITALITY,2,2,0,0,True
MCH5652,1,"Borde, Bhasin and Dua",GROCERIES,INDIVIDUAL,ACTIVE,5411,MUMBAI,MAHARASHTRA,,ACTIVE,GROCERIES,1,1,0,0,False
MCH5656,2,MULTIPLE_VALUES,MULTIPLE_VALUES,PARTNERSHIP,MULTIPLE_VALUES,MULTIPLE_VALUES,MULTIPLE_VALUES,MULTIPLE_VALUES,824.2650000000001,ACTIVE | INACTIVE,BOOKS_STATIONERY | MOBILE_RECHARGE,2,2,0,0,True
MCH5657,1,Natt-Goel,MISCELLANEOUS,INDIVIDUAL,ACTIVE,5999,DILLI,DELHI,1355.0,ACTIVE,MISCELLANEOUS,1,1,0,0,False
MCH5660,2,MULTIPLE_VALUES,MULTIPLE_VALUES,MULTIPLE_VALUES,ACTIVE,MULTIPLE_VALUES,MULTIPLE_VALUES,MULTIPLE_VALUES,18060.85,ACTIVE,CLOTHS | RESTAURANTS,1,2,1,0,True
MCH5662,2,MULTIPLE_VALUES,MULTIPLE_VALUES,MULTIPLE_VALUES,ACTIVE,4131,MULTIPLE_VALUES,MULTIPLE_VALUES,2085.295,ACTIVE,TRANSPRT | TRAVEL,1,2,0,0,True
MCH5663,1,"goyal, brahmbhatt and raja",MEDICAL_STORE,INDIVIDUAL,SUSPENDED,5912,LUDHIANA,PUNJAB,2417.27,SUSPENDED,MEDICAL_STORE,1,1,0,1,False
MCH5664,1,"Om, Kari and Pandit",EATING_PLACE,PARTNERSHIP,INACTIVE,5812,HYD,TELANGANA,6853.27,INACTIVE,EATING_PLACE,1,1,0,0,False
MCH5665,1,"Parikh, Ray and Lall",STATIONERY,PARTNERSHIP,ACTIVE,5942,JAIPUR,RAJASTHAN,1428.0,ACTIVE,STATIONERY,1,1,0,0,False
MCH5669,1,"Sodhi, Luthra and Batta",RESTAURANTS,PRIVATE_LIMITED,ACTIVE,5812,JALANDHAR,PUNJAB,1557.34,ACTIVE,RESTAURANTS,1,1,0,0,False
MCH5671,1,Bava-Arya,FASHION,PRIVATE_LIMITED,ACTIVE,5699,HYDERABAD,TELANGANA,2123.47,ACTIVE,FASHION,1,1,0,0,False
MCH5673,1,Palan-Memon,BUS_TAXI,SOLE_PROPRIETOR,ACTIVE,4131,DELHI,DELHI,414.92,ACTIVE,BUS_TAXI,1,1,0,0,False
MCH5674,1,"Chhabra, Samra and Ghosh",TRANSPRT,PARTNERSHIP,ACTIVE,04131,MUMBAI,MAHARASHTRA,1727.77,ACTIVE,TRANSPRT,1,1,1,0,False
MCH5676,2,MULTIPLE_VALUES,MULTIPLE_VALUES,MULTIPLE_VALUES,ACTIVE,MULTIPLE_VALUES,MULTIPLE_VALUES,MULTIPLE_VALUES,744.63,ACTIVE,MOBILE_RECHARGE | RETAIL,1,2,0,0,True
MCH5678,2,MULTIPLE_VALUES,MULTIPLE_VALUES,PRIVATE_LIMITED,ACTIVE,MULTIPLE_VALUES,MULTIPLE_VALUES,MULTIPLE_VALUES,3399.965,ACTIVE,DEPARTMENT_STORE | MEDICAL_STORE,1,2,0,0,True
MCH5683,5,MULTIPLE_VALUES,MULTIPLE_VALUES,MULTIPLE_VALUES,MULTIPLE_VALUES,MULTIPLE_VALUES,MULTIPLE_VALUES,MULTIPLE_VALUES,1159.54,ACTIVE | SUSPENDED,CHEMIST | DEPT_STORE | MEDICAL_STORE | TRANSPRT,2,4,0,1,True
MCH5684,2,MULTIPLE_VALUES,MULTIPLE_VALUES,MULTIPLE_VALUES,ACTIVE,MULTIPLE_VALUES,MULTIPLE_VALUES,MULTIPLE_VALUES,681.9449999999999,ACTIVE,CLOTHS | DEPARTMENT_STORES,1,2,0,0,True
MCH5687,1,"Prasad, Tank and Char",TRANSPORT,INDIVIDUAL,ACTIVE,04131,LUDHIANA,PUNJAB,487.38,ACTIVE,TRANSPORT,1,1,1,0,False
MCH5695,1,Divan Inc,CLOTHS,INDIVIDUAL,ACTIVE,5699,HYDERABAD,TELANGANA,,ACTIVE,CLOTHS,1,1,0,0,False
MCH5696,1,Mittal Group,GROCERY,PRIVATE_LIMITED,ACTIVE,5411,CHENNAI,TAMIL_NADU,2595.13,ACTIVE,GROCERY,1,1,0,0,False
MCH5697,1,"Kapadia, Sharma and Maharaj",RETAIL_OTHER,PARTNERSHIP,ACTIVE,,POONA,MAHARASHTRA,4565.23,ACTIVE,RETAIL_OTHER,1,1,1,0,False
MCH5698,1,Rana Ltd,STATIONERY,PRIVATE_LIMITED,ACTIVE,5942,CHENNAI,TAMIL_NADU,2808.27,ACTIVE,STATIONERY,1,1,0,0,False
MCH5701,1,"Lad, Thakkar and Nazareth",BUS_TAXI,PRIVATE_LIMITED,ACTIVE,4131,CALCUTTA,WEST_BENGAL,1254.73,ACTIVE,BUS_TAXI,1,1,0,0,False
MCH5704,3,MULTIPLE_VALUES,MULTIPLE_VALUES,SOLE_PROPRIETOR,MULTIPLE_VALUES,MULTIPLE_VALUES,MULTIPLE_VALUES,MULTIPLE_VALUES,818.6500000000001,ACTIVE | INACTIVE,BOOK_STORE | HOTEL | TRANSPORTATION,2,3,1,0,True
MCH5705,2,MULTIPLE_VALUES,MULTIPLE_VALUES,MULTIPLE_VALUES,ACTIVE,MULTIPLE_VALUES,MULTIPLE_VALUES,MULTIPLE_VALUES,1038.38,ACTIVE,APPAREL | TRANSPORT,1,2,0,0,True
MCH5707,3,MULTIPLE_VALUES,MULTIPLE_VALUES,MULTIPLE_VALUES,ACTIVE,5411,MULTIPLE_VALUES,MULTIPLE_VALUES,666.58,ACTIVE,KIRANA | TELECOM,1,2,1,0,True
MCH5709,1,shroff-mukherjee,TELECOM,PRIVATE_LIMITED,ACTIVE,4814,JAIPUR,RAJASTHAN,668.22,ACTIVE,TELECOM,1,1,0,0,False
MCH5710,1,Karnik Ltd,BOOK_STORE,PARTNERSHIP,ACTIVE,5942,JAIPUR,RAJASTHAN,2156.34,ACTIVE,BOOK_STORE,1,1,0,0,False
MCH5712,2,Goda-Kashyap,BOOKS,PRIVATE_LIMITED,ACTIVE,5942,AMRITSAR,PUNJAB,,ACTIVE,BOOKS,1,1,0,0,False
MCH5715,1,"Bansal,AryaandBhat",PHARMACY,PRIVATE_LIMITED,ACTIVE,5912,BANGALORE,KARNATAKA,1290.0,ACTIVE,PHARMACY,1,1,0,0,False
MCH5716,1,nadig inc,PHONE_SERVICE,INDIVIDUAL,ACTIVE,4814,MADRAS,TAMIL_NADU,1811.84,ACTIVE,PHONE_SERVICE,1,1,0,0,False
MCH5717,1,"Kuruvilla, Deol and Rama",STATIONERY,SOLE_PROPRIETOR,ACTIVE,5942,JAIPUR,RAJASTHAN,8901.44,ACTIVE,STATIONERY,1,1,0,0,False
MCH5720,1,Karnik Group,BOOKS,PARTNERSHIP,ACTIVE,5942,AMRITSAR,PUNJAB,6186.34,ACTIVE,BOOKS,1,1,0,0,False
MCH5722,1,Kant-Gara,HOSPITALITY,PARTNERSHIP,ACTIVE,7011,LUCKNOW,UTTAR_PRADESH,1451.76,ACTIVE,HOSPITALITY,1,1,0,0,False
MCH5723,1,Doctor LLC,GROCERY_STORE,PRIVATE_LIMITED,ACTIVE,,CALCUTTA,WEST_BENGAL,,ACTIVE,GROCERY_STORE,1,1,1,0,False
MCH5727,1,"Sandal, Deshmukh and Lata",CLOTHING,PARTNERSHIP,ACTIVE,5699,BANGALORE,KARNATAKA,411.34,ACTIVE,CLOTHING,1,1,0,0,False
MCH5734,1,BALAN INC,DEPARTMENT_STORE,PRIVATE_LIMITED,ACTIVE,5311,JALANDHAR,PUNJAB,2000.53,ACTIVE,DEPARTMENT_STORE,1,1,0,0,False
MCH5736,1,Agate LLC,TRANSPRT,SOLE_PROPRIETOR,ACTIVE,4131,DELHI,DELHI,3557.14,ACTIVE,TRANSPRT,1,1,0,0,False
MCH5737,4,MULTIPLE_VALUES,MULTIPLE_VALUES,MULTIPLE_VALUES,MULTIPLE_VALUES,MULTIPLE_VALUES,MULTIPLE_VALUES,MULTIPLE_VALUES,1419.52,ACTIVE | INACTIVE,APPAREL | DEPT_STORE | GARMENTS | PHARMACIES,2,4,2,0,True
MCH5740,1,Dayal-Desai,CLOTHS,SOLE_PROPRIETOR,ACTIVE,5699,CHENNAI,TAMIL_NADU,4887.0,ACTIVE,CLOTHS,1,1,0,0,False
MCH5741,2,MULTIPLE_VALUES,MULTIPLE_VALUES,INDIVIDUAL,MULTIPLE_VALUES,5942,MULTIPLE_VALUES,MULTIPLE_VALUES,1562.28,ACTIVE | INACTIVE,BOOKS | BOOKS_STATIONERY,2,2,1,0,True
MCH5744,1,Dalal-Lall,HOSPITALITY,PRIVATE_LIMITED,ACTIVE,07011,CHENNAI,TAMIL_NADU,3350.6,ACTIVE,HOSPITALITY,1,1,1,0,False
MCH5745,3,MULTIPLE_VALUES,MULTIPLE_VALUES,MULTIPLE_VALUES,ACTIVE,MULTIPLE_VALUES,MULTIPLE_VALUES,MULTIPLE_VALUES,1104.0,ACTIVE,CHEMIST | CLOTHS | TRANSPRT,1,3,1,0,True
MCH5747,1,"NARASIMHAN, DOSHI AND PALL",FOOD,PRIVATE_LIMITED,ACTIVE,5812,CALCUTTA,WEST_BENGAL,4280.12,ACTIVE,FOOD,1,1,0,0,False
MCH5749,3,MULTIPLE_VALUES,MULTIPLE_VALUES,MULTIPLE_VALUES,ACTIVE,MULTIPLE_VALUES,MULTIPLE_VALUES,MULTIPLE_VALUES,1621.0,ACTIVE,FOOD | RESTAURANT | STATIONERY,1,3,1,0,True
MCH5753,3,MULTIPLE_VALUES,MULTIPLE_VALUES,MULTIPLE_VALUES,ACTIVE,5812,MULTIPLE_VALUES,MULTIPLE_VALUES,3163.49,ACTIVE,FOOD_SERVICES | GARMENTS | RESTAURANTS,1,3,1,0,True
MCH5758,1,"aggarwal, hayer and nayar",RETAIL_OTHER,INDIVIDUAL,ACTIVE,5999,ASR,PUNJAB,3630.79,ACTIVE,RETAIL_OTHER,1,1,0,0,False
MCH5762,2,MULTIPLE_VALUES,MULTIPLE_VALUES,MULTIPLE_VALUES,ACTIVE,MULTIPLE_VALUES,CALCUTTA,WEST_BENGAL,2952.8900000000003,ACTIVE,BOOKS_STATIONERY | FOOD,1,2,0,0,True
MCH5765,1,Murty Inc,TRANSPORT,PARTNERSHIP,ACTIVE,4131,MUMBAY,MAHARASHTRA,2715.83,ACTIVE,TRANSPORT,1,1,0,0,False
MCH5766,1,Varkey-Datta,TELECOM,PRIVATE_LIMITED,ACTIVE,4814,MUMBAI,MAHARASHTRA,,ACTIVE,TELECOM,1,1,0,0,False
MCH5767,1,pandya inc,TELECOM,INDIVIDUAL,ACTIVE,4814,JAIPUR,RAJASTHAN,793.79,ACTIVE,TELECOM,1,1,0,0,False
MCH5768,2,MULTIPLE_VALUES,MULTIPLE_VALUES,SOLE_PROPRIETOR,ACTIVE,MULTIPLE_VALUES,HYDERABAD,TELANGANA,1375.49,ACTIVE,FOOD_SERVICES | TELECOM,1,2,1,0,True
MCH5770,1,kari llc,MEDICAL,PRIVATE_LIMITED,ACTIVE,5912,HYDERABAD,TELANGANA,573.41,ACTIVE,MEDICAL,1,1,0,0,False
MCH5775,2,MULTIPLE_VALUES,MULTIPLE_VALUES,INDIVIDUAL,MULTIPLE_VALUES,MULTIPLE_VALUES,MULTIPLE_VALUES,MULTIPLE_VALUES,3811.185,ACTIVE | INACTIVE,DEPARTMENT_STORE | TRAVEL,2,2,1,0,True
MCH5776,2,MULTIPLE_VALUES,MULTIPLE_VALUES,MULTIPLE_VALUES,MULTIPLE_VALUES,MULTIPLE_VALUES,MULTIPLE_VALUES,MULTIPLE_VALUES,807.85,ACTIVE | INACTIVE,GARMENTS | HOSPITALITY,2,2,0,0,True
MCH5777,1,Dubey and Sons,RETAIL_OTHER,INDIVIDUAL,INACTIVE,5999,BANGALORE,KARNATAKA,4320.83,INACTIVE,RETAIL_OTHER,1,1,0,0,False
MCH5780,3,MULTIPLE_VALUES,MULTIPLE_VALUES,MULTIPLE_VALUES,MULTIPLE_VALUES,MULTIPLE_VALUES,MULTIPLE_VALUES,MULTIPLE_VALUES,1291.015,ACTIVE | INACTIVE,CLOTHS | RETAIL_OTHER | STATIONERY,2,3,0,0,True
MCH5781,1,Bava and Sons,HOSPITALITY,PARTNERSHIP,ACTIVE,7011,HYDERABAD,TELANGANA,2364.14,ACTIVE,HOSPITALITY,1,1,0,0,False
MCH5784,1,"Kakar, Palla and Vyas",GARMENTS,PRIVATE_LIMITED,ACTIVE,5699,JALANDHAR,PUNJAB,220.77,ACTIVE,GARMENTS,1,1,0,0,False
MCH5785,1,Vohra Inc,CLOTHS,PARTNERSHIP,ACTIVE,5699,MUMBAI,MAHARASHTRA,1694.59,ACTIVE,CLOTHS,1,1,0,0,False
MCH5786,1,"Bhasin, Manda1 and Tank",BUS_TAXI,INDIVIDUAL,INACTIVE,4131,KOLKATA,WEST_BENGAL,1913.26,INACTIVE,BUS_TAXI,1,1,0,0,False
MCH5787,1,Bassi Inc,HOTEL_LODGING,SOLE_PROPRIETOR,ACTIVE,7011,BOMBAY,MAHARASHTRA,555.97,ACTIVE,HOTEL_LODGING,1,1,0,0,False
MCH5790,1,Devi and Sons,STATIONERY,PARTNERSHIP,ACTIVE,5942,JPR,RAJASTHAN,8961.2,ACTIVE,STATIONERY,1,1,0,0,False
MCH5792,1,"bava, krish and ghose",BUS_TAXI,PARTNERSHIP,SUSPENDED,4131,AMRITSAR,PUNJAB,1136.54,SUSPENDED,BUS_TAXI,1,1,0,1,False
MCH5793,2,MULTIPLE_VALUES,BUS_TAXI,INDIVIDUAL,ACTIVE,4131,MULTIPLE_VALUES,MULTIPLE_VALUES,1991.1750000000002,ACTIVE,BUS_TAXI,1,1,0,0,False
MCH5794,1,Gulati and Sons,OTHER,PRIVATE_LIMITED,ACTIVE,5999,BLR,KARNATAKA,614.67,ACTIVE,OTHER,1,1,0,0,False
MCH5795,1,"Sunder, Bera and Srinivas",HOTEL_LODGING,PRIVATE_LIMITED,ACTIVE,7011,CALCUTTA,WEST_BENGAL,167.0,ACTIVE,HOTEL_LODGING,1,1,0,0,False
MCH5797,2,MULTIPLE_VALUES,MULTIPLE_VALUES,INDIVIDUAL,ACTIVE,5942,MULTIPLE_VALUES,MULTIPLE_VALUES,1146.38,ACTIVE,BOOKS | BOOKS_STATIONERY,1,2,0,0,True
MCH5798,1,DIVAN-MAHAL,EATING_PLACE,INDIVIDUAL,ACTIVE,5812,JAIPUR,RAJASTHAN,110.98,ACTIVE,EATING_PLACE,1,1,0,0,False
MCH5799,2,MULTIPLE_VALUES,MULTIPLE_VALUES,MULTIPLE_VALUES,ACTIVE,7011,MULTIPLE_VALUES,PUNJAB,810.55,ACTIVE,HOTEL | HOTELS,1,2,0,0,True
MCH5801,1,"Narasimhan, Grewal and Vora",TRANSPORTATION,PRIVATE_LIMITED,ACTIVE,4131,DILLI,DELHI,1697.55,ACTIVE,TRANSPORTATION,1,1,0,0,False
MCH5805,1,natarajan-walla,BUS_TAXI,PARTNERSHIP,ACTIVE,04131,LUDHIANA,PUNJAB,449.15,ACTIVE,BUS_TAXI,1,1,1,0,False
MCH5807,1,Madan Ltd,DEPARTMENT_STORE,SOLE_PROPRIETOR,ACTIVE,5311,JALANDAR,PUNJAB,1974.14,ACTIVE,DEPARTMENT_STORE,1,1,0,0,False
MCH5809,2,MULTIPLE_VALUES,MULTIPLE_VALUES,INDIVIDUAL,MULTIPLE_VALUES,MULTIPLE_VALUES,MULTIPLE_VALUES,MULTIPLE_VALUES,987.76,ACTIVE | INACTIVE,BUS_TAXI | STATIONERY,2,2,0,0,True
MCH5812,1,aurora and sons,HOTEL,SOLE_PROPRIETOR,ACTIVE,7011,HYDERABAD,TELANGANA,410.12,ACTIVE,HOTEL,1,1,0,0,False
MCH5813,1,Nair Inc,MOBILE_RECHARGE,SOLE_PROPRIETOR,ACTIVE,4814,CHENNAI,TAMIL_NADU,1408.29,ACTIVE,MOBILE_RECHARGE,1,1,0,0,False
MCH5822,1,Gandhi-Krish,RETAIL,SOLE_PROPRIETOR,ACTIVE,5311,BANGALORE,KARNATAKA,1268.39,ACTIVE,RETAIL,1,1,0,0,False
MCH5823,2,MULTIPLE_VALUES,MULTIPLE_VALUES,SOLE_PROPRIETOR,MULTIPLE_VALUES,MULTIPLE_VALUES,MULTIPLE_VALUES,MULTIPLE_VALUES,4097.625,ACTIVE | INACTIVE,DEPARTMENT_STORES | PHONE_SERVICE,2,2,0,0,True
MCH5825,1,Bhardwaj-Sachdeva,STATIONERY,PARTNERSHIP,ACTIVE,5942,BANGALORE,KARNATAKA,,ACTIVE,STATIONERY,1,1,0,0,False
MCH5829,3,MULTIPLE_VALUES,MULTIPLE_VALUES,SOLE_PROPRIETOR,MULTIPLE_VALUES,MULTIPLE_VALUES,MULTIPLE_VALUES,MULTIPLE_VALUES,690.13,ACTIVE | SUSPENDED,APPAREL | FOOD,2,2,0,1,True
MCH5831,1,KIBE INC,TELECOM,SOLE_PROPRIETOR,ACTIVE,4814,LUDHIANA,PUNJAB,2267.19,ACTIVE,TELECOM,1,1,0,0,False
MCH5833,1,Deep and Sons,GROCERY,PARTNERSHIP,ACTIVE,5411,JAIPUR,RAJASTHAN,4335.22,ACTIVE,GROCERY,1,1,0,0,False
MCH5834,1,Sundaram-Sarkar,FOOD,PARTNERSHIP,ACTIVE,5812,HYDERABAD,TELANGANA,1502.09,ACTIVE,FOOD,1,1,0,0,False
MCH5835,1,"Kanda, Saraf and Prashad",FASHION,SOLE_PROPRIETOR,ACTIVE,5699,JALANDHAR,PUNJAB,622.64,ACTIVE,FASHION,1,1,0,0,False
MCH5841,1,Nori Group,MEDICAL,SOLE_PROPRIETOR,ACTIVE,5912,MUMBAI,MAHARASHTRA,466.44,ACTIVE,MEDICAL,1,1,0,0,False
MCH5842,1,"Dutt, Trivedi and Dhingra",STATIONERY,PARTNERSHIP,ACTIVE,05942,AMRITSAR,PUNJAB,182.55,ACTIVE,STATIONERY,1,1,1,0,False
MCH5843,1,Wason and Sons,MOBILE_RECHARGE,INDIVIDUAL,INACTIVE,4814,HYDERABAD,TELANGANA,1023.46,INACTIVE,MOBILE_RECHARGE,1,1,0,0,False
MCH5845,2,MULTIPLE_VALUES,MULTIPLE_VALUES,MULTIPLE_VALUES,ACTIVE,MULTIPLE_VALUES,MULTIPLE_VALUES,PUNJAB,1580.915,ACTIVE,MISC_RETAIL | RETAIL,1,2,0,0,True
MCH5847,2,MULTIPLE_VALUES,MULTIPLE_VALUES,MULTIPLE_VALUES,ACTIVE,MULTIPLE_VALUES,MULTIPLE_VALUES,MULTIPLE_VALUES,693.92,ACTIVE,FASHION | HOTEL_LODGING,1,2,0,0,True
MCH5849,1,Balakrishnan Ltd,FASHION,PRIVATE_LIMITED,ACTIVE,5699,LUCKNOW,UTTAR_PRADESH,6558.56,ACTIVE,FASHION,1,1,0,0,False
MCH5850,1,Virk-Loke,CLOTHS,PARTNERSHIP,ACTIVE,5699,MUMBAY,MAHARASHTRA,3558.0,ACTIVE,CLOTHS,1,1,0,0,False
MCH5851,3,MULTIPLE_VALUES,MULTIPLE_VALUES,MULTIPLE_VALUES,ACTIVE,MULTIPLE_VALUES,MULTIPLE_VALUES,MULTIPLE_VALUES,1586.695,ACTIVE,KIRANA | MISCELLANEOUS | RETAIL_OTHER,1,3,2,0,True
MCH5855,1,"Rajagopalan,MuniandPrasad",CLOTHS,PARTNERSHIP,ACTIVE,,JALANDHAR,PUNJAB,115.41,ACTIVE,CLOTHS,1,1,1,0,False
MCH5856,1,"WASON, SAVANT AND BAHL",MISCELLANEOUS,INDIVIDUAL,ACTIVE,UNKNOWN,MUMBAI,MAHARASHTRA,944.06,ACTIVE,MISCELLANEOUS,1,1,1,0,False
MCH5857,1,"VARUGHESE, VORA AND CHOKSHI",TELECOM,INDIVIDUAL,INACTIVE,4814,LUCKNOW,UTTAR_PRADESH,687.33,INACTIVE,TELECOM,1,1,0,0,False
MCH5861,1,MANNE-CHATTERJEE,FOOD,SOLE_PROPRIETOR,ACTIVE,05812,DELHI,DELHI,174.45,ACTIVE,FOOD,1,1,1,0,False
MCH5870,1,Deol Group,TRANSPRT,SOLE_PROPRIETOR,SUSPENDED,04131,MADRAS,TAMIL_NADU,1911.31,SUSPENDED,TRANSPRT,1,1,1,1,False
MCH5872,2,MULTIPLE_VALUES,MULTIPLE_VALUES,MULTIPLE_VALUES,ACTIVE,MULTIPLE_VALUES,MULTIPLE_VALUES,KARNATAKA,1932.255,ACTIVE,GROCERIES | TRANSPORT,1,2,1,0,True
MCH5873,1,"Kade, Srivastava and Iyengar",MISCELLANEOUS,PARTNERSHIP,ACTIVE,5999,LUCKNOW,UTTAR_PRADESH,3185.85,ACTIVE,MISCELLANEOUS,1,1,0,0,False
MCH5874,3,MULTIPLE_VALUES,MULTIPLE_VALUES,MULTIPLE_VALUES,MULTIPLE_VALUES,MULTIPLE_VALUES,MULTIPLE_VALUES,MULTIPLE_VALUES,987.19,ACTIVE | INACTIVE | SUSPENDED,HOTEL | HOTELS | TELECOM,3,3,1,1,True
MCH5879,1,"Sridhar, Sani and Ma11",MOBILE_RECHARGE,INDIVIDUAL,ACTIVE,04814,HYD,TELANGANA,,ACTIVE,MOBILE_RECHARGE,1,1,1,0,False
MCH5880,1,"Varty, Ratta and Venkataraman",FASHION,SOLE_PROPRIETOR,ACTIVE,5699,ASR,PUNJAB,1913.84,ACTIVE,FASHION,1,1,0,0,False
MCH5881,3,MULTIPLE_VALUES,MULTIPLE_VALUES,MULTIPLE_VALUES,MULTIPLE_VALUES,MULTIPLE_VALUES,MULTIPLE_VALUES,MULTIPLE_VALUES,1381.95,ACTIVE | INACTIVE,GROCERY_STORES | PHARMACY | TRANSPRT,2,3,1,0,True
MCH5882,1,"Barad, Kara and Gokhale",PHONE_SERVICE,SOLE_PROPRIETOR,INACTIVE,MISC,CHENNAI,TAMIL_NADU,626.5,INACTIVE,PHONE_SERVICE,1,1,1,0,False
MCH5883,1,Pillai Ltd,BOOKS_STATIONERY,PARTNERSHIP,ACTIVE,,PUNE,MAHARASHTRA,2102.56,ACTIVE,BOOKS_STATIONERY,1,1,1,0,False
MCH5884,1,Raman and Sons,BUS_TAXI,INDIVIDUAL,ACTIVE,4131,CHENNAI,TAMIL_NADU,743.19,ACTIVE,BUS_TAXI,1,1,0,0,False
MCH5890,1,Apte-Sant,DEPARTMENT_STORE,PARTNERSHIP,INACTIVE,5311,ASR,PUNJAB,2687.77,INACTIVE,DEPARTMENT_STORE,1,1,0,0,False
MCH5892,3,MULTIPLE_VALUES,MULTIPLE_VALUES,MULTIPLE_VALUES,MULTIPLE_VALUES,05812,MULTIPLE_VALUES,MULTIPLE_VALUES,2243.17,ACTIVE | INACTIVE,RESTAURANTS | STATIONERY,2,2,3,0,True
MCH5894,1,Borra-Tiwari,RETAIL,PARTNERSHIP,ACTIVE,5311,BENGALURU,KARNATAKA,239.64,ACTIVE,RETAIL,1,1,0,0,False
MCH5895,1,Dey LLC,TRAVEL,INDIVIDUAL,ACTIVE,4131,CHENNAI,TAMIL_NADU,693.85,ACTIVE,TRAVEL,1,1,0,0,False
MCH5896,1,Kale Group,BOOK_STORE,INDIVIDUAL,ACTIVE,5942,HYDERABAD,TELANGANA,533.74,ACTIVE,BOOK_STORE,1,1,0,0,False
MCH5897,1,Mutti-Doshi,MEDICAL_STORE,PRIVATE_LIMITED,ACTIVE,5912,AMRITSAR,PUNJAB,1302.0,ACTIVE,MEDICAL_STORE,1,1,0,0,False
MCH5898,2,MULTIPLE_VALUES,MULTIPLE_VALUES,MULTIPLE_VALUES,ACTIVE,MULTIPLE_VALUES,MULTIPLE_VALUES,MULTIPLE_VALUES,2581.17,ACTIVE,CLOTHS | OTHER,1,2,0,0,True
MCH5900,1,Sarraf-Nagar,PHARMACY,SOLE_PROPRIETOR,ACTIVE,5912,KOLKATA,WEST_BENGAL,380.94,ACTIVE,PHARMACY,1,1,0,0,False
MCH5902,1,"Iyer, Pal and Kaur",DEPARTMENT_STORE,PRIVATE_LIMITED,ACTIVE,5311,PUNE,MAHARASHTRA,441.19,ACTIVE,DEPARTMENT_STORE,1,1,0,0,False
MCH5904,1,Karan Ltd,FASHION,SOLE_PROPRIETOR,ACTIVE,5699,BENGALURU,KARNATAKA,1441.0,ACTIVE,FASHION,1,1,0,0,False
MCH5905,2,MULTIPLE_VALUES,MULTIPLE_VALUES,MULTIPLE_VALUES,ACTIVE,MULTIPLE_VALUES,POONA,MAHARASHTRA,1422.685,ACTIVE,RESTAURANTS | RETAIL_OTHER,1,2,0,0,True
MCH5911,1,Chacko-Kota,RETAIL,PARTNERSHIP,ACTIVE,5311,HYD,TELANGANA,797.25,ACTIVE,RETAIL,1,1,0,0,False
MCH5912,2,MULTIPLE_VALUES,MULTIPLE_VALUES,INDIVIDUAL,ACTIVE,4814,MULTIPLE_VALUES,KARNATAKA,2352.475,ACTIVE,MOBILE_RECHARGE | TELECOM,1,2,0,0,True
MCH5914,2,MULTIPLE_VALUES,MULTIPLE_VALUES,MULTIPLE_VALUES,ACTIVE,MULTIPLE_VALUES,MULTIPLE_VALUES,MULTIPLE_VALUES,386.71,ACTIVE,DEPT_STORE | GARMENTS,1,2,0,0,True
MCH5915,1,"Solanki, Banik and Badal",TRANSPORT,INDIVIDUAL,ACTIVE,04131,JALANDHAR,PUNJAB,1488.9,ACTIVE,TRANSPORT,1,1,1,0,False
MCH5917,1,"TARA, BHASIN AND SINGH",PHARMACIES,SOLE_PROPRIETOR,SUSPENDED,5912,PUNE,MAHARASHTRA,443.4,SUSPENDED,PHARMACIES,1,1,0,1,False
MCH5918,1,bora-rege,GARMENTS,PARTNERSHIP,ACTIVE,5699,PUNE,MAHARASHTRA,,ACTIVE,GARMENTS,1,1,0,0,False
MCH5921,1,Saraf-Saraf,HOTEL,INDIVIDUAL,INACTIVE,7011,JPR,RAJASTHAN,352.95,INACTIVE,HOTEL,1,1,0,0,False
MCH5923,2,"Banik, Yogi and Seth",MOBILE_RECHARGE,INDIVIDUAL,INACTIVE,4814,DELHI,DELHI,378.2,INACTIVE,MOBILE_RECHARGE,1,1,0,0,False
MCH5924,1,Chana-Thaman,PHONE_SERVICE,SOLE_PROPRIETOR,ACTIVE,04814,NEW_DELHI,DELHI,1054.56,ACTIVE,PHONE_SERVICE,1,1,1,0,False
MCH5927,1,"Hayer, Palla and Ganesh",GARMENTS,PRIVATE_LIMITED,ACTIVE,5699,LUCKNOW,UTTAR_PRADESH,3764.09,ACTIVE,GARMENTS,1,1,0,0,False
MCH5929,2,MULTIPLE_VALUES,MULTIPLE_VALUES,MULTIPLE_VALUES,ACTIVE,MULTIPLE_VALUES,MULTIPLE_VALUES,MULTIPLE_VALUES,877.7950000000001,ACTIVE,APPAREL | HOTELS,1,2,0,0,True
MCH5932,1,Jani-Sathe,TELECOM,PARTNERSHIP,INACTIVE,4814,LUDHIANA,PUNJAB,2383.64,INACTIVE,TELECOM,1,1,0,0,False
MCH5933,1,"natarajan, swaminathan and dugar",RETAIL_OTHER,PARTNERSHIP,ACTIVE,5999,KOLKATA,WEST_BENGAL,,ACTIVE,RETAIL_OTHER,1,1,0,0,False
MCH5934,3,MULTIPLE_VALUES,MULTIPLE_VALUES,MULTIPLE_VALUES,ACTIVE,MULTIPLE_VALUES,MULTIPLE_VALUES,MULTIPLE_VALUES,1201.69,ACTIVE,BUS_TAXI | HOTEL_LODGING | TRANSPORT,1,3,1,0,True
MCH5937,1,"Babu, Contractor and Sem",GROCERY,PRIVATE_LIMITED,INACTIVE,5411,HYD,TELANGANA,415.88,INACTIVE,GROCERY,1,1,0,0,False
MCH5938,2,MULTIPLE_VALUES,MULTIPLE_VALUES,MULTIPLE_VALUES,ACTIVE,MULTIPLE_VALUES,MULTIPLE_VALUES,MULTIPLE_VALUES,651.395,ACTIVE,OTHER | TRANSPORT,1,2,1,0,True
MCH5939,1,"mohan, varughese and johal",GROCERY_STORE,PARTNERSHIP,ACTIVE,5411,BENGALURU,KARNATAKA,4307.34,ACTIVE,GROCERY_STORE,1,1,0,0,False
MCH5941,1,G0ur Ltd,BOOKS,PRIVATE_LIMITED,INACTIVE,5942,LUCKNOW,UTTAR_PRADESH,1448.04,INACTIVE,BOOKS,1,1,0,0,False
MCH5944,3,MULTIPLE_VALUES,MULTIPLE_VALUES,MULTIPLE_VALUES,ACTIVE,MULTIPLE_VALUES,MULTIPLE_VALUES,MULTIPLE_VALUES,470.165,ACTIVE,BUS_TAXI | CLOTHS | TRANSPRT,1,3,1,0,True
MCH5950,2,MULTIPLE_VALUES,MULTIPLE_VALUES,MULTIPLE_VALUES,ACTIVE,MULTIPLE_VALUES,MULTIPLE_VALUES,PUNJAB,318.0,ACTIVE,FOOD_SERVICES | RETAIL_OTHER,1,2,0,0,True
MCH5951,1,"Sahni, Gour and Sama",DEPARTMENT_STORE,PRIVATE_LIMITED,ACTIVE,05311,PUNE,MAHARASHTRA,2353.06,ACTIVE,DEPARTMENT_STORE,1,1,1,0,False
MCH5953,1,"Sandhu, Srinivas and Thakur",GARMENTS,PRIVATE_LIMITED,ACTIVE,5699,AMRITSAR,PUNJAB,3101.03,ACTIVE,GARMENTS,1,1,0,0,False
MCH5954,1,"Chand, Dora and Dey",RESTAURANT,PRIVATE_LIMITED,ACTIVE,UNKNOWN,CHENNAI,TAMIL_NADU,1159.45,ACTIVE,RESTAURANT,1,1,1,0,False
MCH5955,2,MULTIPLE_VALUES,MULTIPLE_VALUES,SOLE_PROPRIETOR,ACTIVE,MULTIPLE_VALUES,MULTIPLE_VALUES,MULTIPLE_VALUES,1280.4250000000002,ACTIVE,GROCERY | MOBILE_RECHARGE,1,2,0,0,True
MCH5957,1,Bose PLC,BOOKS_STATIONERY,PARTNERSHIP,INACTIVE,5942,JAIPUR,RAJASTHAN,1309.17,INACTIVE,BOOKS_STATIONERY,1,1,0,0,False
MCH5958,1,"panchal, krishnan and thakkar",RESTAURANTS,PRIVATE_LIMITED,INACTIVE,5812,MADRAS,TAMIL_NADU,999.64,INACTIVE,RESTAURANTS,1,1,0,0,False
MCH5959,1,nigam group,BOOK_STORE,PRIVATE_LIMITED,INACTIVE,5942,BOMBAY,MAHARASHTRA,2495.0,INACTIVE,BOOK_STORE,1,1,0,0,False
MCH5961,1,Batra Ltd,RESTAURANT,INDIVIDUAL,ACTIVE,5812,JALANDHAR,PUNJAB,608.0,ACTIVE,RESTAURANT,1,1,0,0,False
MCH5963,2,MULTIPLE_VALUES,MULTIPLE_VALUES,MULTIPLE_VALUES,MULTIPLE_VALUES,MULTIPLE_VALUES,MULTIPLE_VALUES,MULTIPLE_VALUES,4749.8150000000005,ACTIVE | INACTIVE,OTHER | RESTAURANTS,2,2,0,0,True
MCH5965,1,Wason LLC,PHONE_SERVICE,PARTNERSHIP,ACTIVE,4814,HYDERABAD,TELANGANA,2365.0,ACTIVE,PHONE_SERVICE,1,1,0,0,False
MCH5966,1,"Bala, Tandon and Keer",GROCERY_STORES,INDIVIDUAL,ACTIVE,MISC,LKO,UTTAR_PRADESH,255.77,ACTIVE,GROCERY_STORES,1,1,1,0,False
MCH5968,1,"SOMAN, ISSAC AND GOSWAMI",DEPT_STORE,PRIVATE_LIMITED,ACTIVE,5311,JALANDHAR,PUNJAB,5598.75,ACTIVE,DEPT_STORE,1,1,0,0,False
MCH5970,1,Babu and Sons,CLOTHING,PRIVATE_LIMITED,INACTIVE,5699,AMRITSAR,PUNJAB,2060.67,INACTIVE,CLOTHING,1,1,0,0,False
MCH5972,2,MULTIPLE_VALUES,MULTIPLE_VALUES,MULTIPLE_VALUES,MULTIPLE_VALUES,MULTIPLE_VALUES,MULTIPLE_VALUES,MULTIPLE_VALUES,1846.9450000000002,ACTIVE | INACTIVE,BOOKS_STATIONERY | PHONE_SERVICE,2,2,0,0,True
MCH5973,1,Biswas-Dass,FASHION,SOLE_PROPRIETOR,ACTIVE,5699,LKO,UTTAR_PRADESH,,ACTIVE,FASHION,1,1,0,0,False
MCH5974,1,Padmanabhan LLC,FOOD,INDIVIDUAL,ACTIVE,5812,LUCKNOW,UTTAR_PRADESH,1194.0,ACTIVE,FOOD,1,1,0,0,False
MCH5979,1,Mani Group,TRAVEL,PRIVATE_LIMITED,SUSPENDED,4131,BLR,KARNATAKA,4686.23,SUSPENDED,TRAVEL,1,1,0,1,False
MCH5980,2,MULTIPLE_VALUES,MULTIPLE_VALUES,MULTIPLE_VALUES,ACTIVE,MULTIPLE_VALUES,MULTIPLE_VALUES,MULTIPLE_VALUES,2597.315,ACTIVE,HOSPITALITY | TRANSPRT,1,2,0,0,True
MCH5983,1,"Morar, Memon and Kala",DEPARTMENT_STORE,SOLE_PROPRIETOR,ACTIVE,5311,PUNE,MAHARASHTRA,,ACTIVE,DEPARTMENT_STORE,1,1,0,0,False
MCH5984,2,acharya-badal,OTHER,SOLE_PROPRIETOR,MULTIPLE_VALUES,5999,KOLKATA,WEST_BENGAL,515.0,ACTIVE | INACTIVE,OTHER,2,1,0,0,True
MCH5992,1,"Anne, Gole and Bhatnagar",CHEMIST,PRIVATE_LIMITED,ACTIVE,05912,LUDHIANA,PUNJAB,1637.97,ACTIVE,CHEMIST,1,1,1,0,False
MCH5995,2,MULTIPLE_VALUES,MULTIPLE_VALUES,MULTIPLE_VALUES,ACTIVE,5812,MULTIPLE_VALUES,MULTIPLE_VALUES,2631.68,ACTIVE,EATING_PLACE | RESTAURANTS,1,2,0,0,True
MCH5997,1,"Kothari,BasuandKothari",MEDICAL,SOLE_PROPRIETOR,INACTIVE,5912,DELHI,DELHI,2459.46,INACTIVE,MEDICAL,1,1,0,0,False
MCH5998,1,Joshi Inc,GROCERY_STORE,PRIVATE_LIMITED,ACTIVE,5411,CHENNAI,TAMIL_NADU,1152.74,ACTIVE,GROCERY_STORE,1,1,0,0,False
MCH5999,1,NORI INC,OTHER,PRIVATE_LIMITED,ACTIVE,5999,JALANDHAR,PUNJAB,629.41,ACTIVE,OTHER,1,1,0,0,False
MCH6001,1,Murthy-Batra,HOTELS,SOLE_PROPRIETOR,ACTIVE,7011,JALANDAR,PUNJAB,1116.47,ACTIVE,HOTELS,1,1,0,0,False
MCH6002,2,MULTIPLE_VALUES,MULTIPLE_VALUES,MULTIPLE_VALUES,ACTIVE,MULTIPLE_VALUES,MULTIPLE_VALUES,MULTIPLE_VALUES,791.405,ACTIVE,APPAREL | MEDICAL_STORE,1,2,0,0,True
MCH6004,1,Raval and Sons,EATING_PLACE,PARTNERSHIP,ACTIVE,5812,BANGALORE,KARNATAKA,477.72,ACTIVE,EATING_PLACE,1,1,0,0,False
MCH6009,1,"Nagar, Chowdhury and Raghavan",STATIONERY,PRIVATE_LIMITED,ACTIVE,UNKNOWN,PUNE,MAHARASHTRA,1266.03,ACTIVE,STATIONERY,1,1,1,0,False
MCH6010,1,"Tak, Sani and Jaggi",PHARMACIES,INDIVIDUAL,ACTIVE,5912,JPR,RAJASTHAN,1022.54,ACTIVE,PHARMACIES,1,1,0,0,False
MCH6013,1,Date Ltd,APPAREL,INDIVIDUAL,INACTIVE,5699,MUMBAI,MAHARASHTRA,138.89,INACTIVE,APPAREL,1,1,0,0,False
MCH6016,2,MULTIPLE_VALUES,MULTIPLE_VALUES,MULTIPLE_VALUES,ACTIVE,5942,MULTIPLE_VALUES,MULTIPLE_VALUES,2474.38,ACTIVE,BOOKS | BOOK_STORE,1,2,1,0,True
MCH6017,2,MULTIPLE_VALUES,MULTIPLE_VALUES,MULTIPLE_VALUES,MULTIPLE_VALUES,MULTIPLE_VALUES,MULTIPLE_VALUES,MULTIPLE_VALUES,985.33,ACTIVE | INACTIVE,RESTAURANTS | TELECOM,2,2,0,0,True
MCH6019,1,Chatterjee Ltd,FOOD,PRIVATE_LIMITED,ACTIVE,UNKNOWN,DILLI,DELHI,100.27,ACTIVE,FOOD,1,1,1,0,False
MCH6020,1,Goda Ltd,BOOKS,SOLE_PROPRIETOR,ACTIVE,5942,LUCKNOW,UTTAR_PRADESH,2555.72,ACTIVE,BOOKS,1,1,0,0,False
MCH6023,1,DATTA PLC,KIRANA,PARTNERSHIP,ACTIVE,5411,LDH,PUNJAB,2183.74,ACTIVE,KIRANA,1,1,0,0,False
MCH6024,3,MULTIPLE_VALUES,MULTIPLE_VALUES,MULTIPLE_VALUES,ACTIVE,MULTIPLE_VALUES,MULTIPLE_VALUES,MULTIPLE_VALUES,664.225,ACTIVE,GROCERIES | RESTAURANTS | TRANSPORTATION,1,3,0,0,True
MCH6025,4,MULTIPLE_VALUES,MULTIPLE_VALUES,MULTIPLE_VALUES,MULTIPLE_VALUES,MULTIPLE_VALUES,MULTIPLE_VALUES,MULTIPLE_VALUES,2516.42,ACTIVE | INACTIVE | SUSPENDED,MOBILE_RECHARGE | RESTAURANTS | TRANSPORTATION,3,3,0,1,True
MCH6026,1,NARAYANAN-BHATT,BOOKS,PARTNERSHIP,ACTIVE,5942,HYDERABAD,TELANGANA,746.02,ACTIVE,BOOKS,1,1,0,0,False
MCH6028,1,"Devan, Saha and Nagar",HOSPITALITY,PARTNERSHIP,ACTIVE,7011,JALANDHAR,PUNJAB,2112.02,ACTIVE,HOSPITALITY,1,1,0,0,False
MCH6030,1,"DHILLON, SUNDER AND SODHI",MISCELLANEOUS,PARTNERSHIP,ACTIVE,05999,JPR,RAJASTHAN,884.98,ACTIVE,MISCELLANEOUS,1,1,1,0,False
MCH6031,1,Chauhan Group,CLOTHS,INDIVIDUAL,ACTIVE,5699,HYDERABAD,TELANGANA,654.0,ACTIVE,CLOTHS,1,1,0,0,False
MCH6033,2,"Sama, Basak and Majumdar",OTHER,PRIVATE_LIMITED,ACTIVE,5999,HYDERABAD,TELANGANA,365.0,ACTIVE,OTHER,1,1,0,0,False
MCH6034,1,Sane Inc,MEDICAL_STORE,PRIVATE_LIMITED,ACTIVE,05912,JAIPUR,RAJASTHAN,1353.34,ACTIVE,MEDICAL_STORE,1,1,1,0,False
MCH6035,2,MULTIPLE_VALUES,MULTIPLE_VALUES,PARTNERSHIP,ACTIVE,5812,MULTIPLE_VALUES,MULTIPLE_VALUES,2612.75,ACTIVE,EATING_PLACE | RESTAURANT,1,2,1,0,True
MCH6036,1,chhabra group,FASHION,SOLE_PROPRIETOR,ACTIVE,5699,ASR,PUNJAB,,ACTIVE,FASHION,1,1,0,0,False
MCH6039,1,Padmanabhan-Bora,TELECOM,SOLE_PROPRIETOR,ACTIVE,4814,LUCKNOW,UTTAR_PRADESH,6727.69,ACTIVE,TELECOM,1,1,0,0,False
MCH6043,2,MULTIPLE_VALUES,MULTIPLE_VALUES,MULTIPLE_VALUES,ACTIVE,MULTIPLE_VALUES,MULTIPLE_VALUES,MULTIPLE_VALUES,1806.105,ACTIVE,GROCERIES | RETAIL,1,2,0,0,True
MCH6044,1,Narain-Srivastava,HOSPITALITY,SOLE_PROPRIETOR,ACTIVE,7011,HYDERABAD,TELANGANA,141.65,ACTIVE,HOSPITALITY,1,1,0,0,False
MCH6045,1,"bajwa, wali and walla",PHARMACY,PRIVATE_LIMITED,ACTIVE,5912,BENGALURU,KARNATAKA,2897.0,ACTIVE,PHARMACY,1,1,0,0,False
MCH6046,1,"Palla, Yadav and Bhatnagar",OTHER,INDIVIDUAL,ACTIVE,5999,BENGALURU,KARNATAKA,2396.76,ACTIVE,OTHER,1,1,0,0,False
MCH6050,1,"Choudhary, Shanker and Rajan",RESTAURANTS,INDIVIDUAL,ACTIVE,5812,LDH,PUNJAB,,ACTIVE,RESTAURANTS,1,1,0,0,False
MCH6051,1,"Prashad, Date and Sodhi",DEPARTMENT_STORES,PRIVATE_LIMITED,ACTIVE,5311,JALANDHAR,PUNJAB,,ACTIVE,DEPARTMENT_STORES,1,1,0,0,False
MCH6052,1,nayak-wadhwa,PHARMACY,PRIVATE_LIMITED,ACTIVE,5912,JAIPUR,RAJASTHAN,600.38,ACTIVE,PHARMACY,1,1,0,0,False
MCH6053,2,MULTIPLE_VALUES,MULTIPLE_VALUES,INDIVIDUAL,ACTIVE,MULTIPLE_VALUES,MULTIPLE_VALUES,MULTIPLE_VALUES,1555.0300000000002,ACTIVE,CLOTHS | RETAIL_OTHER,1,2,1,0,True
MCH6056,1,IYENGAR-HEGDE,TRANSPORT,PARTNERSHIP,ACTIVE,04131,AMRITSAR,PUNJAB,1004.69,ACTIVE,TRANSPORT,1,1,1,0,False
MCH6058,1,Loke LLC,BOOK_STORE,SOLE_PROPRIETOR,ACTIVE,5942,AMRITSAR,PUNJAB,317.07,ACTIVE,BOOK_STORE,1,1,0,0,False
MCH6059,1,Bhargava PLC,HOTELS,PRIVATE_LIMITED,SUSPENDED,7011,JAIPUR,RAJASTHAN,333.57,SUSPENDED,HOTELS,1,1,0,1,False
MCH6060,1,Chacko-Sundaram,TRANSPORTATION,INDIVIDUAL,INACTIVE,4131,JPR,RAJASTHAN,2026.75,INACTIVE,TRANSPORTATION,1,1,0,0,False
MCH6061,6,MULTIPLE_VALUES,MULTIPLE_VALUES,MULTIPLE_VALUES,MULTIPLE_VALUES,MULTIPLE_VALUES,MULTIPLE_VALUES,MULTIPLE_VALUES,1189.87,ACTIVE | SUSPENDED,BUS_TAXI | GROCERY_STORE | HOSPITALITY | MEDICAL | TRANSPORT,2,5,1,1,True
MCH6062,2,MULTIPLE_VALUES,MULTIPLE_VALUES,MULTIPLE_VALUES,ACTIVE,5699,MULTIPLE_VALUES,MULTIPLE_VALUES,6352.595,ACTIVE,CLOTHING | DEPARTMENT_STORE,1,2,1,0,True
MCH6064,2,MULTIPLE_VALUES,MULTIPLE_VALUES,MULTIPLE_VALUES,MULTIPLE_VALUES,MULTIPLE_VALUES,MULTIPLE_VALUES,MULTIPLE_VALUES,2887.995,ACTIVE | SUSPENDED,BOOKS_STATIONERY | FOOD_SERVICES,2,2,0,1,True
MCH6067,1,Chaw1a-Gangu1y,HOSPITALITY,SOLE_PROPRIETOR,INACTIVE,UNKNOWN,MUMBAI,MAHARASHTRA,700.95,INACTIVE,HOSPITALITY,1,1,1,0,False
MCH6069,1,Krish-Joshi,FASHION,PRIVATE_LIMITED,ACTIVE,,ASR,PUNJAB,252.19,ACTIVE,FASHION,1,1,1,0,False
MCH6071,1,nagy inc,DEPT_STORE,PRIVATE_LIMITED,ACTIVE,5311,DELHI,DELHI,,ACTIVE,DEPT_STORE,1,1,0,0,False
MCH6072,1,"Bassi, Sarma and Yohannan",OTHER,SOLE_PROPRIETOR,ACTIVE,MISC,MADRAS,TAMIL_NADU,1959.53,ACTIVE,OTHER,1,1,1,0,False
MCH6075,1,"Lad, Menon and Tiwari",MOBILE_RECHARGE,PRIVATE_LIMITED,ACTIVE,4814,BLR,KARNATAKA,709.64,ACTIVE,MOBILE_RECHARGE,1,1,0,0,False
MCH6078,1,Oza-Srinivasan,TELECOM,INDIVIDUAL,ACTIVE,04814,BOMBAY,MAHARASHTRA,4379.06,ACTIVE,TELECOM,1,1,1,0,False
MCH6079,3,MULTIPLE_VALUES,MULTIPLE_VALUES,MULTIPLE_VALUES,MULTIPLE_VALUES,MULTIPLE_VALUES,MULTIPLE_VALUES,MULTIPLE_VALUES,1232.115,ACTIVE | INACTIVE,HOTEL_LODGING | MEDICAL_STORE | TRANSPORT,2,3,0,0,True
MCH6080,1,"kanda, krishnan and chaudry",GROCERY_STORE,PRIVATE_LIMITED,INACTIVE,5411,CHENNAI,TAMIL_NADU,1675.16,INACTIVE,GROCERY_STORE,1,1,0,0,False
MCH6083,1,"Shah, Deep and Swaminathan",GROCERY_STORE,PARTNERSHIP,ACTIVE,5411,AMRITSAR,PUNJAB,1417.0,ACTIVE,GROCERY_STORE,1,1,0,0,False
MCH6084,3,MULTIPLE_VALUES,MULTIPLE_VALUES,MULTIPLE_VALUES,MULTIPLE_VALUES,MULTIPLE_VALUES,MULTIPLE_VALUES,MULTIPLE_VALUES,1089.53,ACTIVE | INACTIVE,BUS_TAXI | CLOTHS,2,2,1,0,True
MCH6090,2,MULTIPLE_VALUES,MULTIPLE_VALUES,MULTIPLE_VALUES,ACTIVE,MULTIPLE_VALUES,MULTIPLE_VALUES,PUNJAB,2418.215,ACTIVE,HOTEL | STATIONERY,1,2,1,0,True
MCH6091,2,MULTIPLE_VALUES,MULTIPLE_VALUES,MULTIPLE_VALUES,ACTIVE,MULTIPLE_VALUES,MULTIPLE_VALUES,MULTIPLE_VALUES,962.755,ACTIVE,CLOTHS | STATIONERY,1,2,0,0,True
MCH6095,1,"Sahota, Misra and Kata",STATIONERY,PARTNERSHIP,ACTIVE,,HYD,TELANGANA,665.0,ACTIVE,STATIONERY,1,1,1,0,False
MCH6097,1,MANNAN PLC,RESTAURANT,PARTNERSHIP,ACTIVE,5812,LKO,UTTAR_PRADESH,258.41,ACTIVE,RESTAURANT,1,1,0,0,False
MCH6099,1,Yadav LLC,TELECOM,PARTNERSHIP,ACTIVE,04814,BENGALURU,KARNATAKA,4726.0,ACTIVE,TELECOM,1,1,1,0,False
MCH6100,1,"PILLAY, MERCHANT AND SEM",BOOKS_STATIONERY,PRIVATE_LIMITED,ACTIVE,5942,JALANDHAR,PUNJAB,1374.95,ACTIVE,BOOKS_STATIONERY,1,1,0,0,False
MCH6101,2,MULTIPLE_VALUES,MULTIPLE_VALUES,MULTIPLE_VALUES,ACTIVE,MULTIPLE_VALUES,MULTIPLE_VALUES,MULTIPLE_VALUES,3123.385,ACTIVE,FOOD_SERVICES | MEDICAL,1,2,0,0,True
MCH6102,2,MULTIPLE_VALUES,MULTIPLE_VALUES,MULTIPLE_VALUES,ACTIVE,MULTIPLE_VALUES,MULTIPLE_VALUES,MULTIPLE_VALUES,926.97,ACTIVE,CLOTHS | HOTEL,1,2,0,0,True
MCH6104,1,Keer-Gade,DEPARTMENT_STORE,INDIVIDUAL,INACTIVE,5311,CALCUTTA,WEST_BENGAL,935.82,INACTIVE,DEPARTMENT_STORE,1,1,0,0,False
MCH6105,3,MULTIPLE_VALUES,MULTIPLE_VALUES,SOLE_PROPRIETOR,MULTIPLE_VALUES,7011,MULTIPLE_VALUES,MULTIPLE_VALUES,527.81,ACTIVE | SUSPENDED,HOTEL | HOTELS,2,2,0,1,True
MCH6107,3,MULTIPLE_VALUES,MULTIPLE_VALUES,MULTIPLE_VALUES,MULTIPLE_VALUES,MULTIPLE_VALUES,MULTIPLE_VALUES,MULTIPLE_VALUES,1844.34,ACTIVE | INACTIVE,FOOD | MEDICAL_STORE | OTHER,2,3,1,0,True
MCH6109,1,Sampath Ltd,TELECOM,INDIVIDUAL,ACTIVE,4814,LDH,PUNJAB,399.08,ACTIVE,TELECOM,1,1,0,0,False
MCH6112,1,LUTHRA-GROVER,BOOKS,PARTNERSHIP,ACTIVE,5942,JAIPUR,RAJASTHAN,1366.0,ACTIVE,BOOKS,1,1,0,0,False
MCH6113,2,MULTIPLE_VALUES,MULTIPLE_VALUES,MULTIPLE_VALUES,ACTIVE,MULTIPLE_VALUES,AMRITSAR,PUNJAB,4821.410000000001,ACTIVE,BOOKS_STATIONERY | GARMENTS,1,2,0,0,True
MCH6114,1,"Khurana, Chowdhury and Chaudhary",MOBILE_RECHARGE,PRIVATE_LIMITED,ACTIVE,,CHENNAI,TAMIL_NADU,1212.0,ACTIVE,MOBILE_RECHARGE,1,1,1,0,False
MCH6115,1,Padmanabhan-Chahal,RETAIL,PRIVATE_LIMITED,INACTIVE,MISC,BOMBAY,MAHARASHTRA,266.65,INACTIVE,RETAIL,1,1,1,0,False
MCH6116,1,KEER-SHUKLA,TRANSPORT,INDIVIDUAL,ACTIVE,4131,DELHI,DELHI,3651.0,ACTIVE,TRANSPORT,1,1,0,0,False
MCH6118,1,"radhakrishnan, lala and devi",DEPT_STORE,SOLE_PROPRIETOR,ACTIVE,5311,DILLI,DELHI,11547.0,ACTIVE,DEPT_STORE,1,1,0,0,False
MCH6119,2,MULTIPLE_VALUES,MULTIPLE_VALUES,MULTIPLE_VALUES,MULTIPLE_VALUES,MULTIPLE_VALUES,MULTIPLE_VALUES,MULTIPLE_VALUES,1507.855,ACTIVE | INACTIVE,OTHER | PHARMACIES,2,2,0,0,True
MCH6121,2,MULTIPLE_VALUES,MULTIPLE_VALUES,PRIVATE_LIMITED,ACTIVE,5311,MULTIPLE_VALUES,MULTIPLE_VALUES,1208.86,ACTIVE,CLOTHS | RETAIL,1,2,1,0,True
MCH6122,2,MULTIPLE_VALUES,MULTIPLE_VALUES,MULTIPLE_VALUES,MULTIPLE_VALUES,4131,MULTIPLE_VALUES,PUNJAB,1642.38,ACTIVE | INACTIVE,TRANSPORT | TRANSPRT,2,2,0,0,True
MCH6131,2,"Dhar, Dada and Bakshi",CLOTHS,PARTNERSHIP,MULTIPLE_VALUES,,BANGALORE,KARNATAKA,1921.0,ACTIVE | INACTIVE,CLOTHS,2,1,2,0,True
MCH6137,2,MULTIPLE_VALUES,MULTIPLE_VALUES,MULTIPLE_VALUES,ACTIVE,5812,MULTIPLE_VALUES,MULTIPLE_VALUES,997.99,ACTIVE,EATING_PLACE | FOOD,1,2,0,0,True
MCH6143,2,MULTIPLE_VALUES,MULTIPLE_VALUES,MULTIPLE_VALUES,ACTIVE,MULTIPLE_VALUES,MULTIPLE_VALUES,MULTIPLE_VALUES,1054.97,ACTIVE,EATING_PLACE | KIRANA,1,2,0,0,True
MCH6144,1,Ravi-Dhingra,CHEMIST,PRIVATE_LIMITED,ACTIVE,5912,HYDERABAD,TELANGANA,2686.0,ACTIVE,CHEMIST,1,1,0,0,False
MCH6146,1,Handa LLC,MEDICAL_STORE,INDIVIDUAL,ACTIVE,5912,ASR,PUNJAB,,ACTIVE,MEDICAL_STORE,1,1,0,0,False
MCH6147,1,Singhal-Murthy,TRANSPORT,PARTNERSHIP,ACTIVE,4131,MUMBAY,MAHARASHTRA,,ACTIVE,TRANSPORT,1,1,0,0,False
MCH6148,3,MULTIPLE_VALUES,MULTIPLE_VALUES,MULTIPLE_VALUES,MULTIPLE_VALUES,MULTIPLE_VALUES,MULTIPLE_VALUES,MULTIPLE_VALUES,2790.1,ACTIVE | INACTIVE,DEPT_STORE | PHONE_SERVICE,2,2,1,0,True
MCH6150,2,MULTIPLE_VALUES,MULTIPLE_VALUES,MULTIPLE_VALUES,MULTIPLE_VALUES,4814,MULTIPLE_VALUES,MULTIPLE_VALUES,515.1,ACTIVE | INACTIVE,MOBILE_RECHARGE | PHONE_SERVICE,2,2,1,0,True
MCH6152,3,MULTIPLE_VALUES,MULTIPLE_VALUES,MULTIPLE_VALUES,ACTIVE,MULTIPLE_VALUES,MULTIPLE_VALUES,MULTIPLE_VALUES,1642.16,ACTIVE,BOOKS_STATIONERY | GROCERY_STORE | STATIONERY,1,3,1,0,True
MCH6155,3,MULTIPLE_VALUES,MULTIPLE_VALUES,MULTIPLE_VALUES,ACTIVE,MULTIPLE_VALUES,MULTIPLE_VALUES,MULTIPLE_VALUES,,ACTIVE,CLOTHS | GROCERY_STORES | RESTAURANTS,1,3,1,0,True
MCH6158,1,"Dhingra, Ratti and Palla",BUS_TAXI,SOLE_PROPRIETOR,ACTIVE,4131,AMRITSAR,PUNJAB,1443.6,ACTIVE,BUS_TAXI,1,1,0,0,False
MCH6161,2,MULTIPLE_VALUES,MULTIPLE_VALUES,MULTIPLE_VALUES,ACTIVE,MULTIPLE_VALUES,MULTIPLE_VALUES,MULTIPLE_VALUES,669.8,ACTIVE,RETAIL | TELECOM,1,2,1,0,True
MCH6162,1,"Naik, Kade and Singh",BUS_TAXI,PARTNERSHIP,ACTIVE,4131,ASR,PUNJAB,2176.24,ACTIVE,BUS_TAXI,1,1,0,0,False
MCH6163,2,MULTIPLE_VALUES,MULTIPLE_VALUES,MULTIPLE_VALUES,ACTIVE,MULTIPLE_VALUES,MULTIPLE_VALUES,MULTIPLE_VALUES,1979.005,ACTIVE,BOOK_STORE | BUS_TAXI,1,2,1,0,True
MCH6164,1,"Bir, Patil and Chahal",PHARMACY,SOLE_PROPRIETOR,ACTIVE,,MUMBAY,MAHARASHTRA,1451.0,ACTIVE,PHARMACY,1,1,1,0,False
MCH6165,4,MULTIPLE_VALUES,MULTIPLE_VALUES,MULTIPLE_VALUES,ACTIVE,MULTIPLE_VALUES,MULTIPLE_VALUES,MULTIPLE_VALUES,1513.56,ACTIVE,APPAREL | HOSPITALITY | HOTEL_LODGING,1,3,3,0,True
MCH6167,1,"Chawla, Andra and Varty",TELECOM,PARTNERSHIP,ACTIVE,4814,HYDERABAD,TELANGANA,2407.62,ACTIVE,TELECOM,1,1,0,0,False
MCH6168,1,"raj, sharma and panchal",BUS_TAXI,PRIVATE_LIMITED,ACTIVE,4131,LDH,PUNJAB,1123.84,ACTIVE,BUS_TAXI,1,1,0,0,False
MCH6170,1,Gh0se-Mann,MISCELLANEOUS,PRIVATE_LIMITED,ACTIVE,5999,LKO,UTTAR_PRADESH,1120.12,ACTIVE,MISCELLANEOUS,1,1,0,0,False
MCH6171,1,Naik and Sons,RESTAURANT,INDIVIDUAL,INACTIVE,5812,AMRITSAR,PUNJAB,4084.17,INACTIVE,RESTAURANT,1,1,0,0,False
MCH6172,1,Raja Inc,FOOD,SOLE_PROPRIETOR,ACTIVE,5812,HYDERABAD,TELANGANA,1050.0,ACTIVE,FOOD,1,1,0,0,False
MCH6176,1,"TANDON, BADAL AND NATARAJAN",TRAVEL,PRIVATE_LIMITED,ACTIVE,04131,HYDERABAD,TELANGANA,2925.84,ACTIVE,TRAVEL,1,1,1,0,False
MCH6180,1,Thakur and Sons,APPAREL,PRIVATE_LIMITED,ACTIVE,5699,LKO,UTTAR_PRADESH,699.96,ACTIVE,APPAREL,1,1,0,0,False
MCH6183,3,MULTIPLE_VALUES,MULTIPLE_VALUES,MULTIPLE_VALUES,ACTIVE,MULTIPLE_VALUES,MULTIPLE_VALUES,MULTIPLE_VALUES,1620.0,ACTIVE,BUS_TAXI | GROCERY | HOTEL,1,3,0,0,True
MCH6184,1,Peri-R0ut,BUS_TAXI,SOLE_PROPRIETOR,ACTIVE,4131,MUMBAI,MAHARASHTRA,1637.73,ACTIVE,BUS_TAXI,1,1,0,0,False
MCH6187,1,"Shanker, Sastry and Rattan",TRAVEL,INDIVIDUAL,ACTIVE,4131,DILLI,DELHI,327.19,ACTIVE,TRAVEL,1,1,0,0,False
MCH6188,2,MULTIPLE_VALUES,MULTIPLE_VALUES,MULTIPLE_VALUES,ACTIVE,MULTIPLE_VALUES,MULTIPLE_VALUES,MULTIPLE_VALUES,1956.0,ACTIVE,HOTEL_LODGING | TRANSPRT,1,2,0,0,True
MCH6190,1,Pal Ltd,CLOTHS,PRIVATE_LIMITED,ACTIVE,5699,LUDHIANA,PUNJAB,376.59,ACTIVE,CLOTHS,1,1,0,0,False
MCH6197,2,MULTIPLE_VALUES,MULTIPLE_VALUES,PARTNERSHIP,ACTIVE,4131,MULTIPLE_VALUES,MULTIPLE_VALUES,1076.415,ACTIVE,BUS_TAXI | TRANSPRT,1,2,0,0,True
MCH6198,1,Rana-Sabharwal,RETAIL,INDIVIDUAL,ACTIVE,5311,BOMBAY,MAHARASHTRA,410.5,ACTIVE,RETAIL,1,1,0,0,False
MCH6200,3,MULTIPLE_VALUES,MULTIPLE_VALUES,PRIVATE_LIMITED,MULTIPLE_VALUES,MULTIPLE_VALUES,MULTIPLE_VALUES,MULTIPLE_VALUES,1183.13,ACTIVE | INACTIVE,RETAIL_OTHER | TRAVEL,2,2,1,0,True
MCH6205,2,MULTIPLE_VALUES,MULTIPLE_VALUES,MULTIPLE_VALUES,ACTIVE,MULTIPLE_VALUES,MULTIPLE_VALUES,MULTIPLE_VALUES,493.365,ACTIVE,DEPARTMENT_STORES | TELECOM,1,2,0,0,True
MCH6206,4,MULTIPLE_VALUES,MULTIPLE_VALUES,MULTIPLE_VALUES,MULTIPLE_VALUES,MULTIPLE_VALUES,MULTIPLE_VALUES,MULTIPLE_VALUES,683.76,ACTIVE | SUSPENDED,EATING_PLACE | HOSPITALITY | PHONE_SERVICE,2,3,0,1,True
MCH6207,1,"Ganesan, Bajwa and Reddy",PHARMACY,PARTNERSHIP,ACTIVE,5912,JPR,RAJASTHAN,391.96,ACTIVE,PHARMACY,1,1,0,0,False
MCH6208,1,Tak-Parmar,TELECOM,PRIVATE_LIMITED,SUSPENDED,04814,LKO,UTTAR_PRADESH,,SUSPENDED,TELECOM,1,1,1,1,False
MCH6210,1,Sem Group,EATING_PLACE,PRIVATE_LIMITED,ACTIVE,5812,AMRITSAR,PUNJAB,2370.64,ACTIVE,EATING_PLACE,1,1,0,0,False
MCH6213,1,Sangha LLC,RETAIL_OTHER,PRIVATE_LIMITED,ACTIVE,,DELHI,DELHI,722.0,ACTIVE,RETAIL_OTHER,1,1,1,0,False
MCH6216,2,MULTIPLE_VALUES,MULTIPLE_VALUES,MULTIPLE_VALUES,ACTIVE,MULTIPLE_VALUES,MULTIPLE_VALUES,PUNJAB,1267.53,ACTIVE,FOOD_SERVICES | GROCERY,1,2,1,0,True
MCH6218,1,chad-bhakta,GROCERY,SOLE_PROPRIETOR,ACTIVE,5411,MADRAS,TAMIL_NADU,218.0,ACTIVE,GROCERY,1,1,0,0,False
MCH6219,1,"Morar, Walla and Behl",MEDICAL_STORE,PARTNERSHIP,ACTIVE,5912,DELHI,DELHI,4347.57,ACTIVE,MEDICAL_STORE,1,1,0,0,False
MCH6221,2,MULTIPLE_VALUES,MULTIPLE_VALUES,MULTIPLE_VALUES,MULTIPLE_VALUES,MULTIPLE_VALUES,MULTIPLE_VALUES,MULTIPLE_VALUES,1793.34,ACTIVE | INACTIVE,CHEMIST | TRANSPORTATION,2,2,0,0,True
MCH6223,1,Ramanathan-Dhingra,TRAVEL,INDIVIDUAL,ACTIVE,4131,LUCKNOW,UTTAR_PRADESH,306.0,ACTIVE,TRAVEL,1,1,0,0,False
MCH6224,2,MULTIPLE_VALUES,MULTIPLE_VALUES,MULTIPLE_VALUES,ACTIVE,MULTIPLE_VALUES,MULTIPLE_VALUES,MULTIPLE_VALUES,2192.16,ACTIVE,CHEMIST | TRANSPORT,1,2,0,0,True
MCH6225,1,"LOYAL, MANDER AND AGRAWAL",GROCERY,SOLE_PROPRIETOR,ACTIVE,5411,KOLKATA,WEST_BENGAL,859.91,ACTIVE,GROCERY,1,1,0,0,False
MCH6228,2,"Kar, Agarwal and Karpe",EATING_PLACE,PRIVATE_LIMITED,MULTIPLE_VALUES,5812,BENGALURU,KARNATAKA,1145.75,ACTIVE | SUSPENDED,EATING_PLACE,2,1,0,1,True
MCH6231,1,"CHAND, JOHAL AND CHAWLA",FOOD_SERVICES,PRIVATE_LIMITED,ACTIVE,5812,JALANDHAR,PUNJAB,919.0,ACTIVE,FOOD_SERVICES,1,1,0,0,False
MCH6233,2,MULTIPLE_VALUES,BOOKS,MULTIPLE_VALUES,ACTIVE,5942,MULTIPLE_VALUES,MULTIPLE_VALUES,1740.07,ACTIVE,BOOKS,1,1,0,0,False
MCH6239,2,MULTIPLE_VALUES,MULTIPLE_VALUES,MULTIPLE_VALUES,ACTIVE,MULTIPLE_VALUES,MULTIPLE_VALUES,MULTIPLE_VALUES,1015.27,ACTIVE,BOOKS_STATIONERY | CLOTHING,1,2,1,0,True
MCH6240,2,MULTIPLE_VALUES,MULTIPLE_VALUES,MULTIPLE_VALUES,ACTIVE,MULTIPLE_VALUES,MULTIPLE_VALUES,MULTIPLE_VALUES,1183.085,ACTIVE,EATING_PLACE | MISC_RETAIL,1,2,0,0,True
MCH6242,1,Som Inc,DEPARTMENT_STORE,SOLE_PROPRIETOR,ACTIVE,5311,JAIPUR,RAJASTHAN,,ACTIVE,DEPARTMENT_STORE,1,1,0,0,False
MCH6244,2,MULTIPLE_VALUES,MULTIPLE_VALUES,INDIVIDUAL,MULTIPLE_VALUES,MULTIPLE_VALUES,MULTIPLE_VALUES,MULTIPLE_VALUES,,INACTIVE | SUSPENDED,HOSPITALITY | RETAIL,2,2,1,1,True
MCH6246,2,MULTIPLE_VALUES,MULTIPLE_VALUES,MULTIPLE_VALUES,ACTIVE,5699,MULTIPLE_VALUES,MULTIPLE_VALUES,1548.4,ACTIVE,APPAREL | CLOTHS,1,2,0,0,True
MCH6247,1,Dhar-Ram,PHONE_SERVICE,INDIVIDUAL,ACTIVE,4814,JPR,RAJASTHAN,468.52,ACTIVE,PHONE_SERVICE,1,1,0,0,False
MCH6251,1,"Sodhi, Handa and Venkatesh",GROCERY_STORES,SOLE_PROPRIETOR,SUSPENDED,5411,LKO,UTTAR_PRADESH,291.55,SUSPENDED,GROCERY_STORES,1,1,0,1,False
MCH6254,1,MURTHY GROUP,TELECOM,PARTNERSHIP,INACTIVE,4814,AMRITSAR,PUNJAB,,INACTIVE,TELECOM,1,1,0,0,False
MCH6255,1,"GUPTA, KIBE AND AURORA",HOSPITALITY,PARTNERSHIP,ACTIVE,7011,LUCKNOW,UTTAR_PRADESH,3182.0,ACTIVE,HOSPITALITY,1,1,0,0,False
MCH6256,2,MULTIPLE_VALUES,MULTIPLE_VALUES,MULTIPLE_VALUES,MULTIPLE_VALUES,MULTIPLE_VALUES,MULTIPLE_VALUES,PUNJAB,452.65,ACTIVE | INACTIVE,PHARMACY | RESTAURANTS,2,2,0,0,True
MCH6257,2,MULTIPLE_VALUES,MULTIPLE_VALUES,MULTIPLE_VALUES,MULTIPLE_VALUES,MULTIPLE_VALUES,MULTIPLE_VALUES,MULTIPLE_VALUES,1897.49,ACTIVE | SUSPENDED,FOOD_SERVICES | TRANSPRT,2,2,0,1,True
MCH6258,1,"Mitra, Nori and Venkataraman",PHARMACIES,PRIVATE_LIMITED,ACTIVE,,HYD,TELANGANA,353.34,ACTIVE,PHARMACIES,1,1,1,0,False
MCH6260,1,MITTAL PLC,PHARMACY,PRIVATE_LIMITED,ACTIVE,5912,LUCKNOW,UTTAR_PRADESH,,ACTIVE,PHARMACY,1,1,0,0,False
MCH6262,1,Saran Ltd,DEPARTMENT_STORE,PARTNERSHIP,INACTIVE,5311,MUMBAY,MAHARASHTRA,6560.0,INACTIVE,DEPARTMENT_STORE,1,1,0,0,False
MCH6263,1,"Bahri, Bajaj and Mander",BOOKS,INDIVIDUAL,INACTIVE,5942,MADRAS,TAMIL_NADU,667.85,INACTIVE,BOOKS,1,1,0,0,False
MCH6267,1,Mandal-Badal,PHONE_SERVICE,PARTNERSHIP,ACTIVE,4814,MUMBAI,MAHARASHTRA,,ACTIVE,PHONE_SERVICE,1,1,0,0,False
MCH6268,2,MULTIPLE_VALUES,MULTIPLE_VALUES,SOLE_PROPRIETOR,ACTIVE,MULTIPLE_VALUES,MULTIPLE_VALUES,PUNJAB,1440.5,ACTIVE,GROCERY_STORES | RESTAURANT,1,2,0,0,True
MCH6273,1,"Dubey, Narula and Jhaveri",DEPARTMENT_STORE,PRIVATE_LIMITED,ACTIVE,5311,PUNE,MAHARASHTRA,754.63,ACTIVE,DEPARTMENT_STORE,1,1,0,0,False
MCH6274,1,Mall Inc,HOTEL_LODGING,PARTNERSHIP,ACTIVE,7011,AMRITSAR,PUNJAB,1700.39,ACTIVE,HOTEL_LODGING,1,1,0,0,False
MCH6275,1,Tank PLC,MOBILE_RECHARGE,SOLE_PROPRIETOR,ACTIVE,4814,CHENNAI,TAMIL_NADU,781.0,ACTIVE,MOBILE_RECHARGE,1,1,0,0,False
MCH6277,2,MULTIPLE_VALUES,MULTIPLE_VALUES,PARTNERSHIP,ACTIVE,07011,MULTIPLE_VALUES,MULTIPLE_VALUES,1150.005,ACTIVE,HOSPITALITY | TRANSPRT,1,2,2,0,True
MCH6278,1,"Keer, Sha and Sama",MEDICAL,PARTNERSHIP,ACTIVE,05912,KOLKATA,WEST_BENGAL,8713.68,ACTIVE,MEDICAL,1,1,1,0,False
MCH6280,1,Khanna-Kanda,GARMENTS,SOLE_PROPRIETOR,ACTIVE,5699,PUNE,MAHARASHTRA,243.27,ACTIVE,GARMENTS,1,1,0,0,False
MCH6282,2,MULTIPLE_VALUES,MULTIPLE_VALUES,MULTIPLE_VALUES,ACTIVE,MULTIPLE_VALUES,MULTIPLE_VALUES,MULTIPLE_VALUES,1016.54,ACTIVE,GROCERY_STORE | HOTELS,1,2,0,0,True
MCH6284,2,MULTIPLE_VALUES,MULTIPLE_VALUES,MULTIPLE_VALUES,ACTIVE,MULTIPLE_VALUES,MULTIPLE_VALUES,MULTIPLE_VALUES,1068.79,ACTIVE,HOSPITALITY | HOTELS,1,2,1,0,True
MCH6285,1,Kumer-Mane,HOTEL,PRIVATE_LIMITED,ACTIVE,7011,BENGALURU,KARNATAKA,567.98,ACTIVE,HOTEL,1,1,0,0,False
MCH6290,1,Chaudhry-Agarwal,RETAIL_OTHER,PARTNERSHIP,INACTIVE,5999,LUDHIANA,PUNJAB,5757.0,INACTIVE,RETAIL_OTHER,1,1,0,0,False
MCH6291,2,MULTIPLE_VALUES,MULTIPLE_VALUES,MULTIPLE_VALUES,MULTIPLE_VALUES,MULTIPLE_VALUES,MULTIPLE_VALUES,MULTIPLE_VALUES,908.0,ACTIVE | SUSPENDED,HOSPITALITY | RETAIL,2,2,0,1,True
MCH6293,1,Bora-Nigam,DEPARTMENT_STORE,PARTNERSHIP,ACTIVE,5311,JALANDAR,PUNJAB,,ACTIVE,DEPARTMENT_STORE,1,1,0,0,False
MCH6296,1,"Goyal, Vora and Loke",GROCERY_STORE,PRIVATE_LIMITED,ACTIVE,5411,LUCKNOW,UTTAR_PRADESH,538.0,ACTIVE,GROCERY_STORE,1,1,0,0,False
MCH6299,2,Pathak-Mukherjee,OTHER,INDIVIDUAL,MULTIPLE_VALUES,5999,DILLI,DELHI,256.83,ACTIVE | SUSPENDED,OTHER,2,1,0,1,True
MCH6300,1,Kumar PLC,CLOTHS,PARTNERSHIP,ACTIVE,5699,JAIPUR,RAJASTHAN,1647.52,ACTIVE,CLOTHS,1,1,0,0,False
MCH6301,1,"Apte, Vohra and Gade",TELECOM,PARTNERSHIP,ACTIVE,4814,JALANDAR,PUNJAB,2355.49,ACTIVE,TELECOM,1,1,0,0,False
MCH6302,1,Gour-Rattan,TRANSPRT,INDIVIDUAL,ACTIVE,04131,HYDERABAD,TELANGANA,966.01,ACTIVE,TRANSPRT,1,1,1,0,False
MCH6305,1,"Chakraborty,HansandSahota",TRANSPORT,INDIVIDUAL,ACTIVE,4131,MUMBAI,MAHARASHTRA,1075.82,ACTIVE,TRANSPORT,1,1,0,0,False
MCH6306,1,"RAMESH, VISWANATHAN AND KALITA",TRANSPORT,PRIVATE_LIMITED,ACTIVE,04131,CHENNAI,TAMIL_NADU,302.6,ACTIVE,TRANSPORT,1,1,1,0,False
MCH6308,2,MULTIPLE_VALUES,MULTIPLE_VALUES,MULTIPLE_VALUES,ACTIVE,MULTIPLE_VALUES,MULTIPLE_VALUES,MULTIPLE_VALUES,1986.1950000000002,ACTIVE,FASHION | OTHER,1,2,0,0,True
MCH6313,1,Ramanathan PLC,GROCERY,SOLE_PROPRIETOR,ACTIVE,UNKNOWN,MUMBAI,MAHARASHTRA,3430.73,ACTIVE,GROCERY,1,1,1,0,False
MCH6314,2,MULTIPLE_VALUES,MULTIPLE_VALUES,MULTIPLE_VALUES,ACTIVE,MULTIPLE_VALUES,LUCKNOW,UTTAR_PRADESH,1679.935,ACTIVE,CLOTHS | TRANSPORTATION,1,2,0,0,True
MCH6315,2,MULTIPLE_VALUES,MULTIPLE_VALUES,MULTIPLE_VALUES,MULTIPLE_VALUES,MULTIPLE_VALUES,MUMBAI,MAHARASHTRA,435.265,ACTIVE | SUSPENDED,BOOKS | HOTEL_LODGING,2,2,0,1,True
MCH6321,1,Chander Ltd,OTHER,PRIVATE_LIMITED,ACTIVE,5999,JAIPUR,RAJASTHAN,380.1,ACTIVE,OTHER,1,1,0,0,False
MCH6325,2,MULTIPLE_VALUES,MULTIPLE_VALUES,MULTIPLE_VALUES,MULTIPLE_VALUES,5311,MULTIPLE_VALUES,MULTIPLE_VALUES,914.06,ACTIVE | INACTIVE,DEPARTMENT_STORE | DEPARTMENT_STORES,2,2,0,0,True
MCH6326,2,"Barad,MurtyandTella",BOOKS_STATIONERY,PRIVATE_LIMITED,ACTIVE,5942,CHENNAI,TAMIL_NADU,,ACTIVE,BOOKS_STATIONERY,1,1,0,0,False
MCH6328,1,"Ray, Pandit and Bala",PHONE_SERVICE,PRIVATE_LIMITED,ACTIVE,4814,CHENNAI,TAMIL_NADU,644.89,ACTIVE,PHONE_SERVICE,1,1,0,0,False
MCH6329,1,Srinivas-Banerjee,MEDICAL_STORE,INDIVIDUAL,ACTIVE,,KOLKATA,WEST_BENGAL,199.46,ACTIVE,MEDICAL_STORE,1,1,1,0,False
MCH6331,2,MULTIPLE_VALUES,MULTIPLE_VALUES,MULTIPLE_VALUES,ACTIVE,5912,MULTIPLE_VALUES,MULTIPLE_VALUES,1736.65,ACTIVE,BOOKS_STATIONERY | MEDICAL_STORE,1,2,1,0,True
MCH6332,2,MULTIPLE_VALUES,MULTIPLE_VALUES,SOLE_PROPRIETOR,ACTIVE,MULTIPLE_VALUES,MULTIPLE_VALUES,MULTIPLE_VALUES,788.91,ACTIVE,DEPARTMENT_STORE | GARMENTS,1,2,0,0,True
MCH6333,1,"kumer, butala and sawhney",GARMENTS,INDIVIDUAL,ACTIVE,05699,CHENNAI,TAMIL_NADU,831.77,ACTIVE,GARMENTS,1,1,1,0,False
MCH6336,1,"Kunda, Kumar and Gulati",TRANSPRT,PRIVATE_LIMITED,ACTIVE,,CHENNAI,TAMIL_NADU,772.78,ACTIVE,TRANSPRT,1,1,1,0,False
MCH6337,1,Chander LLC,PHARMACIES,INDIVIDUAL,ACTIVE,5912,CALCUTTA,WEST_BENGAL,1428.08,ACTIVE,PHARMACIES,1,1,0,0,False
MCH6338,1,Dutta PLC,DEPT_STORE,INDIVIDUAL,ACTIVE,05311,KOLKATA,WEST_BENGAL,1835.5,ACTIVE,DEPT_STORE,1,1,1,0,False
MCH6343,2,MULTIPLE_VALUES,MULTIPLE_VALUES,MULTIPLE_VALUES,MULTIPLE_VALUES,MULTIPLE_VALUES,MULTIPLE_VALUES,MULTIPLE_VALUES,6412.754999999999,ACTIVE | INACTIVE,GROCERY | TELECOM,2,2,0,0,True
MCH6345,1,Mani Group,OTHER,PARTNERSHIP,ACTIVE,5999,LUDHIANA,PUNJAB,1339.21,ACTIVE,OTHER,1,1,0,0,False
MCH6351,1,Mahal-Padmanabhan,RESTAURANT,PARTNERSHIP,ACTIVE,05812,BLR,KARNATAKA,3129.06,ACTIVE,RESTAURANT,1,1,1,0,False
MCH6352,2,MULTIPLE_VALUES,MULTIPLE_VALUES,MULTIPLE_VALUES,MULTIPLE_VALUES,5699,CHENNAI,TAMIL_NADU,1393.1,ACTIVE | SUSPENDED,CLOTHS | KIRANA,2,2,1,1,True
MCH6354,1,"Gulati, Khosla and Peri",RESTAURANTS,PARTNERSHIP,ACTIVE,5812,LUCKNOW,UTTAR_PRADESH,122.8,ACTIVE,RESTAURANTS,1,1,0,0,False
MCH6355,1,Dutt PLC,CLOTHS,PRIVATE_LIMITED,ACTIVE,05699,BANGALORE,KARNATAKA,495.94,ACTIVE,CLOTHS,1,1,1,0,False
MCH6356,1,"pandit, wagle and kata",HOSPITALITY,PRIVATE_LIMITED,INACTIVE,7011,ASR,PUNJAB,499.8,INACTIVE,HOSPITALITY,1,1,0,0,False
MCH6359,1,Pai-Dada,TRAVEL,INDIVIDUAL,ACTIVE,,JPR,RAJASTHAN,484.0,ACTIVE,TRAVEL,1,1,1,0,False
MCH6360,3,MULTIPLE_VALUES,MULTIPLE_VALUES,MULTIPLE_VALUES,MULTIPLE_VALUES,MULTIPLE_VALUES,MULTIPLE_VALUES,MULTIPLE_VALUES,635.23,ACTIVE | INACTIVE,HOTEL | MEDICAL_STORE | TELECOM,2,3,0,0,True
MCH6361,1,"Saran, Dhar and Chaudhry",HOTEL,SOLE_PROPRIETOR,ACTIVE,7011,NEW_DELHI,DELHI,701.89,ACTIVE,HOTEL,1,1,0,0,False
MCH6365,2,MULTIPLE_VALUES,MULTIPLE_VALUES,MULTIPLE_VALUES,ACTIVE,MULTIPLE_VALUES,MULTIPLE_VALUES,MULTIPLE_VALUES,2729.02,ACTIVE,DEPARTMENT_STORES | TRANSPRT,1,2,0,0,True
MCH6366,1,"hora, edwin and zacharia",MOBILE_RECHARGE,SOLE_PROPRIETOR,ACTIVE,4814,LUDHIANA,PUNJAB,780.59,ACTIVE,MOBILE_RECHARGE,1,1,0,0,False
MCH6369,1,"Chaudhry, Batra and Rama",TRANSPORTATION,PARTNERSHIP,INACTIVE,4131,JALANDHAR,PUNJAB,612.29,INACTIVE,TRANSPORTATION,1,1,0,0,False
MCH6370,1,"Dass, Hegde and Viswanathan",FOOD_SERVICES,PARTNERSHIP,ACTIVE,05812,JAIPUR,RAJASTHAN,2201.27,ACTIVE,FOOD_SERVICES,1,1,1,0,False
MCH6372,2,MULTIPLE_VALUES,MULTIPLE_VALUES,MULTIPLE_VALUES,ACTIVE,MULTIPLE_VALUES,MULTIPLE_VALUES,MULTIPLE_VALUES,515.6,ACTIVE,APPAREL | DEPT_STORE,1,2,0,0,True
MCH6376,2,MULTIPLE_VALUES,MULTIPLE_VALUES,PARTNERSHIP,ACTIVE,MULTIPLE_VALUES,MULTIPLE_VALUES,MULTIPLE_VALUES,1980.105,ACTIVE,APPAREL | BOOKS,1,2,1,0,True
MCH6377,2,MULTIPLE_VALUES,MULTIPLE_VALUES,MULTIPLE_VALUES,MULTIPLE_VALUES,MULTIPLE_VALUES,MULTIPLE_VALUES,MULTIPLE_VALUES,895.7,ACTIVE | SUSPENDED,FOOD | MEDICAL_STORE,2,2,0,1,True
MCH6379,1,CHANA-MAHAJAN,BOOKS_STATIONERY,PRIVATE_LIMITED,ACTIVE,5942,BLR,KARNATAKA,2923.98,ACTIVE,BOOKS_STATIONERY,1,1,0,0,False
MCH6380,1,Naik-Kalla,OTHER,INDIVIDUAL,SUSPENDED,5999,PUNE,MAHARASHTRA,,SUSPENDED,OTHER,1,1,0,1,False
MCH6383,2,MULTIPLE_VALUES,MULTIPLE_VALUES,MULTIPLE_VALUES,MULTIPLE_VALUES,4814,MULTIPLE_VALUES,MULTIPLE_VALUES,731.16,ACTIVE | SUSPENDED,BUS_TAXI | MOBILE_RECHARGE,2,2,1,1,True
MCH6384,1,"Rave1, Mane and Madan",PHARMACIES,PARTNERSHIP,ACTIVE,05912,DELHI,DELHI,334.08,ACTIVE,PHARMACIES,1,1,1,0,False
MCH6386,1,Mahajan Inc,RETAIL,INDIVIDUAL,ACTIVE,5311,ASR,PUNJAB,,ACTIVE,RETAIL,1,1,0,0,False
MCH6388,2,MULTIPLE_VALUES,MULTIPLE_VALUES,MULTIPLE_VALUES,MULTIPLE_VALUES,5699,MULTIPLE_VALUES,MULTIPLE_VALUES,2358.13,ACTIVE | INACTIVE,CLOTHING | RESTAURANT,2,2,1,0,True
MCH6390,1,barman plc,MEDICAL_STORE,INDIVIDUAL,ACTIVE,UNKNOWN,KOLKATA,WEST_BENGAL,,ACTIVE,MEDICAL_STORE,1,1,1,0,False
MCH6391,2,MULTIPLE_VALUES,MULTIPLE_VALUES,INDIVIDUAL,ACTIVE,MULTIPLE_VALUES,MULTIPLE_VALUES,MULTIPLE_VALUES,510.5,ACTIVE,KIRANA | TELECOM,1,2,0,0,True
MCH6392,3,MULTIPLE_VALUES,MULTIPLE_VALUES,MULTIPLE_VALUES,ACTIVE,MULTIPLE_VALUES,MULTIPLE_VALUES,MULTIPLE_VALUES,691.37,ACTIVE,HOTEL | HOTEL_LODGING | OTHER,1,3,2,0,True
MCH6394,1,YogiInc,CLOTHS,PRIVATE_LIMITED,ACTIVE,5699,CALCUTTA,WEST_BENGAL,1717.76,ACTIVE,CLOTHS,1,1,0,0,False
MCH6396,2,MULTIPLE_VALUES,MULTIPLE_VALUES,MULTIPLE_VALUES,MULTIPLE_VALUES,MULTIPLE_VALUES,MULTIPLE_VALUES,MULTIPLE_VALUES,3907.29,ACTIVE | SUSPENDED,DEPT_STORE | RETAIL_OTHER,2,2,0,1,True
MCH6397,3,MULTIPLE_VALUES,MULTIPLE_VALUES,MULTIPLE_VALUES,ACTIVE,MULTIPLE_VALUES,MULTIPLE_VALUES,MULTIPLE_VALUES,709.5,ACTIVE,BOOKS | MOBILE_RECHARGE | PHARMACIES,1,3,1,0,True
MCH6400,1,Sem-Keer,GROCERY_STORES,PARTNERSHIP,ACTIVE,5411,LUDHIANA,PUNJAB,13683.2,ACTIVE,GROCERY_STORES,1,1,0,0,False
MCH6401,2,MULTIPLE_VALUES,MULTIPLE_VALUES,MULTIPLE_VALUES,MULTIPLE_VALUES,MULTIPLE_VALUES,MULTIPLE_VALUES,MULTIPLE_VALUES,530.735,ACTIVE | SUSPENDED,MEDICAL | TELECOM,2,2,0,1,True
MCH6403,1,"Sahni, Kapur and Ganesh",CLOTHS,PRIVATE_LIMITED,ACTIVE,,MADRAS,TAMIL_NADU,344.49,ACTIVE,CLOTHS,1,1,1,0,False
MCH6404,1,Tailor Group,OTHER,PRIVATE_LIMITED,SUSPENDED,5999,JAIPUR,RAJASTHAN,792.4,SUSPENDED,OTHER,1,1,0,1,False
MCH6405,1,Jaggi Ltd,GROCERIES,PARTNERSHIP,ACTIVE,5411,DELHI,DELHI,4074.0,ACTIVE,GROCERIES,1,1,0,0,False
MCH6408,1,Gade and Sons,BOOKS,SOLE_PROPRIETOR,ACTIVE,5942,CHENNAI,TAMIL_NADU,4374.58,ACTIVE,BOOKS,1,1,0,0,False
MCH6409,1,Wason and Sons,CLOTHING,PRIVATE_LIMITED,SUSPENDED,5699,BLR,KARNATAKA,1111.14,SUSPENDED,CLOTHING,1,1,0,1,False
MCH6410,1,Dua-Kara,CLOTHING,INDIVIDUAL,ACTIVE,5699,DILLI,DELHI,1003.3,ACTIVE,CLOTHING,1,1,0,0,False
MCH6418,1,Doctor Ltd,HOTELS,SOLE_PROPRIETOR,ACTIVE,7011,JALANDHAR,PUNJAB,1362.45,ACTIVE,HOTELS,1,1,0,0,False
MCH6419,1,"Bhalla, Dubey and Salvi",MEDICAL,SOLE_PROPRIETOR,ACTIVE,,JAIPUR,RAJASTHAN,3881.01,ACTIVE,MEDICAL,1,1,1,0,False
MCH6420,1,Wadhwa and Sons,MEDICAL,PARTNERSHIP,ACTIVE,5912,BANGALORE,KARNATAKA,160.44,ACTIVE,MEDICAL,1,1,0,0,False
MCH6421,1,WadhwaLtd,APPAREL,SOLE_PROPRIETOR,ACTIVE,5699,BANGALORE,KARNATAKA,1782.12,ACTIVE,APPAREL,1,1,0,0,False
MCH6422,2,MULTIPLE_VALUES,MULTIPLE_VALUES,MULTIPLE_VALUES,MULTIPLE_VALUES,MULTIPLE_VALUES,MULTIPLE_VALUES,MULTIPLE_VALUES,1228.375,ACTIVE | INACTIVE,HOTEL | PHARMACIES,2,2,0,0,True
MCH6425,1,Pall-Kanda,BOOKS_STATIONERY,SOLE_PROPRIETOR,ACTIVE,5942,NEW_DELHI,DELHI,,ACTIVE,BOOKS_STATIONERY,1,1,0,0,False
MCH6427,1,Bose Inc,MISC_RETAIL,PRIVATE_LIMITED,INACTIVE,05999,LUDHIANA,PUNJAB,1949.7,INACTIVE,MISC_RETAIL,1,1,1,0,False
MCH6429,1,Doshi Group,APPAREL,SOLE_PROPRIETOR,ACTIVE,5699,AMRITSAR,PUNJAB,369.26,ACTIVE,APPAREL,1,1,0,0,False
MCH6430,1,prakash group,TELECOM,INDIVIDUAL,SUSPENDED,4814,HYD,TELANGANA,5278.71,SUSPENDED,TELECOM,1,1,0,1,False
MCH6431,1,"batra, pant and devan",HOTELS,PARTNERSHIP,INACTIVE,7011,BENGALURU,KARNATAKA,1564.0,INACTIVE,HOTELS,1,1,0,0,False
MCH6433,1,Bhattacharyya Ltd,TELECOM,PARTNERSHIP,INACTIVE,4814,BENGALURU,KARNATAKA,1248.03,INACTIVE,TELECOM,1,1,0,0,False
MCH6440,2,MULTIPLE_VALUES,MULTIPLE_VALUES,MULTIPLE_VALUES,ACTIVE,5311,MULTIPLE_VALUES,MULTIPLE_VALUES,6682.66,ACTIVE,DEPARTMENT_STORE | DEPT_STORE,1,2,0,0,True
MCH6441,3,MULTIPLE_VALUES,MULTIPLE_VALUES,MULTIPLE_VALUES,ACTIVE,MULTIPLE_VALUES,MULTIPLE_VALUES,MULTIPLE_VALUES,2875.2799999999997,ACTIVE,BOOKS | HOTEL | MOBILE_RECHARGE,1,3,0,0,True
MCH6445,1,Shere and Sons,MEDICAL,INDIVIDUAL,ACTIVE,5912,LUDHIANA,PUNJAB,766.0,ACTIVE,MEDICAL,1,1,0,0,False
MCH6446,2,MULTIPLE_VALUES,MULTIPLE_VALUES,MULTIPLE_VALUES,ACTIVE,MULTIPLE_VALUES,MULTIPLE_VALUES,MULTIPLE_VALUES,1356.41,ACTIVE,DEPT_STORE | EATING_PLACE,1,2,0,0,True
MCH6447,2,MULTIPLE_VALUES,MULTIPLE_VALUES,MULTIPLE_VALUES,ACTIVE,MULTIPLE_VALUES,MULTIPLE_VALUES,MULTIPLE_VALUES,927.245,ACTIVE,HOTEL | RESTAURANT,1,2,1,0,True
MCH6448,2,MULTIPLE_VALUES,MULTIPLE_VALUES,MULTIPLE_VALUES,MULTIPLE_VALUES,MULTIPLE_VALUES,MULTIPLE_VALUES,MULTIPLE_VALUES,1994.7150000000001,ACTIVE | SUSPENDED,GARMENTS | TELECOM,2,2,0,1,True
MCH6449,2,Chakraborty-Hans,FOOD_SERVICES,SOLE_PROPRIETOR,ACTIVE,5812,HYDERABAD,TELANGANA,1506.6,ACTIVE,FOOD_SERVICES,1,1,0,0,False
MCH6450,4,MULTIPLE_VALUES,MULTIPLE_VALUES,INDIVIDUAL,MULTIPLE_VALUES,MULTIPLE_VALUES,MULTIPLE_VALUES,MULTIPLE_VALUES,855.0,ACTIVE | INACTIVE | SUSPENDED,BOOKS | CLOTHS | KIRANA,3,3,0,2,True
MCH6451,2,MULTIPLE_VALUES,MULTIPLE_VALUES,MULTIPLE_VALUES,MULTIPLE_VALUES,MULTIPLE_VALUES,MULTIPLE_VALUES,MULTIPLE_VALUES,165.95,ACTIVE | INACTIVE,DEPARTMENT_STORE | TELECOM,2,2,0,0,True
MCH6454,1,Nagi-Ch0udhury,GARMENTS,PRIVATE_LIMITED,INACTIVE,5699,BENGALURU,KARNATAKA,3116.0,INACTIVE,GARMENTS,1,1,0,0,False
MCH6455,1,Luthra-Wable,MISCELLANEOUS,PARTNERSHIP,ACTIVE,05999,BOMBAY,MAHARASHTRA,1528.51,ACTIVE,MISCELLANEOUS,1,1,1,0,False
MCH6460,1,Deol-Narayanan,RETAIL,PARTNERSHIP,ACTIVE,5311,MUMBAI,MAHARASHTRA,878.73,ACTIVE,RETAIL,1,1,0,0,False
MCH6462,1,"Vaidya, Kunda and Bhavsar",RETAIL,PRIVATE_LIMITED,ACTIVE,5311,LUCKNOW,UTTAR_PRADESH,1652.23,ACTIVE,RETAIL,1,1,0,0,False
MCH6464,1,Date LLC,APPAREL,PRIVATE_LIMITED,ACTIVE,5699,BENGALURU,KARNATAKA,3772.0,ACTIVE,APPAREL,1,1,0,0,False
MCH6465,2,MULTIPLE_VALUES,MULTIPLE_VALUES,MULTIPLE_VALUES,MULTIPLE_VALUES,MULTIPLE_VALUES,MULTIPLE_VALUES,MULTIPLE_VALUES,528.185,ACTIVE | SUSPENDED,FASHION | MEDICAL_STORE,2,2,1,1,True
MCH6466,1,Randhawa LLC,RETAIL,INDIVIDUAL,ACTIVE,5311,PUNE,MAHARASHTRA,3082.9,ACTIVE,RETAIL,1,1,0,0,False
MCH6468,1,Golla-Murty,TRANSPORTATION,PARTNERSHIP,ACTIVE,04131,HYDERABAD,TELANGANA,,ACTIVE,TRANSPORTATION,1,1,1,0,False
MCH6469,1,"Bahl, Barad and Dhillon",DEPARTMENT_STORE,PRIVATE_LIMITED,ACTIVE,5311,CHENNAI,TAMIL_NADU,,ACTIVE,DEPARTMENT_STORE,1,1,0,0,False
MCH6473,1,Tata Group,RESTAURANTS,PRIVATE_LIMITED,SUSPENDED,5812,LKO,UTTAR_PRADESH,2924.69,SUSPENDED,RESTAURANTS,1,1,0,1,False
MCH6474,3,MULTIPLE_VALUES,MULTIPLE_VALUES,MULTIPLE_VALUES,ACTIVE,MULTIPLE_VALUES,MULTIPLE_VALUES,MULTIPLE_VALUES,2284.21,ACTIVE,MEDICAL | MISCELLANEOUS | TRANSPORTATION,1,3,1,0,True
MCH6477,1,Gopal-Dewan,CLOTHING,SOLE_PROPRIETOR,ACTIVE,5699,MUMBAI,MAHARASHTRA,1828.26,ACTIVE,CLOTHING,1,1,0,0,False
MCH6480,1,Sundaram and S0ns,APPAREL,PARTNERSHIP,ACTIVE,5699,BOMBAY,MAHARASHTRA,680.72,ACTIVE,APPAREL,1,1,0,0,False
MCH6481,2,MULTIPLE_VALUES,MULTIPLE_VALUES,MULTIPLE_VALUES,ACTIVE,MULTIPLE_VALUES,MULTIPLE_VALUES,MAHARASHTRA,2058.275,ACTIVE,FOOD_SERVICES | TRANSPRT,1,2,0,0,True
MCH6482,1,Mitra-Agate,DEPARTMENT_STORE,INDIVIDUAL,INACTIVE,5311,AMRITSAR,PUNJAB,1340.0,INACTIVE,DEPARTMENT_STORE,1,1,0,0,False
MCH6488,1,"cheema, dubey and kala",GARMENTS,PRIVATE_LIMITED,ACTIVE,MISC,MUMBAI,MAHARASHTRA,1180.07,ACTIVE,GARMENTS,1,1,1,0,False
MCH6492,1,PERI LLC,PHARMACIES,INDIVIDUAL,ACTIVE,05912,MUMBAI,MAHARASHTRA,3574.25,ACTIVE,PHARMACIES,1,1,1,0,False
MCH6493,1,"SUBRAMANIAM, PRASHAD AND PARMER",BUS_TAXI,SOLE_PROPRIETOR,INACTIVE,,MUMBAY,MAHARASHTRA,,INACTIVE,BUS_TAXI,1,1,1,0,False
MCH6498,3,MULTIPLE_VALUES,MULTIPLE_VALUES,MULTIPLE_VALUES,MULTIPLE_VALUES,5812,MULTIPLE_VALUES,MULTIPLE_VALUES,1076.6,ACTIVE | SUSPENDED,EATING_PLACE | GROCERY | MISC_RETAIL,2,3,2,1,True
MCH6501,1,Ka1a-Garg,CLOTHING,SOLE_PROPRIETOR,ACTIVE,,LUDHIANA,PUNJAB,471.98,ACTIVE,CLOTHING,1,1,1,0,False
MCH6502,1,Mall PLC,RETAIL_OTHER,SOLE_PROPRIETOR,INACTIVE,5999,CHENNAI,TAMIL_NADU,1695.37,INACTIVE,RETAIL_OTHER,1,1,0,0,False
MCH6504,1,"wagle, choudhry and patla",STATIONERY,PRIVATE_LIMITED,ACTIVE,5942,JALANDAR,PUNJAB,1748.0,ACTIVE,STATIONERY,1,1,0,0,False
MCH6507,3,MULTIPLE_VALUES,MULTIPLE_VALUES,MULTIPLE_VALUES,MULTIPLE_VALUES,MULTIPLE_VALUES,MULTIPLE_VALUES,MULTIPLE_VALUES,740.55,ACTIVE | SUSPENDED,BUS_TAXI | FOOD_SERVICES,2,2,0,1,True
MCH6508,2,MULTIPLE_VALUES,MULTIPLE_VALUES,MULTIPLE_VALUES,ACTIVE,MULTIPLE_VALUES,MULTIPLE_VALUES,MULTIPLE_VALUES,1878.05,ACTIVE,FASHION | PHARMACIES,1,2,0,0,True
MCH6511,1,"Doctor, Sur and Badal",KIRANA,SOLE_PROPRIETOR,ACTIVE,5411,PUNE,MAHARASHTRA,778.51,ACTIVE,KIRANA,1,1,0,0,False
MCH6512,1,"Sagar, Deep and Rao",MOBILE_RECHARGE,SOLE_PROPRIETOR,ACTIVE,,HYDERABAD,TELANGANA,,ACTIVE,MOBILE_RECHARGE,1,1,1,0,False
MCH6513,2,MULTIPLE_VALUES,MULTIPLE_VALUES,MULTIPLE_VALUES,ACTIVE,MULTIPLE_VALUES,MULTIPLE_VALUES,MAHARASHTRA,1431.4150000000002,ACTIVE,DEPT_STORE | FASHION,1,2,1,0,True
MCH6514,1,Lalla-Palan,RESTAURANTS,INDIVIDUAL,ACTIVE,5812,KOLKATA,WEST_BENGAL,,ACTIVE,RESTAURANTS,1,1,0,0,False
MCH6517,1,"Vig, Sen and Kumar",CLOTHS,SOLE_PROPRIETOR,ACTIVE,5699,DELHI,DELHI,1024.93,ACTIVE,CLOTHS,1,1,0,0,False
MCH6519,3,MULTIPLE_VALUES,MULTIPLE_VALUES,MULTIPLE_VALUES,ACTIVE,MULTIPLE_VALUES,MULTIPLE_VALUES,MULTIPLE_VALUES,978.4,ACTIVE,CLOTHING | CLOTHS,1,2,2,0,True
MCH6520,1,Manda-Shah,MEDICAL_STORE,INDIVIDUAL,ACTIVE,5912,KOLKATA,WEST_BENGAL,1457.02,ACTIVE,MEDICAL_STORE,1,1,0,0,False
MCH6523,1,Ramanathan-Wali,OTHER,PRIVATE_LIMITED,ACTIVE,5999,BANGALORE,KARNATAKA,2272.75,ACTIVE,OTHER,1,1,0,0,False
MCH6524,1,Chaudry-Lall,HOTELS,SOLE_PROPRIETOR,INACTIVE,7011,DELHI,DELHI,,INACTIVE,HOTELS,1,1,0,0,False
MCH6527,2,MULTIPLE_VALUES,MULTIPLE_VALUES,MULTIPLE_VALUES,ACTIVE,MULTIPLE_VALUES,MULTIPLE_VALUES,MULTIPLE_VALUES,1220.94,ACTIVE,GROCERY_STORES | HOTEL,1,2,0,0,True
MCH6530,2,MULTIPLE_VALUES,MULTIPLE_VALUES,MULTIPLE_VALUES,MULTIPLE_VALUES,MULTIPLE_VALUES,MULTIPLE_VALUES,MULTIPLE_VALUES,883.44,ACTIVE | INACTIVE,CLOTHS | TRANSPORT,2,2,1,0,True
MCH6535,1,Nagy and Sons,GROCERY,SOLE_PROPRIETOR,ACTIVE,05411,HYD,TELANGANA,291.26,ACTIVE,GROCERY,1,1,1,0,False
MCH6541,1,"Mahal, Panchal and Doshi",CHEMIST,INDIVIDUAL,ACTIVE,5912,MUMBAY,MAHARASHTRA,307.0,ACTIVE,CHEMIST,1,1,0,0,False
MCH6542,1,Saraf-Dhingra,RETAIL,SOLE_PROPRIETOR,ACTIVE,5311,MUMBAI,MAHARASHTRA,321.72,ACTIVE,RETAIL,1,1,0,0,False
MCH6543,2,MULTIPLE_VALUES,MULTIPLE_VALUES,MULTIPLE_VALUES,ACTIVE,MULTIPLE_VALUES,MULTIPLE_VALUES,MULTIPLE_VALUES,2643.52,ACTIVE,CLOTHS | GROCERY_STORE,1,2,0,0,True
MCH6545,2,MULTIPLE_VALUES,MULTIPLE_VALUES,MULTIPLE_VALUES,ACTIVE,MULTIPLE_VALUES,MULTIPLE_VALUES,MULTIPLE_VALUES,1281.445,ACTIVE,CHEMIST | FASHION,1,2,0,0,True
MCH6547,1,"Gupta,DewanandNadig",BOOKS,INDIVIDUAL,INACTIVE,5942,HYDERABAD,TELANGANA,974.14,INACTIVE,BOOKS,1,1,0,0,False
MCH6548,2,MULTIPLE_VALUES,MULTIPLE_VALUES,MULTIPLE_VALUES,ACTIVE,MULTIPLE_VALUES,MULTIPLE_VALUES,MULTIPLE_VALUES,1610.0100000000002,ACTIVE,RETAIL_OTHER | TELECOM,1,2,0,0,True
MCH6551,2,MULTIPLE_VALUES,MULTIPLE_VALUES,PRIVATE_LIMITED,ACTIVE,MULTIPLE_VALUES,MULTIPLE_VALUES,MULTIPLE_VALUES,578.45,ACTIVE,HOTEL_LODGING | TRANSPORT,1,2,0,0,True
MCH6554,1,vora llc,HOSPITALITY,INDIVIDUAL,INACTIVE,7011,BENGALURU,KARNATAKA,3625.66,INACTIVE,HOSPITALITY,1,1,0,0,False
MCH6555,1,Tata-Bajwa,RETAIL,PARTNERSHIP,SUSPENDED,5311,LKO,UTTAR_PRADESH,3890.0,SUSPENDED,RETAIL,1,1,0,1,False
MCH6556,3,MULTIPLE_VALUES,MULTIPLE_VALUES,MULTIPLE_VALUES,MULTIPLE_VALUES,MULTIPLE_VALUES,MULTIPLE_VALUES,MULTIPLE_VALUES,760.0,ACTIVE | SUSPENDED,CLOTHING | OTHER | TELECOM,2,3,1,1,True
MCH6559,2,MULTIPLE_VALUES,MULTIPLE_VALUES,MULTIPLE_VALUES,ACTIVE,MULTIPLE_VALUES,MULTIPLE_VALUES,MULTIPLE_VALUES,721.725,ACTIVE,HOTEL_LODGING | MISC_RETAIL,1,2,0,0,True
MCH6560,1,"Pandit, Jayaraman and Chokshi",PHONE_SERVICE,INDIVIDUAL,ACTIVE,4814,HYD,TELANGANA,11930.97,ACTIVE,PHONE_SERVICE,1,1,0,0,False
MCH6562,1,Kant Inc,HOTEL_LODGING,SOLE_PROPRIETOR,ACTIVE,7011,CHENNAI,TAMIL_NADU,2590.35,ACTIVE,HOTEL_LODGING,1,1,0,0,False
MCH6563,2,naik plc,TRAVEL,INDIVIDUAL,ACTIVE,4131,JALANDAR,PUNJAB,1376.0,ACTIVE,TRAVEL,1,1,0,0,False
MCH6565,1,Parmer-Datta,MOBILE_RECHARGE,SOLE_PROPRIETOR,ACTIVE,4814,HYD,TELANGANA,2464.68,ACTIVE,MOBILE_RECHARGE,1,1,0,0,False
MCH6566,2,MULTIPLE_VALUES,MULTIPLE_VALUES,PRIVATE_LIMITED,MULTIPLE_VALUES,MULTIPLE_VALUES,CHENNAI,TAMIL_NADU,1923.82,ACTIVE | INACTIVE,DEPARTMENT_STORES | MOBILE_RECHARGE,2,2,1,0,True
MCH6568,1,MINHAS PLC,HOTEL_LODGING,SOLE_PROPRIETOR,ACTIVE,7011,AMRITSAR,PUNJAB,1486.0,ACTIVE,HOTEL_LODGING,1,1,0,0,False
MCH6570,1,Venkataraman Ltd,MEDICAL,PRIVATE_LIMITED,ACTIVE,05912,NEW_DELHI,DELHI,332.15,ACTIVE,MEDICAL,1,1,1,0,False
MCH6572,2,MULTIPLE_VALUES,MULTIPLE_VALUES,MULTIPLE_VALUES,MULTIPLE_VALUES,MULTIPLE_VALUES,MULTIPLE_VALUES,MULTIPLE_VALUES,638.105,ACTIVE | INACTIVE,DEPT_STORE | HOTEL_LODGING,2,2,0,0,True
MCH6574,1,"Thaman, Gupta and Barad",PHONE_SERVICE,PRIVATE_LIMITED,ACTIVE,4814,PUNE,MAHARASHTRA,1371.71,ACTIVE,PHONE_SERVICE,1,1,0,0,False
MCH6575,2,MULTIPLE_VALUES,MULTIPLE_VALUES,INDIVIDUAL,ACTIVE,05942,MULTIPLE_VALUES,MULTIPLE_VALUES,819.0,ACTIVE,BOOK_STORE | HOSPITALITY,1,2,2,0,True
MCH6577,1,D’Alia Inc,CLOTHS,PARTNERSHIP,ACTIVE,5699,BANGALORE,KARNATAKA,1979.76,ACTIVE,CLOTHS,1,1,0,0,False
MCH6578,2,MULTIPLE_VALUES,MULTIPLE_VALUES,MULTIPLE_VALUES,MULTIPLE_VALUES,4131,MULTIPLE_VALUES,MULTIPLE_VALUES,1868.23,ACTIVE | SUSPENDED,BOOKS | BUS_TAXI,2,2,1,1,True
MCH6582,2,MULTIPLE_VALUES,MULTIPLE_VALUES,MULTIPLE_VALUES,ACTIVE,MULTIPLE_VALUES,MULTIPLE_VALUES,MULTIPLE_VALUES,1285.755,ACTIVE,PHARMACIES | TELECOM,1,2,1,0,True
MCH6583,2,MULTIPLE_VALUES,MULTIPLE_VALUES,MULTIPLE_VALUES,MULTIPLE_VALUES,MULTIPLE_VALUES,MULTIPLE_VALUES,MULTIPLE_VALUES,3138.32,ACTIVE | INACTIVE,DEPARTMENT_STORE | PHARMACIES,2,2,0,0,True
MCH6585,2,MULTIPLE_VALUES,MULTIPLE_VALUES,PRIVATE_LIMITED,INACTIVE,MULTIPLE_VALUES,MULTIPLE_VALUES,MULTIPLE_VALUES,1466.2250000000001,INACTIVE,APPAREL | KIRANA,1,2,0,0,True
MCH6586,1,Pandya PLC,MISCELLANEOUS,INDIVIDUAL,ACTIVE,05999,BENGALURU,KARNATAKA,520.0,ACTIVE,MISCELLANEOUS,1,1,1,0,False
MCH6590,1,HandaInc,FASHION,INDIVIDUAL,ACTIVE,5699,KOLKATA,WEST_BENGAL,2071.46,ACTIVE,FASHION,1,1,0,0,False
MCH6593,3,MULTIPLE_VALUES,MULTIPLE_VALUES,MULTIPLE_VALUES,ACTIVE,MULTIPLE_VALUES,MULTIPLE_VALUES,MULTIPLE_VALUES,4477.93,ACTIVE,CLOTHING | KIRANA,1,2,0,0,True
MCH6594,1,Varkey-Bhatti,GROCERY_STORE,PARTNERSHIP,ACTIVE,5411,POONA,MAHARASHTRA,1271.0,ACTIVE,GROCERY_STORE,1,1,0,0,False
MCH6595,1,More-Sharma,HOTEL,SOLE_PROPRIETOR,ACTIVE,7011,JALANDHAR,PUNJAB,308.54,ACTIVE,HOTEL,1,1,0,0,False
MCH6598,4,MULTIPLE_VALUES,MULTIPLE_VALUES,MULTIPLE_VALUES,MULTIPLE_VALUES,MULTIPLE_VALUES,MULTIPLE_VALUES,MULTIPLE_VALUES,325.765,ACTIVE | INACTIVE | SUSPENDED,CLOTHS | FOOD | HOTEL_LODGING,3,3,0,1,True
MCH6600,1,raju inc,HOTEL_LODGING,INDIVIDUAL,ACTIVE,7011,BANGALORE,KARNATAKA,484.58,ACTIVE,HOTEL_LODGING,1,1,0,0,False
MCH6602,1,Thakkar Ltd,TRAVEL,PARTNERSHIP,ACTIVE,4131,MUMBAY,MAHARASHTRA,483.25,ACTIVE,TRAVEL,1,1,0,0,False
MCH6603,1,Atwal PLC,HOTELS,SOLE_PROPRIETOR,ACTIVE,7011,JAIPUR,RAJASTHAN,694.88,ACTIVE,HOTELS,1,1,0,0,False
MCH6607,1,Bedi-Bhandari,FOOD,SOLE_PROPRIETOR,ACTIVE,05812,LUDHIANA,PUNJAB,1203.0,ACTIVE,FOOD,1,1,1,0,False
MCH6608,1,"puri, dar and mann",KIRANA,PRIVATE_LIMITED,ACTIVE,,DELHI,DELHI,,ACTIVE,KIRANA,1,1,1,0,False
MCH6611,1,Mand PLC,GROCERY_STORE,PRIVATE_LIMITED,ACTIVE,5411,CHENNAI,TAMIL_NADU,,ACTIVE,GROCERY_STORE,1,1,0,0,False
MCH6612,1,sule-pillay,RESTAURANT,PARTNERSHIP,ACTIVE,5812,PUNE,MAHARASHTRA,2010.07,ACTIVE,RESTAURANT,1,1,0,0,False
MCH6615,1,PILLAY GROUP,BOOK_STORE,INDIVIDUAL,SUSPENDED,5942,HYD,TELANGANA,,SUSPENDED,BOOK_STORE,1,1,0,1,False
MCH6617,2,MULTIPLE_VALUES,MULTIPLE_VALUES,MULTIPLE_VALUES,ACTIVE,MULTIPLE_VALUES,MULTIPLE_VALUES,MULTIPLE_VALUES,1042.03,ACTIVE,CLOTHS | DEPARTMENT_STORES,1,2,0,0,True
MCH6623,1,Kakar and Sons,PHARMACY,INDIVIDUAL,ACTIVE,5912,POONA,MAHARASHTRA,1424.35,ACTIVE,PHARMACY,1,1,0,0,False
MCH6626,1,Zacharia-Kapadia,PHARMACY,PRIVATE_LIMITED,INACTIVE,5912,LKO,UTTAR_PRADESH,2864.89,INACTIVE,PHARMACY,1,1,0,0,False
MCH6628,1,Thakur-Kunda,PHONE_SERVICE,PRIVATE_LIMITED,ACTIVE,,NEW_DELHI,DELHI,1718.0,ACTIVE,PHONE_SERVICE,1,1,1,0,False
MCH6630,1,"Kalla, Vyas and Lanka",STATIONERY,SOLE_PROPRIETOR,ACTIVE,5942,JPR,RAJASTHAN,257.87,ACTIVE,STATIONERY,1,1,0,0,False
MCH6632,1,"Om, Mall and Sandhu",BUS_TAXI,PARTNERSHIP,SUSPENDED,UNKNOWN,LUCKNOW,UTTAR_PRADESH,996.13,SUSPENDED,BUS_TAXI,1,1,1,1,False
MCH6634,2,MULTIPLE_VALUES,MULTIPLE_VALUES,MULTIPLE_VALUES,MULTIPLE_VALUES,MULTIPLE_VALUES,MULTIPLE_VALUES,MULTIPLE_VALUES,2528.445,ACTIVE | INACTIVE,MISCELLANEOUS | OTHER,2,2,1,0,True
MCH6635,1,Sehgal Inc,EATING_PLACE,PRIVATE_LIMITED,ACTIVE,5812,BENGALURU,KARNATAKA,1810.23,ACTIVE,EATING_PLACE,1,1,0,0,False
MCH6637,1,Sagar Group,RETAIL,SOLE_PROPRIETOR,ACTIVE,5311,JPR,RAJASTHAN,,ACTIVE,RETAIL,1,1,0,0,False
MCH6639,1,Sandal Group,EATING_PLACE,SOLE_PROPRIETOR,ACTIVE,5812,AMRITSAR,PUNJAB,3334.16,ACTIVE,EATING_PLACE,1,1,0,0,False
MCH6641,1,Sunder-Taneja,KIRANA,INDIVIDUAL,ACTIVE,5411,KOLKATA,WEST_BENGAL,126.11,ACTIVE,KIRANA,1,1,0,0,False
MCH6643,1,"BALA, PALLA AND SRINIVAS",STATIONERY,PRIVATE_LIMITED,ACTIVE,5942,JALANDAR,PUNJAB,1698.35,ACTIVE,STATIONERY,1,1,0,0,False
MCH6645,2,MULTIPLE_VALUES,MULTIPLE_VALUES,MULTIPLE_VALUES,ACTIVE,MULTIPLE_VALUES,MULTIPLE_VALUES,PUNJAB,216.095,ACTIVE,CLOTHS | TRANSPRT,1,2,1,0,True
MCH6650,2,MULTIPLE_VALUES,MULTIPLE_VALUES,MULTIPLE_VALUES,MULTIPLE_VALUES,5942,MULTIPLE_VALUES,MULTIPLE_VALUES,2988.48,ACTIVE | INACTIVE,GROCERY_STORE | STATIONERY,2,2,1,0,True
MCH6651,2,MULTIPLE_VALUES,MULTIPLE_VALUES,MULTIPLE_VALUES,ACTIVE,MULTIPLE_VALUES,DELHI,DELHI,2006.725,ACTIVE,GROCERIES | HOTEL,1,2,1,0,True
MCH6654,2,MULTIPLE_VALUES,MULTIPLE_VALUES,MULTIPLE_VALUES,ACTIVE,MULTIPLE_VALUES,MULTIPLE_VALUES,MULTIPLE_VALUES,1009.625,ACTIVE,HOTELS | RESTAURANT,1,2,0,0,True
MCH6656,1,uppal llc,FOOD_SERVICES,INDIVIDUAL,ACTIVE,5812,LDH,PUNJAB,488.8,ACTIVE,FOOD_SERVICES,1,1,0,0,False
MCH6657,1,Atwal-Sarraf,GROCERY,PARTNERSHIP,ACTIVE,05411,HYD,TELANGANA,804.0,ACTIVE,GROCERY,1,1,1,0,False
MCH6660,2,MULTIPLE_VALUES,MULTIPLE_VALUES,SOLE_PROPRIETOR,ACTIVE,MULTIPLE_VALUES,CHENNAI,TAMIL_NADU,1617.025,ACTIVE,TELECOM | TRANSPORTATION,1,2,0,0,True
MCH6662,1,Din-Gour,MISC_RETAIL,INDIVIDUAL,ACTIVE,5999,POONA,MAHARASHTRA,3959.93,ACTIVE,MISC_RETAIL,1,1,0,0,False
MCH6665,1,WadhwaInc,DEPARTMENT_STORE,PRIVATE_LIMITED,ACTIVE,5311,NEW_DELHI,DELHI,1714.72,ACTIVE,DEPARTMENT_STORE,1,1,0,0,False
MCH6666,2,MULTIPLE_VALUES,MULTIPLE_VALUES,MULTIPLE_VALUES,MULTIPLE_VALUES,MULTIPLE_VALUES,MULTIPLE_VALUES,MULTIPLE_VALUES,1558.62,ACTIVE | SUSPENDED,CLOTHING | RETAIL,2,2,1,1,True
MCH6667,1,Konda-Jain,PHARMACY,SOLE_PROPRIETOR,ACTIVE,05912,HYDERABAD,TELANGANA,2831.62,ACTIVE,PHARMACY,1,1,1,0,False
MCH6670,1,SAWHNEY INC,GROCERY_STORES,INDIVIDUAL,ACTIVE,5411,BLR,KARNATAKA,,ACTIVE,GROCERY_STORES,1,1,0,0,False
MCH6671,1,Chandran-Dada,CLOTHING,PARTNERSHIP,ACTIVE,5699,AMRITSAR,PUNJAB,2579.5,ACTIVE,CLOTHING,1,1,0,0,False
MCH6672,2,MULTIPLE_VALUES,MULTIPLE_VALUES,MULTIPLE_VALUES,ACTIVE,MULTIPLE_VALUES,MULTIPLE_VALUES,MULTIPLE_VALUES,6454.575,ACTIVE,FOOD_SERVICES | RESTAURANTS,1,2,1,0,True
MCH6675,1,Vora and Sons,CLOTHS,PARTNERSHIP,ACTIVE,,LUDHIANA,PUNJAB,769.28,ACTIVE,CLOTHS,1,1,1,0,False
MCH6676,1,Balakrishnan-Baral,TRANSPORT,PARTNERSHIP,ACTIVE,4131,CHENNAI,TAMIL_NADU,1126.87,ACTIVE,TRANSPORT,1,1,0,0,False
MCH6677,1,"DESHMUKH, CHOUDHRY AND LAD",MEDICAL_STORE,PRIVATE_LIMITED,INACTIVE,5912,JALANDHAR,PUNJAB,2949.0,INACTIVE,MEDICAL_STORE,1,1,0,0,False
MCH6680,1,Vaidya-Agrawal,MISC_RETAIL,PARTNERSHIP,ACTIVE,5999,NEW_DELHI,DELHI,,ACTIVE,MISC_RETAIL,1,1,0,0,False
MCH6681,1,Baria PLC,BUS_TAXI,INDIVIDUAL,INACTIVE,4131,DELHI,DELHI,1343.0,INACTIVE,BUS_TAXI,1,1,0,0,False
MCH6683,2,MULTIPLE_VALUES,MULTIPLE_VALUES,INDIVIDUAL,ACTIVE,MULTIPLE_VALUES,MULTIPLE_VALUES,MULTIPLE_VALUES,4740.89,ACTIVE,GROCERY | TELECOM,1,2,0,0,True
MCH6692,3,MULTIPLE_VALUES,MULTIPLE_VALUES,MULTIPLE_VALUES,ACTIVE,MULTIPLE_VALUES,MULTIPLE_VALUES,MULTIPLE_VALUES,641.51,ACTIVE,BOOK_STORE | HOTEL_LODGING | RETAIL_OTHER,1,3,0,0,True
MCH6697,2,MULTIPLE_VALUES,MULTIPLE_VALUES,MULTIPLE_VALUES,MULTIPLE_VALUES,MULTIPLE_VALUES,MULTIPLE_VALUES,MULTIPLE_VALUES,856.395,ACTIVE | INACTIVE,GROCERY_STORE | TELECOM,2,2,0,0,True
MCH6700,1,RAVI LTD,TELECOM,PARTNERSHIP,ACTIVE,4814,PUNE,MAHARASHTRA,219.11,ACTIVE,TELECOM,1,1,0,0,False
MCH6707,2,MULTIPLE_VALUES,MULTIPLE_VALUES,MULTIPLE_VALUES,ACTIVE,4814,MULTIPLE_VALUES,MULTIPLE_VALUES,1299.05,ACTIVE,BOOKS | MOBILE_RECHARGE,1,2,1,0,True
MCH6708,2,MULTIPLE_VALUES,MULTIPLE_VALUES,MULTIPLE_VALUES,ACTIVE,MULTIPLE_VALUES,MULTIPLE_VALUES,PUNJAB,713.33,ACTIVE,HOTEL | MEDICAL_STORE,1,2,0,0,True
MCH6711,1,Loyal-Srinivasan,GROCERY,PARTNERSHIP,INACTIVE,5411,HYDERABAD,TELANGANA,931.24,INACTIVE,GROCERY,1,1,0,0,False
MCH6716,1,Shan PLC,GARMENTS,PARTNERSHIP,ACTIVE,5699,AMRITSAR,PUNJAB,1208.93,ACTIVE,GARMENTS,1,1,0,0,False
MCH6718,1,Chaudry-Ramachandran,PHONE_SERVICE,INDIVIDUAL,ACTIVE,4814,LUCKNOW,UTTAR_PRADESH,1635.83,ACTIVE,PHONE_SERVICE,1,1,0,0,False
MCH6720,1,"dhingra, shukla and edwin",MEDICAL,PARTNERSHIP,ACTIVE,5912,AMRITSAR,PUNJAB,638.0,ACTIVE,MEDICAL,1,1,0,0,False
MCH6721,2,MULTIPLE_VALUES,MULTIPLE_VALUES,INDIVIDUAL,ACTIVE,MULTIPLE_VALUES,MULTIPLE_VALUES,MULTIPLE_VALUES,1065.15,ACTIVE,GROCERY_STORES | PHARMACIES,1,2,0,0,True
MCH6722,2,MULTIPLE_VALUES,MULTIPLE_VALUES,MULTIPLE_VALUES,ACTIVE,MULTIPLE_VALUES,MULTIPLE_VALUES,MULTIPLE_VALUES,1126.955,ACTIVE,MEDICAL_STORE | MISC_RETAIL,1,2,1,0,True
MCH6726,1,Boase-Chatterjee,HOTELS,INDIVIDUAL,SUSPENDED,7011,CHENNAI,TAMIL_NADU,1583.09,SUSPENDED,HOTELS,1,1,0,1,False
MCH6729,2,MULTIPLE_VALUES,MULTIPLE_VALUES,PARTNERSHIP,ACTIVE,MULTIPLE_VALUES,MULTIPLE_VALUES,MULTIPLE_VALUES,442.47,ACTIVE,MEDICAL | RETAIL,1,2,1,0,True
MCH6730,1,"Babu, Sarma and Setty",CHEMIST,PARTNERSHIP,ACTIVE,5912,LUCKNOW,UTTAR_PRADESH,1118.53,ACTIVE,CHEMIST,1,1,0,0,False
MCH6731,4,MULTIPLE_VALUES,MULTIPLE_VALUES,MULTIPLE_VALUES,ACTIVE,MULTIPLE_VALUES,MULTIPLE_VALUES,MULTIPLE_VALUES,2177.29,ACTIVE,DEPARTMENT_STORES | EATING_PLACE,1,2,1,0,True
MCH6737,2,Kohli Inc,BOOKS_STATIONERY,PARTNERSHIP,ACTIVE,5942,LUDHIANA,PUNJAB,675.29,ACTIVE,BOOKS_STATIONERY,1,1,0,0,False
MCH6738,2,MULTIPLE_VALUES,MULTIPLE_VALUES,INDIVIDUAL,MULTIPLE_VALUES,MULTIPLE_VALUES,MULTIPLE_VALUES,MULTIPLE_VALUES,1846.61,ACTIVE | INACTIVE,APPAREL | TELECOM,2,2,1,0,True
MCH6741,1,PARIKH-BHATT,HOTEL,PARTNERSHIP,SUSPENDED,7011,DELHI,DELHI,664.53,SUSPENDED,HOTEL,1,1,0,1,False
MCH6742,2,MULTIPLE_VALUES,MULTIPLE_VALUES,MULTIPLE_VALUES,ACTIVE,MULTIPLE_VALUES,MULTIPLE_VALUES,MULTIPLE_VALUES,3465.05,ACTIVE,HOSPITALITY | PHONE_SERVICE,1,2,1,0,True
MCH6743,5,MULTIPLE_VALUES,MULTIPLE_VALUES,MULTIPLE_VALUES,MULTIPLE_VALUES,MULTIPLE_VALUES,MULTIPLE_VALUES,MULTIPLE_VALUES,1075.68,ACTIVE | INACTIVE,KIRANA | MISCELLANEOUS | MISC_RETAIL | MOBILE_RECHARGE,2,4,3,0,True
MCH6744,1,GREWAL INC,MISCELLANEOUS,PRIVATE_LIMITED,ACTIVE,5999,HYD,TELANGANA,1886.71,ACTIVE,MISCELLANEOUS,1,1,0,0,False
MCH6745,1,Chaudry PLC,HOSPITALITY,INDIVIDUAL,INACTIVE,7011,LUCKNOW,UTTAR_PRADESH,2605.91,INACTIVE,HOSPITALITY,1,1,0,0,False
MCH6746,1,"Tank, Chanda and Kothari",GROCERY_STORES,PRIVATE_LIMITED,ACTIVE,5411,LUDHIANA,PUNJAB,2445.51,ACTIVE,GROCERY_STORES,1,1,0,0,False
MCH6748,1,Sathe Inc,GROCERY_STORES,SOLE_PROPRIETOR,INACTIVE,5411,KOLKATA,WEST_BENGAL,1451.17,INACTIVE,GROCERY_STORES,1,1,0,0,False
MCH6751,1,Jhaveri-Rege,BOOK_STORE,PRIVATE_LIMITED,ACTIVE,5942,JALANDHAR,PUNJAB,1649.91,ACTIVE,BOOK_STORE,1,1,0,0,False
MCH6755,1,Subramaniam Inc,HOSPITALITY,PARTNERSHIP,ACTIVE,7011,DELHI,DELHI,1535.05,ACTIVE,HOSPITALITY,1,1,0,0,False
MCH6756,1,Mangal PLC,RESTAURANTS,INDIVIDUAL,ACTIVE,5812,KOLKATA,WEST_BENGAL,689.85,ACTIVE,RESTAURANTS,1,1,0,0,False
MCH6757,1,Brar-Saha,BOOKS,SOLE_PROPRIETOR,ACTIVE,5942,LUDHIANA,PUNJAB,602.25,ACTIVE,BOOKS,1,1,0,0,False
MCH6758,1,"Kaul, Vyas and Bobal",CHEMIST,SOLE_PROPRIETOR,ACTIVE,5912,JAIPUR,RAJASTHAN,1560.09,ACTIVE,CHEMIST,1,1,0,0,False
MCH6764,1,rama-vora,TRANSPRT,PARTNERSHIP,ACTIVE,4131,HYDERABAD,TELANGANA,892.82,ACTIVE,TRANSPRT,1,1,0,0,False
MCH6765,3,MULTIPLE_VALUES,MULTIPLE_VALUES,MULTIPLE_VALUES,ACTIVE,MULTIPLE_VALUES,MULTIPLE_VALUES,MULTIPLE_VALUES,1250.47,ACTIVE,CHEMIST | PHARMACY | TELECOM,1,3,0,0,True
MCH6770,1,CHAUDHARI-DEWAN,BOOKS,SOLE_PROPRIETOR,ACTIVE,5942,JPR,RAJASTHAN,1139.41,ACTIVE,BOOKS,1,1,0,0,False
MCH6772,1,"Sarin,KaleandBava",GROCERIES,INDIVIDUAL,INACTIVE,5411,AMRITSAR,PUNJAB,893.58,INACTIVE,GROCERIES,1,1,0,0,False
MCH6773,1,"parmar, sahota and rajagopalan",MISCELLANEOUS,SOLE_PROPRIETOR,ACTIVE,05999,POONA,MAHARASHTRA,3042.0,ACTIVE,MISCELLANEOUS,1,1,1,0,False
MCH6774,1,PARSA LTD,CLOTHS,PRIVATE_LIMITED,ACTIVE,5699,ASR,PUNJAB,2007.14,ACTIVE,CLOTHS,1,1,0,0,False
MCH6775,1,La11 Gr0up,RETAIL_OTHER,PRIVATE_LIMITED,INACTIVE,5999,CHENNAI,TAMIL_NADU,196.61,INACTIVE,RETAIL_OTHER,1,1,0,0,False
MCH6776,3,MULTIPLE_VALUES,MULTIPLE_VALUES,MULTIPLE_VALUES,MULTIPLE_VALUES,MULTIPLE_VALUES,MULTIPLE_VALUES,PUNJAB,1189.41,ACTIVE | INACTIVE,BOOKS_STATIONERY | FOOD | TRANSPORT,2,3,0,0,True
MCH6777,1,LALL-DATE,GROCERIES,PARTNERSHIP,ACTIVE,5411,LKO,UTTAR_PRADESH,1143.87,ACTIVE,GROCERIES,1,1,0,0,False
MCH6780,1,"Bhatia, Dalal and Kapur",RETAIL_OTHER,PRIVATE_LIMITED,ACTIVE,5999,JALANDHAR,PUNJAB,,ACTIVE,RETAIL_OTHER,1,1,0,0,False
MCH6782,2,MULTIPLE_VALUES,MULTIPLE_VALUES,PRIVATE_LIMITED,ACTIVE,MULTIPLE_VALUES,DELHI,DELHI,289.03,ACTIVE,FOOD_SERVICES | HOTEL_LODGING,1,2,2,0,True
MCH6783,3,MULTIPLE_VALUES,MULTIPLE_VALUES,INDIVIDUAL,ACTIVE,MULTIPLE_VALUES,MULTIPLE_VALUES,MULTIPLE_VALUES,1131.0,ACTIVE,FOOD_SERVICES | MEDICAL,1,2,0,0,True
MCH6785,1,rai llc,HOTEL_LODGING,SOLE_PROPRIETOR,ACTIVE,7011,CHENNAI,TAMIL_NADU,2498.92,ACTIVE,HOTEL_LODGING,1,1,0,0,False
MCH6789,1,Sanghvi-Garg,APPAREL,INDIVIDUAL,ACTIVE,5699,KOLKATA,WEST_BENGAL,8043.93,ACTIVE,APPAREL,1,1,0,0,False
MCH6795,1,"Hans, Majumdar and Mangat",MISC_RETAIL,INDIVIDUAL,ACTIVE,5999,HYDERABAD,TELANGANA,1573.9,ACTIVE,MISC_RETAIL,1,1,0,0,False
MCH6802,1,"deo, vohra and palla",DEPARTMENT_STORE,PRIVATE_LIMITED,ACTIVE,5311,DELHI,DELHI,1823.92,ACTIVE,DEPARTMENT_STORE,1,1,0,0,False
MCH6803,1,Babu-Aggarwal,STATIONERY,PARTNERSHIP,ACTIVE,5942,PUNE,MAHARASHTRA,2653.94,ACTIVE,STATIONERY,1,1,0,0,False
MCH6804,1,Johal and Sons,CLOTHS,SOLE_PROPRIETOR,INACTIVE,5699,CHENNAI,TAMIL_NADU,4018.13,INACTIVE,CLOTHS,1,1,0,0,False
MCH6805,1,Dora Ltd,DEPARTMENT_STORE,PRIVATE_LIMITED,ACTIVE,05311,MUMBAI,MAHARASHTRA,371.73,ACTIVE,DEPARTMENT_STORE,1,1,1,0,False
MCH6806,2,MULTIPLE_VALUES,MULTIPLE_VALUES,MULTIPLE_VALUES,ACTIVE,MULTIPLE_VALUES,MULTIPLE_VALUES,MULTIPLE_VALUES,11947.93,ACTIVE,GROCERY_STORE | HOSPITALITY,1,2,0,0,True
MCH6809,1,Reddy-Bhatt,CLOTHING,PARTNERSHIP,ACTIVE,,BLR,KARNATAKA,2382.0,ACTIVE,CLOTHING,1,1,1,0,False
MCH6812,1,"Gade, Badami and Choudhary",MOBILE_RECHARGE,SOLE_PROPRIETOR,ACTIVE,4814,ASR,PUNJAB,,ACTIVE,MOBILE_RECHARGE,1,1,0,0,False
MCH6814,1,Gara-Seth,TELECOM,PRIVATE_LIMITED,ACTIVE,4814,JAIPUR,RAJASTHAN,,ACTIVE,TELECOM,1,1,0,0,False
MCH6815,1,"Borra, Talwar and Jha",TELECOM,PARTNERSHIP,ACTIVE,4814,JALANDAR,PUNJAB,750.82,ACTIVE,TELECOM,1,1,0,0,False
MCH6816,1,Muni-Bakshi,BOOK_STORE,PRIVATE_LIMITED,SUSPENDED,,MUMBAI,MAHARASHTRA,1412.92,SUSPENDED,BOOK_STORE,1,1,1,1,False
MCH6818,3,MULTIPLE_VALUES,MULTIPLE_VALUES,MULTIPLE_VALUES,ACTIVE,MULTIPLE_VALUES,MULTIPLE_VALUES,MULTIPLE_VALUES,283.16999999999996,ACTIVE,DEPARTMENT_STORES | HOTELS,1,2,1,0,True
MCH6819,3,MULTIPLE_VALUES,MULTIPLE_VALUES,MULTIPLE_VALUES,ACTIVE,5812,MULTIPLE_VALUES,MULTIPLE_VALUES,2433.05,ACTIVE,FOOD_SERVICES | RETAIL_OTHER,1,2,2,0,True
MCH6822,1,"Sankar, Deol and Goswami",TELECOM,SOLE_PROPRIETOR,INACTIVE,4814,JAIPUR,RAJASTHAN,,INACTIVE,TELECOM,1,1,0,0,False
MCH6824,1,"Talwar, Ramesh and Hora",BOOKS_STATIONERY,SOLE_PROPRIETOR,ACTIVE,,BANGALORE,KARNATAKA,3249.65,ACTIVE,BOOKS_STATIONERY,1,1,1,0,False
MCH6825,2,MULTIPLE_VALUES,MULTIPLE_VALUES,MULTIPLE_VALUES,MULTIPLE_VALUES,MULTIPLE_VALUES,MULTIPLE_VALUES,MULTIPLE_VALUES,977.855,ACTIVE | SUSPENDED,CHEMIST | OTHER,2,2,0,1,True
MCH6827,1,Mangat and Sons,CHEMIST,SOLE_PROPRIETOR,ACTIVE,5912,JALANDAR,PUNJAB,1859.4,ACTIVE,CHEMIST,1,1,0,0,False
MCH6828,1,Warrior-Bhardwaj,TELECOM,PARTNERSHIP,ACTIVE,04814,LUCKNOW,UTTAR_PRADESH,2500.44,ACTIVE,TELECOM,1,1,1,0,False
MCH6829,1,"Natarajan, Thaker and Aggarwal",MEDICAL_STORE,SOLE_PROPRIETOR,ACTIVE,5912,MUMBAI,MAHARASHTRA,1746.05,ACTIVE,MEDICAL_STORE,1,1,0,0,False
MCH6831,2,MULTIPLE_VALUES,MULTIPLE_VALUES,MULTIPLE_VALUES,MULTIPLE_VALUES,MULTIPLE_VALUES,MULTIPLE_VALUES,MULTIPLE_VALUES,350.65,ACTIVE | SUSPENDED,RETAIL_OTHER | TRANSPORTATION,2,2,0,1,True
MCH6832,1,"Chaudry, Barman and Patla",RESTAURANT,SOLE_PROPRIETOR,INACTIVE,5812,LUCKNOW,UTTAR_PRADESH,617.14,INACTIVE,RESTAURANT,1,1,0,0,False
MCH6836,1,Gola-Rout,MISCELLANEOUS,SOLE_PROPRIETOR,SUSPENDED,5999,BENGALURU,KARNATAKA,2040.92,SUSPENDED,MISCELLANEOUS,1,1,0,1,False
MCH6837,3,MULTIPLE_VALUES,MULTIPLE_VALUES,MULTIPLE_VALUES,MULTIPLE_VALUES,05411,MULTIPLE_VALUES,MULTIPLE_VALUES,1750.4,ACTIVE | INACTIVE | SUSPENDED,BOOKS_STATIONERY | GROCERY_STORES,3,2,3,1,True
MCH6838,1,Wali-Nair,CHEMIST,PRIVATE_LIMITED,ACTIVE,5912,DELHI,DELHI,1461.29,ACTIVE,CHEMIST,1,1,0,0,False
MCH6839,3,MULTIPLE_VALUES,MULTIPLE_VALUES,MULTIPLE_VALUES,MULTIPLE_VALUES,MULTIPLE_VALUES,MULTIPLE_VALUES,MULTIPLE_VALUES,1531.04,ACTIVE | INACTIVE,GROCERIES | MEDICAL | TELECOM,2,3,1,0,True
MCH6840,1,saini group,GROCERY,PRIVATE_LIMITED,ACTIVE,5411,BENGALURU,KARNATAKA,,ACTIVE,GROCERY,1,1,0,0,False
MCH6843,3,MULTIPLE_VALUES,MULTIPLE_VALUES,MULTIPLE_VALUES,ACTIVE,MULTIPLE_VALUES,MULTIPLE_VALUES,MULTIPLE_VALUES,825.48,ACTIVE,APPAREL | BOOKS_STATIONERY | BOOK_STORE,1,3,2,0,True
MCH6844,1,"bedi, gill and dube",HOSPITALITY,PARTNERSHIP,ACTIVE,7011,KOLKATA,WEST_BENGAL,713.58,ACTIVE,HOSPITALITY,1,1,0,0,False
MCH6848,1,Dora LLC,DEPARTMENT_STORE,PARTNERSHIP,ACTIVE,5311,CHENNAI,TAMIL_NADU,1272.49,ACTIVE,DEPARTMENT_STORE,1,1,0,0,False
MCH6851,1,Chaudhary and S0ns,TRANSPRT,INDIVIDUAL,ACTIVE,4131,KOLKATA,WEST_BENGAL,4509.31,ACTIVE,TRANSPRT,1,1,0,0,False
MCH6852,1,Swamy-Srinivas,TELECOM,PRIVATE_LIMITED,ACTIVE,4814,MADRAS,TAMIL_NADU,,ACTIVE,TELECOM,1,1,0,0,False
MCH6853,1,Prashad PLC,HOTEL,PRIVATE_LIMITED,ACTIVE,7011,DILLI,DELHI,410.64,ACTIVE,HOTEL,1,1,0,0,False
MCH6854,1,Singh-Pandya,BOOKS_STATIONERY,PARTNERSHIP,ACTIVE,5942,AMRITSAR,PUNJAB,353.0,ACTIVE,BOOKS_STATIONERY,1,1,0,0,False
MCH6855,1,"Soman, Ravel and Anand",GROCERIES,PRIVATE_LIMITED,ACTIVE,5411,KOLKATA,WEST_BENGAL,1385.58,ACTIVE,GROCERIES,1,1,0,0,False
MCH6856,1,"Dalal, Morar and Gala",HOSPITALITY,PRIVATE_LIMITED,ACTIVE,07011,MADRAS,TAMIL_NADU,,ACTIVE,HOSPITALITY,1,1,1,0,False
MCH6857,1,Barad and Sons,HOTEL,PARTNERSHIP,ACTIVE,7011,JALANDAR,PUNJAB,2452.63,ACTIVE,HOTEL,1,1,0,0,False
MCH6860,1,buch plc,APPAREL,PRIVATE_LIMITED,ACTIVE,5699,CALCUTTA,WEST_BENGAL,364.0,ACTIVE,APPAREL,1,1,0,0,False
MCH6861,2,MULTIPLE_VALUES,MULTIPLE_VALUES,MULTIPLE_VALUES,ACTIVE,5999,MULTIPLE_VALUES,MULTIPLE_VALUES,1175.0,ACTIVE,KIRANA | OTHER,1,2,1,0,True
MCH6862,2,MULTIPLE_VALUES,MULTIPLE_VALUES,PRIVATE_LIMITED,ACTIVE,MULTIPLE_VALUES,MULTIPLE_VALUES,MULTIPLE_VALUES,1007.685,ACTIVE,MEDICAL | TELECOM,1,2,0,0,True
MCH6863,1,Mani Group,DEPT_STORE,INDIVIDUAL,ACTIVE,5311,JPR,RAJASTHAN,2985.0,ACTIVE,DEPT_STORE,1,1,0,0,False
MCH6865,1,Mander-Chakrabarti,HOTEL,PRIVATE_LIMITED,ACTIVE,7011,MUMBAI,MAHARASHTRA,,ACTIVE,HOTEL,1,1,0,0,False
MCH6866,3,MULTIPLE_VALUES,MULTIPLE_VALUES,MULTIPLE_VALUES,ACTIVE,MULTIPLE_VALUES,MULTIPLE_VALUES,MULTIPLE_VALUES,1819.8,ACTIVE,BOOKS_STATIONERY | MEDICAL_STORE | RETAIL_OTHER,1,3,2,0,True
MCH6868,1,Tara Group,RETAIL,PARTNERSHIP,ACTIVE,5311,PUNE,MAHARASHTRA,323.93,ACTIVE,RETAIL,1,1,0,0,False
MCH6869,1,"Oak, Kalla and Chand",TRANSPRT,PRIVATE_LIMITED,ACTIVE,4131,PUNE,MAHARASHTRA,2412.44,ACTIVE,TRANSPRT,1,1,0,0,False
MCH6870,1,Basak Group,PHONE_SERVICE,SOLE_PROPRIETOR,ACTIVE,4814,POONA,MAHARASHTRA,2497.95,ACTIVE,PHONE_SERVICE,1,1,0,0,False
MCH6873,1,Dar and Sons,DEPARTMENT_STORE,SOLE_PROPRIETOR,ACTIVE,5311,JALANDAR,PUNJAB,75.71,ACTIVE,DEPARTMENT_STORE,1,1,0,0,False
MCH6875,2,MULTIPLE_VALUES,MULTIPLE_VALUES,MULTIPLE_VALUES,ACTIVE,MULTIPLE_VALUES,MULTIPLE_VALUES,MULTIPLE_VALUES,2298.305,ACTIVE,CHEMIST | HOTEL,1,2,0,0,True
MCH6877,2,MULTIPLE_VALUES,MULTIPLE_VALUES,MULTIPLE_VALUES,ACTIVE,MULTIPLE_VALUES,MULTIPLE_VALUES,MULTIPLE_VALUES,2503.4449999999997,ACTIVE,APPAREL | KIRANA,1,2,1,0,True
MCH6882,1,"Thaker, Hans and Chandra",TRANSPORT,PRIVATE_LIMITED,INACTIVE,4131,LUCKNOW,UTTAR_PRADESH,274.11,INACTIVE,TRANSPORT,1,1,0,0,False
MCH6889,2,MULTIPLE_VALUES,MULTIPLE_VALUES,MULTIPLE_VALUES,ACTIVE,MULTIPLE_VALUES,MULTIPLE_VALUES,MULTIPLE_VALUES,2028.13,ACTIVE,BOOK_STORE | DEPARTMENT_STORES,1,2,1,0,True
MCH6890,2,Pandit-Narasimhan,HOTEL,PRIVATE_LIMITED,INACTIVE,7011,CALCUTTA,WEST_BENGAL,525.87,INACTIVE,HOTEL,1,1,0,0,False
MCH6892,1,Chacko-Gaba,PHARMACIES,SOLE_PROPRIETOR,ACTIVE,5912,BENGALURU,KARNATAKA,684.73,ACTIVE,PHARMACIES,1,1,0,0,False
MCH6896,2,MULTIPLE_VALUES,MULTIPLE_VALUES,MULTIPLE_VALUES,ACTIVE,4814,MULTIPLE_VALUES,MULTIPLE_VALUES,1862.46,ACTIVE,APPAREL | TELECOM,1,2,1,0,True
MCH6903,3,MULTIPLE_VALUES,MULTIPLE_VALUES,MULTIPLE_VALUES,ACTIVE,MULTIPLE_VALUES,MULTIPLE_VALUES,MULTIPLE_VALUES,3113.325,ACTIVE,MEDICAL | RESTAURANT | TRANSPRT,1,3,1,0,True
MCH6904,3,MULTIPLE_VALUES,MULTIPLE_VALUES,MULTIPLE_VALUES,MULTIPLE_VALUES,MULTIPLE_VALUES,MULTIPLE_VALUES,MULTIPLE_VALUES,327.955,ACTIVE | INACTIVE,DEPARTMENT_STORE | HOTEL | KIRANA,2,3,0,0,True
MCH6907,1,Dhillon-Sama,RESTAURANTS,PRIVATE_LIMITED,ACTIVE,5812,JALANDAR,PUNJAB,4335.88,ACTIVE,RESTAURANTS,1,1,0,0,False
MCH6917,1,"Deshmukh, Parmar and Lad",PHONE_SERVICE,SOLE_PROPRIETOR,ACTIVE,4814,JAIPUR,RAJASTHAN,1543.47,ACTIVE,PHONE_SERVICE,1,1,0,0,False
MCH6918,1,Sant Ltd,TRANSPORTATION,PRIVATE_LIMITED,ACTIVE,4131,CHENNAI,TAMIL_NADU,472.0,ACTIVE,TRANSPORTATION,1,1,0,0,False
MCH6919,1,Mander Ltd,OTHER,PARTNERSHIP,ACTIVE,5999,JALANDHAR,PUNJAB,2549.85,ACTIVE,OTHER,1,1,0,0,False
MCH6920,1,"Bhagat, Nadkarni and Dyal",DEPARTMENT_STORES,INDIVIDUAL,ACTIVE,5311,CALCUTTA,WEST_BENGAL,410.54,ACTIVE,DEPARTMENT_STORES,1,1,0,0,False
MCH6922,2,MULTIPLE_VALUES,MULTIPLE_VALUES,PRIVATE_LIMITED,MULTIPLE_VALUES,MULTIPLE_VALUES,MULTIPLE_VALUES,MULTIPLE_VALUES,1053.9650000000001,ACTIVE | INACTIVE,CLOTHING | MEDICAL,2,2,1,0,True
MCH6923,1,"kumar, hayre and grover",BOOKS_STATIONERY,PARTNERSHIP,INACTIVE,5942,LKO,UTTAR_PRADESH,937.24,INACTIVE,BOOKS_STATIONERY,1,1,0,0,False
MCH6926,1,Bhattacharyya and S0ns,MEDICAL_STORE,PRIVATE_LIMITED,ACTIVE,MISC,JAIPUR,RAJASTHAN,3997.27,ACTIVE,MEDICAL_STORE,1,1,1,0,False
MCH6928,2,MULTIPLE_VALUES,MULTIPLE_VALUES,PARTNERSHIP,ACTIVE,MULTIPLE_VALUES,MULTIPLE_VALUES,MULTIPLE_VALUES,1525.425,ACTIVE,CHEMIST | TELECOM,1,2,0,0,True
MCH6930,2,MULTIPLE_VALUES,MULTIPLE_VALUES,MULTIPLE_VALUES,ACTIVE,4131,MULTIPLE_VALUES,MULTIPLE_VALUES,,ACTIVE,GARMENTS | TRANSPRT,1,2,1,0,True
MCH6935,1,"Sagar,BadalandJha",PHARMACY,PRIVATE_LIMITED,ACTIVE,5912,DELHI,DELHI,319.7,ACTIVE,PHARMACY,1,1,0,0,False
MCH6939,3,MULTIPLE_VALUES,MULTIPLE_VALUES,MULTIPLE_VALUES,MULTIPLE_VALUES,MULTIPLE_VALUES,MULTIPLE_VALUES,UTTAR_PRADESH,2962.51,ACTIVE | INACTIVE | SUSPENDED,MISC_RETAIL | RESTAURANTS,3,2,0,1,True
MCH6940,1,Koshy Inc,TRANSPORT,PRIVATE_LIMITED,ACTIVE,4131,CHENNAI,TAMIL_NADU,5556.5,ACTIVE,TRANSPORT,1,1,0,0,False
MCH6943,1,Vyas Group,GARMENTS,INDIVIDUAL,ACTIVE,05699,ASR,PUNJAB,,ACTIVE,GARMENTS,1,1,1,0,False
MCH6944,2,MULTIPLE_VALUES,MULTIPLE_VALUES,INDIVIDUAL,MULTIPLE_VALUES,MULTIPLE_VALUES,MULTIPLE_VALUES,MULTIPLE_VALUES,1017.42,ACTIVE | INACTIVE,APPAREL | BUS_TAXI,2,2,0,0,True
MCH6945,1,Barad LLC,RETAIL,PARTNERSHIP,ACTIVE,5311,LUDHIANA,PUNJAB,3350.77,ACTIVE,RETAIL,1,1,0,0,False
MCH6947,2,MULTIPLE_VALUES,MULTIPLE_VALUES,INDIVIDUAL,ACTIVE,5912,MULTIPLE_VALUES,MULTIPLE_VALUES,883.76,ACTIVE,MEDICAL | TELECOM,1,2,1,0,True
MCH6948,1,"Kala,LokeandSinghal",PHONE_SERVICE,INDIVIDUAL,ACTIVE,4814,BANGALORE,KARNATAKA,,ACTIVE,PHONE_SERVICE,1,1,0,0,False
MCH6949,1,"Dada, Suri and Chhabra",HOTEL_LODGING,SOLE_PROPRIETOR,ACTIVE,7011,POONA,MAHARASHTRA,333.77,ACTIVE,HOTEL_LODGING,1,1,0,0,False
MCH6950,1,"Bal, Swaminathan and Desai",PHARMACY,PARTNERSHIP,ACTIVE,5912,JAIPUR,RAJASTHAN,1101.05,ACTIVE,PHARMACY,1,1,0,0,False
MCH6953,1,Khurana-Prabhakar,BOOKS,PARTNERSHIP,ACTIVE,,HYDERABAD,TELANGANA,,ACTIVE,BOOKS,1,1,1,0,False
MCH6959,1,"Agrawal, Bhatt and Babu",HOTELS,PARTNERSHIP,ACTIVE,7011,LUCKNOW,UTTAR_PRADESH,611.31,ACTIVE,HOTELS,1,1,0,0,False
MCH6960,1,DAS-DHAWAN,FOOD_SERVICES,PARTNERSHIP,ACTIVE,MISC,JAIPUR,RAJASTHAN,1832.0,ACTIVE,FOOD_SERVICES,1,1,1,0,False
MCH6965,1,Lala Group,MEDICAL,PRIVATE_LIMITED,ACTIVE,5912,PUNE,MAHARASHTRA,256.0,ACTIVE,MEDICAL,1,1,0,0,False
MCH6966,1,"Wali, Mand and Prabhakar",BOOKS_STATIONERY,PARTNERSHIP,ACTIVE,5942,AMRITSAR,PUNJAB,2789.87,ACTIVE,BOOKS_STATIONERY,1,1,0,0,False
MCH6970,2,MULTIPLE_VALUES,MULTIPLE_VALUES,PARTNERSHIP,ACTIVE,MULTIPLE_VALUES,MULTIPLE_VALUES,MULTIPLE_VALUES,537.675,ACTIVE,DEPARTMENT_STORE | GROCERY_STORES,1,2,0,0,True
MCH6972,1,Badal-Kamdar,HOTELS,PRIVATE_LIMITED,ACTIVE,7011,PUNE,MAHARASHTRA,1516.57,ACTIVE,HOTELS,1,1,0,0,False
MCH6974,1,Ramaswamy Ltd,DEPARTMENT_STORES,INDIVIDUAL,ACTIVE,5311,DELHI,DELHI,1499.0,ACTIVE,DEPARTMENT_STORES,1,1,0,0,False
MCH6977,1,SATHE-JHA,BOOK_STORE,INDIVIDUAL,ACTIVE,5942,LKO,UTTAR_PRADESH,,ACTIVE,BOOK_STORE,1,1,0,0,False
MCH6979,3,MULTIPLE_VALUES,MULTIPLE_VALUES,SOLE_PROPRIETOR,MULTIPLE_VALUES,5999,MULTIPLE_VALUES,MULTIPLE_VALUES,640.32,ACTIVE | INACTIVE,CHEMIST | RETAIL_OTHER,2,2,2,0,True
MCH6980,1,sarna-rajagopal,MISC_RETAIL,PARTNERSHIP,ACTIVE,5999,JALANDHAR,PUNJAB,5229.33,ACTIVE,MISC_RETAIL,1,1,0,0,False
MCH6982,2,MULTIPLE_VALUES,MULTIPLE_VALUES,PARTNERSHIP,MULTIPLE_VALUES,MULTIPLE_VALUES,MULTIPLE_VALUES,MULTIPLE_VALUES,5234.31,INACTIVE | SUSPENDED,MOBILE_RECHARGE | STATIONERY,2,2,0,1,True
MCH6983,1,Barman-Chand,DEPARTMENT_STORES,PARTNERSHIP,ACTIVE,5311,DELHI,DELHI,3713.18,ACTIVE,DEPARTMENT_STORES,1,1,0,0,False
MCH6984,1,wadhwa llc,GROCERY_STORES,INDIVIDUAL,ACTIVE,5411,PUNE,MAHARASHTRA,542.76,ACTIVE,GROCERY_STORES,1,1,0,0,False
MCH6985,1,Devi-Radhakrishnan,STATIONERY,INDIVIDUAL,ACTIVE,5942,JALANDHAR,PUNJAB,694.07,ACTIVE,STATIONERY,1,1,0,0,False
MCH6986,2,MULTIPLE_VALUES,MULTIPLE_VALUES,MULTIPLE_VALUES,ACTIVE,MULTIPLE_VALUES,MULTIPLE_VALUES,MULTIPLE_VALUES,577.345,ACTIVE,KIRANA | TELECOM,1,2,2,0,True
MCH6989,1,Raju LLC,CLOTHING,INDIVIDUAL,INACTIVE,5699,JPR,RAJASTHAN,1427.8,INACTIVE,CLOTHING,1,1,0,0,False
MCH6990,1,Apte-Choudhary,TRANSPRT,PARTNERSHIP,ACTIVE,4131,BANGALORE,KARNATAKA,3342.47,ACTIVE,TRANSPRT,1,1,0,0,False
MCH6991,1,dani ltd,BUS_TAXI,PARTNERSHIP,ACTIVE,UNKNOWN,BENGALURU,KARNATAKA,,ACTIVE,BUS_TAXI,1,1,1,0,False
MCH6992,1,"Srivastava, Sha and Natarajan",RESTAURANT,PARTNERSHIP,ACTIVE,5812,AMRITSAR,PUNJAB,893.0,ACTIVE,RESTAURANT,1,1,0,0,False
MCH6998,1,Jani-Nayak,DEPT_STORE,INDIVIDUAL,ACTIVE,5311,DELHI,DELHI,3349.13,ACTIVE,DEPT_STORE,1,1,0,0,False
MCH6999,2,MULTIPLE_VALUES,MULTIPLE_VALUES,PARTNERSHIP,ACTIVE,MULTIPLE_VALUES,MULTIPLE_VALUES,MULTIPLE_VALUES,970.95,ACTIVE,EATING_PLACE | HOTEL,1,2,0,0,True
MCH7001,1,Das LLC,TELECOM,PRIVATE_LIMITED,ACTIVE,4814,KOLKATA,WEST_BENGAL,3255.38,ACTIVE,TELECOM,1,1,0,0,False
MCH7003,2,MULTIPLE_VALUES,MULTIPLE_VALUES,MULTIPLE_VALUES,MULTIPLE_VALUES,MULTIPLE_VALUES,MULTIPLE_VALUES,MULTIPLE_VALUES,597.85,INACTIVE | SUSPENDED,BOOKS_STATIONERY | RETAIL_OTHER,2,2,0,1,True
MCH7007,1,Sastry-Soni,HOTELS,SOLE_PROPRIETOR,INACTIVE,7011,CHENNAI,TAMIL_NADU,,INACTIVE,HOTELS,1,1,0,0,False
MCH7010,1,kuruvilla-shanker,KIRANA,SOLE_PROPRIETOR,SUSPENDED,5411,DILLI,DELHI,524.4,SUSPENDED,KIRANA,1,1,0,1,False
MCH7013,2,MULTIPLE_VALUES,MULTIPLE_VALUES,MULTIPLE_VALUES,ACTIVE,MULTIPLE_VALUES,MULTIPLE_VALUES,MULTIPLE_VALUES,1647.405,ACTIVE,HOTEL_LODGING | MEDICAL_STORE,1,2,1,0,True
MCH7016,1,Ratti PLC,TRAVEL,PARTNERSHIP,ACTIVE,4131,LKO,UTTAR_PRADESH,319.94,ACTIVE,TRAVEL,1,1,0,0,False
MCH7017,2,MULTIPLE_VALUES,MULTIPLE_VALUES,MULTIPLE_VALUES,ACTIVE,UNKNOWN,MULTIPLE_VALUES,MULTIPLE_VALUES,1105.815,ACTIVE,HOSPITALITY | MISC_RETAIL,1,2,2,0,True
MCH7020,1,Dalal LLC,DEPARTMENT_STORE,PARTNERSHIP,ACTIVE,5311,CHENNAI,TAMIL_NADU,1105.4,ACTIVE,DEPARTMENT_STORE,1,1,0,0,False
MCH7021,1,"dewan, banerjee and purohit",HOTELS,SOLE_PROPRIETOR,ACTIVE,7011,BANGALORE,KARNATAKA,969.81,ACTIVE,HOTELS,1,1,0,0,False
MCH7023,2,MULTIPLE_VALUES,MULTIPLE_VALUES,INDIVIDUAL,ACTIVE,MULTIPLE_VALUES,MULTIPLE_VALUES,MULTIPLE_VALUES,1599.255,ACTIVE,DEPARTMENT_STORE | MISC_RETAIL,1,2,0,0,True
MCH7024,1,gandhi-kunda,BOOKS_STATIONERY,PRIVATE_LIMITED,ACTIVE,5942,LKO,UTTAR_PRADESH,184.56,ACTIVE,BOOKS_STATIONERY,1,1,0,0,False
MCH7025,1,"Shanker, Bandi and Bala",RETAIL_OTHER,INDIVIDUAL,ACTIVE,5999,BENGALURU,KARNATAKA,4575.03,ACTIVE,RETAIL_OTHER,1,1,0,0,False
MCH7026,1,Ganesan-Manda,HOTEL,SOLE_PROPRIETOR,ACTIVE,7011,MUMBAI,MAHARASHTRA,1364.0,ACTIVE,HOTEL,1,1,0,0,False
MCH7027,1,"Vyas, Ghose and Narasimhan",DEPARTMENT_STORE,SOLE_PROPRIETOR,ACTIVE,05311,HYDERABAD,TELANGANA,860.0,ACTIVE,DEPARTMENT_STORE,1,1,1,0,False
MCH7028,2,MULTIPLE_VALUES,MULTIPLE_VALUES,MULTIPLE_VALUES,ACTIVE,MULTIPLE_VALUES,MULTIPLE_VALUES,MULTIPLE_VALUES,358.155,ACTIVE,BOOKS | MEDICAL,1,2,1,0,True
MCH7029,2,MULTIPLE_VALUES,MULTIPLE_VALUES,MULTIPLE_VALUES,MULTIPLE_VALUES,MULTIPLE_VALUES,MULTIPLE_VALUES,MULTIPLE_VALUES,1856.525,ACTIVE | INACTIVE,MOBILE_RECHARGE | RESTAURANTS,2,2,0,0,True
MCH7030,1,Shan Ltd,DEPT_STORE,INDIVIDUAL,SUSPENDED,5311,LUDHIANA,PUNJAB,466.83,SUSPENDED,DEPT_STORE,1,1,0,1,False
MCH7031,1,Chander Inc,TELECOM,PRIVATE_LIMITED,ACTIVE,4814,POONA,MAHARASHTRA,1538.5,ACTIVE,TELECOM,1,1,0,0,False
MCH7032,1,"Mangat, Naik and Kakar",HOTELS,PRIVATE_LIMITED,ACTIVE,7011,ASR,PUNJAB,,ACTIVE,HOTELS,1,1,0,0,False
MCH7033,1,Mani and Sons,APPAREL,PARTNERSHIP,ACTIVE,5699,MUMBAI,MAHARASHTRA,2767.54,ACTIVE,APPAREL,1,1,0,0,False
MCH7034,3,MULTIPLE_VALUES,MULTIPLE_VALUES,MULTIPLE_VALUES,ACTIVE,MULTIPLE_VALUES,MULTIPLE_VALUES,MULTIPLE_VALUES,856.21,ACTIVE,BOOKS_STATIONERY | GROCERY | MISC_RETAIL,1,3,1,0,True
MCH7038,1,Mannan-Singh,BOOKS,INDIVIDUAL,INACTIVE,5942,BLR,KARNATAKA,620.0,INACTIVE,BOOKS,1,1,0,0,False
MCH7040,1,Bhasin-Lala,STATIONERY,INDIVIDUAL,SUSPENDED,5942,MUMBAI,MAHARASHTRA,2406.66,SUSPENDED,STATIONERY,1,1,0,1,False
MCH7042,2,MULTIPLE_VALUES,MULTIPLE_VALUES,MULTIPLE_VALUES,ACTIVE,4814,MULTIPLE_VALUES,MULTIPLE_VALUES,1108.2649999999999,ACTIVE,MISC_RETAIL | TELECOM,1,2,1,0,True
MCH7044,2,MULTIPLE_VALUES,MULTIPLE_VALUES,MULTIPLE_VALUES,ACTIVE,MULTIPLE_VALUES,MULTIPLE_VALUES,MULTIPLE_VALUES,402.62,ACTIVE,HOTELS | RESTAURANTS,1,2,0,0,True
MCH7047,1,BATTA-BHAVSAR,PHONE_SERVICE,INDIVIDUAL,ACTIVE,4814,LUCKNOW,UTTAR_PRADESH,691.03,ACTIVE,PHONE_SERVICE,1,1,0,0,False
MCH7048,1,Manda Inc,BOOKS,SOLE_PROPRIETOR,ACTIVE,5942,CALCUTTA,WEST_BENGAL,776.0,ACTIVE,BOOKS,1,1,0,0,False
MCH7050,1,CHAND AND SONS,PHARMACY,PRIVATE_LIMITED,ACTIVE,5912,BENGALURU,KARNATAKA,781.34,ACTIVE,PHARMACY,1,1,0,0,False
MCH7051,1,Ramachandran-Rajan,EATING_PLACE,PARTNERSHIP,ACTIVE,5812,MUMBAI,MAHARASHTRA,1183.53,ACTIVE,EATING_PLACE,1,1,0,0,False
MCH7057,1,"Lad, Kala and Bhagat",TELECOM,PARTNERSHIP,ACTIVE,4814,JAIPUR,RAJASTHAN,1333.8,ACTIVE,TELECOM,1,1,0,0,False
MCH7058,3,MULTIPLE_VALUES,MULTIPLE_VALUES,MULTIPLE_VALUES,ACTIVE,MULTIPLE_VALUES,MULTIPLE_VALUES,MULTIPLE_VALUES,822.57,ACTIVE,CLOTHS | DEPARTMENT_STORE | EATING_PLACE,1,3,1,0,True
MCH7060,1,"Nayak, Parmer and Anand",PHARMACIES,PRIVATE_LIMITED,ACTIVE,,KOLKATA,WEST_BENGAL,1299.1,ACTIVE,PHARMACIES,1,1,1,0,False
MCH7061,1,Grover and Sons,HOSPITALITY,INDIVIDUAL,ACTIVE,7011,JPR,RAJASTHAN,462.72,ACTIVE,HOSPITALITY,1,1,0,0,False
MCH7062,3,MULTIPLE_VALUES,MULTIPLE_VALUES,PARTNERSHIP,MULTIPLE_VALUES,MULTIPLE_VALUES,MULTIPLE_VALUES,MULTIPLE_VALUES,2267.0,ACTIVE | INACTIVE,MISCELLANEOUS | RESTAURANT,2,2,0,0,True
MCH7063,2,MULTIPLE_VALUES,MULTIPLE_VALUES,MULTIPLE_VALUES,MULTIPLE_VALUES,4814,MULTIPLE_VALUES,MULTIPLE_VALUES,2717.9,ACTIVE | INACTIVE,MISC_RETAIL | TELECOM,2,2,1,0,True
MCH7074,4,MULTIPLE_VALUES,MULTIPLE_VALUES,INDIVIDUAL,MULTIPLE_VALUES,MULTIPLE_VALUES,MULTIPLE_VALUES,MULTIPLE_VALUES,2149.4300000000003,ACTIVE | INACTIVE,OTHER | PHARMACIES | TRANSPORTATION | TRAVEL,2,4,2,0,True
MCH7075,1,D’Alia Group,HOTEL_LODGING,PARTNERSHIP,INACTIVE,7011,MADRAS,TAMIL_NADU,1262.21,INACTIVE,HOTEL_LODGING,1,1,0,0,False
MCH7076,1,Bava-Shroff,MISCELLANEOUS,SOLE_PROPRIETOR,ACTIVE,5999,CHENNAI,TAMIL_NADU,875.99,ACTIVE,MISCELLANEOUS,1,1,0,0,False
MCH7077,2,MULTIPLE_VALUES,MULTIPLE_VALUES,MULTIPLE_VALUES,MULTIPLE_VALUES,MULTIPLE_VALUES,MULTIPLE_VALUES,MULTIPLE_VALUES,421.5,ACTIVE | SUSPENDED,HOTEL_LODGING | STATIONERY,2,2,0,1,True
MCH7078,2,"Vasa, Gade and Viswanathan",FASHION,INDIVIDUAL,ACTIVE,5699,MUMBAI,MAHARASHTRA,660.73,ACTIVE,FASHION,1,1,0,0,False
MCH7087,1,Prashad LLC,DEPARTMENT_STORE,PARTNERSHIP,ACTIVE,5311,CHENNAI,TAMIL_NADU,955.0,ACTIVE,DEPARTMENT_STORE,1,1,0,0,False
MCH7088,1,Prabhu-Agarwal,DEPT_STORE,SOLE_PROPRIETOR,INACTIVE,5311,MUMBAI,MAHARASHTRA,5426.05,INACTIVE,DEPT_STORE,1,1,0,0,False
MCH7089,1,"Reddy, Dua and Trivedi",MEDICAL,PRIVATE_LIMITED,INACTIVE,5912,KOLKATA,WEST_BENGAL,819.59,INACTIVE,MEDICAL,1,1,0,0,False
MCH7093,1,Pai-Pau,HOTEL,INDIVIDUAL,SUSPENDED,7011,MUMBAI,MAHARASHTRA,1636.89,SUSPENDED,HOTEL,1,1,0,1,False
MCH7094,2,MULTIPLE_VALUES,MULTIPLE_VALUES,MULTIPLE_VALUES,ACTIVE,MULTIPLE_VALUES,MULTIPLE_VALUES,MULTIPLE_VALUES,577.91,ACTIVE,BOOKS | GROCERIES,1,2,0,0,True
MCH7095,4,MULTIPLE_VALUES,MULTIPLE_VALUES,MULTIPLE_VALUES,ACTIVE,MULTIPLE_VALUES,MULTIPLE_VALUES,MULTIPLE_VALUES,589.1,ACTIVE,BOOK_STORE | MISCELLANEOUS | RESTAURANTS,1,3,1,0,True
MCH7096,3,MULTIPLE_VALUES,MULTIPLE_VALUES,MULTIPLE_VALUES,ACTIVE,MULTIPLE_VALUES,MULTIPLE_VALUES,MULTIPLE_VALUES,1167.73,ACTIVE,BOOKS | FOOD_SERVICES,1,2,0,0,True
MCH7098,2,MULTIPLE_VALUES,MULTIPLE_VALUES,MULTIPLE_VALUES,ACTIVE,MULTIPLE_VALUES,MULTIPLE_VALUES,MULTIPLE_VALUES,1936.5,ACTIVE,BUS_TAXI | HOSPITALITY,1,2,0,0,True
MCH7100,1,Sanghvi-Pandit,APPAREL,INDIVIDUAL,ACTIVE,5699,PUNE,MAHARASHTRA,,ACTIVE,APPAREL,1,1,0,0,False
MCH7104,1,Kothari LLC,PHONE_SERVICE,PARTNERSHIP,ACTIVE,4814,JALANDAR,PUNJAB,810.17,ACTIVE,PHONE_SERVICE,1,1,0,0,False
MCH7105,4,MULTIPLE_VALUES,MULTIPLE_VALUES,MULTIPLE_VALUES,ACTIVE,MULTIPLE_VALUES,MULTIPLE_VALUES,MULTIPLE_VALUES,589.675,ACTIVE,BOOKS_STATIONERY | CLOTHS | FOOD | TELECOM,1,4,1,0,True
MCH7106,2,MULTIPLE_VALUES,MULTIPLE_VALUES,MULTIPLE_VALUES,ACTIVE,MULTIPLE_VALUES,MULTIPLE_VALUES,MULTIPLE_VALUES,951.3,ACTIVE,CLOTHS | RESTAURANT,1,2,0,0,True
MCH7108,1,Krishnan Group,GROCERY_STORES,SOLE_PROPRIETOR,ACTIVE,5411,DELHI,DELHI,567.27,ACTIVE,GROCERY_STORES,1,1,0,0,False
MCH7111,1,Kohli-Zachariah,KIRANA,PARTNERSHIP,ACTIVE,5411,LDH,PUNJAB,585.6,ACTIVE,KIRANA,1,1,0,0,False
MCH7113,1,"Jain,BhattiandSha",BOOKS_STATIONERY,PARTNERSHIP,SUSPENDED,5942,MADRAS,TAMIL_NADU,1921.99,SUSPENDED,BOOKS_STATIONERY,1,1,0,1,False
MCH7118,1,Chaudhry Ltd,RETAIL,SOLE_PROPRIETOR,ACTIVE,5311,HYDERABAD,TELANGANA,6144.18,ACTIVE,RETAIL,1,1,0,0,False
MCH7121,1,"narasimhan, anand and gaba",OTHER,PRIVATE_LIMITED,ACTIVE,5999,PUNE,MAHARASHTRA,2139.0,ACTIVE,OTHER,1,1,0,0,False
MCH7126,2,MULTIPLE_VALUES,MULTIPLE_VALUES,MULTIPLE_VALUES,ACTIVE,MULTIPLE_VALUES,MULTIPLE_VALUES,MULTIPLE_VALUES,1530.135,ACTIVE,OTHER | TRANSPORT,1,2,0,0,True
MCH7127,2,MULTIPLE_VALUES,MULTIPLE_VALUES,INDIVIDUAL,ACTIVE,MULTIPLE_VALUES,MULTIPLE_VALUES,MULTIPLE_VALUES,1427.165,ACTIVE,APPAREL | MEDICAL_STORE,1,2,0,0,True
MCH7128,1,Agarwal Group,CHEMIST,PRIVATE_LIMITED,ACTIVE,5912,JALANDHAR,PUNJAB,6405.9,ACTIVE,CHEMIST,1,1,0,0,False
MCH7133,1,DinInc,KIRANA,PRIVATE_LIMITED,INACTIVE,5411,PUNE,MAHARASHTRA,,INACTIVE,KIRANA,1,1,0,0,False
MCH7137,2,MULTIPLE_VALUES,TELECOM,MULTIPLE_VALUES,ACTIVE,4814,MULTIPLE_VALUES,MULTIPLE_VALUES,1165.18,ACTIVE,TELECOM,1,1,0,0,False
MCH7138,1,Shere-Shankar,GROCERY_STORES,SOLE_PROPRIETOR,ACTIVE,05411,CHENNAI,TAMIL_NADU,1960.27,ACTIVE,GROCERY_STORES,1,1,1,0,False
MCH7144,1,"char, kapadia and palla",MISCELLANEOUS,PRIVATE_LIMITED,INACTIVE,5999,MUMBAI,MAHARASHTRA,4555.85,INACTIVE,MISCELLANEOUS,1,1,0,0,False
MCH7145,1,Ratti and Sons,KIRANA,SOLE_PROPRIETOR,ACTIVE,,PUNE,MAHARASHTRA,1161.56,ACTIVE,KIRANA,1,1,1,0,False
MCH7146,2,MULTIPLE_VALUES,MULTIPLE_VALUES,MULTIPLE_VALUES,ACTIVE,MULTIPLE_VALUES,HYDERABAD,TELANGANA,4414.2300000000005,ACTIVE,DEPT_STORE | PHONE_SERVICE,1,2,0,0,True
MCH7149,3,MULTIPLE_VALUES,MULTIPLE_VALUES,MULTIPLE_VALUES,MULTIPLE_VALUES,MULTIPLE_VALUES,MULTIPLE_VALUES,MULTIPLE_VALUES,1819.0,ACTIVE | SUSPENDED,BOOK_STORE | TRANSPORTATION,2,2,0,1,True
MCH7152,2,MULTIPLE_VALUES,MULTIPLE_VALUES,MULTIPLE_VALUES,MULTIPLE_VALUES,MULTIPLE_VALUES,MULTIPLE_VALUES,MULTIPLE_VALUES,852.87,ACTIVE | INACTIVE,RETAIL | TRAVEL,2,2,0,0,True
MCH7154,1,"Raj, Ram and Chokshi",FOOD,PRIVATE_LIMITED,ACTIVE,5812,CHENNAI,TAMIL_NADU,242.8,ACTIVE,FOOD,1,1,0,0,False
MCH7156,3,MULTIPLE_VALUES,MULTIPLE_VALUES,MULTIPLE_VALUES,MULTIPLE_VALUES,MULTIPLE_VALUES,MULTIPLE_VALUES,MULTIPLE_VALUES,739.29,ACTIVE | SUSPENDED,DEPT_STORE | FOOD_SERVICES,2,2,1,1,True
MCH7157,1,Bir Inc,MOBILE_RECHARGE,PRIVATE_LIMITED,ACTIVE,,LUCKNOW,UTTAR_PRADESH,906.12,ACTIVE,MOBILE_RECHARGE,1,1,1,0,False
MCH7162,3,MULTIPLE_VALUES,MULTIPLE_VALUES,MULTIPLE_VALUES,ACTIVE,MULTIPLE_VALUES,MULTIPLE_VALUES,MULTIPLE_VALUES,1830.64,ACTIVE,GARMENTS | KIRANA | STATIONERY,1,3,1,0,True
MCH7163,1,"Chowdhury, Goyal and Pradhan",TRANSPORTATION,SOLE_PROPRIETOR,ACTIVE,4131,PUNE,MAHARASHTRA,,ACTIVE,TRANSPORTATION,1,1,0,0,False
MCH7164,2,MULTIPLE_VALUES,MULTIPLE_VALUES,INDIVIDUAL,ACTIVE,4131,MULTIPLE_VALUES,MULTIPLE_VALUES,519.18,ACTIVE,BUS_TAXI | FOOD,1,2,1,0,True
MCH7165,1,Kulkarni-Ramanathan,TELECOM,PRIVATE_LIMITED,ACTIVE,4814,AMRITSAR,PUNJAB,284.68,ACTIVE,TELECOM,1,1,0,0,False
MCH7167,1,"Bir, Kunda and Manne",STATIONERY,PARTNERSHIP,ACTIVE,05942,HYDERABAD,TELANGANA,397.0,ACTIVE,STATIONERY,1,1,1,0,False
MCH7172,1,Chandran-Palla,DEPARTMENT_STORES,PARTNERSHIP,ACTIVE,5311,PUNE,MAHARASHTRA,1177.65,ACTIVE,DEPARTMENT_STORES,1,1,0,0,False
MCH7176,1,"SACHAR, WALI AND SAHA",TRAVEL,INDIVIDUAL,ACTIVE,04131,KOLKATA,WEST_BENGAL,980.72,ACTIVE,TRAVEL,1,1,1,0,False
MCH7178,1,Devan and Sons,GROCERY_STORE,SOLE_PROPRIETOR,INACTIVE,5411,KOLKATA,WEST_BENGAL,758.21,INACTIVE,GROCERY_STORE,1,1,0,0,False
MCH7181,1,"Dar, Dada and Kala",TRANSPRT,PARTNERSHIP,ACTIVE,4131,CALCUTTA,WEST_BENGAL,859.59,ACTIVE,TRANSPRT,1,1,0,0,False
MCH7184,1,Dara Inc,GROCERY_STORE,SOLE_PROPRIETOR,ACTIVE,,MUMBAY,MAHARASHTRA,1095.25,ACTIVE,GROCERY_STORE,1,1,1,0,False
MCH7185,3,MULTIPLE_VALUES,MULTIPLE_VALUES,MULTIPLE_VALUES,MULTIPLE_VALUES,MULTIPLE_VALUES,MULTIPLE_VALUES,MULTIPLE_VALUES,1418.1,ACTIVE | INACTIVE,BOOKS_STATIONERY | DEPARTMENT_STORE | HOTELS,2,3,1,0,True
MCH7187,1,Sandhu Inc,RESTAURANT,INDIVIDUAL,ACTIVE,5812,ASR,PUNJAB,4006.56,ACTIVE,RESTAURANT,1,1,0,0,False
MCH7190,1,Som-Kibe,CLOTHS,PRIVATE_LIMITED,ACTIVE,5699,LUCKNOW,UTTAR_PRADESH,2254.41,ACTIVE,CLOTHS,1,1,0,0,False
MCH7191,1,Bhargava Ltd,BOOKS_STATIONERY,SOLE_PROPRIETOR,INACTIVE,05942,HYD,TELANGANA,528.97,INACTIVE,BOOKS_STATIONERY,1,1,1,0,False
MCH7192,2,MULTIPLE_VALUES,MULTIPLE_VALUES,PRIVATE_LIMITED,ACTIVE,5942,MULTIPLE_VALUES,MULTIPLE_VALUES,1676.945,ACTIVE,BOOK_STORE | HOTEL_LODGING,1,2,1,0,True
MCH7194,1,Shan and S0ns,TRANSPORT,INDIVIDUAL,ACTIVE,4131,LUDHIANA,PUNJAB,983.19,ACTIVE,TRANSPORT,1,1,0,0,False
MCH7195,1,Som and Sons,MISCELLANEOUS,SOLE_PROPRIETOR,ACTIVE,5999,CHENNAI,TAMIL_NADU,1440.74,ACTIVE,MISCELLANEOUS,1,1,0,0,False
MCH7196,2,MULTIPLE_VALUES,MULTIPLE_VALUES,MULTIPLE_VALUES,MULTIPLE_VALUES,MULTIPLE_VALUES,MULTIPLE_VALUES,MULTIPLE_VALUES,929.885,ACTIVE | SUSPENDED,RETAIL | TELECOM,2,2,1,1,True
MCH7197,1,Raval-Chadha,FOOD,INDIVIDUAL,ACTIVE,5812,BOMBAY,MAHARASHTRA,218.4,ACTIVE,FOOD,1,1,0,0,False
MCH7198,3,MULTIPLE_VALUES,MULTIPLE_VALUES,MULTIPLE_VALUES,ACTIVE,MULTIPLE_VALUES,MULTIPLE_VALUES,MULTIPLE_VALUES,1840.43,ACTIVE,BOOK_STORE | HOTEL | PHARMACIES,1,3,1,0,True
MCH7199,1,MANDA AND SONS,BOOKS,SOLE_PROPRIETOR,ACTIVE,5942,DELHI,DELHI,1077.86,ACTIVE,BOOKS,1,1,0,0,False
MCH7200,1,Madan PLC,FASHION,INDIVIDUAL,ACTIVE,5699,NEW_DELHI,DELHI,190.57,ACTIVE,FASHION,1,1,0,0,False
MCH7201,1,"patil, mahajan and issac",MISCELLANEOUS,PRIVATE_LIMITED,ACTIVE,5999,MUMBAI,MAHARASHTRA,282.54,ACTIVE,MISCELLANEOUS,1,1,0,0,False
MCH7202,1,UPPAL PLC,TRANSPORTATION,INDIVIDUAL,INACTIVE,4131,JAIPUR,RAJASTHAN,,INACTIVE,TRANSPORTATION,1,1,0,0,False
MCH7203,1,Sani-Memon,RETAIL,SOLE_PROPRIETOR,ACTIVE,,ASR,PUNJAB,,ACTIVE,RETAIL,1,1,1,0,False
MCH7204,1,Thaman Ltd,STATIONERY,INDIVIDUAL,ACTIVE,,JALANDHAR,PUNJAB,937.0,ACTIVE,STATIONERY,1,1,1,0,False
MCH7205,1,Dara PLC,CHEMIST,SOLE_PROPRIETOR,ACTIVE,5912,LUDHIANA,PUNJAB,1778.94,ACTIVE,CHEMIST,1,1,0,0,False
MCH7206,1,srivastava and sons,KIRANA,PRIVATE_LIMITED,ACTIVE,5411,LUCKNOW,UTTAR_PRADESH,1434.41,ACTIVE,KIRANA,1,1,0,0,False
MCH7211,2,MULTIPLE_VALUES,MULTIPLE_VALUES,MULTIPLE_VALUES,ACTIVE,MULTIPLE_VALUES,MULTIPLE_VALUES,MULTIPLE_VALUES,1213.23,ACTIVE,APPAREL | BOOKS_STATIONERY,1,2,0,0,True
MCH7215,1,"Kau1, Pur0hit and Ar0ra",RETAIL,PRIVATE_LIMITED,ACTIVE,5311,HYDERABAD,TELANGANA,2403.84,ACTIVE,RETAIL,1,1,0,0,False
MCH7216,1,PILLAI AND SONS,MOBILE_RECHARGE,INDIVIDUAL,ACTIVE,4814,AMRITSAR,PUNJAB,356.0,ACTIVE,MOBILE_RECHARGE,1,1,0,0,False
MCH7218,1,Varghese-Arya,HOSPITALITY,PRIVATE_LIMITED,ACTIVE,07011,LKO,UTTAR_PRADESH,2725.82,ACTIVE,HOSPITALITY,1,1,1,0,False
MCH7219,1,Dhawan-Saha,HOTEL_LODGING,INDIVIDUAL,INACTIVE,7011,DILLI,DELHI,2354.94,INACTIVE,HOTEL_LODGING,1,1,0,0,False
MCH7220,1,Rege-Sharaf,RESTAURANTS,PRIVATE_LIMITED,ACTIVE,5812,AMRITSAR,PUNJAB,978.47,ACTIVE,RESTAURANTS,1,1,0,0,False
MCH7222,1,Verma and Sons,TELECOM,INDIVIDUAL,INACTIVE,4814,DILLI,DELHI,,INACTIVE,TELECOM,1,1,0,0,False
MCH7225,1,APTE-WADHWA,FOOD_SERVICES,INDIVIDUAL,ACTIVE,5812,JALANDHAR,PUNJAB,,ACTIVE,FOOD_SERVICES,1,1,0,0,False
MCH7226,1,"Peri, Barad and Panchal",BOOKS,SOLE_PROPRIETOR,ACTIVE,5942,DELHI,DELHI,4237.0,ACTIVE,BOOKS,1,1,0,0,False
MCH7228,1,SwaminathanLtd,TELECOM,PARTNERSHIP,ACTIVE,,LUDHIANA,PUNJAB,,ACTIVE,TELECOM,1,1,1,0,False
MCH7229,1,"Salvi, Kale and Sunder",MOBILE_RECHARGE,PRIVATE_LIMITED,ACTIVE,4814,PUNE,MAHARASHTRA,606.62,ACTIVE,MOBILE_RECHARGE,1,1,0,0,False
MCH7233,3,MULTIPLE_VALUES,MULTIPLE_VALUES,MULTIPLE_VALUES,ACTIVE,MULTIPLE_VALUES,MULTIPLE_VALUES,MULTIPLE_VALUES,2703.6,ACTIVE,APPAREL | GROCERIES,1,2,0,0,True
MCH7236,2,MULTIPLE_VALUES,MULTIPLE_VALUES,PARTNERSHIP,ACTIVE,MULTIPLE_VALUES,MULTIPLE_VALUES,PUNJAB,1035.72,ACTIVE,FASHION | RESTAURANT,1,2,0,0,True
MCH7237,1,Reddy-Majumdar,RESTAURANTS,PARTNERSHIP,ACTIVE,UNKNOWN,DILLI,DELHI,987.48,ACTIVE,RESTAURANTS,1,1,1,0,False
MCH7239,2,MULTIPLE_VALUES,MULTIPLE_VALUES,MULTIPLE_VALUES,ACTIVE,7011,MULTIPLE_VALUES,MULTIPLE_VALUES,1929.61,ACTIVE,APPAREL | HOTEL,1,2,1,0,True
MCH7244,1,Nadig-Kata,TRANSPORT,PARTNERSHIP,ACTIVE,,BANGALORE,KARNATAKA,1686.67,ACTIVE,TRANSPORT,1,1,1,0,False
MCH7246,1,LATA LTD,CLOTHS,PARTNERSHIP,ACTIVE,5699,MADRAS,TAMIL_NADU,1315.04,ACTIVE,CLOTHS,1,1,0,0,False
MCH7248,1,Rajagopalan Group,HOTELS,PARTNERSHIP,ACTIVE,7011,HYDERABAD,TELANGANA,859.24,ACTIVE,HOTELS,1,1,0,0,False
MCH7249,1,Prakash Group,RESTAURANTS,SOLE_PROPRIETOR,ACTIVE,5812,MUMBAI,MAHARASHTRA,1855.0,ACTIVE,RESTAURANTS,1,1,0,0,False
MCH7252,1,"Krishnamurthy, Pandit and Mukherjee",BOOK_STORE,SOLE_PROPRIETOR,ACTIVE,5942,HYD,TELANGANA,1234.51,ACTIVE,BOOK_STORE,1,1,0,0,False
MCH7256,1,Arora-Raman,TRANSPRT,SOLE_PROPRIETOR,ACTIVE,4131,LUCKNOW,UTTAR_PRADESH,449.65,ACTIVE,TRANSPRT,1,1,0,0,False
MCH7257,1,"Nagi, Gera and Bedi",MISCELLANEOUS,SOLE_PROPRIETOR,ACTIVE,5999,JPR,RAJASTHAN,786.7,ACTIVE,MISCELLANEOUS,1,1,0,0,False
MCH7258,1,"om, swaminathan and ray",APPAREL,PRIVATE_LIMITED,INACTIVE,5699,JAIPUR,RAJASTHAN,472.89,INACTIVE,APPAREL,1,1,0,0,False
MCH7260,1,Kunda Inc,HOSPITALITY,PRIVATE_LIMITED,ACTIVE,7011,JALANDHAR,PUNJAB,391.11,ACTIVE,HOSPITALITY,1,1,0,0,False
MCH7262,1,Loke LLC,TELECOM,PARTNERSHIP,ACTIVE,4814,MUMBAI,MAHARASHTRA,3675.05,ACTIVE,TELECOM,1,1,0,0,False
MCH7266,1,Sule PLC,EATING_PLACE,PARTNERSHIP,ACTIVE,5812,JAIPUR,RAJASTHAN,,ACTIVE,EATING_PLACE,1,1,0,0,False
MCH7268,1,Mand-Char,PHARMACIES,PRIVATE_LIMITED,ACTIVE,5912,MUMBAY,MAHARASHTRA,1359.5,ACTIVE,PHARMACIES,1,1,0,0,False
MCH7269,1,La11-Raman,TELECOM,PRIVATE_LIMITED,ACTIVE,4814,LKO,UTTAR_PRADESH,1031.92,ACTIVE,TELECOM,1,1,0,0,False
MCH7270,1,Subramanian LLC,HOTELS,PRIVATE_LIMITED,ACTIVE,7011,ASR,PUNJAB,1469.96,ACTIVE,HOTELS,1,1,0,0,False
MCH7272,2,MULTIPLE_VALUES,MULTIPLE_VALUES,SOLE_PROPRIETOR,MULTIPLE_VALUES,MULTIPLE_VALUES,MULTIPLE_VALUES,MULTIPLE_VALUES,384.2,ACTIVE | INACTIVE,PHARMACY | TRAVEL,2,2,1,0,True
MCH7273,2,MULTIPLE_VALUES,MULTIPLE_VALUES,MULTIPLE_VALUES,ACTIVE,MULTIPLE_VALUES,MULTIPLE_VALUES,MULTIPLE_VALUES,1900.25,ACTIVE,BUS_TAXI | HOTEL_LODGING,1,2,0,0,True
MCH7276,1,Talwar-Kant,BUS_TAXI,PARTNERSHIP,ACTIVE,4131,JAIPUR,RAJASTHAN,692.16,ACTIVE,BUS_TAXI,1,1,0,0,False
MCH7279,2,das plc,RETAIL_OTHER,PARTNERSHIP,ACTIVE,5999,JAIPUR,RAJASTHAN,1157.26,ACTIVE,RETAIL_OTHER,1,1,0,0,False
MCH7280,3,MULTIPLE_VALUES,MULTIPLE_VALUES,INDIVIDUAL,ACTIVE,MULTIPLE_VALUES,MULTIPLE_VALUES,PUNJAB,466.99,ACTIVE,FOOD_SERVICES | GROCERIES,1,2,0,0,True
MCH7281,2,Kalita-Mistry,MOBILE_RECHARGE,PRIVATE_LIMITED,MULTIPLE_VALUES,4814,HYDERABAD,TELANGANA,2941.71,ACTIVE | INACTIVE,MOBILE_RECHARGE,2,1,0,0,True
MCH7282,1,chopra llc,KIRANA,PARTNERSHIP,ACTIVE,05411,AMRITSAR,PUNJAB,1111.0,ACTIVE,KIRANA,1,1,1,0,False
MCH7288,3,MULTIPLE_VALUES,MULTIPLE_VALUES,MULTIPLE_VALUES,MULTIPLE_VALUES,MULTIPLE_VALUES,MULTIPLE_VALUES,MULTIPLE_VALUES,1887.15,ACTIVE | SUSPENDED,GROCERY_STORE | MISCELLANEOUS | RESTAURANT,2,3,0,1,True
MCH7289,2,MULTIPLE_VALUES,MULTIPLE_VALUES,MULTIPLE_VALUES,ACTIVE,5699,MULTIPLE_VALUES,MULTIPLE_VALUES,2997.13,ACTIVE,APPAREL | FOOD,1,2,1,0,True
MCH7290,1,"Subramanian, B0rde and Ba1akrishnan",CLOTHING,INDIVIDUAL,ACTIVE,5699,LUCKNOW,UTTAR_PRADESH,2695.0,ACTIVE,CLOTHING,1,1,0,0,False
MCH7294,2,MULTIPLE_VALUES,MULTIPLE_VALUES,MULTIPLE_VALUES,MULTIPLE_VALUES,MULTIPLE_VALUES,MULTIPLE_VALUES,MULTIPLE_VALUES,1631.99,ACTIVE | SUSPENDED,BOOKS_STATIONERY | MEDICAL,2,2,0,1,True
MCH7295,1,Palan-Ray,HOSPITALITY,PARTNERSHIP,ACTIVE,7011,BANGALORE,KARNATAKA,1161.77,ACTIVE,HOSPITALITY,1,1,0,0,False
MCH7297,2,MULTIPLE_VALUES,MULTIPLE_VALUES,MULTIPLE_VALUES,ACTIVE,MULTIPLE_VALUES,MULTIPLE_VALUES,MULTIPLE_VALUES,2004.49,ACTIVE,DEPARTMENT_STORE | FOOD_SERVICES,1,2,0,0,True
MCH7298,1,"SANGHA, SANGHA AND KULKARNI",GROCERIES,INDIVIDUAL,ACTIVE,5411,DELHI,DELHI,1661.92,ACTIVE,GROCERIES,1,1,0,0,False
MCH7302,1,Murthy and Sons,GROCERY,PARTNERSHIP,ACTIVE,5411,BANGALORE,KARNATAKA,3381.11,ACTIVE,GROCERY,1,1,0,0,False
MCH7305,1,Iyer-Nagi,APPAREL,INDIVIDUAL,ACTIVE,5699,MUMBAI,MAHARASHTRA,1967.89,ACTIVE,APPAREL,1,1,0,0,False
MCH7306,1,Devi-Narang,TRANSPORTATION,INDIVIDUAL,ACTIVE,4131,NEW_DELHI,DELHI,539.76,ACTIVE,TRANSPORTATION,1,1,0,0,False
MCH7309,1,"LOKE, CHADA AND BADAL",FASHION,SOLE_PROPRIETOR,ACTIVE,,LUDHIANA,PUNJAB,3465.02,ACTIVE,FASHION,1,1,1,0,False
MCH7310,1,Mander Group,CLOTHING,PARTNERSHIP,INACTIVE,05699,LUCKNOW,UTTAR_PRADESH,1987.96,INACTIVE,CLOTHING,1,1,1,0,False
MCH7311,2,MULTIPLE_VALUES,MULTIPLE_VALUES,MULTIPLE_VALUES,ACTIVE,MULTIPLE_VALUES,MUMBAI,MAHARASHTRA,578.64,ACTIVE,GROCERY_STORE | HOTEL_LODGING,1,2,0,0,True
MCH7312,1,Ramakrishnan-Banerjee,RETAIL,SOLE_PROPRIETOR,ACTIVE,5311,MUMBAI,MAHARASHTRA,977.96,ACTIVE,RETAIL,1,1,0,0,False
MCH7313,2,MULTIPLE_VALUES,MULTIPLE_VALUES,MULTIPLE_VALUES,MULTIPLE_VALUES,MULTIPLE_VALUES,MULTIPLE_VALUES,MULTIPLE_VALUES,1479.1599999999999,ACTIVE | SUSPENDED,TELECOM | TRANSPORT,2,2,0,1,True
MCH7314,2,Mahajan-B0rde,RETAIL_OTHER,PARTNERSHIP,ACTIVE,5999,LUCKNOW,UTTAR_PRADESH,1003.0,ACTIVE,RETAIL_OTHER,1,1,0,0,False
MCH7316,1,TAK LTD,STATIONERY,SOLE_PROPRIETOR,ACTIVE,,JAIPUR,RAJASTHAN,688.43,ACTIVE,STATIONERY,1,1,1,0,False
MCH7318,1,Keer-Rao,TELECOM,PARTNERSHIP,ACTIVE,UNKNOWN,PUNE,MAHARASHTRA,502.45,ACTIVE,TELECOM,1,1,1,0,False
MCH7321,1,"Krishna, Saraf and Pant",MISCELLANEOUS,PARTNERSHIP,ACTIVE,UNKNOWN,KOLKATA,WEST_BENGAL,954.48,ACTIVE,MISCELLANEOUS,1,1,1,0,False
MCH7323,3,MULTIPLE_VALUES,MULTIPLE_VALUES,MULTIPLE_VALUES,ACTIVE,MULTIPLE_VALUES,MULTIPLE_VALUES,MULTIPLE_VALUES,973.0,ACTIVE,DEPT_STORE | EATING_PLACE | HOTEL_LODGING,1,3,1,0,True
MCH7324,1,Grover-Murty,STATIONERY,PARTNERSHIP,SUSPENDED,5942,JALANDAR,PUNJAB,1077.62,SUSPENDED,STATIONERY,1,1,0,1,False
MCH7325,1,Chatterjee-Manda,MISC_RETAIL,INDIVIDUAL,ACTIVE,MISC,KOLKATA,WEST_BENGAL,1420.0,ACTIVE,MISC_RETAIL,1,1,1,0,False
MCH7326,1,"Mandal, Behl and Bhattacharyya",HOSPITALITY,SOLE_PROPRIETOR,ACTIVE,7011,CHENNAI,TAMIL_NADU,1119.05,ACTIVE,HOSPITALITY,1,1,0,0,False
MCH7327,2,"Krish, Dhar and Choudhury",TELECOM,INDIVIDUAL,MULTIPLE_VALUES,4814,KOLKATA,WEST_BENGAL,440.0,ACTIVE | SUSPENDED,TELECOM,2,1,0,1,True
MCH7331,2,MULTIPLE_VALUES,MULTIPLE_VALUES,SOLE_PROPRIETOR,MULTIPLE_VALUES,MULTIPLE_VALUES,MULTIPLE_VALUES,MULTIPLE_VALUES,490.55,ACTIVE | INACTIVE,RESTAURANT | RETAIL,2,2,0,0,True
MCH7332,1,"Mutti, Reddy and Guha",DEPARTMENT_STORES,PRIVATE_LIMITED,ACTIVE,5311,KOLKATA,WEST_BENGAL,1708.81,ACTIVE,DEPARTMENT_STORES,1,1,0,0,False
MCH7335,2,MULTIPLE_VALUES,MULTIPLE_VALUES,MULTIPLE_VALUES,ACTIVE,MULTIPLE_VALUES,MULTIPLE_VALUES,MULTIPLE_VALUES,584.8,ACTIVE,FOOD | GROCERIES,1,2,1,0,True
MCH7336,1,Krishnan and Sons,EATING_PLACE,PARTNERSHIP,ACTIVE,5812,JALANDHAR,PUNJAB,1122.92,ACTIVE,EATING_PLACE,1,1,0,0,False
MCH7337,2,NATH-NARAYAN,CLOTHS,INDIVIDUAL,ACTIVE,5699,HYD,TELANGANA,3029.85,ACTIVE,CLOTHS,1,1,0,0,False
MCH7338,1,"Verma, Rai and Patla",MEDICAL,PRIVATE_LIMITED,ACTIVE,,BANGALORE,KARNATAKA,2235.57,ACTIVE,MEDICAL,1,1,1,0,False
MCH7339,1,"PUROHIT, DHINGRA AND BARMAN",GROCERY_STORES,INDIVIDUAL,ACTIVE,5411,CHENNAI,TAMIL_NADU,2247.46,ACTIVE,GROCERY_STORES,1,1,0,0,False
MCH7340,1,Devi and Sons,CLOTHS,PARTNERSHIP,ACTIVE,,CALCUTTA,WEST_BENGAL,1101.37,ACTIVE,CLOTHS,1,1,1,0,False
MCH7341,1,VARUGHESE INC,HOTEL_LODGING,PARTNERSHIP,ACTIVE,7011,KOLKATA,WEST_BENGAL,,ACTIVE,HOTEL_LODGING,1,1,0,0,False
MCH7343,1,Dixit Ltd,PHARMACY,PARTNERSHIP,ACTIVE,5912,JPR,RAJASTHAN,3142.0,ACTIVE,PHARMACY,1,1,0,0,False
MCH7344,2,MULTIPLE_VALUES,MULTIPLE_VALUES,SOLE_PROPRIETOR,MULTIPLE_VALUES,MULTIPLE_VALUES,MULTIPLE_VALUES,MULTIPLE_VALUES,1416.4250000000002,ACTIVE | SUSPENDED,CLOTHING | TRANSPORT,2,2,1,1,True
MCH7350,2,MULTIPLE_VALUES,MULTIPLE_VALUES,MULTIPLE_VALUES,ACTIVE,MULTIPLE_VALUES,MULTIPLE_VALUES,MULTIPLE_VALUES,1079.19,ACTIVE,CLOTHS | TELECOM,1,2,0,0,True
MCH7353,4,MULTIPLE_VALUES,MULTIPLE_VALUES,MULTIPLE_VALUES,MULTIPLE_VALUES,MULTIPLE_VALUES,MULTIPLE_VALUES,MULTIPLE_VALUES,1097.0,ACTIVE | SUSPENDED,DEPARTMENT_STORE | GROCERIES | MEDICAL | MOBILE_RECHARGE,2,4,2,1,True
MCH7354,1,"CHATTERJEE, SARNA AND HANDA",FASHION,SOLE_PROPRIETOR,ACTIVE,,BENGALURU,KARNATAKA,728.0,ACTIVE,FASHION,1,1,1,0,False
MCH7355,2,MULTIPLE_VALUES,MULTIPLE_VALUES,PRIVATE_LIMITED,ACTIVE,MULTIPLE_VALUES,MULTIPLE_VALUES,MAHARASHTRA,2423.725,ACTIVE,DEPT_STORE | MOBILE_RECHARGE,1,2,0,0,True
MCH7356,1,"Divan, Rastogi and Prabhu",BOOKS_STATIONERY,PARTNERSHIP,ACTIVE,5942,LUCKNOW,UTTAR_PRADESH,,ACTIVE,BOOKS_STATIONERY,1,1,0,0,False
MCH7357,1,Varkey LLC,HOTELS,PRIVATE_LIMITED,ACTIVE,7011,CALCUTTA,WEST_BENGAL,665.88,ACTIVE,HOTELS,1,1,0,0,False
MCH7358,1,Basak-Patla,MISC_RETAIL,SOLE_PROPRIETOR,ACTIVE,5999,DELHI,DELHI,3053.41,ACTIVE,MISC_RETAIL,1,1,0,0,False
MCH7359,2,MULTIPLE_VALUES,MULTIPLE_VALUES,MULTIPLE_VALUES,ACTIVE,MULTIPLE_VALUES,MULTIPLE_VALUES,MULTIPLE_VALUES,654.0,ACTIVE,BOOKS_STATIONERY | MEDICAL,1,2,0,0,True
MCH7360,1,RAJAN-SAHNI,PHONE_SERVICE,PARTNERSHIP,INACTIVE,,KOLKATA,WEST_BENGAL,1218.43,INACTIVE,PHONE_SERVICE,1,1,1,0,False
MCH7362,2,MULTIPLE_VALUES,MULTIPLE_VALUES,PRIVATE_LIMITED,ACTIVE,MULTIPLE_VALUES,PUNE,MAHARASHTRA,1197.105,ACTIVE,BOOKS | MEDICAL_STORE,1,2,0,0,True
MCH7363,1,Babu-Acharya,MISC_RETAIL,SOLE_PROPRIETOR,ACTIVE,5999,KOLKATA,WEST_BENGAL,1983.77,ACTIVE,MISC_RETAIL,1,1,0,0,False
MCH7364,1,VIG-BALA,HOTEL_LODGING,SOLE_PROPRIETOR,ACTIVE,7011,MUMBAI,MAHARASHTRA,1242.0,ACTIVE,HOTEL_LODGING,1,1,0,0,False
MCH7366,2,MULTIPLE_VALUES,MULTIPLE_VALUES,PARTNERSHIP,MULTIPLE_VALUES,MULTIPLE_VALUES,MULTIPLE_VALUES,MULTIPLE_VALUES,2024.0,ACTIVE | SUSPENDED,CLOTHS | KIRANA,2,2,0,1,True
MCH7370,1,Peri LLC,BUS_TAXI,PRIVATE_LIMITED,ACTIVE,4131,CALCUTTA,WEST_BENGAL,1188.42,ACTIVE,BUS_TAXI,1,1,0,0,False
MCH7371,2,MULTIPLE_VALUES,MULTIPLE_VALUES,MULTIPLE_VALUES,ACTIVE,MULTIPLE_VALUES,MULTIPLE_VALUES,MULTIPLE_VALUES,456.21,ACTIVE,DEPARTMENT_STORE | MEDICAL_STORE,1,2,0,0,True
MCH7379,2,MULTIPLE_VALUES,MULTIPLE_VALUES,PARTNERSHIP,ACTIVE,MULTIPLE_VALUES,MULTIPLE_VALUES,MULTIPLE_VALUES,198.46,ACTIVE,CLOTHS | MEDICAL,1,2,0,0,True
MCH7380,1,"Gour, Jani and Mital",MISC_RETAIL,INDIVIDUAL,INACTIVE,5999,CHENNAI,TAMIL_NADU,688.41,INACTIVE,MISC_RETAIL,1,1,0,0,False
MCH7383,3,MULTIPLE_VALUES,MULTIPLE_VALUES,MULTIPLE_VALUES,ACTIVE,MULTIPLE_VALUES,MULTIPLE_VALUES,MULTIPLE_VALUES,2244.22,ACTIVE,GARMENTS | MISC_RETAIL,1,2,1,0,True
MCH7384,2,MULTIPLE_VALUES,MULTIPLE_VALUES,MULTIPLE_VALUES,ACTIVE,4814,MULTIPLE_VALUES,MULTIPLE_VALUES,2758.47,ACTIVE,DEPT_STORE | TELECOM,1,2,1,0,True
MCH7386,2,MULTIPLE_VALUES,MULTIPLE_VALUES,MULTIPLE_VALUES,MULTIPLE_VALUES,MULTIPLE_VALUES,MULTIPLE_VALUES,MULTIPLE_VALUES,2460.94,ACTIVE | SUSPENDED,CHEMIST | HOTEL,2,2,0,1,True
MCH7387,1,Lad-Comar,RESTAURANT,SOLE_PROPRIETOR,ACTIVE,5812,JALANDHAR,PUNJAB,4968.31,ACTIVE,RESTAURANT,1,1,0,0,False
MCH7389,1,Basu-Bedi,EATING_PLACE,PARTNERSHIP,ACTIVE,5812,BLR,KARNATAKA,,ACTIVE,EATING_PLACE,1,1,0,0,False
MCH7391,1,"Vora, Lad and Sekhon",GROCERIES,PARTNERSHIP,INACTIVE,5411,POONA,MAHARASHTRA,4971.16,INACTIVE,GROCERIES,1,1,0,0,False
MCH7394,2,MULTIPLE_VALUES,MULTIPLE_VALUES,MULTIPLE_VALUES,ACTIVE,MULTIPLE_VALUES,MULTIPLE_VALUES,MULTIPLE_VALUES,2591.535,ACTIVE,DEPARTMENT_STORE | FOOD_SERVICES,1,2,1,0,True
MCH7395,2,MULTIPLE_VALUES,MULTIPLE_VALUES,MULTIPLE_VALUES,ACTIVE,MULTIPLE_VALUES,MULTIPLE_VALUES,MULTIPLE_VALUES,431.0,ACTIVE,HOTEL_LODGING | PHARMACY,1,2,0,0,True
MCH7398,1,Bhavsar and Sons,DEPT_STORE,SOLE_PROPRIETOR,ACTIVE,05311,CHENNAI,TAMIL_NADU,6060.9,ACTIVE,DEPT_STORE,1,1,1,0,False
MCH7400,2,MULTIPLE_VALUES,MULTIPLE_VALUES,MULTIPLE_VALUES,MULTIPLE_VALUES,5942,MULTIPLE_VALUES,MULTIPLE_VALUES,5104.155,INACTIVE | SUSPENDED,BOOKS | OTHER,2,2,1,1,True
MCH7403,3,MULTIPLE_VALUES,MULTIPLE_VALUES,MULTIPLE_VALUES,MULTIPLE_VALUES,MULTIPLE_VALUES,MULTIPLE_VALUES,MULTIPLE_VALUES,697.8,ACTIVE | INACTIVE,BOOKS_STATIONERY | BOOK_STORE | DEPARTMENT_STORE,2,3,0,0,True
MCH7408,1,Bala Group,RETAIL_OTHER,PRIVATE_LIMITED,ACTIVE,,HYDERABAD,TELANGANA,1032.22,ACTIVE,RETAIL_OTHER,1,1,1,0,False
MCH7411,2,"Bhasin, Soman and Savant",MOBILE_RECHARGE,SOLE_PROPRIETOR,MULTIPLE_VALUES,4814,CHENNAI,TAMIL_NADU,2298.88,ACTIVE | INACTIVE,MOBILE_RECHARGE,2,1,0,0,True
MCH7412,2,Chand-Bada1,FOOD_SERVICES,PRIVATE_LIMITED,MULTIPLE_VALUES,5812,MUMBAI,MAHARASHTRA,539.2,INACTIVE | SUSPENDED,FOOD_SERVICES,2,1,0,1,True
MCH7413,1,Uppal-Chaudhry,DEPT_STORE,PRIVATE_LIMITED,ACTIVE,,BENGALURU,KARNATAKA,3645.54,ACTIVE,DEPT_STORE,1,1,1,0,False
MCH7419,1,Minhas Inc,CLOTHING,INDIVIDUAL,ACTIVE,5699,BENGALURU,KARNATAKA,,ACTIVE,CLOTHING,1,1,0,0,False
MCH7422,1,Divan-Vaidya,BOOK_STORE,INDIVIDUAL,SUSPENDED,5942,JAIPUR,RAJASTHAN,170.31,SUSPENDED,BOOK_STORE,1,1,0,1,False
MCH7428,2,MULTIPLE_VALUES,MULTIPLE_VALUES,MULTIPLE_VALUES,ACTIVE,MULTIPLE_VALUES,MULTIPLE_VALUES,MULTIPLE_VALUES,1241.19,ACTIVE,CLOTHS | DEPARTMENT_STORE,1,2,1,0,True
MCH7429,1,"Sandal, Raja and Gopal",HOTEL_LODGING,SOLE_PROPRIETOR,ACTIVE,7011,BLR,KARNATAKA,1419.21,ACTIVE,HOTEL_LODGING,1,1,0,0,False
MCH7430,4,MULTIPLE_VALUES,MULTIPLE_VALUES,MULTIPLE_VALUES,ACTIVE,MULTIPLE_VALUES,MULTIPLE_VALUES,MULTIPLE_VALUES,2077.325,ACTIVE,CLOTHING | DEPARTMENT_STORE | GARMENTS | MOBILE_RECHARGE,1,4,2,0,True
MCH7431,1,Nagarajan and Sons,HOTEL,SOLE_PROPRIETOR,ACTIVE,7011,JAIPUR,RAJASTHAN,1657.0,ACTIVE,HOTEL,1,1,0,0,False
MCH7432,3,MULTIPLE_VALUES,MULTIPLE_VALUES,MULTIPLE_VALUES,ACTIVE,MULTIPLE_VALUES,MULTIPLE_VALUES,MULTIPLE_VALUES,611.3,ACTIVE,CLOTHS | RESTAURANT | STATIONERY,1,3,1,0,True
MCH7433,1,"Sahota, Desai and Sarma",MISC_RETAIL,INDIVIDUAL,ACTIVE,5999,PUNE,MAHARASHTRA,867.14,ACTIVE,MISC_RETAIL,1,1,0,0,False
MCH7435,1,"Puri, Biswas and Roy",MEDICAL,PARTNERSHIP,SUSPENDED,5912,JPR,RAJASTHAN,,SUSPENDED,MEDICAL,1,1,0,1,False
MCH7436,1,Mane-Trivedi,MEDICAL_STORE,INDIVIDUAL,ACTIVE,5912,BENGALURU,KARNATAKA,,ACTIVE,MEDICAL_STORE,1,1,0,0,False
MCH7439,1,Jayaraman PLC,HOSPITALITY,PRIVATE_LIMITED,ACTIVE,7011,KOLKATA,WEST_BENGAL,7697.49,ACTIVE,HOSPITALITY,1,1,0,0,False
MCH7440,1,Rastogi-Manne,GARMENTS,SOLE_PROPRIETOR,ACTIVE,5699,LUCKNOW,UTTAR_PRADESH,2334.42,ACTIVE,GARMENTS,1,1,0,0,False
MCH7442,2,MULTIPLE_VALUES,MULTIPLE_VALUES,PARTNERSHIP,ACTIVE,MULTIPLE_VALUES,MULTIPLE_VALUES,MULTIPLE_VALUES,1620.41,ACTIVE,APPAREL | MISCELLANEOUS,1,2,1,0,True
MCH7443,1,chander-manda,TRANSPRT,PRIVATE_LIMITED,ACTIVE,4131,DILLI,DELHI,1371.0,ACTIVE,TRANSPRT,1,1,0,0,False
MCH7444,1,Lanka-Shukla,FASHION,PRIVATE_LIMITED,ACTIVE,5699,MUMBAI,MAHARASHTRA,2750.67,ACTIVE,FASHION,1,1,0,0,False
MCH7446,1,"SAMI, NARAYAN AND ROY",BOOKS_STATIONERY,PARTNERSHIP,INACTIVE,05942,LUDHIANA,PUNJAB,6191.17,INACTIVE,BOOKS_STATIONERY,1,1,1,0,False
MCH7448,1,mittal inc,PHONE_SERVICE,PRIVATE_LIMITED,INACTIVE,04814,HYDERABAD,TELANGANA,760.79,INACTIVE,PHONE_SERVICE,1,1,1,0,False
MCH7449,1,"Brahmbhatt, Nagarajan and Kaul",DEPARTMENT_STORE,SOLE_PROPRIETOR,ACTIVE,05311,AMRITSAR,PUNJAB,397.32,ACTIVE,DEPARTMENT_STORE,1,1,1,0,False
MCH7452,2,MULTIPLE_VALUES,MULTIPLE_VALUES,MULTIPLE_VALUES,ACTIVE,MULTIPLE_VALUES,MULTIPLE_VALUES,MULTIPLE_VALUES,1046.705,ACTIVE,DEPARTMENT_STORE | MISCELLANEOUS,1,2,0,0,True
MCH7455,1,"MODY, BHATTACHARYYA AND PALLA",PHONE_SERVICE,INDIVIDUAL,ACTIVE,4814,DELHI,DELHI,113.99,ACTIVE,PHONE_SERVICE,1,1,0,0,False
MCH7458,1,"hans, som and krish",EATING_PLACE,SOLE_PROPRIETOR,ACTIVE,,BLR,KARNATAKA,8448.66,ACTIVE,EATING_PLACE,1,1,1,0,False
MCH7459,1,"Gara, Agarwal and Anne",HOTEL_LODGING,INDIVIDUAL,ACTIVE,7011,LDH,PUNJAB,2650.18,ACTIVE,HOTEL_LODGING,1,1,0,0,False
MCH7462,1,"MALHOTRA, SACHDEVA AND SANT",GROCERY_STORE,SOLE_PROPRIETOR,ACTIVE,5411,HYDERABAD,TELANGANA,1601.35,ACTIVE,GROCERY_STORE,1,1,0,0,False
MCH7463,1,CHAUDRY-NATARAJAN,MEDICAL_STORE,PARTNERSHIP,ACTIVE,5912,CHENNAI,TAMIL_NADU,,ACTIVE,MEDICAL_STORE,1,1,0,0,False
MCH7464,1,DuttaLLC,TRAVEL,PRIVATE_LIMITED,ACTIVE,04131,LUCKNOW,UTTAR_PRADESH,270.92,ACTIVE,TRAVEL,1,1,1,0,False
MCH7465,1,Bhatt Group,MISC_RETAIL,INDIVIDUAL,ACTIVE,,PUNE,MAHARASHTRA,3040.67,ACTIVE,MISC_RETAIL,1,1,1,0,False
MCH7469,1,Dua LLC,RESTAURANTS,SOLE_PROPRIETOR,INACTIVE,5812,PUNE,MAHARASHTRA,1848.0,INACTIVE,RESTAURANTS,1,1,0,0,False
MCH7470,3,MULTIPLE_VALUES,MULTIPLE_VALUES,MULTIPLE_VALUES,MULTIPLE_VALUES,MULTIPLE_VALUES,MULTIPLE_VALUES,MULTIPLE_VALUES,787.0,ACTIVE | INACTIVE,DEPARTMENT_STORE | GARMENTS,2,2,2,0,True
MCH7471,1,DASS LLC,RESTAURANT,SOLE_PROPRIETOR,ACTIVE,5812,LUCKNOW,UTTAR_PRADESH,390.54,ACTIVE,RESTAURANT,1,1,0,0,False
MCH7473,2,MULTIPLE_VALUES,MULTIPLE_VALUES,MULTIPLE_VALUES,MULTIPLE_VALUES,MULTIPLE_VALUES,MULTIPLE_VALUES,TELANGANA,1709.42,ACTIVE | INACTIVE,GROCERIES | RETAIL,2,2,0,0,True
MCH7476,1,Sundaram Ltd,GROCERY,SOLE_PROPRIETOR,ACTIVE,5411,LDH,PUNJAB,1389.53,ACTIVE,GROCERY,1,1,0,0,False
MCH7478,1,"Sami, Brahmbhatt and Khurana",CLOTHING,PRIVATE_LIMITED,INACTIVE,5699,MUMBAY,MAHARASHTRA,,INACTIVE,CLOTHING,1,1,0,0,False
MCH7479,1,"Wadhwa, Bhatia and Gade",RETAIL,PARTNERSHIP,ACTIVE,5311,CHENNAI,TAMIL_NADU,998.0,ACTIVE,RETAIL,1,1,0,0,False
MCH7482,1,"Bail, Verma and Sur",CLOTHING,PRIVATE_LIMITED,ACTIVE,5699,JALANDAR,PUNJAB,249.45,ACTIVE,CLOTHING,1,1,0,0,False
MCH7489,1,Sridhar PLC,MISC_RETAIL,INDIVIDUAL,ACTIVE,5999,BLR,KARNATAKA,990.64,ACTIVE,MISC_RETAIL,1,1,0,0,False
MCH7490,1,datta ltd,PHARMACY,SOLE_PROPRIETOR,ACTIVE,5912,CALCUTTA,WEST_BENGAL,1590.69,ACTIVE,PHARMACY,1,1,0,0,False
MCH7493,2,MULTIPLE_VALUES,MULTIPLE_VALUES,MULTIPLE_VALUES,MULTIPLE_VALUES,MULTIPLE_VALUES,MULTIPLE_VALUES,MULTIPLE_VALUES,370.69000000000005,ACTIVE | INACTIVE,CLOTHS | GROCERIES,2,2,0,0,True
MCH7495,3,MULTIPLE_VALUES,MULTIPLE_VALUES,MULTIPLE_VALUES,MULTIPLE_VALUES,MULTIPLE_VALUES,MULTIPLE_VALUES,MULTIPLE_VALUES,1584.42,ACTIVE | INACTIVE,DEPT_STORE | GROCERY_STORES | MISCELLANEOUS,2,3,0,0,True
MCH7501,1,Jayaraman Inc,DEPARTMENT_STORE,PARTNERSHIP,ACTIVE,5311,CALCUTTA,WEST_BENGAL,2898.16,ACTIVE,DEPARTMENT_STORE,1,1,0,0,False
MCH7502,1,GOKHALE LLC,DEPT_STORE,INDIVIDUAL,ACTIVE,5311,ASR,PUNJAB,1185.45,ACTIVE,DEPT_STORE,1,1,0,0,False
MCH7503,2,MULTIPLE_VALUES,MULTIPLE_VALUES,MULTIPLE_VALUES,ACTIVE,MULTIPLE_VALUES,MULTIPLE_VALUES,MULTIPLE_VALUES,1167.54,ACTIVE,GROCERY | HOTELS,1,2,0,0,True
MCH7504,2,MULTIPLE_VALUES,MULTIPLE_VALUES,MULTIPLE_VALUES,ACTIVE,7011,MULTIPLE_VALUES,MULTIPLE_VALUES,4645.650000000001,ACTIVE,HOSPITALITY | HOTEL,1,2,0,0,True
MCH7508,1,Garg-Deo,BOOKS,PARTNERSHIP,ACTIVE,5942,AMRITSAR,PUNJAB,1956.49,ACTIVE,BOOKS,1,1,0,0,False
MCH7509,1,Narasimhan-Naidu,GARMENTS,SOLE_PROPRIETOR,ACTIVE,5699,KOLKATA,WEST_BENGAL,1271.23,ACTIVE,GARMENTS,1,1,0,0,False
MCH7513,1,Buch Inc,FOOD,INDIVIDUAL,ACTIVE,5812,KOLKATA,WEST_BENGAL,584.0,ACTIVE,FOOD,1,1,0,0,False
MCH7514,1,Ahuja-Bobal,RETAIL,SOLE_PROPRIETOR,ACTIVE,5311,LUCKNOW,UTTAR_PRADESH,1943.52,ACTIVE,RETAIL,1,1,0,0,False
MCH7517,1,"Banik, Kamdar and Dada",CLOTHS,INDIVIDUAL,ACTIVE,5699,ASR,PUNJAB,2046.69,ACTIVE,CLOTHS,1,1,0,0,False
MCH7519,1,"Sarkar, Garg and Kumar",BUS_TAXI,PARTNERSHIP,INACTIVE,4131,LKO,UTTAR_PRADESH,771.94,INACTIVE,BUS_TAXI,1,1,0,0,False
MCH7521,2,MULTIPLE_VALUES,MULTIPLE_VALUES,MULTIPLE_VALUES,ACTIVE,MULTIPLE_VALUES,MULTIPLE_VALUES,MULTIPLE_VALUES,1259.5,ACTIVE,BUS_TAXI | OTHER,1,2,0,0,True
MCH7523,2,MULTIPLE_VALUES,MULTIPLE_VALUES,SOLE_PROPRIETOR,ACTIVE,MULTIPLE_VALUES,MULTIPLE_VALUES,MULTIPLE_VALUES,4503.155,ACTIVE,MEDICAL | TRANSPORT,1,2,1,0,True
MCH7524,2,MULTIPLE_VALUES,MULTIPLE_VALUES,MULTIPLE_VALUES,ACTIVE,MULTIPLE_VALUES,MULTIPLE_VALUES,MULTIPLE_VALUES,1329.35,ACTIVE,HOSPITALITY | RESTAURANT,1,2,0,0,True
MCH7525,1,Char-Narayanan,BOOK_STORE,INDIVIDUAL,ACTIVE,5942,LUCKNOW,UTTAR_PRADESH,424.34,ACTIVE,BOOK_STORE,1,1,0,0,False
MCH7533,1,"Boase, Krishnan and Tiwari",CLOTHING,PARTNERSHIP,ACTIVE,,LKO,UTTAR_PRADESH,1221.0,ACTIVE,CLOTHING,1,1,1,0,False
MCH7536,1,Kalla-Deo,DEPT_STORE,PARTNERSHIP,ACTIVE,5311,KOLKATA,WEST_BENGAL,803.42,ACTIVE,DEPT_STORE,1,1,0,0,False
MCH7539,1,"Kalita, Din and Ganesh",RETAIL,PRIVATE_LIMITED,ACTIVE,5311,CHENNAI,TAMIL_NADU,,ACTIVE,RETAIL,1,1,0,0,False
MCH7540,3,MULTIPLE_VALUES,MULTIPLE_VALUES,MULTIPLE_VALUES,ACTIVE,MULTIPLE_VALUES,MULTIPLE_VALUES,MULTIPLE_VALUES,579.73,ACTIVE,DEPT_STORE | MISCELLANEOUS,1,2,0,0,True
MCH7544,2,MULTIPLE_VALUES,MULTIPLE_VALUES,MULTIPLE_VALUES,INACTIVE,MULTIPLE_VALUES,MULTIPLE_VALUES,PUNJAB,1903.575,INACTIVE,TELECOM | TRANSPRT,1,2,0,0,True
MCH7546,1,Koshy LLC,PHARMACIES,INDIVIDUAL,ACTIVE,5912,NEW_DELHI,DELHI,356.0,ACTIVE,PHARMACIES,1,1,0,0,False
MCH7548,2,MULTIPLE_VALUES,MULTIPLE_VALUES,MULTIPLE_VALUES,MULTIPLE_VALUES,4814,MULTIPLE_VALUES,MULTIPLE_VALUES,3638.355,ACTIVE | SUSPENDED,GROCERY | PHONE_SERVICE,2,2,1,1,True
MCH7549,1,Narayan PLC,HOTELS,SOLE_PROPRIETOR,INACTIVE,07011,KOLKATA,WEST_BENGAL,2720.0,INACTIVE,HOTELS,1,1,1,0,False
MCH7552,1,SOM AND SONS,TELECOM,SOLE_PROPRIETOR,ACTIVE,4814,PUNE,MAHARASHTRA,1934.0,ACTIVE,TELECOM,1,1,0,0,False
MCH7554,1,"J0ha1, K0thari and Nagar",BUS_TAXI,INDIVIDUAL,ACTIVE,04131,JALANDAR,PUNJAB,572.11,ACTIVE,BUS_TAXI,1,1,1,0,False
MCH7556,1,Hayer-Saini,BOOKS,INDIVIDUAL,ACTIVE,5942,CHENNAI,TAMIL_NADU,,ACTIVE,BOOKS,1,1,0,0,False
MCH7558,4,MULTIPLE_VALUES,MULTIPLE_VALUES,MULTIPLE_VALUES,ACTIVE,MULTIPLE_VALUES,MULTIPLE_VALUES,MULTIPLE_VALUES,1006.345,ACTIVE,BOOK_STORE | EATING_PLACE | HOTEL_LODGING | OTHER,1,4,1,0,True
MCH7560,1,Chakraborty and Sons,DEPARTMENT_STORE,PARTNERSHIP,ACTIVE,,PUNE,MAHARASHTRA,2097.03,ACTIVE,DEPARTMENT_STORE,1,1,1,0,False
MCH7563,1,Anne and Sons,HOTELS,PRIVATE_LIMITED,ACTIVE,7011,AMRITSAR,PUNJAB,300.06,ACTIVE,HOTELS,1,1,0,0,False
MCH7564,1,"Mahal, Thaman and Dani",BOOKS_STATIONERY,SOLE_PROPRIETOR,ACTIVE,,JALANDHAR,PUNJAB,503.13,ACTIVE,BOOKS_STATIONERY,1,1,1,0,False
MCH7566,2,MULTIPLE_VALUES,PHARMACY,MULTIPLE_VALUES,MULTIPLE_VALUES,5912,MULTIPLE_VALUES,MAHARASHTRA,814.4,ACTIVE | INACTIVE,PHARMACY,2,1,0,0,True
MCH7567,2,MULTIPLE_VALUES,MULTIPLE_VALUES,PARTNERSHIP,ACTIVE,MULTIPLE_VALUES,MULTIPLE_VALUES,MULTIPLE_VALUES,622.995,ACTIVE,GARMENTS | MEDICAL_STORE,1,2,0,0,True
MCH7568,2,MULTIPLE_VALUES,MULTIPLE_VALUES,MULTIPLE_VALUES,ACTIVE,MULTIPLE_VALUES,MULTIPLE_VALUES,MULTIPLE_VALUES,1278.0,ACTIVE,HOTELS | TRANSPORT,1,2,0,0,True
MCH7572,1,"Nori, Kibe and Das",FASHION,SOLE_PROPRIETOR,ACTIVE,5699,LUCKNOW,UTTAR_PRADESH,870.0,ACTIVE,FASHION,1,1,0,0,False
MCH7574,2,MULTIPLE_VALUES,DEPT_STORE,MULTIPLE_VALUES,ACTIVE,,MULTIPLE_VALUES,MULTIPLE_VALUES,1109.44,ACTIVE,DEPT_STORE,1,1,2,0,False
MCH7576,1,Ramanathan-Menon,HOSPITALITY,PARTNERSHIP,ACTIVE,7011,JALANDAR,PUNJAB,757.61,ACTIVE,HOSPITALITY,1,1,0,0,False
MCH7577,1,"Gandhi, Golla and Arora",CLOTHING,PRIVATE_LIMITED,ACTIVE,5699,AMRITSAR,PUNJAB,,ACTIVE,CLOTHING,1,1,0,0,False
MCH7580,2,MULTIPLE_VALUES,MULTIPLE_VALUES,MULTIPLE_VALUES,ACTIVE,MULTIPLE_VALUES,MULTIPLE_VALUES,MULTIPLE_VALUES,1155.73,ACTIVE,HOTEL | MOBILE_RECHARGE,1,2,0,0,True
MCH7581,1,"Deshpande, Butala and Jain",CLOTHING,PRIVATE_LIMITED,ACTIVE,5699,LUCKNOW,UTTAR_PRADESH,,ACTIVE,CLOTHING,1,1,0,0,False
MCH7582,1,Gola Ltd,TRANSPRT,INDIVIDUAL,ACTIVE,4131,KOLKATA,WEST_BENGAL,1056.25,ACTIVE,TRANSPRT,1,1,0,0,False
MCH7585,1,Rattan-Ratti,CLOTHING,PARTNERSHIP,ACTIVE,5699,PUNE,MAHARASHTRA,,ACTIVE,CLOTHING,1,1,0,0,False
MCH7586,2,MULTIPLE_VALUES,MULTIPLE_VALUES,PARTNERSHIP,MULTIPLE_VALUES,MULTIPLE_VALUES,MULTIPLE_VALUES,MULTIPLE_VALUES,697.425,ACTIVE | INACTIVE,DEPARTMENT_STORE | EATING_PLACE,2,2,1,0,True
MCH7589,2,MULTIPLE_VALUES,MULTIPLE_VALUES,MULTIPLE_VALUES,ACTIVE,MULTIPLE_VALUES,MULTIPLE_VALUES,MAHARASHTRA,1064.785,ACTIVE,HOTEL | TRANSPORTATION,1,2,0,0,True
MCH7591,1,Gour-Hora,FOOD_SERVICES,SOLE_PROPRIETOR,ACTIVE,5812,ASR,PUNJAB,1230.68,ACTIVE,FOOD_SERVICES,1,1,0,0,False
MCH7595,1,Subramaniam-Balasubramanian,KIRANA,INDIVIDUAL,ACTIVE,MISC,LUDHIANA,PUNJAB,3392.31,ACTIVE,KIRANA,1,1,1,0,False
MCH7596,1,Bajwa-Luthra,TELECOM,PRIVATE_LIMITED,SUSPENDED,4814,HYDERABAD,TELANGANA,,SUSPENDED,TELECOM,1,1,0,1,False
MCH7597,1,Vohra-Mitter,BUS_TAXI,SOLE_PROPRIETOR,ACTIVE,,PUNE,MAHARASHTRA,2111.86,ACTIVE,BUS_TAXI,1,1,1,0,False
MCH7600,5,MULTIPLE_VALUES,MULTIPLE_VALUES,MULTIPLE_VALUES,ACTIVE,MULTIPLE_VALUES,MULTIPLE_VALUES,MULTIPLE_VALUES,1148.2,ACTIVE,CHEMIST | MEDICAL | RETAIL | RETAIL_OTHER,1,4,2,0,True
MCH7604,1,"Varkey, Hayer and Ratti",KIRANA,PARTNERSHIP,ACTIVE,5411,CHENNAI,TAMIL_NADU,868.52,ACTIVE,KIRANA,1,1,0,0,False
MCH7605,2,MULTIPLE_VALUES,RETAIL,MULTIPLE_VALUES,MULTIPLE_VALUES,5311,MULTIPLE_VALUES,MULTIPLE_VALUES,3736.05,ACTIVE | INACTIVE,RETAIL,2,1,0,0,True
MCH7606,1,Chaudhari-Raman,MISC_RETAIL,PRIVATE_LIMITED,ACTIVE,5999,BLR,KARNATAKA,296.04,ACTIVE,MISC_RETAIL,1,1,0,0,False
MCH7607,1,"vyas, ramakrishnan and narayanan",BOOKS_STATIONERY,SOLE_PROPRIETOR,ACTIVE,,AMRITSAR,PUNJAB,7039.03,ACTIVE,BOOKS_STATIONERY,1,1,1,0,False
MCH7609,2,MULTIPLE_VALUES,MULTIPLE_VALUES,INDIVIDUAL,ACTIVE,MULTIPLE_VALUES,MULTIPLE_VALUES,MULTIPLE_VALUES,3649.36,ACTIVE,MEDICAL_STORE | TRANSPRT,1,2,0,0,True
MCH7613,1,"Parekh, Ch0kshi and Das",APPAREL,PRIVATE_LIMITED,ACTIVE,5699,JAIPUR,RAJASTHAN,419.26,ACTIVE,APPAREL,1,1,0,0,False
MCH7614,1,WaliLtd,GARMENTS,INDIVIDUAL,ACTIVE,5699,MUMBAI,MAHARASHTRA,969.0,ACTIVE,GARMENTS,1,1,0,0,False
MCH7615,1,"DAR, PAREKH AND DE",EATING_PLACE,SOLE_PROPRIETOR,INACTIVE,5812,LUCKNOW,UTTAR_PRADESH,2530.9,INACTIVE,EATING_PLACE,1,1,0,0,False
MCH7618,3,MULTIPLE_VALUES,MULTIPLE_VALUES,MULTIPLE_VALUES,ACTIVE,MULTIPLE_VALUES,MULTIPLE_VALUES,MULTIPLE_VALUES,664.0,ACTIVE,BOOKS | HOTEL_LODGING,1,2,0,0,True
MCH7619,1,"ranganathan, kumer and pandya",DEPARTMENT_STORES,PRIVATE_LIMITED,ACTIVE,5311,KOLKATA,WEST_BENGAL,,ACTIVE,DEPARTMENT_STORES,1,1,0,0,False
MCH7620,2,MULTIPLE_VALUES,MULTIPLE_VALUES,MULTIPLE_VALUES,MULTIPLE_VALUES,5942,MULTIPLE_VALUES,MULTIPLE_VALUES,1928.985,ACTIVE | SUSPENDED,BOOKS | BOOK_STORE,2,2,0,1,True
MCH7621,2,MULTIPLE_VALUES,MULTIPLE_VALUES,MULTIPLE_VALUES,ACTIVE,MULTIPLE_VALUES,MULTIPLE_VALUES,MULTIPLE_VALUES,1544.645,ACTIVE,KIRANA | RESTAURANTS,1,2,0,0,True
MCH7622,2,MULTIPLE_VALUES,MULTIPLE_VALUES,MULTIPLE_VALUES,ACTIVE,MULTIPLE_VALUES,MULTIPLE_VALUES,MULTIPLE_VALUES,1374.5,ACTIVE,FOOD | TRANSPRT,1,2,0,0,True
MCH7623,1,Pandya LLC,STATIONERY,PARTNERSHIP,ACTIVE,,BOMBAY,MAHARASHTRA,701.06,ACTIVE,STATIONERY,1,1,1,0,False
MCH7627,3,MULTIPLE_VALUES,MULTIPLE_VALUES,MULTIPLE_VALUES,ACTIVE,MULTIPLE_VALUES,MULTIPLE_VALUES,MULTIPLE_VALUES,1169.55,ACTIVE,DEPARTMENT_STORES | EATING_PLACE | TRANSPORT,1,3,0,0,True
MCH7628,2,MULTIPLE_VALUES,MULTIPLE_VALUES,MULTIPLE_VALUES,MULTIPLE_VALUES,MULTIPLE_VALUES,MULTIPLE_VALUES,MAHARASHTRA,4737.755,ACTIVE | SUSPENDED,GROCERY_STORE | PHONE_SERVICE,2,2,1,1,True
MCH7629,1,Taneja-Vyas,MISCELLANEOUS,INDIVIDUAL,ACTIVE,5999,POONA,MAHARASHTRA,1413.56,ACTIVE,MISCELLANEOUS,1,1,0,0,False
MCH7630,1,"RAMA, KALITA AND JHA",TRANSPRT,INDIVIDUAL,ACTIVE,4131,MUMBAI,MAHARASHTRA,2393.0,ACTIVE,TRANSPRT,1,1,0,0,False
MCH7631,2,MULTIPLE_VALUES,MULTIPLE_VALUES,MULTIPLE_VALUES,ACTIVE,MULTIPLE_VALUES,MULTIPLE_VALUES,MULTIPLE_VALUES,4652.79,ACTIVE,BOOKS_STATIONERY | TRAVEL,1,2,0,0,True
MCH7635,2,MULTIPLE_VALUES,MULTIPLE_VALUES,MULTIPLE_VALUES,MULTIPLE_VALUES,MULTIPLE_VALUES,MULTIPLE_VALUES,MULTIPLE_VALUES,5484.42,ACTIVE | SUSPENDED,HOTEL_LODGING | TELECOM,2,2,1,1,True
MCH7636,1,BIR PLC,CLOTHS,SOLE_PROPRIETOR,ACTIVE,5699,JALANDHAR,PUNJAB,178.0,ACTIVE,CLOTHS,1,1,0,0,False
MCH7639,4,MULTIPLE_VALUES,MULTIPLE_VALUES,MULTIPLE_VALUES,ACTIVE,MULTIPLE_VALUES,MULTIPLE_VALUES,MULTIPLE_VALUES,2082.39,ACTIVE,CLOTHS | GARMENTS | GROCERIES | OTHER,1,4,2,0,True
MCH7644,1,Mital PLC,HOSPITALITY,SOLE_PROPRIETOR,ACTIVE,7011,CHENNAI,TAMIL_NADU,602.59,ACTIVE,HOSPITALITY,1,1,0,0,False
MCH7645,1,Majumdar-Nagarajan,MEDICAL_STORE,SOLE_PROPRIETOR,ACTIVE,5912,AMRITSAR,PUNJAB,1396.81,ACTIVE,MEDICAL_STORE,1,1,0,0,False
MCH7647,1,"Bala, Mody and Kumer",MEDICAL,PARTNERSHIP,INACTIVE,5912,MUMBAY,MAHARASHTRA,3285.0,INACTIVE,MEDICAL,1,1,0,0,False
MCH7648,1,"Trivedi, Ramachandran and Keer",RETAIL_OTHER,PRIVATE_LIMITED,SUSPENDED,,HYD,TELANGANA,1840.11,SUSPENDED,RETAIL_OTHER,1,1,1,1,False
MCH7651,1,Sur Inc,MEDICAL,SOLE_PROPRIETOR,ACTIVE,5912,JALANDHAR,PUNJAB,1138.07,ACTIVE,MEDICAL,1,1,0,0,False
MCH7653,2,MULTIPLE_VALUES,MULTIPLE_VALUES,MULTIPLE_VALUES,ACTIVE,MULTIPLE_VALUES,MULTIPLE_VALUES,MULTIPLE_VALUES,4052.975,ACTIVE,FASHION | MISCELLANEOUS,1,2,0,0,True
MCH7654,1,Chakraborty Inc,GARMENTS,SOLE_PROPRIETOR,ACTIVE,5699,LKO,UTTAR_PRADESH,1250.0,ACTIVE,GARMENTS,1,1,0,0,False
MCH7659,2,MULTIPLE_VALUES,MULTIPLE_VALUES,MULTIPLE_VALUES,ACTIVE,4131,MULTIPLE_VALUES,MULTIPLE_VALUES,1321.595,ACTIVE,BOOK_STORE | TRANSPORT,1,2,1,0,True
MCH7661,3,MULTIPLE_VALUES,MULTIPLE_VALUES,MULTIPLE_VALUES,ACTIVE,MULTIPLE_VALUES,MULTIPLE_VALUES,MULTIPLE_VALUES,1304.11,ACTIVE,FASHION | HOTEL_LODGING | MEDICAL_STORE,1,3,1,0,True
MCH7664,1,Datta Ltd,TRAVEL,PARTNERSHIP,ACTIVE,UNKNOWN,KOLKATA,WEST_BENGAL,990.98,ACTIVE,TRAVEL,1,1,1,0,False
MCH7667,2,MULTIPLE_VALUES,MULTIPLE_VALUES,MULTIPLE_VALUES,ACTIVE,MULTIPLE_VALUES,MULTIPLE_VALUES,MULTIPLE_VALUES,1648.345,ACTIVE,RETAIL | TELECOM,1,2,0,0,True
MCH7675,1,Suresh-Tandon,BUS_TAXI,PARTNERSHIP,ACTIVE,4131,PUNE,MAHARASHTRA,1022.55,ACTIVE,BUS_TAXI,1,1,0,0,False
MCH7679,3,MULTIPLE_VALUES,MULTIPLE_VALUES,MULTIPLE_VALUES,ACTIVE,MULTIPLE_VALUES,MULTIPLE_VALUES,MULTIPLE_VALUES,3295.19,ACTIVE,GROCERY_STORE | PHARMACIES | STATIONERY,1,3,1,0,True
MCH7681,3,MULTIPLE_VALUES,MULTIPLE_VALUES,MULTIPLE_VALUES,ACTIVE,MULTIPLE_VALUES,MULTIPLE_VALUES,MULTIPLE_VALUES,1955.63,ACTIVE,RETAIL | TELECOM | TRANSPORTATION,1,3,1,0,True
MCH7685,1,"Badal, Khurana and Bansal",DEPARTMENT_STORES,INDIVIDUAL,INACTIVE,5311,JALANDHAR,PUNJAB,,INACTIVE,DEPARTMENT_STORES,1,1,0,0,False
MCH7687,2,MULTIPLE_VALUES,MULTIPLE_VALUES,MULTIPLE_VALUES,ACTIVE,MULTIPLE_VALUES,MULTIPLE_VALUES,MULTIPLE_VALUES,2148.82,ACTIVE,FASHION | RETAIL_OTHER,1,2,0,0,True
MCH7688,1,"Kata, Bobal and Basu",MEDICAL_STORE,SOLE_PROPRIETOR,ACTIVE,5912,LDH,PUNJAB,3346.0,ACTIVE,MEDICAL_STORE,1,1,0,0,False
MCH7692,1,Ratti-Patla,DEPT_STORE,INDIVIDUAL,ACTIVE,5311,ASR,PUNJAB,2270.3,ACTIVE,DEPT_STORE,1,1,0,0,False
MCH7698,2,MULTIPLE_VALUES,MULTIPLE_VALUES,MULTIPLE_VALUES,ACTIVE,MULTIPLE_VALUES,MULTIPLE_VALUES,MULTIPLE_VALUES,1276.92,ACTIVE,MISC_RETAIL | RESTAURANT,1,2,1,0,True
MCH7699,2,MULTIPLE_VALUES,MULTIPLE_VALUES,MULTIPLE_VALUES,ACTIVE,MULTIPLE_VALUES,MULTIPLE_VALUES,MULTIPLE_VALUES,145.86,ACTIVE,HOSPITALITY | MOBILE_RECHARGE,1,2,0,0,True
MCH7700,1,"Lanka, Setty and Muni",EATING_PLACE,PARTNERSHIP,INACTIVE,5812,DELHI,DELHI,,INACTIVE,EATING_PLACE,1,1,0,0,False
MCH7701,1,Ravel-Lala,GROCERY_STORE,PRIVATE_LIMITED,ACTIVE,5411,LUDHIANA,PUNJAB,1411.44,ACTIVE,GROCERY_STORE,1,1,0,0,False
MCH7702,1,Ahuja-Nayar,GROCERY,PRIVATE_LIMITED,SUSPENDED,05411,LUDHIANA,PUNJAB,,SUSPENDED,GROCERY,1,1,1,1,False
MCH7709,3,MULTIPLE_VALUES,MULTIPLE_VALUES,MULTIPLE_VALUES,ACTIVE,MULTIPLE_VALUES,MULTIPLE_VALUES,MULTIPLE_VALUES,710.07,ACTIVE,EATING_PLACE | GROCERY_STORE | TRANSPORT,1,3,0,0,True
MCH7712,1,Sehgal Ltd,KIRANA,PARTNERSHIP,ACTIVE,5411,LUCKNOW,UTTAR_PRADESH,2215.59,ACTIVE,KIRANA,1,1,0,0,False
MCH7714,1,"koshy, dani and barad",TELECOM,PRIVATE_LIMITED,ACTIVE,4814,JALANDHAR,PUNJAB,669.74,ACTIVE,TELECOM,1,1,0,0,False
MCH7715,2,MULTIPLE_VALUES,MULTIPLE_VALUES,PRIVATE_LIMITED,MULTIPLE_VALUES,MULTIPLE_VALUES,MULTIPLE_VALUES,MULTIPLE_VALUES,1652.04,ACTIVE | INACTIVE,GARMENTS | RETAIL_OTHER,2,2,0,0,True
MCH7720,2,MULTIPLE_VALUES,MULTIPLE_VALUES,MULTIPLE_VALUES,ACTIVE,7011,MULTIPLE_VALUES,MULTIPLE_VALUES,488.435,ACTIVE,HOTELS | HOTEL_LODGING,1,2,0,0,True
MCH7723,1,"Pandya, Barman and Biswas",GARMENTS,PRIVATE_LIMITED,ACTIVE,5699,LUDHIANA,PUNJAB,3268.86,ACTIVE,GARMENTS,1,1,0,0,False
MCH7724,5,MULTIPLE_VALUES,MULTIPLE_VALUES,MULTIPLE_VALUES,ACTIVE,MULTIPLE_VALUES,MULTIPLE_VALUES,MULTIPLE_VALUES,1191.59,ACTIVE,GROCERY | MEDICAL | MOBILE_RECHARGE | RESTAURANT | RETAIL,1,5,3,0,True
MCH7726,1,Modi Ltd,DEPARTMENT_STORE,INDIVIDUAL,ACTIVE,5311,LUCKNOW,UTTAR_PRADESH,1955.14,ACTIVE,DEPARTMENT_STORE,1,1,0,0,False
MCH7728,2,MULTIPLE_VALUES,MULTIPLE_VALUES,MULTIPLE_VALUES,ACTIVE,7011,MULTIPLE_VALUES,MULTIPLE_VALUES,860.5699999999999,ACTIVE,HOSPITALITY | HOTEL,1,2,0,0,True
MCH7729,2,MULTIPLE_VALUES,MULTIPLE_VALUES,PRIVATE_LIMITED,ACTIVE,MULTIPLE_VALUES,MULTIPLE_VALUES,MAHARASHTRA,1727.7,ACTIVE,BOOKS | GROCERY,1,2,1,0,True
MCH7731,2,MULTIPLE_VALUES,MULTIPLE_VALUES,INDIVIDUAL,ACTIVE,7011,MULTIPLE_VALUES,MULTIPLE_VALUES,1567.635,ACTIVE,BOOK_STORE | HOSPITALITY,1,2,1,0,True
MCH7733,1,Bora Inc,TELECOM,PRIVATE_LIMITED,ACTIVE,,LKO,UTTAR_PRADESH,5028.38,ACTIVE,TELECOM,1,1,1,0,False
MCH7735,2,MULTIPLE_VALUES,MULTIPLE_VALUES,MULTIPLE_VALUES,ACTIVE,MULTIPLE_VALUES,MULTIPLE_VALUES,MULTIPLE_VALUES,763.99,ACTIVE,CHEMIST | MISC_RETAIL,1,2,1,0,True
MCH7736,1,Kara PLC,CLOTHING,INDIVIDUAL,ACTIVE,5699,AMRITSAR,PUNJAB,778.45,ACTIVE,CLOTHING,1,1,0,0,False
MCH7737,2,MULTIPLE_VALUES,MULTIPLE_VALUES,MULTIPLE_VALUES,ACTIVE,MULTIPLE_VALUES,MULTIPLE_VALUES,MULTIPLE_VALUES,1196.31,ACTIVE,DEPT_STORE | TRANSPRT,1,2,0,0,True
MCH7744,1,NATH PLC,RETAIL,INDIVIDUAL,ACTIVE,5311,ASR,PUNJAB,,ACTIVE,RETAIL,1,1,0,0,False
MCH7746,2,MULTIPLE_VALUES,MULTIPLE_VALUES,MULTIPLE_VALUES,MULTIPLE_VALUES,MULTIPLE_VALUES,MULTIPLE_VALUES,MULTIPLE_VALUES,2633.745,ACTIVE | INACTIVE,CLOTHS | STATIONERY,2,2,0,0,True
MCH7748,1,chhabra group,FOOD_SERVICES,INDIVIDUAL,ACTIVE,5812,POONA,MAHARASHTRA,1602.16,ACTIVE,FOOD_SERVICES,1,1,0,0,False
MCH7749,2,MULTIPLE_VALUES,MULTIPLE_VALUES,PRIVATE_LIMITED,ACTIVE,4131,MULTIPLE_VALUES,MULTIPLE_VALUES,3737.965,ACTIVE,PHONE_SERVICE | TRANSPRT,1,2,1,0,True
MCH7750,1,"Rama, Garde and Ravi",TRAVEL,PARTNERSHIP,ACTIVE,UNKNOWN,BENGALURU,KARNATAKA,1271.38,ACTIVE,TRAVEL,1,1,1,0,False
MCH7751,1,"Vig, Iyer and Andra",RETAIL,PARTNERSHIP,SUSPENDED,5311,PUNE,MAHARASHTRA,590.58,SUSPENDED,RETAIL,1,1,0,1,False
MCH7757,1,"Uppal, Kota and Ramaswamy",PHONE_SERVICE,INDIVIDUAL,ACTIVE,4814,DELHI,DELHI,669.43,ACTIVE,PHONE_SERVICE,1,1,0,0,False
MCH7758,1,"memon, agate and deshpande",CLOTHING,PARTNERSHIP,ACTIVE,05699,MUMBAI,MAHARASHTRA,362.28,ACTIVE,CLOTHING,1,1,1,0,False
MCH7759,1,"SANKARAN, PATEL AND NARAIN",APPAREL,SOLE_PROPRIETOR,ACTIVE,5699,KOLKATA,WEST_BENGAL,,ACTIVE,APPAREL,1,1,0,0,False
MCH7763,1,"Choudhury, Mody and Tank",MEDICAL,INDIVIDUAL,ACTIVE,5912,CHENNAI,TAMIL_NADU,777.85,ACTIVE,MEDICAL,1,1,0,0,False
MCH7765,1,Dyal LLC,EATING_PLACE,INDIVIDUAL,ACTIVE,05812,AMRITSAR,PUNJAB,3067.55,ACTIVE,EATING_PLACE,1,1,1,0,False
MCH7767,1,Nadkarni-Pathak,HOSPITALITY,INDIVIDUAL,ACTIVE,7011,CHENNAI,TAMIL_NADU,3595.48,ACTIVE,HOSPITALITY,1,1,0,0,False
MCH7768,1,Sahota-Walia,BUS_TAXI,PARTNERSHIP,SUSPENDED,4131,DELHI,DELHI,1097.55,SUSPENDED,BUS_TAXI,1,1,0,1,False
MCH7769,1,"Atwal, Loke and Prasad",TELECOM,PARTNERSHIP,ACTIVE,04814,MUMBAI,MAHARASHTRA,232.38,ACTIVE,TELECOM,1,1,1,0,False
MCH7772,1,"Chatterjee, Wason and Nadkarni",DEPT_STORE,PARTNERSHIP,ACTIVE,5311,BOMBAY,MAHARASHTRA,541.48,ACTIVE,DEPT_STORE,1,1,0,0,False
MCH7773,3,MULTIPLE_VALUES,MULTIPLE_VALUES,INDIVIDUAL,MULTIPLE_VALUES,MULTIPLE_VALUES,MULTIPLE_VALUES,MULTIPLE_VALUES,596.7349999999999,ACTIVE | SUSPENDED,GARMENTS | HOTELS | MISCELLANEOUS,2,3,0,1,True
MCH7779,1,"Mane, Bassi and Samra",CLOTHING,PARTNERSHIP,ACTIVE,5699,LKO,UTTAR_PRADESH,,ACTIVE,CLOTHING,1,1,0,0,False
MCH7780,2,Jain PLC,MEDICAL_STORE,SOLE_PROPRIETOR,MULTIPLE_VALUES,5912,LUCKNOW,UTTAR_PRADESH,,ACTIVE | INACTIVE,MEDICAL_STORE,2,1,0,0,True
MCH7784,2,MULTIPLE_VALUES,MULTIPLE_VALUES,PARTNERSHIP,ACTIVE,MULTIPLE_VALUES,MULTIPLE_VALUES,MULTIPLE_VALUES,643.0,ACTIVE,MEDICAL | PHONE_SERVICE,1,2,0,0,True
MCH7790,1,Barman-Roy,BOOK_STORE,SOLE_PROPRIETOR,ACTIVE,5942,CHENNAI,TAMIL_NADU,1525.46,ACTIVE,BOOK_STORE,1,1,0,0,False
MCH7794,1,Kalita PLC,MEDICAL_STORE,PARTNERSHIP,ACTIVE,5912,DELHI,DELHI,622.63,ACTIVE,MEDICAL_STORE,1,1,0,0,False
MCH7795,3,MULTIPLE_VALUES,MULTIPLE_VALUES,MULTIPLE_VALUES,ACTIVE,MULTIPLE_VALUES,MULTIPLE_VALUES,MULTIPLE_VALUES,956.79,ACTIVE,RESTAURANT | TRAVEL,1,2,0,0,True
MCH7796,2,"Kari, Sridhar and J0ha1",KIRANA,PARTNERSHIP,ACTIVE,5411,POONA,MAHARASHTRA,489.31,ACTIVE,KIRANA,1,1,0,0,False
MCH7802,2,MULTIPLE_VALUES,MULTIPLE_VALUES,MULTIPLE_VALUES,MULTIPLE_VALUES,5912,MULTIPLE_VALUES,MULTIPLE_VALUES,5355.8550000000005,ACTIVE | INACTIVE,BOOKS_STATIONERY | MEDICAL,2,2,1,0,True
MCH7803,2,MULTIPLE_VALUES,MULTIPLE_VALUES,MULTIPLE_VALUES,ACTIVE,MULTIPLE_VALUES,MULTIPLE_VALUES,MULTIPLE_VALUES,763.0,ACTIVE,RETAIL_OTHER | TELECOM,1,2,0,0,True
MCH7804,3,MULTIPLE_VALUES,MULTIPLE_VALUES,MULTIPLE_VALUES,MULTIPLE_VALUES,MULTIPLE_VALUES,MULTIPLE_VALUES,MULTIPLE_VALUES,492.54,ACTIVE | SUSPENDED,BOOKS | FOOD,2,2,0,2,True
MCH7806,1,"Sahni, Bhavsar and Kaul",TRANSPORT,PRIVATE_LIMITED,ACTIVE,,HYDERABAD,TELANGANA,1046.19,ACTIVE,TRANSPORT,1,1,1,0,False
MCH7810,2,MULTIPLE_VALUES,MULTIPLE_VALUES,MULTIPLE_VALUES,MULTIPLE_VALUES,5942,MULTIPLE_VALUES,PUNJAB,631.58,ACTIVE | INACTIVE,BOOKS | STATIONERY,2,2,1,0,True
MCH7814,1,Mallick-Puri,RESTAURANT,SOLE_PROPRIETOR,ACTIVE,5812,JAIPUR,RAJASTHAN,,ACTIVE,RESTAURANT,1,1,0,0,False
MCH7817,1,Lata PLC,FOOD_SERVICES,PRIVATE_LIMITED,INACTIVE,05812,MADRAS,TAMIL_NADU,3090.66,INACTIVE,FOOD_SERVICES,1,1,1,0,False
MCH7821,1,Deshmukh Inc,OTHER,PARTNERSHIP,ACTIVE,,BANGALORE,KARNATAKA,1463.63,ACTIVE,OTHER,1,1,1,0,False
MCH7828,2,MULTIPLE_VALUES,MULTIPLE_VALUES,MULTIPLE_VALUES,ACTIVE,MULTIPLE_VALUES,MULTIPLE_VALUES,WEST_BENGAL,2700.27,ACTIVE,GARMENTS | MEDICAL,1,2,0,0,True
MCH7829,2,MULTIPLE_VALUES,MULTIPLE_VALUES,MULTIPLE_VALUES,ACTIVE,MULTIPLE_VALUES,MULTIPLE_VALUES,MULTIPLE_VALUES,774.795,ACTIVE,RESTAURANT | TRAVEL,1,2,0,0,True
MCH7830,2,MULTIPLE_VALUES,MULTIPLE_VALUES,MULTIPLE_VALUES,MULTIPLE_VALUES,5912,MULTIPLE_VALUES,MULTIPLE_VALUES,1497.41,ACTIVE | SUSPENDED,PHARMACIES | TRANSPRT,2,2,1,1,True
MCH7832,2,MULTIPLE_VALUES,MULTIPLE_VALUES,MULTIPLE_VALUES,ACTIVE,MULTIPLE_VALUES,MULTIPLE_VALUES,MULTIPLE_VALUES,2932.715,ACTIVE,MISC_RETAIL | RETAIL,1,2,0,0,True
MCH7833,1,"Chopra, Baral and Hayre",BOOKS,SOLE_PROPRIETOR,SUSPENDED,5942,HYDERABAD,TELANGANA,648.0,SUSPENDED,BOOKS,1,1,0,1,False
MCH7835,1,"DUGAR, DHAWAN AND DE",HOSPITALITY,PRIVATE_LIMITED,SUSPENDED,7011,LUCKNOW,UTTAR_PRADESH,1744.59,SUSPENDED,HOSPITALITY,1,1,0,1,False
MCH7837,2,Wali Group,MISCELLANEOUS,INDIVIDUAL,MULTIPLE_VALUES,,KOLKATA,WEST_BENGAL,803.03,ACTIVE | INACTIVE,MISCELLANEOUS,2,1,2,0,True
MCH7838,1,"Yohannan, Sethi and Khare",FOOD_SERVICES,SOLE_PROPRIETOR,ACTIVE,5812,ASR,PUNJAB,974.3,ACTIVE,FOOD_SERVICES,1,1,0,0,False
MCH7839,2,MULTIPLE_VALUES,MULTIPLE_VALUES,MULTIPLE_VALUES,ACTIVE,MULTIPLE_VALUES,MULTIPLE_VALUES,MULTIPLE_VALUES,2561.63,ACTIVE,APPAREL | DEPARTMENT_STORE,1,2,0,0,True
MCH7840,1,Sood LLC,DEPARTMENT_STORE,INDIVIDUAL,ACTIVE,5311,PUNE,MAHARASHTRA,394.0,ACTIVE,DEPARTMENT_STORE,1,1,0,0,False
MCH7841,1,Manda Group,BOOK_STORE,SOLE_PROPRIETOR,ACTIVE,5942,POONA,MAHARASHTRA,14164.49,ACTIVE,BOOK_STORE,1,1,0,0,False
MCH7842,1,J0ha1 Ltd,RESTAURANTS,PRIVATE_LIMITED,INACTIVE,5812,KOLKATA,WEST_BENGAL,1856.0,INACTIVE,RESTAURANTS,1,1,0,0,False
MCH7843,1,Rastogi-Das,RESTAURANT,PARTNERSHIP,ACTIVE,05812,AMRITSAR,PUNJAB,,ACTIVE,RESTAURANT,1,1,1,0,False
MCH7844,1,Singh-Mane,GROCERY_STORE,SOLE_PROPRIETOR,ACTIVE,,LDH,PUNJAB,1309.0,ACTIVE,GROCERY_STORE,1,1,1,0,False
MCH7845,1,Bhasin-Dubey,PHONE_SERVICE,PRIVATE_LIMITED,ACTIVE,4814,LUDHIANA,PUNJAB,994.0,ACTIVE,PHONE_SERVICE,1,1,0,0,False
MCH7846,1,Chad-Gole,MISCELLANEOUS,INDIVIDUAL,ACTIVE,,MUMBAI,MAHARASHTRA,228.0,ACTIVE,MISCELLANEOUS,1,1,1,0,False
MCH7847,1,Ramakrishnan-Misra,GROCERIES,INDIVIDUAL,ACTIVE,5411,MUMBAY,MAHARASHTRA,2108.0,ACTIVE,GROCERIES,1,1,0,0,False
MCH7849,1,Lal-Wagle,DEPT_STORE,SOLE_PROPRIETOR,ACTIVE,5311,JAIPUR,RAJASTHAN,4061.65,ACTIVE,DEPT_STORE,1,1,0,0,False
MCH7850,1,Reddy Inc,CLOTHING,PARTNERSHIP,ACTIVE,05699,CHENNAI,TAMIL_NADU,1378.0,ACTIVE,CLOTHING,1,1,1,0,False
MCH7851,1,"Warrior, Hora and Dayal",PHONE_SERVICE,INDIVIDUAL,ACTIVE,4814,JALANDAR,PUNJAB,,ACTIVE,PHONE_SERVICE,1,1,0,0,False
MCH7852,1,"Kapadia, K0nda and Luthra",HOTEL,SOLE_PROPRIETOR,SUSPENDED,UNKNOWN,CHENNAI,TAMIL_NADU,4401.63,SUSPENDED,HOTEL,1,1,1,1,False
MCH7856,1,"Sood, Dalal and Butala",HOTELS,PRIVATE_LIMITED,ACTIVE,7011,NEW_DELHI,DELHI,2048.0,ACTIVE,HOTELS,1,1,0,0,False
MCH7860,1,"Pall, Som and Dalal",MISC_RETAIL,PRIVATE_LIMITED,ACTIVE,5999,ASR,PUNJAB,,ACTIVE,MISC_RETAIL,1,1,0,0,False
MCH7862,1,Pandit-Ratti,MEDICAL_STORE,INDIVIDUAL,ACTIVE,05912,AMRITSAR,PUNJAB,558.23,ACTIVE,MEDICAL_STORE,1,1,1,0,False
MCH7863,2,MULTIPLE_VALUES,MULTIPLE_VALUES,PARTNERSHIP,MULTIPLE_VALUES,MULTIPLE_VALUES,MULTIPLE_VALUES,MULTIPLE_VALUES,552.935,ACTIVE | SUSPENDED,EATING_PLACE | HOTEL_LODGING,2,2,0,1,True
MCH7864,3,MULTIPLE_VALUES,MULTIPLE_VALUES,MULTIPLE_VALUES,ACTIVE,MULTIPLE_VALUES,MULTIPLE_VALUES,PUNJAB,785.07,ACTIVE,BOOK_STORE | GARMENTS | TRAVEL,1,3,1,0,True
MCH7865,1,Rout Inc,DEPARTMENT_STORE,INDIVIDUAL,ACTIVE,,HYDERABAD,TELANGANA,2187.26,ACTIVE,DEPARTMENT_STORE,1,1,1,0,False
MCH7866,3,MULTIPLE_VALUES,MULTIPLE_VALUES,MULTIPLE_VALUES,ACTIVE,MULTIPLE_VALUES,MULTIPLE_VALUES,MULTIPLE_VALUES,2522.0,ACTIVE,DEPARTMENT_STORES | GROCERY | PHONE_SERVICE,1,3,0,0,True
MCH7868,2,MULTIPLE_VALUES,MULTIPLE_VALUES,MULTIPLE_VALUES,MULTIPLE_VALUES,MULTIPLE_VALUES,MULTIPLE_VALUES,MULTIPLE_VALUES,563.96,ACTIVE | INACTIVE,DEPARTMENT_STORES | FOOD,2,2,0,0,True
MCH7870,3,MULTIPLE_VALUES,MULTIPLE_VALUES,MULTIPLE_VALUES,ACTIVE,MULTIPLE_VALUES,MULTIPLE_VALUES,MULTIPLE_VALUES,926.49,ACTIVE,DEPARTMENT_STORES | PHARMACIES | TELECOM,1,3,1,0,True
MCH7871,1,"Mital, Palla and Saraf",CLOTHS,SOLE_PROPRIETOR,ACTIVE,5699,HYDERABAD,TELANGANA,,ACTIVE,CLOTHS,1,1,0,0,False
MCH7875,1,Narasimhan PLC,KIRANA,PRIVATE_LIMITED,ACTIVE,5411,AMRITSAR,PUNJAB,585.43,ACTIVE,KIRANA,1,1,0,0,False
MCH7876,2,MULTIPLE_VALUES,MULTIPLE_VALUES,INDIVIDUAL,ACTIVE,MULTIPLE_VALUES,MULTIPLE_VALUES,MULTIPLE_VALUES,502.95,ACTIVE,STATIONERY | TELECOM,1,2,1,0,True
MCH7877,2,MULTIPLE_VALUES,MULTIPLE_VALUES,MULTIPLE_VALUES,ACTIVE,MULTIPLE_VALUES,MULTIPLE_VALUES,MULTIPLE_VALUES,565.69,ACTIVE,BOOKS_STATIONERY | BOOK_STORE,1,2,1,0,True
MCH7879,1,SAWHNEY-GODA,TELECOM,INDIVIDUAL,ACTIVE,4814,JALANDHAR,PUNJAB,1760.85,ACTIVE,TELECOM,1,1,0,0,False
MCH7880,2,MULTIPLE_VALUES,MULTIPLE_VALUES,MULTIPLE_VALUES,ACTIVE,MULTIPLE_VALUES,MULTIPLE_VALUES,MULTIPLE_VALUES,8335.814999999999,ACTIVE,BUS_TAXI | TRANSPORTATION,1,2,1,0,True
MCH7881,1,MENON PLC,DEPARTMENT_STORE,PARTNERSHIP,ACTIVE,5311,PUNE,MAHARASHTRA,1357.1,ACTIVE,DEPARTMENT_STORE,1,1,0,0,False
MCH7885,4,MULTIPLE_VALUES,MULTIPLE_VALUES,MULTIPLE_VALUES,MULTIPLE_VALUES,MULTIPLE_VALUES,MULTIPLE_VALUES,MULTIPLE_VALUES,1823.92,ACTIVE | SUSPENDED,BUS_TAXI | GARMENTS | GROCERY_STORES,2,3,0,2,True
MCH7890,1,contractor plc,HOTEL,PARTNERSHIP,INACTIVE,07011,CHENNAI,TAMIL_NADU,,INACTIVE,HOTEL,1,1,1,0,False
MCH7891,1,BAKSHI PLC,GROCERY_STORES,INDIVIDUAL,ACTIVE,5411,BANGALORE,KARNATAKA,3419.67,ACTIVE,GROCERY_STORES,1,1,0,0,False
MCH7895,1,Pau PLC,RETAIL_OTHER,INDIVIDUAL,ACTIVE,,AMRITSAR,PUNJAB,583.0,ACTIVE,RETAIL_OTHER,1,1,1,0,False
MCH7896,1,Samra LLC,HOSPITALITY,PRIVATE_LIMITED,SUSPENDED,7011,CALCUTTA,WEST_BENGAL,2276.65,SUSPENDED,HOSPITALITY,1,1,0,1,False
MCH7900,2,MULTIPLE_VALUES,MULTIPLE_VALUES,INDIVIDUAL,ACTIVE,MULTIPLE_VALUES,MULTIPLE_VALUES,MULTIPLE_VALUES,1166.8049999999998,ACTIVE,MEDICAL_STORE | TRANSPORTATION,1,2,2,0,True
MCH7901,1,BALA GROUP,FOOD,PARTNERSHIP,ACTIVE,5812,JAIPUR,RAJASTHAN,,ACTIVE,FOOD,1,1,0,0,False
MCH7902,1,deol inc,BUS_TAXI,PARTNERSHIP,ACTIVE,4131,LUDHIANA,PUNJAB,,ACTIVE,BUS_TAXI,1,1,0,0,False
MCH7904,1,Kapadia-Pandya,BOOKS_STATIONERY,PARTNERSHIP,ACTIVE,5942,CHENNAI,TAMIL_NADU,6260.03,ACTIVE,BOOKS_STATIONERY,1,1,0,0,False
MCH7906,1,"Ganesan, Gopal and Ratta",CHEMIST,INDIVIDUAL,ACTIVE,5912,JPR,RAJASTHAN,733.85,ACTIVE,CHEMIST,1,1,0,0,False
MCH7910,1,Shenoy LLC,FOOD_SERVICES,PARTNERSHIP,INACTIVE,5812,HYD,TELANGANA,741.5,INACTIVE,FOOD_SERVICES,1,1,0,0,False
MCH7912,5,MULTIPLE_VALUES,MULTIPLE_VALUES,MULTIPLE_VALUES,MULTIPLE_VALUES,MULTIPLE_VALUES,MULTIPLE_VALUES,MULTIPLE_VALUES,1318.64,ACTIVE | SUSPENDED,BOOKS | GARMENTS | MISC_RETAIL | MOBILE_RECHARGE | PHARMACIES,2,5,1,1,True
MCH7913,2,MULTIPLE_VALUES,MULTIPLE_VALUES,MULTIPLE_VALUES,ACTIVE,5912,MULTIPLE_VALUES,MULTIPLE_VALUES,562.1,ACTIVE,MEDICAL_STORE | PHARMACY,1,2,0,0,True
MCH7914,1,Grover-Karnik,TELECOM,SOLE_PROPRIETOR,ACTIVE,4814,JPR,RAJASTHAN,1922.54,ACTIVE,TELECOM,1,1,0,0,False
MCH7917,1,Parsa-Madan,GROCERIES,SOLE_PROPRIETOR,INACTIVE,5411,PUNE,MAHARASHTRA,,INACTIVE,GROCERIES,1,1,0,0,False
MCH7918,1,Purohit LLC,BOOKS_STATIONERY,PRIVATE_LIMITED,ACTIVE,5942,CALCUTTA,WEST_BENGAL,1204.0,ACTIVE,BOOKS_STATIONERY,1,1,0,0,False
MCH7919,4,MULTIPLE_VALUES,MULTIPLE_VALUES,MULTIPLE_VALUES,ACTIVE,MULTIPLE_VALUES,MULTIPLE_VALUES,MULTIPLE_VALUES,3138.05,ACTIVE,MEDICAL_STORE | PHONE_SERVICE | RESTAURANT | TRANSPORTATION,1,4,0,0,True
MCH7922,1,Dara LLC,FOOD_SERVICES,PARTNERSHIP,ACTIVE,,BOMBAY,MAHARASHTRA,1260.96,ACTIVE,FOOD_SERVICES,1,1,1,0,False
MCH7925,2,MULTIPLE_VALUES,MULTIPLE_VALUES,SOLE_PROPRIETOR,ACTIVE,MULTIPLE_VALUES,MULTIPLE_VALUES,MULTIPLE_VALUES,2480.62,ACTIVE,BUS_TAXI | HOTEL_LODGING,1,2,0,0,True
MCH7930,2,MULTIPLE_VALUES,MULTIPLE_VALUES,MULTIPLE_VALUES,MULTIPLE_VALUES,MULTIPLE_VALUES,MULTIPLE_VALUES,MULTIPLE_VALUES,1484.325,ACTIVE | SUSPENDED,DEPARTMENT_STORES | EATING_PLACE,2,2,0,1,True
MCH7932,3,MULTIPLE_VALUES,MULTIPLE_VALUES,MULTIPLE_VALUES,ACTIVE,4814,MULTIPLE_VALUES,MULTIPLE_VALUES,4410.18,ACTIVE,KIRANA | TELECOM,1,2,1,0,True
MCH7933,1,BaradInc,FOOD,INDIVIDUAL,INACTIVE,5812,ASR,PUNJAB,1177.0,INACTIVE,FOOD,1,1,0,0,False
MCH7934,1,Srinivasan-Maharaj,RESTAURANTS,PARTNERSHIP,INACTIVE,5812,CHENNAI,TAMIL_NADU,1154.88,INACTIVE,RESTAURANTS,1,1,0,0,False
MCH7938,1,CHANDER LTD,PHONE_SERVICE,SOLE_PROPRIETOR,ACTIVE,,BANGALORE,KARNATAKA,,ACTIVE,PHONE_SERVICE,1,1,1,0,False
MCH7939,1,Mand LLC,FOOD_SERVICES,PRIVATE_LIMITED,ACTIVE,5812,BENGALURU,KARNATAKA,2096.4,ACTIVE,FOOD_SERVICES,1,1,0,0,False
MCH7942,1,Parmar-Oza,MEDICAL_STORE,SOLE_PROPRIETOR,ACTIVE,5912,HYDERABAD,TELANGANA,1133.78,ACTIVE,MEDICAL_STORE,1,1,0,0,False
MCH7943,1,Chaudhary-Rana,PHARMACIES,INDIVIDUAL,ACTIVE,5912,CALCUTTA,WEST_BENGAL,3927.63,ACTIVE,PHARMACIES,1,1,0,0,False
MCH7944,1,Bassi-Dyal,BUS_TAXI,SOLE_PROPRIETOR,ACTIVE,4131,KOLKATA,WEST_BENGAL,1227.24,ACTIVE,BUS_TAXI,1,1,0,0,False
MCH7945,1,"Barad, Wagle and Raju",CHEMIST,INDIVIDUAL,ACTIVE,5912,LUDHIANA,PUNJAB,268.67,ACTIVE,CHEMIST,1,1,0,0,False
MCH7947,1,Padmanabhan-Kale,TELECOM,PRIVATE_LIMITED,ACTIVE,4814,MUMBAY,MAHARASHTRA,3921.35,ACTIVE,TELECOM,1,1,0,0,False
MCH7948,1,Sachdeva-Buch,DEPARTMENT_STORES,PARTNERSHIP,ACTIVE,5311,MUMBAI,MAHARASHTRA,656.76,ACTIVE,DEPARTMENT_STORES,1,1,0,0,False
MCH7949,1,Vohra-Chaudhary,TRANSPORTATION,PRIVATE_LIMITED,ACTIVE,4131,MUMBAI,MAHARASHTRA,265.37,ACTIVE,TRANSPORTATION,1,1,0,0,False
MCH7950,1,Om-Andra,GROCERIES,INDIVIDUAL,ACTIVE,5411,LUDHIANA,PUNJAB,3471.68,ACTIVE,GROCERIES,1,1,0,0,False
MCH7951,1,Peri Group,HOTEL_LODGING,SOLE_PROPRIETOR,ACTIVE,7011,JAIPUR,RAJASTHAN,,ACTIVE,HOTEL_LODGING,1,1,0,0,False
MCH7953,1,Deep Group,GROCERY_STORES,SOLE_PROPRIETOR,ACTIVE,5411,MUMBAI,MAHARASHTRA,1668.75,ACTIVE,GROCERY_STORES,1,1,0,0,False
MCH7954,1,Sur Inc,HOTELS,PRIVATE_LIMITED,ACTIVE,7011,HYDERABAD,TELANGANA,2803.0,ACTIVE,HOTELS,1,1,0,0,False
MCH7955,2,MULTIPLE_VALUES,MULTIPLE_VALUES,MULTIPLE_VALUES,ACTIVE,MULTIPLE_VALUES,MULTIPLE_VALUES,PUNJAB,833.11,ACTIVE,FOOD | GARMENTS,1,2,0,0,True
MCH7957,2,MULTIPLE_VALUES,MULTIPLE_VALUES,MULTIPLE_VALUES,ACTIVE,7011,MULTIPLE_VALUES,MULTIPLE_VALUES,1050.615,ACTIVE,HOTEL | RETAIL,1,2,1,0,True
MCH7960,1,Comar-Ramesh,GROCERY,SOLE_PROPRIETOR,ACTIVE,5411,AMRITSAR,PUNJAB,,ACTIVE,GROCERY,1,1,0,0,False
MCH7965,1,Magar-Kant,DEPARTMENT_STORES,SOLE_PROPRIETOR,ACTIVE,5311,PUNE,MAHARASHTRA,567.32,ACTIVE,DEPARTMENT_STORES,1,1,0,0,False
MCH7967,2,MULTIPLE_VALUES,MULTIPLE_VALUES,INDIVIDUAL,ACTIVE,MULTIPLE_VALUES,MULTIPLE_VALUES,MULTIPLE_VALUES,,ACTIVE,CHEMIST | MOBILE_RECHARGE,1,2,0,0,True
MCH7969,1,"Karan,BalandKhurana",TRAVEL,INDIVIDUAL,ACTIVE,4131,LUCKNOW,UTTAR_PRADESH,836.32,ACTIVE,TRAVEL,1,1,0,0,False
MCH7972,1,Lata Inc,GROCERY_STORES,PARTNERSHIP,ACTIVE,5411,BANGALORE,KARNATAKA,,ACTIVE,GROCERY_STORES,1,1,0,0,False
MCH7973,1,"Dhar, Som and Mane",HOSPITALITY,SOLE_PROPRIETOR,ACTIVE,07011,CALCUTTA,WEST_BENGAL,1422.91,ACTIVE,HOSPITALITY,1,1,1,0,False
MCH7974,2,MULTIPLE_VALUES,MULTIPLE_VALUES,INDIVIDUAL,ACTIVE,MULTIPLE_VALUES,MULTIPLE_VALUES,MULTIPLE_VALUES,2383.225,ACTIVE,CLOTHS | GROCERY_STORE,1,2,0,0,True
MCH7977,1,"Kohli, Vaidya and Nagar",HOTEL_LODGING,SOLE_PROPRIETOR,ACTIVE,7011,CHENNAI,TAMIL_NADU,4790.0,ACTIVE,HOTEL_LODGING,1,1,0,0,False
MCH7978,2,MULTIPLE_VALUES,MULTIPLE_VALUES,MULTIPLE_VALUES,ACTIVE,MULTIPLE_VALUES,MULTIPLE_VALUES,MULTIPLE_VALUES,3450.5,ACTIVE,MISC_RETAIL | TELECOM,1,2,0,0,True
MCH7981,1,"Singhal, Manne and Ray",CLOTHS,PRIVATE_LIMITED,ACTIVE,5699,JALANDHAR,PUNJAB,234.87,ACTIVE,CLOTHS,1,1,0,0,False
MCH7982,1,De0 Ltd,DEPT_STORE,PARTNERSHIP,ACTIVE,5311,LDH,PUNJAB,579.0,ACTIVE,DEPT_STORE,1,1,0,0,False
MCH7983,1,Karpe-Raval,DEPT_STORE,INDIVIDUAL,ACTIVE,5311,LUCKNOW,UTTAR_PRADESH,3843.3,ACTIVE,DEPT_STORE,1,1,0,0,False
MCH7985,1,"Ba1ay, Mammen and Raman",RESTAURANTS,PARTNERSHIP,ACTIVE,05812,LKO,UTTAR_PRADESH,2429.67,ACTIVE,RESTAURANTS,1,1,1,0,False
MCH7986,1,Pathak Inc,RETAIL_OTHER,INDIVIDUAL,INACTIVE,,CHENNAI,TAMIL_NADU,1602.91,INACTIVE,RETAIL_OTHER,1,1,1,0,False
MCH7987,1,Mangat-Sundaram,MEDICAL,INDIVIDUAL,ACTIVE,5912,CHENNAI,TAMIL_NADU,,ACTIVE,MEDICAL,1,1,0,0,False
MCH7991,1,Rastogi PLC,BOOK_STORE,PARTNERSHIP,ACTIVE,5942,MUMBAY,MAHARASHTRA,1076.7,ACTIVE,BOOK_STORE,1,1,0,0,False
MCH7992,1,Goel Group,TELECOM,INDIVIDUAL,ACTIVE,4814,BENGALURU,KARNATAKA,609.52,ACTIVE,TELECOM,1,1,0,0,False
MCH7993,1,Garde Inc,TELECOM,PARTNERSHIP,ACTIVE,4814,KOLKATA,WEST_BENGAL,1024.0,ACTIVE,TELECOM,1,1,0,0,False
MCH7996,1,Bhargava LLC,MEDICAL,PRIVATE_LIMITED,INACTIVE,5912,AMRITSAR,PUNJAB,,INACTIVE,MEDICAL,1,1,0,0,False
MCH7997,1,"Rattan, Naik and Singh",MISCELLANEOUS,INDIVIDUAL,ACTIVE,5999,POONA,MAHARASHTRA,,ACTIVE,MISCELLANEOUS,1,1,0,0,False
MCH8003,1,Tank Ltd,DEPT_STORE,SOLE_PROPRIETOR,ACTIVE,5311,HYDERABAD,TELANGANA,614.4,ACTIVE,DEPT_STORE,1,1,0,0,False
MCH8004,1,hayre-agate,MISCELLANEOUS,INDIVIDUAL,INACTIVE,5999,ASR,PUNJAB,934.62,INACTIVE,MISCELLANEOUS,1,1,0,0,False
MCH8005,1,"Kumar, Ahluwalia and Thaman",TRANSPORTATION,SOLE_PROPRIETOR,ACTIVE,4131,BENGALURU,KARNATAKA,,ACTIVE,TRANSPORTATION,1,1,0,0,False
MCH8007,2,MULTIPLE_VALUES,MULTIPLE_VALUES,SOLE_PROPRIETOR,MULTIPLE_VALUES,MULTIPLE_VALUES,MULTIPLE_VALUES,MULTIPLE_VALUES,1995.2150000000001,ACTIVE | SUSPENDED,BUS_TAXI | GARMENTS,2,2,0,1,True
MCH8013,1,Thakkar-Vohra,BOOKS,SOLE_PROPRIETOR,ACTIVE,5942,BENGALURU,KARNATAKA,,ACTIVE,BOOKS,1,1,0,0,False
MCH8014,1,Mukherjee Inc,PHARMACIES,SOLE_PROPRIETOR,ACTIVE,5912,JAIPUR,RAJASTHAN,702.0,ACTIVE,PHARMACIES,1,1,0,0,False
MCH8018,1,Lad PLC,KIRANA,PRIVATE_LIMITED,ACTIVE,5411,KOLKATA,WEST_BENGAL,655.7,ACTIVE,KIRANA,1,1,0,0,False
MCH8019,1,Chaudhry-Naidu,BOOK_STORE,PRIVATE_LIMITED,ACTIVE,5942,JAIPUR,RAJASTHAN,888.78,ACTIVE,BOOK_STORE,1,1,0,0,False
MCH8023,1,CHAR-GALA,GARMENTS,INDIVIDUAL,ACTIVE,5699,CHENNAI,TAMIL_NADU,837.35,ACTIVE,GARMENTS,1,1,0,0,False
MCH8024,3,MULTIPLE_VALUES,MULTIPLE_VALUES,MULTIPLE_VALUES,ACTIVE,MULTIPLE_VALUES,MULTIPLE_VALUES,MULTIPLE_VALUES,1356.0149999999999,ACTIVE,GROCERY_STORES | TELECOM,1,2,2,0,True
MCH8025,1,"Karnik, Hayer and Khalsa",PHONE_SERVICE,PARTNERSHIP,ACTIVE,4814,LKO,UTTAR_PRADESH,1781.41,ACTIVE,PHONE_SERVICE,1,1,0,0,False
MCH8029,1,"Gokhale, Varughese and Dube",RETAIL,SOLE_PROPRIETOR,ACTIVE,5311,HYD,TELANGANA,973.0,ACTIVE,RETAIL,1,1,0,0,False
MCH8031,1,CHOKSHI LTD,HOTELS,INDIVIDUAL,ACTIVE,7011,HYD,TELANGANA,2110.06,ACTIVE,HOTELS,1,1,0,0,False
MCH8032,1,Roy-Ramesh,GARMENTS,PARTNERSHIP,ACTIVE,5699,BOMBAY,MAHARASHTRA,1773.07,ACTIVE,GARMENTS,1,1,0,0,False
MCH8033,4,MULTIPLE_VALUES,MULTIPLE_VALUES,MULTIPLE_VALUES,MULTIPLE_VALUES,MULTIPLE_VALUES,MULTIPLE_VALUES,MULTIPLE_VALUES,1390.13,ACTIVE | SUSPENDED,BOOK_STORE | DEPARTMENT_STORE | MISC_RETAIL,2,3,1,1,True
MCH8035,1,"Munshi, Mani and Taneja",RETAIL_OTHER,INDIVIDUAL,ACTIVE,5999,MUMBAY,MAHARASHTRA,,ACTIVE,RETAIL_OTHER,1,1,0,0,False
MCH8036,1,"Sarma, Madan and Pandey",MEDICAL_STORE,PARTNERSHIP,ACTIVE,5912,MUMBAI,MAHARASHTRA,2055.77,ACTIVE,MEDICAL_STORE,1,1,0,0,False
MCH8037,3,MULTIPLE_VALUES,MULTIPLE_VALUES,MULTIPLE_VALUES,MULTIPLE_VALUES,MULTIPLE_VALUES,MULTIPLE_VALUES,MULTIPLE_VALUES,671.2,ACTIVE | SUSPENDED,HOTELS | PHONE_SERVICE | TRANSPRT,2,3,1,1,True
MCH8038,2,MULTIPLE_VALUES,MULTIPLE_VALUES,MULTIPLE_VALUES,MULTIPLE_VALUES,MULTIPLE_VALUES,MULTIPLE_VALUES,MULTIPLE_VALUES,1260.23,ACTIVE | INACTIVE,DEPARTMENT_STORE | PHARMACY,2,2,0,0,True
MCH8039,1,"Kibe,BrahmbhattandJaggi",CLOTHS,SOLE_PROPRIETOR,ACTIVE,05699,PUNE,MAHARASHTRA,2282.53,ACTIVE,CLOTHS,1,1,1,0,False
MCH8043,1,Lalla Group,DEPARTMENT_STORES,PRIVATE_LIMITED,ACTIVE,5311,LDH,PUNJAB,1064.0,ACTIVE,DEPARTMENT_STORES,1,1,0,0,False
MCH8044,1,"Sant, Nadkarni and Rajan",DEPARTMENT_STORE,INDIVIDUAL,ACTIVE,,BLR,KARNATAKA,,ACTIVE,DEPARTMENT_STORE,1,1,1,0,False
MCH8046,1,Muni LLC,PHARMACY,PARTNERSHIP,ACTIVE,,MUMBAI,MAHARASHTRA,401.9,ACTIVE,PHARMACY,1,1,1,0,False
MCH8048,1,"kaul, master and deo",MOBILE_RECHARGE,INDIVIDUAL,ACTIVE,4814,HYDERABAD,TELANGANA,2683.93,ACTIVE,MOBILE_RECHARGE,1,1,0,0,False
MCH8049,1,Balan-Shah,GARMENTS,PRIVATE_LIMITED,ACTIVE,5699,LKO,UTTAR_PRADESH,,ACTIVE,GARMENTS,1,1,0,0,False
MCH8050,1,Bora-Oommen,DEPARTMENT_STORE,INDIVIDUAL,ACTIVE,5311,JALANDHAR,PUNJAB,587.46,ACTIVE,DEPARTMENT_STORE,1,1,0,0,False
MCH8051,1,"saxena, kamdar and kannan",BOOK_STORE,PARTNERSHIP,ACTIVE,5942,NEW_DELHI,DELHI,598.72,ACTIVE,BOOK_STORE,1,1,0,0,False
MCH8052,1,Mangat-Ganesh,TRANSPORT,SOLE_PROPRIETOR,ACTIVE,4131,CALCUTTA,WEST_BENGAL,527.34,ACTIVE,TRANSPORT,1,1,0,0,False
MCH8053,2,CHHABRA INC,TELECOM,INDIVIDUAL,ACTIVE,04814,HYDERABAD,TELANGANA,1235.44,ACTIVE,TELECOM,1,1,2,0,False
MCH8054,1,"Kant, Gara and Grewal",TRANSPORTATION,SOLE_PROPRIETOR,ACTIVE,04131,CHENNAI,TAMIL_NADU,,ACTIVE,TRANSPORTATION,1,1,1,0,False
MCH8055,2,MULTIPLE_VALUES,MULTIPLE_VALUES,PRIVATE_LIMITED,MULTIPLE_VALUES,MULTIPLE_VALUES,MULTIPLE_VALUES,MULTIPLE_VALUES,1288.43,ACTIVE | INACTIVE,MISCELLANEOUS | RESTAURANT,2,2,0,0,True
MCH8056,1,"Pai, Doshi and Nath",TELECOM,PRIVATE_LIMITED,ACTIVE,4814,LUCKNOW,UTTAR_PRADESH,581.34,ACTIVE,TELECOM,1,1,0,0,False
MCH8057,1,Kalla Group,MEDICAL_STORE,SOLE_PROPRIETOR,ACTIVE,5912,MUMBAI,MAHARASHTRA,437.01,ACTIVE,MEDICAL_STORE,1,1,0,0,False
MCH8058,3,MULTIPLE_VALUES,MULTIPLE_VALUES,MULTIPLE_VALUES,ACTIVE,MULTIPLE_VALUES,MULTIPLE_VALUES,MULTIPLE_VALUES,1476.23,ACTIVE,OTHER | PHARMACY | RETAIL,1,3,1,0,True
MCH8059,1,Kapadia PLC,TELECOM,SOLE_PROPRIETOR,INACTIVE,4814,BOMBAY,MAHARASHTRA,263.96,INACTIVE,TELECOM,1,1,0,0,False
MCH8060,3,MULTIPLE_VALUES,MULTIPLE_VALUES,MULTIPLE_VALUES,MULTIPLE_VALUES,MULTIPLE_VALUES,MULTIPLE_VALUES,MULTIPLE_VALUES,2824.32,ACTIVE | INACTIVE,APPAREL | FOOD | FOOD_SERVICES,2,3,0,0,True
MCH8062,1,RANDHAWA-KATA,MISC_RETAIL,INDIVIDUAL,ACTIVE,,BOMBAY,MAHARASHTRA,1473.0,ACTIVE,MISC_RETAIL,1,1,1,0,False
MCH8065,2,MULTIPLE_VALUES,MULTIPLE_VALUES,MULTIPLE_VALUES,MULTIPLE_VALUES,4131,MULTIPLE_VALUES,MULTIPLE_VALUES,945.9649999999999,ACTIVE | INACTIVE,BUS_TAXI | TRANSPORT,2,2,0,0,True
MCH8066,2,MULTIPLE_VALUES,MULTIPLE_VALUES,MULTIPLE_VALUES,ACTIVE,MULTIPLE_VALUES,MULTIPLE_VALUES,MULTIPLE_VALUES,10687.04,ACTIVE,GROCERY_STORE | TELECOM,1,2,1,0,True
MCH8068,1,Narula-Nadkarni,TRANSPRT,PRIVATE_LIMITED,ACTIVE,4131,BENGALURU,KARNATAKA,,ACTIVE,TRANSPRT,1,1,0,0,False
MCH8069,1,MEMON INC,HOTEL,INDIVIDUAL,ACTIVE,,AMRITSAR,PUNJAB,557.54,ACTIVE,HOTEL,1,1,1,0,False
MCH8073,2,MULTIPLE_VALUES,MULTIPLE_VALUES,MULTIPLE_VALUES,ACTIVE,MULTIPLE_VALUES,MULTIPLE_VALUES,MULTIPLE_VALUES,2535.65,ACTIVE,STATIONERY | TELECOM,1,2,0,0,True
MCH8074,1,Prakash-Bera,TELECOM,INDIVIDUAL,ACTIVE,4814,JALANDHAR,PUNJAB,439.79,ACTIVE,TELECOM,1,1,0,0,False
MCH8076,3,MULTIPLE_VALUES,MULTIPLE_VALUES,MULTIPLE_VALUES,MULTIPLE_VALUES,MULTIPLE_VALUES,MULTIPLE_VALUES,MULTIPLE_VALUES,1709.68,ACTIVE | INACTIVE,BOOKS | DEPT_STORE | PHONE_SERVICE,2,3,1,0,True
MCH8078,1,thaman-ganguly,PHARMACY,SOLE_PROPRIETOR,ACTIVE,5912,MUMBAI,MAHARASHTRA,1158.31,ACTIVE,PHARMACY,1,1,0,0,False
MCH8080,2,MULTIPLE_VALUES,MULTIPLE_VALUES,MULTIPLE_VALUES,ACTIVE,MULTIPLE_VALUES,MULTIPLE_VALUES,MULTIPLE_VALUES,2533.4700000000003,ACTIVE,DEPARTMENT_STORE | TELECOM,1,2,0,0,True
MCH8082,1,Contractor and Sons,HOSPITALITY,SOLE_PROPRIETOR,ACTIVE,7011,AMRITSAR,PUNJAB,4480.58,ACTIVE,HOSPITALITY,1,1,0,0,False
MCH8085,1,VERMA-RAMACHANDRAN,STATIONERY,INDIVIDUAL,ACTIVE,5942,PUNE,MAHARASHTRA,,ACTIVE,STATIONERY,1,1,0,0,False
MCH8086,2,MULTIPLE_VALUES,MULTIPLE_VALUES,PARTNERSHIP,ACTIVE,5812,MULTIPLE_VALUES,MULTIPLE_VALUES,1364.925,ACTIVE,GROCERIES | RESTAURANT,1,2,1,0,True
MCH8091,2,MULTIPLE_VALUES,MULTIPLE_VALUES,MULTIPLE_VALUES,MULTIPLE_VALUES,5812,MULTIPLE_VALUES,PUNJAB,1115.06,ACTIVE | INACTIVE,FOOD_SERVICES | RESTAURANTS,2,2,0,0,True
MCH8093,1,"Seth, Bassi and Raman",HOTEL_LODGING,PARTNERSHIP,ACTIVE,7011,HYD,TELANGANA,1629.96,ACTIVE,HOTEL_LODGING,1,1,0,0,False
MCH8095,1,Saxena LLC,CLOTHS,PRIVATE_LIMITED,ACTIVE,5699,JPR,RAJASTHAN,304.22,ACTIVE,CLOTHS,1,1,0,0,False
MCH8096,1,Srinivas-Verma,MOBILE_RECHARGE,PARTNERSHIP,ACTIVE,,BOMBAY,MAHARASHTRA,2241.14,ACTIVE,MOBILE_RECHARGE,1,1,1,0,False
MCH8098,4,MULTIPLE_VALUES,MULTIPLE_VALUES,MULTIPLE_VALUES,ACTIVE,MULTIPLE_VALUES,MULTIPLE_VALUES,MULTIPLE_VALUES,925.94,ACTIVE,CLOTHING | GROCERY_STORES | PHARMACY | RESTAURANTS,1,4,0,0,True
MCH8101,1,"Jani, Varghese and Barman",CLOTHS,SOLE_PROPRIETOR,INACTIVE,,DELHI,DELHI,734.89,INACTIVE,CLOTHS,1,1,1,0,False
MCH8104,1,CHACKO GROUP,HOTEL,PRIVATE_LIMITED,ACTIVE,7011,BANGALORE,KARNATAKA,,ACTIVE,HOTEL,1,1,0,0,False
MCH8107,1,Ramachandran Ltd,RETAIL_OTHER,PARTNERSHIP,ACTIVE,5999,JAIPUR,RAJASTHAN,,ACTIVE,RETAIL_OTHER,1,1,0,0,False
MCH8109,1,"Nadkarni, Sawhney and Singh",CHEMIST,PARTNERSHIP,ACTIVE,5912,DELHI,DELHI,5729.0,ACTIVE,CHEMIST,1,1,0,0,False
MCH8110,2,Kamdar-Raval,OTHER,PARTNERSHIP,INACTIVE,5999,LUCKNOW,UTTAR_PRADESH,768.59,INACTIVE,OTHER,1,1,0,0,False
MCH8114,1,"raman, sandal and bedi",PHONE_SERVICE,INDIVIDUAL,ACTIVE,4814,JALANDHAR,PUNJAB,1612.23,ACTIVE,PHONE_SERVICE,1,1,0,0,False
MCH8119,1,SubramanianandSons,BUS_TAXI,SOLE_PROPRIETOR,ACTIVE,,AMRITSAR,PUNJAB,1285.93,ACTIVE,BUS_TAXI,1,1,1,0,False
MCH8125,6,MULTIPLE_VALUES,MULTIPLE_VALUES,MULTIPLE_VALUES,MULTIPLE_VALUES,MULTIPLE_VALUES,MULTIPLE_VALUES,MULTIPLE_VALUES,1672.4499999999998,ACTIVE | INACTIVE | SUSPENDED,DEPARTMENT_STORE | DEPT_STORE | GROCERY_STORE | MEDICAL_STORE | PHONE_SERVICE | TRANSPORT,3,6,3,1,True
MCH8126,2,MULTIPLE_VALUES,MULTIPLE_VALUES,INDIVIDUAL,MULTIPLE_VALUES,MULTIPLE_VALUES,MULTIPLE_VALUES,MULTIPLE_VALUES,673.22,ACTIVE | SUSPENDED,CHEMIST | GROCERY_STORE,2,2,1,1,True
MCH8129,1,"Devan, Ramesh and 0ak",DEPARTMENT_STORES,INDIVIDUAL,ACTIVE,5311,KOLKATA,WEST_BENGAL,2940.0,ACTIVE,DEPARTMENT_STORES,1,1,0,0,False
MCH8130,1,"Kale, Kumer and Chand",DEPT_STORE,PARTNERSHIP,ACTIVE,,LUDHIANA,PUNJAB,419.61,ACTIVE,DEPT_STORE,1,1,1,0,False
MCH8131,1,Sekhon-Agrawal,OTHER,PRIVATE_LIMITED,INACTIVE,5999,KOLKATA,WEST_BENGAL,5430.66,INACTIVE,OTHER,1,1,0,0,False
MCH8132,4,MULTIPLE_VALUES,MULTIPLE_VALUES,MULTIPLE_VALUES,MULTIPLE_VALUES,MULTIPLE_VALUES,MULTIPLE_VALUES,MULTIPLE_VALUES,1726.5900000000001,ACTIVE | INACTIVE,BOOKS | GARMENTS | GROCERY | MEDICAL_STORE,2,4,0,0,True
MCH8135,1,Bhakta PLC,MISCELLANEOUS,PRIVATE_LIMITED,ACTIVE,5999,ASR,PUNJAB,857.0,ACTIVE,MISCELLANEOUS,1,1,0,0,False
MCH8136,1,Bora Inc,HOTEL,SOLE_PROPRIETOR,INACTIVE,7011,AMRITSAR,PUNJAB,635.0,INACTIVE,HOTEL,1,1,0,0,False
MCH8137,2,MULTIPLE_VALUES,MULTIPLE_VALUES,MULTIPLE_VALUES,ACTIVE,MULTIPLE_VALUES,MULTIPLE_VALUES,MULTIPLE_VALUES,493.44,ACTIVE,MEDICAL_STORE | TRAVEL,1,2,1,0,True
MCH8138,2,MULTIPLE_VALUES,MULTIPLE_VALUES,MULTIPLE_VALUES,ACTIVE,MULTIPLE_VALUES,CHENNAI,TAMIL_NADU,1370.31,ACTIVE,DEPARTMENT_STORES | FOOD,1,2,0,0,True
MCH8139,1,"mani, kala and verma",DEPARTMENT_STORES,INDIVIDUAL,ACTIVE,5311,ASR,PUNJAB,2137.68,ACTIVE,DEPARTMENT_STORES,1,1,0,0,False
MCH8140,1,"Chokshi, Johal and Sachdeva",FOOD,SOLE_PROPRIETOR,ACTIVE,5812,CALCUTTA,WEST_BENGAL,1136.04,ACTIVE,FOOD,1,1,0,0,False
MCH8142,1,Mane and Sons,MEDICAL_STORE,PRIVATE_LIMITED,ACTIVE,5912,LUDHIANA,PUNJAB,5955.63,ACTIVE,MEDICAL_STORE,1,1,0,0,False
MCH8145,1,Dhi110n LLC,HOTEL,PRIVATE_LIMITED,ACTIVE,7011,CHENNAI,TAMIL_NADU,180.43,ACTIVE,HOTEL,1,1,0,0,False
MCH8146,1,Bath-Purohit,STATIONERY,SOLE_PROPRIETOR,ACTIVE,5942,DELHI,DELHI,5566.64,ACTIVE,STATIONERY,1,1,0,0,False
MCH8148,1,Sehgal-Banik,TRANSPORTATION,SOLE_PROPRIETOR,ACTIVE,4131,BENGALURU,KARNATAKA,406.0,ACTIVE,TRANSPORTATION,1,1,0,0,False
MCH8149,1,"Chandran, Mander and Parmar",FOOD_SERVICES,PARTNERSHIP,ACTIVE,5812,KOLKATA,WEST_BENGAL,1378.0,ACTIVE,FOOD_SERVICES,1,1,0,0,False
MCH8150,1,Hegde-Doctor,PHARMACY,PARTNERSHIP,ACTIVE,5912,POONA,MAHARASHTRA,1430.0,ACTIVE,PHARMACY,1,1,0,0,False
MCH8151,2,MULTIPLE_VALUES,MULTIPLE_VALUES,MULTIPLE_VALUES,ACTIVE,MULTIPLE_VALUES,MULTIPLE_VALUES,MULTIPLE_VALUES,903.44,ACTIVE,APPAREL | OTHER,1,2,0,0,True
MCH8152,1,chaudhari plc,PHARMACY,SOLE_PROPRIETOR,ACTIVE,5912,JALANDHAR,PUNJAB,1648.01,ACTIVE,PHARMACY,1,1,0,0,False
MCH8154,1,Yohannan PLC,BUS_TAXI,SOLE_PROPRIETOR,SUSPENDED,,JALANDHAR,PUNJAB,998.6,SUSPENDED,BUS_TAXI,1,1,1,1,False
MCH8157,2,MULTIPLE_VALUES,MULTIPLE_VALUES,MULTIPLE_VALUES,MULTIPLE_VALUES,,MULTIPLE_VALUES,MULTIPLE_VALUES,2447.515,ACTIVE | INACTIVE,BOOKS | PHARMACY,2,2,2,0,True
MCH8159,3,MULTIPLE_VALUES,MULTIPLE_VALUES,MULTIPLE_VALUES,MULTIPLE_VALUES,MULTIPLE_VALUES,MULTIPLE_VALUES,MULTIPLE_VALUES,1186.29,ACTIVE | SUSPENDED,FASHION | GROCERY_STORES | RESTAURANT,2,3,1,2,True
MCH8160,1,Amble and Sons,APPAREL,INDIVIDUAL,ACTIVE,5699,JPR,RAJASTHAN,5769.95,ACTIVE,APPAREL,1,1,0,0,False
MCH8163,1,"Sama, Pant and Tara",BOOKS_STATIONERY,PRIVATE_LIMITED,ACTIVE,UNKNOWN,LUCKNOW,UTTAR_PRADESH,,ACTIVE,BOOKS_STATIONERY,1,1,1,0,False
MCH8164,1,"Devan, Basu and Buch",FOOD,PRIVATE_LIMITED,ACTIVE,5812,DELHI,DELHI,3036.35,ACTIVE,FOOD,1,1,0,0,False
MCH8165,1,"Sandhu, Saran and Dhar",RETAIL_OTHER,SOLE_PROPRIETOR,INACTIVE,5999,CHENNAI,TAMIL_NADU,1269.15,INACTIVE,RETAIL_OTHER,1,1,0,0,False
MCH8169,1,"Kapur, Prashad and Srinivasan",MISCELLANEOUS,INDIVIDUAL,ACTIVE,5999,JAIPUR,RAJASTHAN,1294.0,ACTIVE,MISCELLANEOUS,1,1,0,0,False
MCH8170,1,"Dyal, Chadha and Shenoy",PHONE_SERVICE,PARTNERSHIP,ACTIVE,4814,HYD,TELANGANA,589.07,ACTIVE,PHONE_SERVICE,1,1,0,0,False
MCH8174,2,MULTIPLE_VALUES,MULTIPLE_VALUES,MULTIPLE_VALUES,ACTIVE,MULTIPLE_VALUES,MULTIPLE_VALUES,MULTIPLE_VALUES,1502.14,ACTIVE,DEPARTMENT_STORES | HOSPITALITY,1,2,0,0,True
MCH8176,1,Bala PLC,DEPT_STORE,SOLE_PROPRIETOR,ACTIVE,5311,HYDERABAD,TELANGANA,3488.0,ACTIVE,DEPT_STORE,1,1,0,0,False
MCH8177,3,MULTIPLE_VALUES,MULTIPLE_VALUES,MULTIPLE_VALUES,MULTIPLE_VALUES,MULTIPLE_VALUES,MULTIPLE_VALUES,MULTIPLE_VALUES,578.46,ACTIVE | INACTIVE,CHEMIST | FOOD | MOBILE_RECHARGE,2,3,1,0,True
MCH8181,1,Mall-Chatterjee,TRANSPORTATION,INDIVIDUAL,ACTIVE,4131,AMRITSAR,PUNJAB,,ACTIVE,TRANSPORTATION,1,1,0,0,False
MCH8187,1,"Chada, Mammen and Lanka",TRAVEL,SOLE_PROPRIETOR,ACTIVE,04131,LDH,PUNJAB,671.0,ACTIVE,TRAVEL,1,1,1,0,False
MCH8188,1,"ram, krish and pai",RETAIL_OTHER,PARTNERSHIP,INACTIVE,5999,LKO,UTTAR_PRADESH,734.28,INACTIVE,RETAIL_OTHER,1,1,0,0,False
MCH8189,1,BAJAJ-SURA,BUS_TAXI,SOLE_PROPRIETOR,ACTIVE,4131,DELHI,DELHI,1010.26,ACTIVE,BUS_TAXI,1,1,0,0,False
MCH8192,1,"oza, sant and loke",GROCERY_STORES,PRIVATE_LIMITED,INACTIVE,5411,KOLKATA,WEST_BENGAL,408.0,INACTIVE,GROCERY_STORES,1,1,0,0,False
MCH8197,1,Virk-Venkataraman,CHEMIST,SOLE_PROPRIETOR,ACTIVE,5912,KOLKATA,WEST_BENGAL,964.03,ACTIVE,CHEMIST,1,1,0,0,False
MCH8198,2,Buch-Sengupta,DEPARTMENT_STORES,INDIVIDUAL,MULTIPLE_VALUES,5311,KOLKATA,WEST_BENGAL,2004.67,ACTIVE | INACTIVE,DEPARTMENT_STORES,2,1,0,0,True
MCH8200,1,Rai-Bhargava,STATIONERY,SOLE_PROPRIETOR,ACTIVE,5942,AMRITSAR,PUNJAB,,ACTIVE,STATIONERY,1,1,0,0,False
MCH8203,1,lad-suresh,OTHER,PARTNERSHIP,ACTIVE,,LUDHIANA,PUNJAB,937.0,ACTIVE,OTHER,1,1,1,0,False
MCH8204,1,Bumb-Bansal,HOTELS,PRIVATE_LIMITED,ACTIVE,7011,JALANDHAR,PUNJAB,1083.04,ACTIVE,HOTELS,1,1,0,0,False
MCH8208,1,TAK-SHANKAR,HOTEL,INDIVIDUAL,ACTIVE,7011,MUMBAI,MAHARASHTRA,1309.39,ACTIVE,HOTEL,1,1,0,0,False
MCH8209,2,MULTIPLE_VALUES,MULTIPLE_VALUES,MULTIPLE_VALUES,MULTIPLE_VALUES,MULTIPLE_VALUES,MULTIPLE_VALUES,MULTIPLE_VALUES,3607.325,ACTIVE | INACTIVE,FASHION | RETAIL,2,2,0,0,True
MCH8210,3,MULTIPLE_VALUES,MULTIPLE_VALUES,MULTIPLE_VALUES,MULTIPLE_VALUES,MULTIPLE_VALUES,MULTIPLE_VALUES,MULTIPLE_VALUES,2128.0,ACTIVE | SUSPENDED,DEPT_STORE | MEDICAL | TRAVEL,2,3,0,1,True
MCH8211,2,MULTIPLE_VALUES,MULTIPLE_VALUES,MULTIPLE_VALUES,ACTIVE,MULTIPLE_VALUES,MULTIPLE_VALUES,MULTIPLE_VALUES,2939.69,ACTIVE,GROCERY_STORE | MISC_RETAIL,1,2,0,0,True
MCH8212,1,Taneja Ltd,DEPARTMENT_STORE,PRIVATE_LIMITED,INACTIVE,05311,MADRAS,TAMIL_NADU,2159.07,INACTIVE,DEPARTMENT_STORE,1,1,1,0,False
MCH8215,1,"Brar, Ramesh and Kaul",GROCERY_STORES,PARTNERSHIP,INACTIVE,5411,CHENNAI,TAMIL_NADU,1544.34,INACTIVE,GROCERY_STORES,1,1,0,0,False
MCH8219,1,Devi Group,MOBILE_RECHARGE,INDIVIDUAL,ACTIVE,4814,LUDHIANA,PUNJAB,1980.0,ACTIVE,MOBILE_RECHARGE,1,1,0,0,False
MCH8220,1,sarkar plc,KIRANA,PRIVATE_LIMITED,ACTIVE,5411,POONA,MAHARASHTRA,142.34,ACTIVE,KIRANA,1,1,0,0,False
MCH8221,2,Kala-Bajaj,BOOK_STORE,SOLE_PROPRIETOR,INACTIVE,5942,BENGALURU,KARNATAKA,1133.63,INACTIVE,BOOK_STORE,1,1,0,0,False
MCH8225,1,Bedi-Date,OTHER,PRIVATE_LIMITED,ACTIVE,MISC,POONA,MAHARASHTRA,2289.3,ACTIVE,OTHER,1,1,1,0,False
MCH8226,1,Das-Subramanian,OTHER,PARTNERSHIP,ACTIVE,5999,JAIPUR,RAJASTHAN,789.74,ACTIVE,OTHER,1,1,0,0,False
MCH8233,1,Patel Ltd,GROCERIES,PARTNERSHIP,ACTIVE,5411,JALANDAR,PUNJAB,1942.94,ACTIVE,GROCERIES,1,1,0,0,False
MCH8235,1,Konda-Pillai,STATIONERY,PRIVATE_LIMITED,ACTIVE,5942,MADRAS,TAMIL_NADU,,ACTIVE,STATIONERY,1,1,0,0,False
MCH8238,1,"Lala, Seth and Tak",CLOTHING,PARTNERSHIP,ACTIVE,5699,JPR,RAJASTHAN,952.06,ACTIVE,CLOTHING,1,1,0,0,False
MCH8239,1,"Brahmbhatt, 0ak and Dhar",GROCERY,PARTNERSHIP,ACTIVE,5411,JAIPUR,RAJASTHAN,266.0,ACTIVE,GROCERY,1,1,0,0,False
MCH8240,1,Sur LLC,PHARMACIES,PARTNERSHIP,ACTIVE,5912,LUCKNOW,UTTAR_PRADESH,1777.69,ACTIVE,PHARMACIES,1,1,0,0,False
MCH8241,2,MULTIPLE_VALUES,MULTIPLE_VALUES,MULTIPLE_VALUES,ACTIVE,MULTIPLE_VALUES,MULTIPLE_VALUES,MULTIPLE_VALUES,661.935,ACTIVE,DEPARTMENT_STORES | RETAIL_OTHER,1,2,1,0,True
MCH8242,1,Choudhary-Pall,HOTEL,PRIVATE_LIMITED,ACTIVE,07011,LUDHIANA,PUNJAB,607.04,ACTIVE,HOTEL,1,1,1,0,False
MCH8245,2,MULTIPLE_VALUES,MULTIPLE_VALUES,MULTIPLE_VALUES,ACTIVE,MULTIPLE_VALUES,MULTIPLE_VALUES,MULTIPLE_VALUES,2778.0,ACTIVE,BOOKS | HOTEL_LODGING,1,2,0,0,True
MCH8247,1,"Pandya, Muni and Hora",PHONE_SERVICE,PARTNERSHIP,ACTIVE,4814,LUCKNOW,UTTAR_PRADESH,1396.47,ACTIVE,PHONE_SERVICE,1,1,0,0,False
MCH8253,1,Dutt-Narain,GROCERY_STORES,SOLE_PROPRIETOR,ACTIVE,5411,HYDERABAD,TELANGANA,1104.19,ACTIVE,GROCERY_STORES,1,1,0,0,False
MCH8255,2,MULTIPLE_VALUES,MULTIPLE_VALUES,MULTIPLE_VALUES,ACTIVE,MULTIPLE_VALUES,MULTIPLE_VALUES,PUNJAB,2060.21,ACTIVE,FASHION | PHARMACY,1,2,1,0,True
MCH8259,1,Lall Group,STATIONERY,SOLE_PROPRIETOR,ACTIVE,5942,JALANDHAR,PUNJAB,2667.52,ACTIVE,STATIONERY,1,1,0,0,False
MCH8261,1,"Sridhar, Manda and Arora",FOOD,SOLE_PROPRIETOR,SUSPENDED,5812,JAIPUR,RAJASTHAN,8032.44,SUSPENDED,FOOD,1,1,0,1,False
MCH8262,1,Sanghvi Ltd,GROCERY_STORE,SOLE_PROPRIETOR,ACTIVE,5411,BENGALURU,KARNATAKA,4676.0,ACTIVE,GROCERY_STORE,1,1,0,0,False
MCH8263,2,MULTIPLE_VALUES,MULTIPLE_VALUES,MULTIPLE_VALUES,ACTIVE,MULTIPLE_VALUES,MULTIPLE_VALUES,MULTIPLE_VALUES,3423.54,ACTIVE,CLOTHS | RETAIL,1,2,0,0,True
MCH8264,1,"Hayer, Pant and Suresh",BUS_TAXI,PRIVATE_LIMITED,ACTIVE,4131,JPR,RAJASTHAN,2906.17,ACTIVE,BUS_TAXI,1,1,0,0,False
MCH8268,1,Krishnamurthy-Chopra,BOOKS,PRIVATE_LIMITED,ACTIVE,5942,MADRAS,TAMIL_NADU,1218.95,ACTIVE,BOOKS,1,1,0,0,False
MCH8271,1,Konda-Bawa,CLOTHS,SOLE_PROPRIETOR,ACTIVE,5699,MADRAS,TAMIL_NADU,1087.99,ACTIVE,CLOTHS,1,1,0,0,False
MCH8272,2,MULTIPLE_VALUES,MULTIPLE_VALUES,MULTIPLE_VALUES,ACTIVE,5411,MULTIPLE_VALUES,MULTIPLE_VALUES,2250.0,ACTIVE,DEPT_STORE | KIRANA,1,2,1,0,True
MCH8276,1,"Kakar, Handa and Sachdeva",EATING_PLACE,SOLE_PROPRIETOR,ACTIVE,5812,MUMBAI,MAHARASHTRA,2410.37,ACTIVE,EATING_PLACE,1,1,0,0,False
MCH8277,1,"Patil, Goyal and Sarin",PHARMACIES,INDIVIDUAL,INACTIVE,5912,ASR,PUNJAB,1542.69,INACTIVE,PHARMACIES,1,1,0,0,False
MCH8279,1,Lala PLC,GROCERY,SOLE_PROPRIETOR,ACTIVE,5411,CHENNAI,TAMIL_NADU,416.0,ACTIVE,GROCERY,1,1,0,0,False
MCH8281,3,MULTIPLE_VALUES,MULTIPLE_VALUES,MULTIPLE_VALUES,ACTIVE,MULTIPLE_VALUES,MULTIPLE_VALUES,MULTIPLE_VALUES,2092.455,ACTIVE,BUS_TAXI | HOTELS | PHONE_SERVICE,1,3,0,0,True
MCH8283,2,MULTIPLE_VALUES,MULTIPLE_VALUES,MULTIPLE_VALUES,ACTIVE,MULTIPLE_VALUES,KOLKATA,WEST_BENGAL,882.235,ACTIVE,MOBILE_RECHARGE | TRAVEL,1,2,0,0,True
MCH8286,1,"Chadha, Chaudhari and Edwin",MEDICAL_STORE,PRIVATE_LIMITED,ACTIVE,5912,HYDERABAD,TELANGANA,1828.46,ACTIVE,MEDICAL_STORE,1,1,0,0,False
MCH8288,1,Kakar-Sood,DEPARTMENT_STORE,PRIVATE_LIMITED,ACTIVE,5311,BLR,KARNATAKA,1556.66,ACTIVE,DEPARTMENT_STORE,1,1,0,0,False
MCH8289,1,"Ch0udhury, Chakrabarti and Kha1sa",TRANSPORT,SOLE_PROPRIETOR,ACTIVE,4131,LUCKNOW,UTTAR_PRADESH,954.52,ACTIVE,TRANSPORT,1,1,0,0,False
MCH8291,1,walia inc,HOTEL_LODGING,PRIVATE_LIMITED,ACTIVE,7011,LUDHIANA,PUNJAB,1898.37,ACTIVE,HOTEL_LODGING,1,1,0,0,False
MCH8295,1,MAMMEN LLC,MISCELLANEOUS,PRIVATE_LIMITED,ACTIVE,5999,CHENNAI,TAMIL_NADU,1554.58,ACTIVE,MISCELLANEOUS,1,1,0,0,False
MCH8296,2,MULTIPLE_VALUES,MULTIPLE_VALUES,PARTNERSHIP,ACTIVE,5411,MULTIPLE_VALUES,MULTIPLE_VALUES,659.86,ACTIVE,GROCERIES | MISC_RETAIL,1,2,1,0,True
MCH8297,5,MULTIPLE_VALUES,MULTIPLE_VALUES,MULTIPLE_VALUES,MULTIPLE_VALUES,MULTIPLE_VALUES,MULTIPLE_VALUES,MULTIPLE_VALUES,618.85,ACTIVE | INACTIVE | SUSPENDED,BOOK_STORE | MEDICAL | MOBILE_RECHARGE | RETAIL | TRAVEL,3,5,1,1,True
MCH8299,1,Garde PLC,FOOD,PARTNERSHIP,ACTIVE,5812,JAIPUR,RAJASTHAN,1496.13,ACTIVE,FOOD,1,1,0,0,False
MCH8306,3,MULTIPLE_VALUES,MULTIPLE_VALUES,MULTIPLE_VALUES,MULTIPLE_VALUES,4131,MULTIPLE_VALUES,MULTIPLE_VALUES,67.35,ACTIVE | INACTIVE | SUSPENDED,HOSPITALITY | TRANSPORT,3,2,2,1,True
MCH8308,3,MULTIPLE_VALUES,MULTIPLE_VALUES,MULTIPLE_VALUES,ACTIVE,UNKNOWN,MULTIPLE_VALUES,MULTIPLE_VALUES,1612.0,ACTIVE,HOTEL_LODGING | MOBILE_RECHARGE | RETAIL,1,3,3,0,True
MCH8310,1,Chakraborty Ltd,TRAVEL,INDIVIDUAL,ACTIVE,4131,NEW_DELHI,DELHI,1287.03,ACTIVE,TRAVEL,1,1,0,0,False
MCH8312,1,"Ramanathan, Andra and Sarma",MEDICAL,PARTNERSHIP,ACTIVE,5912,LKO,UTTAR_PRADESH,,ACTIVE,MEDICAL,1,1,0,0,False
MCH8314,2,MULTIPLE_VALUES,TRANSPORTATION,MULTIPLE_VALUES,ACTIVE,4131,MULTIPLE_VALUES,MULTIPLE_VALUES,474.785,ACTIVE,TRANSPORTATION,1,1,0,0,False
MCH8316,2,MULTIPLE_VALUES,MULTIPLE_VALUES,PRIVATE_LIMITED,ACTIVE,MULTIPLE_VALUES,MULTIPLE_VALUES,MULTIPLE_VALUES,1061.085,ACTIVE,DEPT_STORE | RESTAURANT,1,2,0,0,True
MCH8324,1,Golla-Chaudhuri,HOSPITALITY,PRIVATE_LIMITED,ACTIVE,7011,JALANDHAR,PUNJAB,,ACTIVE,HOSPITALITY,1,1,0,0,False
MCH8325,2,MULTIPLE_VALUES,MULTIPLE_VALUES,MULTIPLE_VALUES,MULTIPLE_VALUES,MULTIPLE_VALUES,MULTIPLE_VALUES,PUNJAB,912.005,ACTIVE | INACTIVE,GROCERY | MISCELLANEOUS,2,2,0,0,True
MCH8326,1,"Bassi, Lalla and Sastry",GROCERY,INDIVIDUAL,ACTIVE,5411,AMRITSAR,PUNJAB,1031.0,ACTIVE,GROCERY,1,1,0,0,False
MCH8327,1,Men0n Ltd,MISCELLANEOUS,INDIVIDUAL,INACTIVE,,BENGALURU,KARNATAKA,1670.04,INACTIVE,MISCELLANEOUS,1,1,1,0,False
MCH8328,1,Raman-Dass,GROCERY_STORE,PARTNERSHIP,ACTIVE,,JALANDHAR,PUNJAB,2484.83,ACTIVE,GROCERY_STORE,1,1,1,0,False
MCH8329,1,"Halder, Panchal and Pandit",RETAIL_OTHER,INDIVIDUAL,ACTIVE,,LKO,UTTAR_PRADESH,422.0,ACTIVE,RETAIL_OTHER,1,1,1,0,False
MCH8330,2,MULTIPLE_VALUES,MULTIPLE_VALUES,MULTIPLE_VALUES,ACTIVE,4131,MULTIPLE_VALUES,MULTIPLE_VALUES,2776.725,ACTIVE,FOOD | TRANSPORTATION,1,2,1,0,True
MCH8331,1,Yogi Inc,RETAIL_OTHER,SOLE_PROPRIETOR,INACTIVE,5999,BLR,KARNATAKA,1372.86,INACTIVE,RETAIL_OTHER,1,1,0,0,False
MCH8332,1,"Sethi, Buch and Sachdeva",HOSPITALITY,INDIVIDUAL,ACTIVE,7011,HYDERABAD,TELANGANA,1666.61,ACTIVE,HOSPITALITY,1,1,0,0,False
MCH8334,1,"Rai,BandiandJayaraman",TRANSPORT,PARTNERSHIP,ACTIVE,,KOLKATA,WEST_BENGAL,3117.64,ACTIVE,TRANSPORT,1,1,1,0,False
MCH8335,1,Bhatti-Keer,RETAIL,SOLE_PROPRIETOR,INACTIVE,,HYDERABAD,TELANGANA,1335.83,INACTIVE,RETAIL,1,1,1,0,False
MCH8337,2,MULTIPLE_VALUES,MISC_RETAIL,MULTIPLE_VALUES,MULTIPLE_VALUES,MULTIPLE_VALUES,MULTIPLE_VALUES,MULTIPLE_VALUES,514.2249999999999,ACTIVE | INACTIVE,MISC_RETAIL,2,1,1,0,True
MCH8338,2,MULTIPLE_VALUES,MULTIPLE_VALUES,MULTIPLE_VALUES,ACTIVE,MULTIPLE_VALUES,MULTIPLE_VALUES,MAHARASHTRA,2050.62,ACTIVE,FOOD | HOTEL_LODGING,1,2,0,0,True
MCH8341,2,MULTIPLE_VALUES,MULTIPLE_VALUES,MULTIPLE_VALUES,ACTIVE,MULTIPLE_VALUES,MULTIPLE_VALUES,MULTIPLE_VALUES,1674.71,ACTIVE,RETAIL | TELECOM,1,2,0,0,True
MCH8344,1,Purohit-Ravi,DEPARTMENT_STORE,PRIVATE_LIMITED,ACTIVE,5311,PUNE,MAHARASHTRA,337.58,ACTIVE,DEPARTMENT_STORE,1,1,0,0,False
MCH8345,1,"Srinivas, Bali and Bhatt",HOTEL_LODGING,SOLE_PROPRIETOR,INACTIVE,7011,JALANDHAR,PUNJAB,1909.16,INACTIVE,HOTEL_LODGING,1,1,0,0,False
MCH8346,2,MULTIPLE_VALUES,MULTIPLE_VALUES,MULTIPLE_VALUES,ACTIVE,MULTIPLE_VALUES,MULTIPLE_VALUES,MULTIPLE_VALUES,2784.795,ACTIVE,CLOTHING | MISC_RETAIL,1,2,1,0,True
MCH8352,1,Tailor and Sons,HOTEL,SOLE_PROPRIETOR,ACTIVE,7011,LKO,UTTAR_PRADESH,1393.59,ACTIVE,HOTEL,1,1,0,0,False
MCH8355,3,MULTIPLE_VALUES,MULTIPLE_VALUES,MULTIPLE_VALUES,MULTIPLE_VALUES,MULTIPLE_VALUES,MULTIPLE_VALUES,MULTIPLE_VALUES,1302.55,ACTIVE | INACTIVE,APPAREL | DEPARTMENT_STORES | RESTAURANTS,2,3,0,0,True
MCH8358,2,MULTIPLE_VALUES,MULTIPLE_VALUES,MULTIPLE_VALUES,MULTIPLE_VALUES,MULTIPLE_VALUES,MULTIPLE_VALUES,MULTIPLE_VALUES,1701.865,ACTIVE | SUSPENDED,CLOTHS | PHARMACIES,2,2,0,1,True
MCH8363,1,Salvi Group,HOTEL_LODGING,SOLE_PROPRIETOR,ACTIVE,7011,LUCKNOW,UTTAR_PRADESH,833.32,ACTIVE,HOTEL_LODGING,1,1,0,0,False
MCH8364,1,KataPLC,CHEMIST,INDIVIDUAL,ACTIVE,5912,BOMBAY,MAHARASHTRA,753.31,ACTIVE,CHEMIST,1,1,0,0,False
MCH8365,5,MULTIPLE_VALUES,MULTIPLE_VALUES,MULTIPLE_VALUES,MULTIPLE_VALUES,MULTIPLE_VALUES,MULTIPLE_VALUES,MULTIPLE_VALUES,786.29,ACTIVE | INACTIVE,MISCELLANEOUS | MISC_RETAIL | RETAIL | TELECOM,2,4,0,0,True
MCH8369,2,MULTIPLE_VALUES,MULTIPLE_VALUES,MULTIPLE_VALUES,ACTIVE,MULTIPLE_VALUES,MULTIPLE_VALUES,MULTIPLE_VALUES,1293.0800000000002,ACTIVE,APPAREL | PHARMACIES,1,2,0,0,True
MCH8370,2,MULTIPLE_VALUES,MULTIPLE_VALUES,MULTIPLE_VALUES,ACTIVE,4131,MULTIPLE_VALUES,MULTIPLE_VALUES,556.2049999999999,ACTIVE,TRANSPORT | TRANSPRT,1,2,0,0,True
MCH8372,2,MULTIPLE_VALUES,MULTIPLE_VALUES,MULTIPLE_VALUES,ACTIVE,MULTIPLE_VALUES,MULTIPLE_VALUES,MULTIPLE_VALUES,2622.95,ACTIVE,PHARMACY | TELECOM,1,2,0,0,True
MCH8374,2,MULTIPLE_VALUES,MULTIPLE_VALUES,MULTIPLE_VALUES,ACTIVE,MULTIPLE_VALUES,MULTIPLE_VALUES,MULTIPLE_VALUES,835.1949999999999,ACTIVE,BOOKS | FASHION,1,2,0,0,True
MCH8377,2,MULTIPLE_VALUES,MULTIPLE_VALUES,INDIVIDUAL,ACTIVE,MULTIPLE_VALUES,MULTIPLE_VALUES,MULTIPLE_VALUES,1359.8600000000001,ACTIVE,DEPARTMENT_STORES | TRANSPORT,1,2,0,0,True
MCH8379,2,MULTIPLE_VALUES,MULTIPLE_VALUES,MULTIPLE_VALUES,MULTIPLE_VALUES,MULTIPLE_VALUES,MULTIPLE_VALUES,MULTIPLE_VALUES,410.075,ACTIVE | SUSPENDED,BOOKS | PHARMACY,2,2,0,1,True
MCH8380,3,MULTIPLE_VALUES,MULTIPLE_VALUES,MULTIPLE_VALUES,ACTIVE,MULTIPLE_VALUES,MULTIPLE_VALUES,MULTIPLE_VALUES,5160.175,ACTIVE,HOTEL_LODGING | PHONE_SERVICE | TRAVEL,1,3,1,0,True
MCH8384,1,"Tella, Batra and Baral",DEPARTMENT_STORES,INDIVIDUAL,ACTIVE,5311,JALANDAR,PUNJAB,,ACTIVE,DEPARTMENT_STORES,1,1,0,0,False
MCH8385,1,Thaker-Hegde,EATING_PLACE,PARTNERSHIP,ACTIVE,5812,AMRITSAR,PUNJAB,2913.48,ACTIVE,EATING_PLACE,1,1,0,0,False
MCH8389,1,Thaman Group,RESTAURANTS,INDIVIDUAL,INACTIVE,UNKNOWN,MUMBAI,MAHARASHTRA,1716.78,INACTIVE,RESTAURANTS,1,1,1,0,False
MCH8390,1,"Thakkar, Babu and Nagi",TRANSPRT,PRIVATE_LIMITED,ACTIVE,4131,HYD,TELANGANA,2159.57,ACTIVE,TRANSPRT,1,1,0,0,False
MCH8391,1,Talwar-Bhasin,GARMENTS,INDIVIDUAL,ACTIVE,MISC,LUDHIANA,PUNJAB,2052.0,ACTIVE,GARMENTS,1,1,1,0,False
MCH8393,1,Salvi LLC,HOTELS,PARTNERSHIP,ACTIVE,7011,JALANDHAR,PUNJAB,1230.0,ACTIVE,HOTELS,1,1,0,0,False
MCH8399,1,"La11a, Wadhwa and Bhardwaj",RESTAURANTS,PRIVATE_LIMITED,ACTIVE,MISC,KOLKATA,WEST_BENGAL,1773.81,ACTIVE,RESTAURANTS,1,1,1,0,False
MCH8400,1,Banerjee Inc,RESTAURANTS,SOLE_PROPRIETOR,ACTIVE,5812,LUCKNOW,UTTAR_PRADESH,,ACTIVE,RESTAURANTS,1,1,0,0,False
MCH8401,2,Pandey PLC,HOSPITALITY,PARTNERSHIP,MULTIPLE_VALUES,,CHENNAI,TAMIL_NADU,625.0,ACTIVE | INACTIVE,HOSPITALITY,2,1,2,0,True
MCH8405,1,Roy Ltd,GARMENTS,PRIVATE_LIMITED,INACTIVE,,KOLKATA,WEST_BENGAL,1147.53,INACTIVE,GARMENTS,1,1,1,0,False
MCH8407,1,Dey Group,TRANSPORT,INDIVIDUAL,ACTIVE,4131,LUCKNOW,UTTAR_PRADESH,2726.27,ACTIVE,TRANSPORT,1,1,0,0,False
MCH8409,1,"Dua, Naidu and Agate",TRAVEL,INDIVIDUAL,ACTIVE,4131,MUMBAY,MAHARASHTRA,1474.83,ACTIVE,TRAVEL,1,1,0,0,False
MCH8410,3,MULTIPLE_VALUES,MULTIPLE_VALUES,MULTIPLE_VALUES,ACTIVE,MULTIPLE_VALUES,MULTIPLE_VALUES,MULTIPLE_VALUES,893.08,ACTIVE,BOOK_STORE | GROCERY_STORES | TRANSPORTATION,1,3,0,0,True
MCH8411,1,Chopra Group,EATING_PLACE,PRIVATE_LIMITED,INACTIVE,,JALANDAR,PUNJAB,1067.4,INACTIVE,EATING_PLACE,1,1,1,0,False
MCH8412,1,Sachdeva-Mutti,DEPARTMENT_STORE,PRIVATE_LIMITED,ACTIVE,5311,BENGALURU,KARNATAKA,2327.41,ACTIVE,DEPARTMENT_STORE,1,1,0,0,False
MCH8413,1,"Mammen,ParmerandChandra",MOBILE_RECHARGE,SOLE_PROPRIETOR,ACTIVE,4814,BANGALORE,KARNATAKA,,ACTIVE,MOBILE_RECHARGE,1,1,0,0,False
MCH8416,2,MULTIPLE_VALUES,MULTIPLE_VALUES,PRIVATE_LIMITED,ACTIVE,5411,MULTIPLE_VALUES,MULTIPLE_VALUES,2774.0150000000003,ACTIVE,GROCERY | KIRANA,1,2,0,0,True
MCH8417,1,Bhalla-Batta,DEPARTMENT_STORE,PARTNERSHIP,ACTIVE,5311,BENGALURU,KARNATAKA,544.37,ACTIVE,DEPARTMENT_STORE,1,1,0,0,False
MCH8418,1,Jaggi Inc,HOTEL_LODGING,INDIVIDUAL,INACTIVE,07011,PUNE,MAHARASHTRA,,INACTIVE,HOTEL_LODGING,1,1,1,0,False
MCH8419,1,Nigam Inc,PHONE_SERVICE,SOLE_PROPRIETOR,ACTIVE,4814,ASR,PUNJAB,462.51,ACTIVE,PHONE_SERVICE,1,1,0,0,False
MCH8421,2,MULTIPLE_VALUES,MULTIPLE_VALUES,PRIVATE_LIMITED,MULTIPLE_VALUES,MULTIPLE_VALUES,MULTIPLE_VALUES,MULTIPLE_VALUES,789.725,ACTIVE | SUSPENDED,RESTAURANT | TRANSPRT,2,2,0,1,True
MCH8422,1,Kakar-Bera,GARMENTS,SOLE_PROPRIETOR,ACTIVE,5699,AMRITSAR,PUNJAB,661.76,ACTIVE,GARMENTS,1,1,0,0,False
MCH8423,1,Balasubramanian and Sons,GROCERY_STORE,PRIVATE_LIMITED,ACTIVE,05411,BOMBAY,MAHARASHTRA,1838.16,ACTIVE,GROCERY_STORE,1,1,1,0,False
MCH8425,1,"Bhatnagar,ComarandHans",HOTELS,INDIVIDUAL,ACTIVE,7011,JALANDAR,PUNJAB,637.53,ACTIVE,HOTELS,1,1,0,0,False
MCH8427,4,MULTIPLE_VALUES,MULTIPLE_VALUES,MULTIPLE_VALUES,MULTIPLE_VALUES,MULTIPLE_VALUES,MULTIPLE_VALUES,MULTIPLE_VALUES,429.8,ACTIVE | SUSPENDED,BOOKS | CLOTHING | STATIONERY,2,3,0,2,True
MCH8428,1,"Keer, Batra and Kapadia",HOTEL,PARTNERSHIP,ACTIVE,7011,JALANDAR,PUNJAB,2475.47,ACTIVE,HOTEL,1,1,0,0,False
MCH8431,3,MULTIPLE_VALUES,MULTIPLE_VALUES,MULTIPLE_VALUES,ACTIVE,MULTIPLE_VALUES,MULTIPLE_VALUES,MULTIPLE_VALUES,1715.36,ACTIVE,GROCERIES | MEDICAL | TRANSPORTATION,1,3,0,0,True
MCH8432,1,Lad Inc,BOOK_STORE,PRIVATE_LIMITED,ACTIVE,5942,DILLI,DELHI,394.7,ACTIVE,BOOK_STORE,1,1,0,0,False
MCH8433,1,"Gill, Taneja and Bhardwaj",GROCERY,INDIVIDUAL,SUSPENDED,05411,LUCKNOW,UTTAR_PRADESH,5465.01,SUSPENDED,GROCERY,1,1,1,1,False
MCH8435,1,Bajwa-Sandhu,GARMENTS,INDIVIDUAL,ACTIVE,5699,JAIPUR,RAJASTHAN,,ACTIVE,GARMENTS,1,1,0,0,False
MCH8436,4,MULTIPLE_VALUES,MULTIPLE_VALUES,MULTIPLE_VALUES,ACTIVE,MULTIPLE_VALUES,MULTIPLE_VALUES,MULTIPLE_VALUES,1427.93,ACTIVE,BOOK_STORE | HOTEL | MOBILE_RECHARGE | OTHER,1,4,0,0,True
MCH8437,2,MULTIPLE_VALUES,MULTIPLE_VALUES,MULTIPLE_VALUES,MULTIPLE_VALUES,MULTIPLE_VALUES,MULTIPLE_VALUES,MULTIPLE_VALUES,1071.95,ACTIVE | INACTIVE,EATING_PLACE | HOTEL_LODGING,2,2,0,0,True
MCH8439,1,Bala and Sons,PHARMACIES,INDIVIDUAL,ACTIVE,5912,JALANDHAR,PUNJAB,1591.75,ACTIVE,PHARMACIES,1,1,0,0,False
MCH8440,1,"Chacko, Natarajan and Menon",OTHER,INDIVIDUAL,ACTIVE,5999,MUMBAI,MAHARASHTRA,775.41,ACTIVE,OTHER,1,1,0,0,False
MCH8445,1,CHAND INC,MISCELLANEOUS,PARTNERSHIP,ACTIVE,5999,JPR,RAJASTHAN,2873.41,ACTIVE,MISCELLANEOUS,1,1,0,0,False
MCH8446,2,MULTIPLE_VALUES,MULTIPLE_VALUES,MULTIPLE_VALUES,MULTIPLE_VALUES,MULTIPLE_VALUES,MULTIPLE_VALUES,MULTIPLE_VALUES,1024.12,ACTIVE | INACTIVE,MISCELLANEOUS | PHARMACIES,2,2,0,0,True
MCH8448,1,"Roy, Parekh and Ratti",HOTEL_LODGING,PRIVATE_LIMITED,ACTIVE,7011,JAIPUR,RAJASTHAN,364.74,ACTIVE,HOTEL_LODGING,1,1,0,0,False
MCH8449,2,MULTIPLE_VALUES,MULTIPLE_VALUES,MULTIPLE_VALUES,ACTIVE,5912,MULTIPLE_VALUES,MULTIPLE_VALUES,290.11,ACTIVE,PHARMACIES | RESTAURANTS,1,2,1,0,True
MCH8450,2,MULTIPLE_VALUES,MULTIPLE_VALUES,MULTIPLE_VALUES,ACTIVE,5912,MULTIPLE_VALUES,MULTIPLE_VALUES,2472.47,ACTIVE,MEDICAL | MISCELLANEOUS,1,2,1,0,True
MCH8451,2,MULTIPLE_VALUES,MULTIPLE_VALUES,MULTIPLE_VALUES,ACTIVE,MULTIPLE_VALUES,MULTIPLE_VALUES,MULTIPLE_VALUES,1035.52,ACTIVE,FOOD_SERVICES | TELECOM,1,2,0,0,True
MCH8453,2,MULTIPLE_VALUES,MULTIPLE_VALUES,MULTIPLE_VALUES,ACTIVE,MULTIPLE_VALUES,AMRITSAR,PUNJAB,498.085,ACTIVE,GARMENTS | GROCERY,1,2,0,0,True
MCH8455,1,Chauhan-Raju,DEPT_STORE,PRIVATE_LIMITED,ACTIVE,5311,POONA,MAHARASHTRA,1832.78,ACTIVE,DEPT_STORE,1,1,0,0,False
MCH8456,1,Srinivasan and Sons,KIRANA,INDIVIDUAL,ACTIVE,5411,JALANDAR,PUNJAB,3454.0,ACTIVE,KIRANA,1,1,0,0,False
MCH8460,1,Luthra PLC,DEPT_STORE,PRIVATE_LIMITED,ACTIVE,MISC,JPR,RAJASTHAN,2927.81,ACTIVE,DEPT_STORE,1,1,1,0,False
MCH8464,1,"Kapadia, Sarin and Bhargava",GROCERY,SOLE_PROPRIETOR,ACTIVE,5411,LUDHIANA,PUNJAB,1536.1,ACTIVE,GROCERY,1,1,0,0,False
MCH8466,1,dani plc,RETAIL_OTHER,SOLE_PROPRIETOR,ACTIVE,5999,LKO,UTTAR_PRADESH,1946.42,ACTIVE,RETAIL_OTHER,1,1,0,0,False
MCH8467,2,MULTIPLE_VALUES,MULTIPLE_VALUES,MULTIPLE_VALUES,MULTIPLE_VALUES,5912,MULTIPLE_VALUES,MULTIPLE_VALUES,2059.045,ACTIVE | INACTIVE,GROCERY_STORES | MEDICAL_STORE,2,2,1,0,True
MCH8470,2,MULTIPLE_VALUES,MULTIPLE_VALUES,MULTIPLE_VALUES,ACTIVE,5699,MULTIPLE_VALUES,MULTIPLE_VALUES,1203.0,ACTIVE,FASHION | TRANSPRT,1,2,1,0,True
MCH8472,1,Guha-Sandhu,PHONE_SERVICE,PARTNERSHIP,ACTIVE,4814,AMRITSAR,PUNJAB,1828.57,ACTIVE,PHONE_SERVICE,1,1,0,0,False
MCH8473,1,"Tella, Dara and Krish",PHONE_SERVICE,PRIVATE_LIMITED,ACTIVE,4814,MUMBAI,MAHARASHTRA,320.84,ACTIVE,PHONE_SERVICE,1,1,0,0,False
MCH8475,1,"Karpe, Iyer and Gole",STATIONERY,PRIVATE_LIMITED,ACTIVE,5942,BENGALURU,KARNATAKA,2426.04,ACTIVE,STATIONERY,1,1,0,0,False
MCH8480,1,Doshi-Sarin,TRANSPORTATION,INDIVIDUAL,ACTIVE,4131,PUNE,MAHARASHTRA,,ACTIVE,TRANSPORTATION,1,1,0,0,False
MCH8481,1,"Dixit,GeraandGara",BUS_TAXI,SOLE_PROPRIETOR,ACTIVE,4131,JPR,RAJASTHAN,1730.88,ACTIVE,BUS_TAXI,1,1,0,0,False
MCH8484,1,"Grover, Swamy and Johal",MEDICAL_STORE,PRIVATE_LIMITED,SUSPENDED,5912,KOLKATA,WEST_BENGAL,1273.08,SUSPENDED,MEDICAL_STORE,1,1,0,1,False
MCH8489,2,MULTIPLE_VALUES,MULTIPLE_VALUES,MULTIPLE_VALUES,ACTIVE,MULTIPLE_VALUES,MULTIPLE_VALUES,MULTIPLE_VALUES,1728.835,ACTIVE,HOTEL | MEDICAL,1,2,1,0,True
MCH8490,1,SEKHON-CHADHA,GARMENTS,SOLE_PROPRIETOR,INACTIVE,05699,DILLI,DELHI,,INACTIVE,GARMENTS,1,1,1,0,False
MCH8492,1,Narayan Gr0up,TELECOM,INDIVIDUAL,INACTIVE,4814,CALCUTTA,WEST_BENGAL,,INACTIVE,TELECOM,1,1,0,0,False
MCH8493,1,BUCH INC,MEDICAL_STORE,INDIVIDUAL,ACTIVE,5912,CHENNAI,TAMIL_NADU,2394.24,ACTIVE,MEDICAL_STORE,1,1,0,0,False
MCH8496,1,Sandhu PLC,BOOK_STORE,PARTNERSHIP,INACTIVE,5942,HYDERABAD,TELANGANA,,INACTIVE,BOOK_STORE,1,1,0,0,False
MCH8497,1,"Pandey, Dutta and Thakkar",EATING_PLACE,PRIVATE_LIMITED,ACTIVE,5812,NEW_DELHI,DELHI,802.0,ACTIVE,EATING_PLACE,1,1,0,0,False
MCH8501,1,Koshy-Mukherjee,HOTELS,PARTNERSHIP,ACTIVE,7011,HYDERABAD,TELANGANA,3180.8,ACTIVE,HOTELS,1,1,0,0,False
MCH8504,2,MULTIPLE_VALUES,MULTIPLE_VALUES,MULTIPLE_VALUES,ACTIVE,5411,MULTIPLE_VALUES,MULTIPLE_VALUES,2598.63,ACTIVE,GROCERIES | KIRANA,1,2,1,0,True
MCH8505,3,MULTIPLE_VALUES,MULTIPLE_VALUES,MULTIPLE_VALUES,ACTIVE,MULTIPLE_VALUES,MULTIPLE_VALUES,MULTIPLE_VALUES,811.55,ACTIVE,BOOK_STORE | DEPT_STORE | GROCERY_STORE,1,3,0,0,True
MCH8506,1,"HANDA, SAHNI AND SAWHNEY",TELECOM,PARTNERSHIP,ACTIVE,4814,HYDERABAD,TELANGANA,339.0,ACTIVE,TELECOM,1,1,0,0,False
MCH8508,1,"Iyengar,GillandTella",OTHER,PRIVATE_LIMITED,ACTIVE,5999,CHENNAI,TAMIL_NADU,1985.47,ACTIVE,OTHER,1,1,0,0,False
MCH8509,4,MULTIPLE_VALUES,MULTIPLE_VALUES,MULTIPLE_VALUES,MULTIPLE_VALUES,MULTIPLE_VALUES,MULTIPLE_VALUES,MULTIPLE_VALUES,605.5550000000001,ACTIVE | INACTIVE,CLOTHING | DEPT_STORE | GROCERY,2,3,0,0,True
MCH8511,2,MULTIPLE_VALUES,MULTIPLE_VALUES,MULTIPLE_VALUES,ACTIVE,MULTIPLE_VALUES,KOLKATA,WEST_BENGAL,2755.62,ACTIVE,GROCERY | TRAVEL,1,2,0,0,True
MCH8512,1,Luthra-Bhasin,TRANSPORTATION,SOLE_PROPRIETOR,ACTIVE,4131,LUCKNOW,UTTAR_PRADESH,2579.73,ACTIVE,TRANSPORTATION,1,1,0,0,False
MCH8517,1,"Bandi, Bir and Buch",CHEMIST,INDIVIDUAL,ACTIVE,5912,DILLI,DELHI,2544.34,ACTIVE,CHEMIST,1,1,0,0,False
MCH8518,1,Srivastava-Parsa,FASHION,INDIVIDUAL,ACTIVE,5699,JAIPUR,RAJASTHAN,191.84,ACTIVE,FASHION,1,1,0,0,False
MCH8521,2,MULTIPLE_VALUES,MULTIPLE_VALUES,SOLE_PROPRIETOR,MULTIPLE_VALUES,MULTIPLE_VALUES,MULTIPLE_VALUES,MULTIPLE_VALUES,1708.275,ACTIVE | SUSPENDED,DEPARTMENT_STORES | FOOD,2,2,0,1,True
MCH8525,1,Bah1-Mangat,HOTELS,INDIVIDUAL,INACTIVE,7011,MUMBAI,MAHARASHTRA,444.54,INACTIVE,HOTELS,1,1,0,0,False
MCH8527,2,MULTIPLE_VALUES,MULTIPLE_VALUES,MULTIPLE_VALUES,ACTIVE,MULTIPLE_VALUES,MULTIPLE_VALUES,MULTIPLE_VALUES,128.48,ACTIVE,KIRANA | PHARMACY,1,2,1,0,True
MCH8529,2,MULTIPLE_VALUES,MULTIPLE_VALUES,MULTIPLE_VALUES,MULTIPLE_VALUES,MULTIPLE_VALUES,MULTIPLE_VALUES,MULTIPLE_VALUES,1269.3049999999998,ACTIVE | INACTIVE,PHONE_SERVICE | STATIONERY,2,2,0,0,True
MCH8530,1,Chopra-Khanna,DEPARTMENT_STORES,PARTNERSHIP,ACTIVE,5311,HYDERABAD,TELANGANA,442.28,ACTIVE,DEPARTMENT_STORES,1,1,0,0,False
MCH8536,2,MULTIPLE_VALUES,MULTIPLE_VALUES,MULTIPLE_VALUES,ACTIVE,MULTIPLE_VALUES,MULTIPLE_VALUES,MAHARASHTRA,1742.475,ACTIVE,RETAIL | TELECOM,1,2,1,0,True
MCH8537,4,MULTIPLE_VALUES,MULTIPLE_VALUES,MULTIPLE_VALUES,MULTIPLE_VALUES,MULTIPLE_VALUES,MULTIPLE_VALUES,MULTIPLE_VALUES,1072.34,ACTIVE | INACTIVE,GROCERY | TRAVEL,2,2,0,0,True
MCH8539,1,Arya-Char,APPAREL,SOLE_PROPRIETOR,ACTIVE,5699,MADRAS,TAMIL_NADU,3012.9,ACTIVE,APPAREL,1,1,0,0,False
MCH8540,1,Tiwari Ltd,OTHER,SOLE_PROPRIETOR,ACTIVE,5999,JAIPUR,RAJASTHAN,,ACTIVE,OTHER,1,1,0,0,False
MCH8545,1,Taneja and Sons,KIRANA,PRIVATE_LIMITED,ACTIVE,5411,JAIPUR,RAJASTHAN,1926.0,ACTIVE,KIRANA,1,1,0,0,False
MCH8546,1,jani plc,DEPARTMENT_STORE,PARTNERSHIP,ACTIVE,5311,CALCUTTA,WEST_BENGAL,1691.74,ACTIVE,DEPARTMENT_STORE,1,1,0,0,False
MCH8548,1,Karpe Ltd,FOOD,PARTNERSHIP,ACTIVE,5812,NEW_DELHI,DELHI,699.0,ACTIVE,FOOD,1,1,0,0,False
MCH8549,2,MULTIPLE_VALUES,MULTIPLE_VALUES,MULTIPLE_VALUES,ACTIVE,MULTIPLE_VALUES,MULTIPLE_VALUES,PUNJAB,1130.69,ACTIVE,DEPARTMENT_STORE | TELECOM,1,2,0,0,True
MCH8550,1,Nayar Ltd,PHONE_SERVICE,PARTNERSHIP,ACTIVE,,JALANDAR,PUNJAB,1649.78,ACTIVE,PHONE_SERVICE,1,1,1,0,False
MCH8551,1,Sule-Ganesh,CLOTHING,INDIVIDUAL,ACTIVE,5699,KOLKATA,WEST_BENGAL,1452.12,ACTIVE,CLOTHING,1,1,0,0,False
MCH8552,1,"Manne, Manda and Toor",TRAVEL,SOLE_PROPRIETOR,ACTIVE,4131,PUNE,MAHARASHTRA,,ACTIVE,TRAVEL,1,1,0,0,False
MCH8553,2,MULTIPLE_VALUES,MULTIPLE_VALUES,MULTIPLE_VALUES,MULTIPLE_VALUES,MULTIPLE_VALUES,MULTIPLE_VALUES,MULTIPLE_VALUES,893.965,ACTIVE | INACTIVE,GROCERY_STORES | PHONE_SERVICE,2,2,0,0,True
MCH8554,1,MANGAT PLC,MISCELLANEOUS,SOLE_PROPRIETOR,INACTIVE,5999,MUMBAI,MAHARASHTRA,,INACTIVE,MISCELLANEOUS,1,1,0,0,False
MCH8555,2,MULTIPLE_VALUES,MULTIPLE_VALUES,PRIVATE_LIMITED,ACTIVE,MULTIPLE_VALUES,MULTIPLE_VALUES,MULTIPLE_VALUES,1643.0,ACTIVE,BOOK_STORE | OTHER,1,2,0,0,True
MCH8556,1,"Rout, Dhillon and Sinha",BOOK_STORE,SOLE_PROPRIETOR,ACTIVE,5942,JAIPUR,RAJASTHAN,,ACTIVE,BOOK_STORE,1,1,0,0,False
MCH8558,2,MULTIPLE_VALUES,MULTIPLE_VALUES,SOLE_PROPRIETOR,ACTIVE,MULTIPLE_VALUES,MULTIPLE_VALUES,MULTIPLE_VALUES,1895.53,ACTIVE,MOBILE_RECHARGE | RETAIL,1,2,1,0,True
MCH8559,1,"Gokhale, Dugal and Pradhan",EATING_PLACE,PRIVATE_LIMITED,SUSPENDED,5812,PUNE,MAHARASHTRA,2171.47,SUSPENDED,EATING_PLACE,1,1,0,1,False
MCH8561,2,MULTIPLE_VALUES,MULTIPLE_VALUES,MULTIPLE_VALUES,ACTIVE,MULTIPLE_VALUES,MULTIPLE_VALUES,MAHARASHTRA,2670.2250000000004,ACTIVE,CHEMIST | CLOTHING,1,2,1,0,True
MCH8562,1,Radhakrishnan-Apte,FOOD,PRIVATE_LIMITED,ACTIVE,05812,CHENNAI,TAMIL_NADU,1647.0,ACTIVE,FOOD,1,1,1,0,False
MCH8563,2,MULTIPLE_VALUES,MULTIPLE_VALUES,MULTIPLE_VALUES,MULTIPLE_VALUES,5411,MULTIPLE_VALUES,MAHARASHTRA,1164.06,ACTIVE | SUSPENDED,GROCERY_STORE | RESTAURANTS,2,2,1,1,True
MCH8565,1,"MAMMEN, MODI AND SANKAR",RESTAURANTS,SOLE_PROPRIETOR,ACTIVE,5812,JPR,RAJASTHAN,609.89,ACTIVE,RESTAURANTS,1,1,0,0,False
MCH8566,1,Magar-Kota,TRANSPRT,PARTNERSHIP,ACTIVE,4131,ASR,PUNJAB,1353.18,ACTIVE,TRANSPRT,1,1,0,0,False
MCH8568,1,Krishna-Agrawal,MOBILE_RECHARGE,PARTNERSHIP,INACTIVE,4814,KOLKATA,WEST_BENGAL,412.1,INACTIVE,MOBILE_RECHARGE,1,1,0,0,False
MCH8569,1,Tara Ltd,FOOD,INDIVIDUAL,ACTIVE,5812,LUCKNOW,UTTAR_PRADESH,1022.19,ACTIVE,FOOD,1,1,0,0,False
MCH8570,1,Reddy Ltd,BOOKS_STATIONERY,PARTNERSHIP,ACTIVE,5942,HYDERABAD,TELANGANA,528.1,ACTIVE,BOOKS_STATIONERY,1,1,0,0,False
MCH8571,2,MULTIPLE_VALUES,MULTIPLE_VALUES,MULTIPLE_VALUES,ACTIVE,MULTIPLE_VALUES,MULTIPLE_VALUES,MULTIPLE_VALUES,729.515,ACTIVE,BUS_TAXI | PHONE_SERVICE,1,2,1,0,True
MCH8572,1,"Sheth,SethandKulkarni",PHONE_SERVICE,INDIVIDUAL,ACTIVE,4814,JAIPUR,RAJASTHAN,4326.0,ACTIVE,PHONE_SERVICE,1,1,0,0,False
MCH8574,1,vohra group,MEDICAL_STORE,INDIVIDUAL,INACTIVE,5912,JAIPUR,RAJASTHAN,,INACTIVE,MEDICAL_STORE,1,1,0,0,False
MCH8575,1,"Doctor, Merchant and Bhatti",TELECOM,PARTNERSHIP,ACTIVE,4814,CALCUTTA,WEST_BENGAL,2693.45,ACTIVE,TELECOM,1,1,0,0,False
MCH8578,1,Bhatt LLC,TRANSPRT,SOLE_PROPRIETOR,INACTIVE,4131,POONA,MAHARASHTRA,2462.04,INACTIVE,TRANSPRT,1,1,0,0,False
MCH8579,1,OM LLC,DEPARTMENT_STORES,SOLE_PROPRIETOR,ACTIVE,5311,BLR,KARNATAKA,3034.67,ACTIVE,DEPARTMENT_STORES,1,1,0,0,False
MCH8581,1,"Sundaram, Sekhon and Andra",HOTEL,PARTNERSHIP,ACTIVE,7011,JALANDAR,PUNJAB,953.97,ACTIVE,HOTEL,1,1,0,0,False
MCH8588,1,"Kala, Kant and Gola",BUS_TAXI,INDIVIDUAL,ACTIVE,,CHENNAI,TAMIL_NADU,,ACTIVE,BUS_TAXI,1,1,1,0,False
MCH8591,1,Dutta and Sons,MISC_RETAIL,INDIVIDUAL,ACTIVE,5999,KOLKATA,WEST_BENGAL,2731.17,ACTIVE,MISC_RETAIL,1,1,0,0,False
MCH8592,3,MULTIPLE_VALUES,MULTIPLE_VALUES,MULTIPLE_VALUES,MULTIPLE_VALUES,MULTIPLE_VALUES,MULTIPLE_VALUES,MULTIPLE_VALUES,1002.86,ACTIVE | SUSPENDED,CHEMIST | MOBILE_RECHARGE | STATIONERY,2,3,0,1,True
MCH8597,1,Hayre-Badami,FOOD,PRIVATE_LIMITED,ACTIVE,5812,AMRITSAR,PUNJAB,1847.81,ACTIVE,FOOD,1,1,0,0,False
MCH8598,2,MULTIPLE_VALUES,MULTIPLE_VALUES,MULTIPLE_VALUES,ACTIVE,05812,MULTIPLE_VALUES,MULTIPLE_VALUES,1295.1750000000002,ACTIVE,BOOKS | FOOD_SERVICES,1,2,2,0,True
MCH8600,2,MULTIPLE_VALUES,MULTIPLE_VALUES,MULTIPLE_VALUES,ACTIVE,MULTIPLE_VALUES,MULTIPLE_VALUES,MULTIPLE_VALUES,858.3199999999999,ACTIVE,GROCERIES | RESTAURANTS,1,2,1,0,True
MCH8601,1,CHAHAL-PAREKH,FOOD,PRIVATE_LIMITED,ACTIVE,5812,ASR,PUNJAB,,ACTIVE,FOOD,1,1,0,0,False
MCH8602,1,Raghavan-Ah1uwa1ia,GROCERIES,INDIVIDUAL,ACTIVE,5411,MADRAS,TAMIL_NADU,,ACTIVE,GROCERIES,1,1,0,0,False
MCH8603,2,mane ltd,RESTAURANT,SOLE_PROPRIETOR,ACTIVE,5812,LUDHIANA,PUNJAB,258.46,ACTIVE,RESTAURANT,1,1,0,0,False
MCH8606,1,Prabhakar Ltd,BOOK_STORE,PARTNERSHIP,ACTIVE,5942,MUMBAY,MAHARASHTRA,602.72,ACTIVE,BOOK_STORE,1,1,0,0,False
MCH8607,3,MULTIPLE_VALUES,MULTIPLE_VALUES,MULTIPLE_VALUES,ACTIVE,MULTIPLE_VALUES,MULTIPLE_VALUES,MULTIPLE_VALUES,2981.0,ACTIVE,CLOTHING | GROCERY | TELECOM,1,3,0,0,True
MCH8610,1,Pandey and Sons,RETAIL_OTHER,SOLE_PROPRIETOR,ACTIVE,5999,BENGALURU,KARNATAKA,1014.0,ACTIVE,RETAIL_OTHER,1,1,0,0,False
MCH8612,1,KURIAN-GODA,EATING_PLACE,SOLE_PROPRIETOR,ACTIVE,5812,BOMBAY,MAHARASHTRA,1133.93,ACTIVE,EATING_PLACE,1,1,0,0,False
MCH8613,1,Comar-Tata,RESTAURANT,INDIVIDUAL,SUSPENDED,5812,LUCKNOW,UTTAR_PRADESH,2485.09,SUSPENDED,RESTAURANT,1,1,0,1,False
MCH8614,2,MULTIPLE_VALUES,MULTIPLE_VALUES,MULTIPLE_VALUES,ACTIVE,MULTIPLE_VALUES,MULTIPLE_VALUES,MULTIPLE_VALUES,3012.605,ACTIVE,MEDICAL | TRAVEL,1,2,0,0,True
MCH8615,3,MULTIPLE_VALUES,MULTIPLE_VALUES,MULTIPLE_VALUES,MULTIPLE_VALUES,MULTIPLE_VALUES,MULTIPLE_VALUES,MULTIPLE_VALUES,1493.0,ACTIVE | INACTIVE,APPAREL | BOOK_STORE | PHONE_SERVICE,2,3,2,0,True
MCH8616,1,RATTI-JHA,APPAREL,SOLE_PROPRIETOR,ACTIVE,05699,PUNE,MAHARASHTRA,,ACTIVE,APPAREL,1,1,1,0,False
MCH8619,2,Salvi-Nazareth,GROCERY,SOLE_PROPRIETOR,ACTIVE,5411,NEW_DELHI,DELHI,860.21,ACTIVE,GROCERY,1,1,0,0,False
MCH8622,1,choudhry-krishna,HOTEL_LODGING,PARTNERSHIP,ACTIVE,7011,PUNE,MAHARASHTRA,196.86,ACTIVE,HOTEL_LODGING,1,1,0,0,False
MCH8624,1,Kannan-Mital,PHARMACY,SOLE_PROPRIETOR,ACTIVE,5912,PUNE,MAHARASHTRA,1202.33,ACTIVE,PHARMACY,1,1,0,0,False
MCH8628,2,MULTIPLE_VALUES,MULTIPLE_VALUES,MULTIPLE_VALUES,ACTIVE,MULTIPLE_VALUES,MULTIPLE_VALUES,MULTIPLE_VALUES,6782.155,ACTIVE,BUS_TAXI | HOTEL_LODGING,1,2,0,0,True
MCH8631,1,Chaudhari-Chhabra,CLOTHING,SOLE_PROPRIETOR,ACTIVE,5699,LUCKNOW,UTTAR_PRADESH,1011.95,ACTIVE,CLOTHING,1,1,0,0,False
MCH8632,1,"Koshy, Suri and Dey",RESTAURANTS,INDIVIDUAL,ACTIVE,5812,DELHI,DELHI,3705.21,ACTIVE,RESTAURANTS,1,1,0,0,False
MCH8633,1,Pillai-Lata,MEDICAL,INDIVIDUAL,ACTIVE,5912,AMRITSAR,PUNJAB,1325.55,ACTIVE,MEDICAL,1,1,0,0,False
MCH8634,1,Palla-Brar,MEDICAL,PARTNERSHIP,ACTIVE,5912,JALANDAR,PUNJAB,843.2,ACTIVE,MEDICAL,1,1,0,0,False
MCH8636,1,GHOSH-DASH,STATIONERY,PARTNERSHIP,ACTIVE,05942,ASR,PUNJAB,3699.41,ACTIVE,STATIONERY,1,1,1,0,False
MCH8638,2,ramanathan-apte,BOOK_STORE,PARTNERSHIP,ACTIVE,05942,CHENNAI,TAMIL_NADU,985.8,ACTIVE,BOOK_STORE,1,1,2,0,False
MCH8639,2,MULTIPLE_VALUES,MULTIPLE_VALUES,MULTIPLE_VALUES,MULTIPLE_VALUES,MULTIPLE_VALUES,MULTIPLE_VALUES,MULTIPLE_VALUES,2050.725,ACTIVE | INACTIVE,HOSPITALITY | KIRANA,2,2,0,0,True
MCH8640,1,"vasa, nanda and bhat",DEPT_STORE,SOLE_PROPRIETOR,ACTIVE,5311,PUNE,MAHARASHTRA,347.11,ACTIVE,DEPT_STORE,1,1,0,0,False
MCH8641,1,Rai and Sons,TRAVEL,INDIVIDUAL,ACTIVE,4131,LDH,PUNJAB,,ACTIVE,TRAVEL,1,1,0,0,False
MCH8643,1,"Kota, Aurora and Dugal",CLOTHS,SOLE_PROPRIETOR,ACTIVE,5699,DELHI,DELHI,1011.23,ACTIVE,CLOTHS,1,1,0,0,False
MCH8644,1,M0re-L0ke,TRANSPORTATION,INDIVIDUAL,ACTIVE,4131,LUDHIANA,PUNJAB,1294.91,ACTIVE,TRANSPORTATION,1,1,0,0,False
MCH8645,1,"Desai, Agarwal and Handa",MOBILE_RECHARGE,INDIVIDUAL,ACTIVE,4814,LUDHIANA,PUNJAB,1177.09,ACTIVE,MOBILE_RECHARGE,1,1,0,0,False
MCH8648,2,MULTIPLE_VALUES,MULTIPLE_VALUES,SOLE_PROPRIETOR,ACTIVE,MULTIPLE_VALUES,MULTIPLE_VALUES,MULTIPLE_VALUES,1736.435,ACTIVE,BUS_TAXI | CHEMIST,1,2,0,0,True
MCH8650,1,Konda Ltd,MISCELLANEOUS,SOLE_PROPRIETOR,ACTIVE,5999,LUDHIANA,PUNJAB,578.35,ACTIVE,MISCELLANEOUS,1,1,0,0,False
MCH8654,3,MULTIPLE_VALUES,MULTIPLE_VALUES,INDIVIDUAL,MULTIPLE_VALUES,MULTIPLE_VALUES,MULTIPLE_VALUES,MULTIPLE_VALUES,714.58,ACTIVE | INACTIVE,BOOKS | GROCERY | PHONE_SERVICE,2,3,1,0,True
MCH8656,2,MULTIPLE_VALUES,MULTIPLE_VALUES,MULTIPLE_VALUES,ACTIVE,5942,MULTIPLE_VALUES,MULTIPLE_VALUES,9885.11,ACTIVE,BOOKS_STATIONERY | BOOK_STORE,1,2,1,0,True
MCH8659,1,sha ltd,HOTELS,PARTNERSHIP,ACTIVE,7011,MUMBAY,MAHARASHTRA,,ACTIVE,HOTELS,1,1,0,0,False
MCH8660,1,"Ben, Guha and Sabharwa1",FOOD_SERVICES,SOLE_PROPRIETOR,ACTIVE,5812,LUCKNOW,UTTAR_PRADESH,,ACTIVE,FOOD_SERVICES,1,1,0,0,False
MCH8661,1,Kapoor and Sons,TRANSPRT,PARTNERSHIP,ACTIVE,,MUMBAI,MAHARASHTRA,1762.47,ACTIVE,TRANSPRT,1,1,1,0,False
MCH8663,1,Khalsa Group,BOOK_STORE,PARTNERSHIP,INACTIVE,MISC,JALANDHAR,PUNJAB,338.0,INACTIVE,BOOK_STORE,1,1,1,0,False
MCH8672,1,"Ganguly, Sarin and Merchant",RETAIL,INDIVIDUAL,INACTIVE,5311,JALANDHAR,PUNJAB,1816.05,INACTIVE,RETAIL,1,1,0,0,False
MCH8673,2,MULTIPLE_VALUES,MULTIPLE_VALUES,MULTIPLE_VALUES,ACTIVE,MULTIPLE_VALUES,MULTIPLE_VALUES,MULTIPLE_VALUES,1073.29,ACTIVE,RESTAURANTS | STATIONERY,1,2,1,0,True
MCH8674,1,"Mani, Dutta and Issac",FOOD,PRIVATE_LIMITED,ACTIVE,5812,CHENNAI,TAMIL_NADU,,ACTIVE,FOOD,1,1,0,0,False
MCH8678,1,Dani-Talwar,HOTEL_LODGING,PARTNERSHIP,INACTIVE,07011,LKO,UTTAR_PRADESH,393.54,INACTIVE,HOTEL_LODGING,1,1,1,0,False
MCH8679,2,MULTIPLE_VALUES,MULTIPLE_VALUES,PRIVATE_LIMITED,ACTIVE,MULTIPLE_VALUES,MULTIPLE_VALUES,MULTIPLE_VALUES,697.365,ACTIVE,BOOKS | PHONE_SERVICE,1,2,1,0,True
MCH8680,2,Bhatt-Toor,DEPT_STORE,PRIVATE_LIMITED,ACTIVE,5311,JAIPUR,RAJASTHAN,1399.6,ACTIVE,DEPT_STORE,1,1,0,0,False
MCH8681,1,Suri Ltd,CLOTHING,PARTNERSHIP,ACTIVE,5699,JALANDHAR,PUNJAB,1034.26,ACTIVE,CLOTHING,1,1,0,0,False
MCH8692,2,MULTIPLE_VALUES,MULTIPLE_VALUES,MULTIPLE_VALUES,ACTIVE,MULTIPLE_VALUES,MULTIPLE_VALUES,PUNJAB,2362.175,ACTIVE,EATING_PLACE | MISC_RETAIL,1,2,0,0,True
MCH8693,2,MULTIPLE_VALUES,MULTIPLE_VALUES,INDIVIDUAL,ACTIVE,7011,MULTIPLE_VALUES,MULTIPLE_VALUES,612.395,ACTIVE,GROCERY_STORES | HOTELS,1,2,1,0,True
MCH8697,1,Karnik Ltd,MISCELLANEOUS,SOLE_PROPRIETOR,ACTIVE,05999,HYDERABAD,TELANGANA,353.31,ACTIVE,MISCELLANEOUS,1,1,1,0,False
MCH8698,1,"Boase, Bal and Mand",DEPARTMENT_STORES,PRIVATE_LIMITED,ACTIVE,5311,CALCUTTA,WEST_BENGAL,3054.52,ACTIVE,DEPARTMENT_STORES,1,1,0,0,False
MCH8703,1,MODY GROUP,OTHER,PARTNERSHIP,SUSPENDED,MISC,HYDERABAD,TELANGANA,2908.51,SUSPENDED,OTHER,1,1,1,1,False
MCH8705,2,MULTIPLE_VALUES,MULTIPLE_VALUES,PRIVATE_LIMITED,ACTIVE,MULTIPLE_VALUES,DELHI,DELHI,1127.21,ACTIVE,TELECOM | TRANSPRT,1,2,0,0,True
MCH8708,1,"Mukherjee, Sami and Purohit",RETAIL_OTHER,SOLE_PROPRIETOR,SUSPENDED,5999,HYDERABAD,TELANGANA,2919.92,SUSPENDED,RETAIL_OTHER,1,1,0,1,False
MCH8713,1,"Shere, Loke and Butala",PHONE_SERVICE,PRIVATE_LIMITED,INACTIVE,4814,DELHI,DELHI,,INACTIVE,PHONE_SERVICE,1,1,0,0,False
MCH8714,1,GuptaGroup,PHARMACIES,SOLE_PROPRIETOR,INACTIVE,5912,PUNE,MAHARASHTRA,569.38,INACTIVE,PHARMACIES,1,1,0,0,False
MCH8715,1,"Raju,LokeandVora",RETAIL_OTHER,PARTNERSHIP,ACTIVE,05999,HYDERABAD,TELANGANA,1332.26,ACTIVE,RETAIL_OTHER,1,1,1,0,False
MCH8716,1,"Naik, Chada and Divan",OTHER,PRIVATE_LIMITED,ACTIVE,5999,LDH,PUNJAB,225.43,ACTIVE,OTHER,1,1,0,0,False
MCH8718,1,Chaudhari-Bhalla,EATING_PLACE,INDIVIDUAL,ACTIVE,5812,POONA,MAHARASHTRA,,ACTIVE,EATING_PLACE,1,1,0,0,False
MCH8719,1,kala llc,DEPARTMENT_STORE,INDIVIDUAL,ACTIVE,5311,KOLKATA,WEST_BENGAL,2779.32,ACTIVE,DEPARTMENT_STORE,1,1,0,0,False
MCH8721,1,Bera-Chhabra,TRAVEL,SOLE_PROPRIETOR,ACTIVE,4131,LKO,UTTAR_PRADESH,2543.82,ACTIVE,TRAVEL,1,1,0,0,False
MCH8724,3,MULTIPLE_VALUES,MULTIPLE_VALUES,MULTIPLE_VALUES,MULTIPLE_VALUES,5411,MULTIPLE_VALUES,MULTIPLE_VALUES,639.73,ACTIVE | INACTIVE,GROCERY_STORE | GROCERY_STORES | KIRANA,2,3,0,0,True
MCH8725,3,MULTIPLE_VALUES,MULTIPLE_VALUES,MULTIPLE_VALUES,MULTIPLE_VALUES,MULTIPLE_VALUES,MULTIPLE_VALUES,MULTIPLE_VALUES,7512.0,ACTIVE | INACTIVE,CLOTHING | GROCERY_STORES | HOTELS,2,3,0,0,True
MCH8726,1,Rast0gi-Saini,MISC_RETAIL,PARTNERSHIP,ACTIVE,5999,LUDHIANA,PUNJAB,4900.29,ACTIVE,MISC_RETAIL,1,1,0,0,False
MCH8727,1,Vig-Mann,RETAIL_OTHER,PARTNERSHIP,ACTIVE,5999,DELHI,DELHI,157.65,ACTIVE,RETAIL_OTHER,1,1,0,0,False
MCH8729,1,"Chowdhury, Krishnamurthy and Parekh",STATIONERY,PRIVATE_LIMITED,ACTIVE,5942,KOLKATA,WEST_BENGAL,870.42,ACTIVE,STATIONERY,1,1,0,0,False
MCH8730,2,MULTIPLE_VALUES,MULTIPLE_VALUES,MULTIPLE_VALUES,ACTIVE,MULTIPLE_VALUES,MULTIPLE_VALUES,PUNJAB,1662.145,ACTIVE,MISC_RETAIL | STATIONERY,1,2,0,0,True
MCH8733,1,"Dhillon, Goel and Dar",TELECOM,SOLE_PROPRIETOR,ACTIVE,4814,CALCUTTA,WEST_BENGAL,,ACTIVE,TELECOM,1,1,0,0,False
MCH8734,1,"Ganguly, Hayre and Choudhury",TELECOM,SOLE_PROPRIETOR,ACTIVE,4814,LUCKNOW,UTTAR_PRADESH,4276.72,ACTIVE,TELECOM,1,1,0,0,False
MCH8735,2,MULTIPLE_VALUES,MULTIPLE_VALUES,PARTNERSHIP,ACTIVE,MULTIPLE_VALUES,MULTIPLE_VALUES,MULTIPLE_VALUES,4446.34,ACTIVE,GROCERY | PHONE_SERVICE,1,2,0,0,True
MCH8736,2,MULTIPLE_VALUES,MULTIPLE_VALUES,MULTIPLE_VALUES,ACTIVE,5311,MULTIPLE_VALUES,MULTIPLE_VALUES,1515.09,ACTIVE,DEPARTMENT_STORES | RESTAURANT,1,2,1,0,True
MCH8741,2,MULTIPLE_VALUES,MULTIPLE_VALUES,MULTIPLE_VALUES,ACTIVE,MULTIPLE_VALUES,MULTIPLE_VALUES,MULTIPLE_VALUES,5204.08,ACTIVE,GROCERY | TELECOM,1,2,0,0,True
MCH8744,1,Prashad LLC,BOOK_STORE,INDIVIDUAL,ACTIVE,5942,JALANDAR,PUNJAB,3282.54,ACTIVE,BOOK_STORE,1,1,0,0,False
MCH8746,1,Kari Inc,MEDICAL_STORE,PARTNERSHIP,ACTIVE,5912,PUNE,MAHARASHTRA,,ACTIVE,MEDICAL_STORE,1,1,0,0,False
MCH8749,1,"Tara, Parmer and Walla",TRAVEL,PRIVATE_LIMITED,INACTIVE,04131,KOLKATA,WEST_BENGAL,584.1,INACTIVE,TRAVEL,1,1,1,0,False
MCH8750,2,MULTIPLE_VALUES,MULTIPLE_VALUES,INDIVIDUAL,ACTIVE,MULTIPLE_VALUES,MULTIPLE_VALUES,MULTIPLE_VALUES,3497.0299999999997,ACTIVE,FASHION | HOTEL_LODGING,1,2,0,0,True
MCH8753,1,"Bhandari, Trivedi and Bora",TRAVEL,PARTNERSHIP,INACTIVE,4131,HYDERABAD,TELANGANA,718.79,INACTIVE,TRAVEL,1,1,0,0,False
MCH8755,2,MULTIPLE_VALUES,MULTIPLE_VALUES,MULTIPLE_VALUES,MULTIPLE_VALUES,MULTIPLE_VALUES,MULTIPLE_VALUES,MULTIPLE_VALUES,2844.235,ACTIVE | SUSPENDED,HOTEL_LODGING | MISCELLANEOUS,2,2,0,1,True
MCH8756,2,Warrior Inc,FASHION,PRIVATE_LIMITED,ACTIVE,5699,JALANDAR,PUNJAB,1476.03,ACTIVE,FASHION,1,1,0,0,False
MCH8761,2,MULTIPLE_VALUES,MULTIPLE_VALUES,MULTIPLE_VALUES,ACTIVE,MULTIPLE_VALUES,MULTIPLE_VALUES,MULTIPLE_VALUES,861.6099999999999,ACTIVE,HOSPITALITY | MISCELLANEOUS,1,2,0,0,True
MCH8762,1,Dani-Saha,TRANSPORT,PARTNERSHIP,ACTIVE,4131,CALCUTTA,WEST_BENGAL,778.15,ACTIVE,TRANSPORT,1,1,0,0,False
MCH8765,1,"Kamdar, Sehgal and Tata",GROCERY,PARTNERSHIP,ACTIVE,5411,DELHI,DELHI,4863.17,ACTIVE,GROCERY,1,1,0,0,False
MCH8766,1,Shanker Ltd,MEDICAL_STORE,SOLE_PROPRIETOR,ACTIVE,5912,CHENNAI,TAMIL_NADU,801.0,ACTIVE,MEDICAL_STORE,1,1,0,0,False
MCH8767,1,Golla Group,GARMENTS,SOLE_PROPRIETOR,ACTIVE,5699,HYDERABAD,TELANGANA,397.99,ACTIVE,GARMENTS,1,1,0,0,False
MCH8768,3,MULTIPLE_VALUES,MULTIPLE_VALUES,MULTIPLE_VALUES,MULTIPLE_VALUES,MULTIPLE_VALUES,MULTIPLE_VALUES,MULTIPLE_VALUES,1033.9,ACTIVE | INACTIVE | SUSPENDED,DEPT_STORE | HOTEL | MISCELLANEOUS,3,3,0,1,True
MCH8769,1,Dara-Keer,PHARMACIES,PRIVATE_LIMITED,ACTIVE,5912,JPR,RAJASTHAN,637.83,ACTIVE,PHARMACIES,1,1,0,0,False
MCH8770,1,Mani-Mutti,OTHER,SOLE_PROPRIETOR,ACTIVE,5999,NEW_DELHI,DELHI,379.0,ACTIVE,OTHER,1,1,0,0,False
MCH8775,1,Bakshi-Shah,APPAREL,PARTNERSHIP,ACTIVE,5699,NEW_DELHI,DELHI,480.13,ACTIVE,APPAREL,1,1,0,0,False
MCH8777,1,Kibe PLC,HOTEL,PARTNERSHIP,INACTIVE,7011,MUMBAI,MAHARASHTRA,1945.67,INACTIVE,HOTEL,1,1,0,0,False
MCH8779,1,Tak-Wali,RESTAURANTS,INDIVIDUAL,ACTIVE,5812,BENGALURU,KARNATAKA,206.0,ACTIVE,RESTAURANTS,1,1,0,0,False
MCH8781,1,Gade PLC,CHEMIST,PRIVATE_LIMITED,ACTIVE,5912,MUMBAY,MAHARASHTRA,714.3,ACTIVE,CHEMIST,1,1,0,0,False
MCH8782,1,SWAMY-KHURANA,GARMENTS,SOLE_PROPRIETOR,ACTIVE,5699,ASR,PUNJAB,1314.55,ACTIVE,GARMENTS,1,1,0,0,False
MCH8784,1,"Iyengar, Savant and Sehgal",TRANSPRT,PRIVATE_LIMITED,ACTIVE,4131,BOMBAY,MAHARASHTRA,575.0,ACTIVE,TRANSPRT,1,1,0,0,False
MCH8789,1,"Pingle,NadigandNarula",FOOD_SERVICES,INDIVIDUAL,ACTIVE,5812,LUDHIANA,PUNJAB,,ACTIVE,FOOD_SERVICES,1,1,0,0,False
MCH8790,1,Thaman-Singh,CHEMIST,INDIVIDUAL,ACTIVE,5912,KOLKATA,WEST_BENGAL,,ACTIVE,CHEMIST,1,1,0,0,False
MCH8792,2,MULTIPLE_VALUES,MULTIPLE_VALUES,MULTIPLE_VALUES,ACTIVE,MULTIPLE_VALUES,MULTIPLE_VALUES,MULTIPLE_VALUES,,ACTIVE,GARMENTS | GROCERY_STORE,1,2,0,0,True
MCH8794,2,MULTIPLE_VALUES,MULTIPLE_VALUES,PARTNERSHIP,INACTIVE,MULTIPLE_VALUES,MULTIPLE_VALUES,MULTIPLE_VALUES,8263.035,INACTIVE,GROCERY | TRANSPRT,1,2,0,0,True
MCH8795,1,basak-bhavsar,BOOKS_STATIONERY,SOLE_PROPRIETOR,INACTIVE,5942,JAIPUR,RAJASTHAN,243.16,INACTIVE,BOOKS_STATIONERY,1,1,0,0,False
MCH8798,2,MULTIPLE_VALUES,MULTIPLE_VALUES,MULTIPLE_VALUES,MULTIPLE_VALUES,MULTIPLE_VALUES,MULTIPLE_VALUES,MULTIPLE_VALUES,1166.46,ACTIVE | SUSPENDED,DEPT_STORE | STATIONERY,2,2,0,1,True
MCH8799,2,MULTIPLE_VALUES,MULTIPLE_VALUES,MULTIPLE_VALUES,SUSPENDED,MULTIPLE_VALUES,MULTIPLE_VALUES,MULTIPLE_VALUES,1818.455,SUSPENDED,BOOKS | MEDICAL_STORE,1,2,0,2,True
MCH8801,1,BEDI INC,PHARMACY,SOLE_PROPRIETOR,ACTIVE,5912,LKO,UTTAR_PRADESH,3479.49,ACTIVE,PHARMACY,1,1,0,0,False
MCH8805,1,bose inc,CLOTHS,INDIVIDUAL,ACTIVE,5699,LDH,PUNJAB,6022.98,ACTIVE,CLOTHS,1,1,0,0,False
MCH8808,1,"Kothari, Bansal and Gupta",STATIONERY,INDIVIDUAL,ACTIVE,MISC,BLR,KARNATAKA,380.0,ACTIVE,STATIONERY,1,1,1,0,False
MCH8809,2,MULTIPLE_VALUES,MULTIPLE_VALUES,INDIVIDUAL,MULTIPLE_VALUES,5411,MULTIPLE_VALUES,MULTIPLE_VALUES,3041.99,ACTIVE | INACTIVE,GROCERIES | MOBILE_RECHARGE,2,2,1,0,True
MCH8811,1,Bobal LLC,OTHER,PARTNERSHIP,ACTIVE,5999,HYDERABAD,TELANGANA,1645.76,ACTIVE,OTHER,1,1,0,0,False
MCH8813,1,Dey-Dua,FOOD,PARTNERSHIP,ACTIVE,5812,HYDERABAD,TELANGANA,1432.39,ACTIVE,FOOD,1,1,0,0,False
MCH8817,1,SawhneyLtd,HOTEL_LODGING,INDIVIDUAL,INACTIVE,7011,POONA,MAHARASHTRA,495.07,INACTIVE,HOTEL_LODGING,1,1,0,0,False
MCH8819,1,AcharyaInc,MEDICAL_STORE,PRIVATE_LIMITED,ACTIVE,5912,LUDHIANA,PUNJAB,2075.22,ACTIVE,MEDICAL_STORE,1,1,0,0,False
MCH8820,2,MULTIPLE_VALUES,MULTIPLE_VALUES,MULTIPLE_VALUES,ACTIVE,MULTIPLE_VALUES,MULTIPLE_VALUES,MULTIPLE_VALUES,2563.665,ACTIVE,BUS_TAXI | RESTAURANT,1,2,0,0,True
MCH8821,1,MUKHOPADHYAY-CHERIAN,RESTAURANTS,SOLE_PROPRIETOR,ACTIVE,5812,JALANDHAR,PUNJAB,703.03,ACTIVE,RESTAURANTS,1,1,0,0,False
MCH8823,1,SUBRAMANIAN INC,CLOTHING,PARTNERSHIP,SUSPENDED,5699,MUMBAI,MAHARASHTRA,523.43,SUSPENDED,CLOTHING,1,1,0,1,False
MCH8824,1,Mani PLC,OTHER,INDIVIDUAL,ACTIVE,5999,HYDERABAD,TELANGANA,1314.9,ACTIVE,OTHER,1,1,0,0,False
MCH8825,1,"mandal, chaudhari and savant",GARMENTS,INDIVIDUAL,ACTIVE,5699,JALANDHAR,PUNJAB,1817.3,ACTIVE,GARMENTS,1,1,0,0,False
MCH8826,1,Mallick-Dasgupta,DEPT_STORE,PRIVATE_LIMITED,ACTIVE,5311,JALANDHAR,PUNJAB,1719.24,ACTIVE,DEPT_STORE,1,1,0,0,False
MCH8828,1,RANGANATHAN AND SONS,TRAVEL,INDIVIDUAL,ACTIVE,4131,AMRITSAR,PUNJAB,,ACTIVE,TRAVEL,1,1,0,0,False
MCH8832,4,MULTIPLE_VALUES,MULTIPLE_VALUES,INDIVIDUAL,ACTIVE,MULTIPLE_VALUES,MULTIPLE_VALUES,MULTIPLE_VALUES,1216.475,ACTIVE,BOOK_STORE | KIRANA | TELECOM,1,3,1,0,True
MCH8835,1,"Natarajan, Hegde and Varughese",RETAIL_OTHER,SOLE_PROPRIETOR,ACTIVE,5999,MUMBAI,MAHARASHTRA,523.96,ACTIVE,RETAIL_OTHER,1,1,0,0,False
MCH8837,1,Tata-Rajagopal,GROCERY,PARTNERSHIP,SUSPENDED,5411,LUDHIANA,PUNJAB,2586.19,SUSPENDED,GROCERY,1,1,0,1,False
MCH8838,1,"KALA, SIDHU AND KURUVILLA",PHARMACY,PARTNERSHIP,INACTIVE,5912,CHENNAI,TAMIL_NADU,593.62,INACTIVE,PHARMACY,1,1,0,0,False
MCH8840,1,Chatterjee and Sons,RETAIL,INDIVIDUAL,ACTIVE,5311,PUNE,MAHARASHTRA,1208.62,ACTIVE,RETAIL,1,1,0,0,False
MCH8842,1,"Bala, Pillai and Kala",OTHER,PARTNERSHIP,SUSPENDED,05999,AMRITSAR,PUNJAB,,SUSPENDED,OTHER,1,1,1,1,False
MCH8844,2,MULTIPLE_VALUES,MULTIPLE_VALUES,INDIVIDUAL,ACTIVE,5912,MULTIPLE_VALUES,MULTIPLE_VALUES,1442.98,ACTIVE,CHEMIST | EATING_PLACE,1,2,1,0,True
MCH8845,2,Varkey-Jha,OTHER,PARTNERSHIP,ACTIVE,,KOLKATA,WEST_BENGAL,5630.04,ACTIVE,OTHER,1,1,2,0,False
MCH8850,1,"Sachdev, Nayar and Arora",GROCERY,PARTNERSHIP,SUSPENDED,5411,LUDHIANA,PUNJAB,,SUSPENDED,GROCERY,1,1,0,1,False
MCH8851,1,"Kanda, Kohli and Thaman",RESTAURANT,SOLE_PROPRIETOR,SUSPENDED,5812,JALANDHAR,PUNJAB,5573.07,SUSPENDED,RESTAURANT,1,1,0,1,False
MCH8852,1,Bali-Hora,PHARMACIES,INDIVIDUAL,ACTIVE,UNKNOWN,DILLI,DELHI,2821.74,ACTIVE,PHARMACIES,1,1,1,0,False
MCH8854,2,MULTIPLE_VALUES,MULTIPLE_VALUES,MULTIPLE_VALUES,ACTIVE,4131,MULTIPLE_VALUES,MULTIPLE_VALUES,1003.79,ACTIVE,BUS_TAXI | HOTEL_LODGING,1,2,1,0,True
MCH8855,1,"Rau, Dua and Nadkarni",GROCERIES,PRIVATE_LIMITED,ACTIVE,5411,LUDHIANA,PUNJAB,2893.79,ACTIVE,GROCERIES,1,1,0,0,False
MCH8861,1,Prashad and Sons,RETAIL_OTHER,INDIVIDUAL,ACTIVE,5999,CHENNAI,TAMIL_NADU,,ACTIVE,RETAIL_OTHER,1,1,0,0,False
MCH8863,1,Sastry PLC,TELECOM,INDIVIDUAL,ACTIVE,4814,PUNE,MAHARASHTRA,,ACTIVE,TELECOM,1,1,0,0,False
MCH8864,1,Lala-Ben,PHARMACIES,INDIVIDUAL,ACTIVE,5912,LUDHIANA,PUNJAB,869.2,ACTIVE,PHARMACIES,1,1,0,0,False
MCH8865,1,Wali-Yogi,BOOK_STORE,PARTNERSHIP,ACTIVE,5942,PUNE,MAHARASHTRA,1783.0,ACTIVE,BOOK_STORE,1,1,0,0,False
MCH8869,1,Tella-Roy,MEDICAL_STORE,SOLE_PROPRIETOR,ACTIVE,5912,LDH,PUNJAB,618.72,ACTIVE,MEDICAL_STORE,1,1,0,0,False
MCH8870,2,MULTIPLE_VALUES,MULTIPLE_VALUES,MULTIPLE_VALUES,MULTIPLE_VALUES,4131,MULTIPLE_VALUES,MULTIPLE_VALUES,1597.0,ACTIVE | INACTIVE,CLOTHS | TRANSPORTATION,2,2,1,0,True
MCH8873,1,"Pathak, Bath and Kant",TRANSPRT,PARTNERSHIP,ACTIVE,4131,PUNE,MAHARASHTRA,2212.3,ACTIVE,TRANSPRT,1,1,0,0,False
MCH8876,3,MULTIPLE_VALUES,MULTIPLE_VALUES,MULTIPLE_VALUES,MULTIPLE_VALUES,MULTIPLE_VALUES,MULTIPLE_VALUES,MULTIPLE_VALUES,2065.28,ACTIVE | INACTIVE,FOOD | STATIONERY | TRAVEL,2,3,0,0,True
MCH8878,1,Kashyap-Behl,HOTELS,SOLE_PROPRIETOR,ACTIVE,7011,CALCUTTA,WEST_BENGAL,228.35,ACTIVE,HOTELS,1,1,0,0,False
MCH8879,1,Raju and Sons,MEDICAL_STORE,SOLE_PROPRIETOR,ACTIVE,,LUCKNOW,UTTAR_PRADESH,906.0,ACTIVE,MEDICAL_STORE,1,1,1,0,False
MCH8880,2,MULTIPLE_VALUES,MULTIPLE_VALUES,MULTIPLE_VALUES,MULTIPLE_VALUES,MULTIPLE_VALUES,MULTIPLE_VALUES,MULTIPLE_VALUES,2916.455,ACTIVE | INACTIVE,BUS_TAXI | HOTEL_LODGING,2,2,1,0,True
MCH8884,1,"Dubey, Srinivasan and Pillai",STATIONERY,SOLE_PROPRIETOR,ACTIVE,,CHENNAI,TAMIL_NADU,,ACTIVE,STATIONERY,1,1,1,0,False
MCH8885,1,"Dhawan,DevanandChokshi",FASHION,INDIVIDUAL,ACTIVE,05699,DELHI,DELHI,,ACTIVE,FASHION,1,1,1,0,False
MCH8889,1,"Mahal, Edwin and Dasgupta",GARMENTS,SOLE_PROPRIETOR,SUSPENDED,5699,POONA,MAHARASHTRA,,SUSPENDED,GARMENTS,1,1,0,1,False
MCH8890,3,MULTIPLE_VALUES,MULTIPLE_VALUES,MULTIPLE_VALUES,MULTIPLE_VALUES,MULTIPLE_VALUES,MULTIPLE_VALUES,MULTIPLE_VALUES,1443.835,ACTIVE | INACTIVE | SUSPENDED,HOTELS | MISCELLANEOUS,3,2,1,1,True
MCH8891,1,"Natt,ManeandPau",TELECOM,PRIVATE_LIMITED,ACTIVE,,MUMBAI,MAHARASHTRA,1140.0,ACTIVE,TELECOM,1,1,1,0,False
MCH8893,1,Anand-Dada,KIRANA,PRIVATE_LIMITED,ACTIVE,5411,DELHI,DELHI,598.72,ACTIVE,KIRANA,1,1,0,0,False
MCH8895,1,Chakraborty-Apte,HOTELS,SOLE_PROPRIETOR,ACTIVE,7011,JALANDAR,PUNJAB,2412.11,ACTIVE,HOTELS,1,1,0,0,False
MCH8896,3,MULTIPLE_VALUES,MULTIPLE_VALUES,MULTIPLE_VALUES,ACTIVE,MULTIPLE_VALUES,MULTIPLE_VALUES,MULTIPLE_VALUES,1940.44,ACTIVE,FOOD_SERVICES | GROCERY | TRANSPORTATION,1,3,1,0,True
MCH8899,1,bedi and sons,GARMENTS,PRIVATE_LIMITED,SUSPENDED,5699,KOLKATA,WEST_BENGAL,,SUSPENDED,GARMENTS,1,1,0,1,False
MCH8900,2,MULTIPLE_VALUES,MULTIPLE_VALUES,MULTIPLE_VALUES,MULTIPLE_VALUES,MULTIPLE_VALUES,MULTIPLE_VALUES,MULTIPLE_VALUES,831.905,ACTIVE | INACTIVE,APPAREL | FOOD,2,2,0,0,True
MCH8901,2,MULTIPLE_VALUES,MULTIPLE_VALUES,PRIVATE_LIMITED,MULTIPLE_VALUES,MULTIPLE_VALUES,MULTIPLE_VALUES,PUNJAB,1829.505,ACTIVE | INACTIVE,MOBILE_RECHARGE | PHARMACY,2,2,0,0,True
MCH8902,1,Sabharwal Ltd,KIRANA,SOLE_PROPRIETOR,ACTIVE,5411,AMRITSAR,PUNJAB,,ACTIVE,KIRANA,1,1,0,0,False
MCH8903,1,Keer-Sagar,KIRANA,PARTNERSHIP,ACTIVE,5411,LUCKNOW,UTTAR_PRADESH,841.61,ACTIVE,KIRANA,1,1,0,0,False
MCH8909,1,"PALAN, WALI AND WAGLE",OTHER,INDIVIDUAL,ACTIVE,5999,DILLI,DELHI,1366.3,ACTIVE,OTHER,1,1,0,0,False
MCH8910,3,MULTIPLE_VALUES,MULTIPLE_VALUES,MULTIPLE_VALUES,ACTIVE,MULTIPLE_VALUES,MULTIPLE_VALUES,MULTIPLE_VALUES,5263.83,ACTIVE,GROCERIES | PHARMACIES | TELECOM,1,3,0,0,True
MCH8911,1,Bava LLC,BOOKS,SOLE_PROPRIETOR,ACTIVE,5942,HYD,TELANGANA,3342.77,ACTIVE,BOOKS,1,1,0,0,False
MCH8912,3,MULTIPLE_VALUES,MULTIPLE_VALUES,MULTIPLE_VALUES,ACTIVE,MULTIPLE_VALUES,MULTIPLE_VALUES,MULTIPLE_VALUES,510.28,ACTIVE,GARMENTS | KIRANA | STATIONERY,1,3,1,0,True
MCH8915,2,MULTIPLE_VALUES,MULTIPLE_VALUES,MULTIPLE_VALUES,MULTIPLE_VALUES,MULTIPLE_VALUES,MULTIPLE_VALUES,MULTIPLE_VALUES,665.18,ACTIVE | INACTIVE,FOOD_SERVICES | TRANSPRT,2,2,0,0,True
MCH8918,1,Solanki and Sons,GARMENTS,PRIVATE_LIMITED,ACTIVE,,BLR,KARNATAKA,,ACTIVE,GARMENTS,1,1,1,0,False
MCH8919,1,Parmar Ltd,TRANSPORT,PRIVATE_LIMITED,ACTIVE,,BANGALORE,KARNATAKA,2228.63,ACTIVE,TRANSPORT,1,1,1,0,False
MCH8920,1,"Parekh, Srivastava and Choudhury",DEPARTMENT_STORE,PRIVATE_LIMITED,ACTIVE,5311,DELHI,DELHI,19788.99,ACTIVE,DEPARTMENT_STORE,1,1,0,0,False
MCH8921,1,"Palla, Kanda and Kohli",GROCERY_STORES,INDIVIDUAL,INACTIVE,5411,JAIPUR,RAJASTHAN,1560.65,INACTIVE,GROCERY_STORES,1,1,0,0,False
MCH8923,2,MULTIPLE_VALUES,MULTIPLE_VALUES,INDIVIDUAL,MULTIPLE_VALUES,MULTIPLE_VALUES,MULTIPLE_VALUES,MULTIPLE_VALUES,1956.865,ACTIVE | INACTIVE,PHARMACY | TRAVEL,2,2,0,0,True
MCH8926,2,MULTIPLE_VALUES,MULTIPLE_VALUES,SOLE_PROPRIETOR,MULTIPLE_VALUES,MULTIPLE_VALUES,MULTIPLE_VALUES,MULTIPLE_VALUES,2767.745,ACTIVE | INACTIVE,FASHION | MEDICAL,2,2,1,0,True
MCH8927,1,RAJ-KALA,OTHER,INDIVIDUAL,ACTIVE,5999,NEW_DELHI,DELHI,261.67,ACTIVE,OTHER,1,1,0,0,False
MCH8928,2,Deo PLC,TRANSPORT,PARTNERSHIP,ACTIVE,4131,CHENNAI,TAMIL_NADU,1547.93,ACTIVE,TRANSPORT,1,1,0,0,False
MCH8929,2,MULTIPLE_VALUES,MULTIPLE_VALUES,MULTIPLE_VALUES,ACTIVE,5311,MULTIPLE_VALUES,MULTIPLE_VALUES,339.5,ACTIVE,DEPARTMENT_STORES | MISCELLANEOUS,1,2,1,0,True
MCH8931,2,MULTIPLE_VALUES,MULTIPLE_VALUES,PARTNERSHIP,MULTIPLE_VALUES,MULTIPLE_VALUES,MULTIPLE_VALUES,MULTIPLE_VALUES,1572.505,ACTIVE | INACTIVE,FOOD_SERVICES | HOTEL,2,2,0,0,True
MCH8932,1,"Venkatesh, Nayak and Ravel",OTHER,PRIVATE_LIMITED,ACTIVE,,LUCKNOW,UTTAR_PRADESH,1585.03,ACTIVE,OTHER,1,1,1,0,False
MCH8933,2,MULTIPLE_VALUES,MULTIPLE_VALUES,MULTIPLE_VALUES,ACTIVE,MULTIPLE_VALUES,MULTIPLE_VALUES,MULTIPLE_VALUES,2268.23,ACTIVE,HOTEL | MEDICAL_STORE,1,2,0,0,True
MCH8934,2,MULTIPLE_VALUES,MULTIPLE_VALUES,SOLE_PROPRIETOR,MULTIPLE_VALUES,MULTIPLE_VALUES,MULTIPLE_VALUES,MULTIPLE_VALUES,1433.225,ACTIVE | INACTIVE,FOOD_SERVICES | GROCERIES,2,2,0,0,True
MCH8935,1,tella-bawa,BUS_TAXI,INDIVIDUAL,ACTIVE,4131,JPR,RAJASTHAN,997.56,ACTIVE,BUS_TAXI,1,1,0,0,False
MCH8937,1,"Mand, Bhatt and Pathak",HOTELS,INDIVIDUAL,ACTIVE,7011,AMRITSAR,PUNJAB,2746.33,ACTIVE,HOTELS,1,1,0,0,False
MCH8939,1,"DHAWAN, KAMDAR AND DALAL",RESTAURANTS,INDIVIDUAL,ACTIVE,5812,BANGALORE,KARNATAKA,729.0,ACTIVE,RESTAURANTS,1,1,0,0,False
MCH8941,2,MULTIPLE_VALUES,MULTIPLE_VALUES,SOLE_PROPRIETOR,ACTIVE,MULTIPLE_VALUES,MULTIPLE_VALUES,MULTIPLE_VALUES,1366.915,ACTIVE,HOSPITALITY | RETAIL_OTHER,1,2,1,0,True
MCH8943,1,Bassi-Dhingra,BOOK_STORE,PRIVATE_LIMITED,ACTIVE,5942,MADRAS,TAMIL_NADU,774.62,ACTIVE,BOOK_STORE,1,1,0,0,False
MCH8944,1,"Zachariah, Ratta and Contractor",DEPARTMENT_STORES,PRIVATE_LIMITED,ACTIVE,05311,HYDERABAD,TELANGANA,2179.0,ACTIVE,DEPARTMENT_STORES,1,1,1,0,False
MCH8945,3,MULTIPLE_VALUES,MULTIPLE_VALUES,MULTIPLE_VALUES,ACTIVE,MULTIPLE_VALUES,MULTIPLE_VALUES,MULTIPLE_VALUES,707.94,ACTIVE,GROCERIES | PHARMACIES | TELECOM,1,3,1,0,True
MCH8949,1,"Srinivasan,SaxenaandKant",BOOKS,PRIVATE_LIMITED,INACTIVE,5942,BANGALORE,KARNATAKA,1726.82,INACTIVE,BOOKS,1,1,0,0,False
MCH8950,1,Handa Inc,TRAVEL,PARTNERSHIP,ACTIVE,4131,MUMBAI,MAHARASHTRA,3860.38,ACTIVE,TRAVEL,1,1,0,0,False
MCH8951,1,Golla-Venkataraman,PHONE_SERVICE,INDIVIDUAL,ACTIVE,4814,MUMBAI,MAHARASHTRA,436.83,ACTIVE,PHONE_SERVICE,1,1,0,0,False
MCH8952,1,"varghese, korpal and dora",MEDICAL,SOLE_PROPRIETOR,ACTIVE,5912,MADRAS,TAMIL_NADU,987.96,ACTIVE,MEDICAL,1,1,0,0,False
MCH8953,3,MULTIPLE_VALUES,MULTIPLE_VALUES,MULTIPLE_VALUES,MULTIPLE_VALUES,MULTIPLE_VALUES,MULTIPLE_VALUES,MULTIPLE_VALUES,2225.395,ACTIVE | SUSPENDED,CLOTHS | MEDICAL | PHARMACY,2,3,0,1,True
MCH8955,2,MULTIPLE_VALUES,MULTIPLE_VALUES,MULTIPLE_VALUES,ACTIVE,7011,MULTIPLE_VALUES,MULTIPLE_VALUES,455.69,ACTIVE,HOTEL | MISCELLANEOUS,1,2,1,0,True
MCH8957,2,MULTIPLE_VALUES,MULTIPLE_VALUES,MULTIPLE_VALUES,ACTIVE,MULTIPLE_VALUES,MULTIPLE_VALUES,PUNJAB,1214.325,ACTIVE,APPAREL | RETAIL_OTHER,1,2,0,0,True
MCH8958,1,Verma-Biswas,CLOTHS,PARTNERSHIP,ACTIVE,5699,AMRITSAR,PUNJAB,7196.61,ACTIVE,CLOTHS,1,1,0,0,False
MCH8963,1,"Aggarwal,NagiandBorde",GROCERIES,SOLE_PROPRIETOR,ACTIVE,5411,LUDHIANA,PUNJAB,474.91,ACTIVE,GROCERIES,1,1,0,0,False
MCH8965,2,MULTIPLE_VALUES,MULTIPLE_VALUES,MULTIPLE_VALUES,ACTIVE,5942,CHENNAI,TAMIL_NADU,326.0,ACTIVE,BOOKS | STATIONERY,1,2,1,0,True
MCH8966,1,Talwar PLC,RETAIL_OTHER,SOLE_PROPRIETOR,ACTIVE,5999,MADRAS,TAMIL_NADU,432.95,ACTIVE,RETAIL_OTHER,1,1,0,0,False
MCH8967,2,MULTIPLE_VALUES,MULTIPLE_VALUES,MULTIPLE_VALUES,ACTIVE,MULTIPLE_VALUES,DELHI,DELHI,,ACTIVE,CLOTHS | TELECOM,1,2,1,0,True
MCH8968,3,MULTIPLE_VALUES,MULTIPLE_VALUES,MULTIPLE_VALUES,MULTIPLE_VALUES,MULTIPLE_VALUES,MULTIPLE_VALUES,MULTIPLE_VALUES,7171.02,ACTIVE | INACTIVE,GROCERY_STORES | KIRANA | RESTAURANT,2,3,1,0,True
MCH8972,1,VIG INC,GROCERY_STORES,PARTNERSHIP,ACTIVE,5411,CALCUTTA,WEST_BENGAL,835.08,ACTIVE,GROCERY_STORES,1,1,0,0,False
MCH8974,2,MULTIPLE_VALUES,MULTIPLE_VALUES,MULTIPLE_VALUES,ACTIVE,MULTIPLE_VALUES,MULTIPLE_VALUES,MULTIPLE_VALUES,896.355,ACTIVE,HOTELS | PHARMACY,1,2,0,0,True
MCH8975,1,"shanker, kothari and balasubramanian",TELECOM,INDIVIDUAL,ACTIVE,4814,BOMBAY,MAHARASHTRA,,ACTIVE,TELECOM,1,1,0,0,False
MCH8976,1,PRAKASH PLC,GARMENTS,SOLE_PROPRIETOR,SUSPENDED,5699,JALANDAR,PUNJAB,1358.57,SUSPENDED,GARMENTS,1,1,0,1,False
MCH8978,1,TalwarandSons,STATIONERY,SOLE_PROPRIETOR,ACTIVE,5942,MUMBAI,MAHARASHTRA,4704.55,ACTIVE,STATIONERY,1,1,0,0,False
MCH8980,2,MULTIPLE_VALUES,MULTIPLE_VALUES,SOLE_PROPRIETOR,ACTIVE,5999,MULTIPLE_VALUES,MULTIPLE_VALUES,277.5,ACTIVE,GARMENTS | OTHER,1,2,1,0,True
MCH8981,1,Tara-Sinha,RETAIL_OTHER,INDIVIDUAL,ACTIVE,5999,BENGALURU,KARNATAKA,3617.0,ACTIVE,RETAIL_OTHER,1,1,0,0,False
MCH8982,1,deo-nath,FOOD_SERVICES,PRIVATE_LIMITED,ACTIVE,5812,AMRITSAR,PUNJAB,1840.43,ACTIVE,FOOD_SERVICES,1,1,0,0,False
MCH8984,1,Sharma Group,FOOD,PRIVATE_LIMITED,ACTIVE,05812,LUDHIANA,PUNJAB,590.58,ACTIVE,FOOD,1,1,1,0,False
MCH8987,1,Mander LLC,STATIONERY,PRIVATE_LIMITED,ACTIVE,5942,PUNE,MAHARASHTRA,881.75,ACTIVE,STATIONERY,1,1,0,0,False
MCH8988,1,"Ratti, Rattan and Menon",STATIONERY,PRIVATE_LIMITED,ACTIVE,5942,MADRAS,TAMIL_NADU,1897.88,ACTIVE,STATIONERY,1,1,0,0,False
MCH8990,1,Konda-Comar,TRANSPORT,PRIVATE_LIMITED,ACTIVE,4131,BENGALURU,KARNATAKA,273.69,ACTIVE,TRANSPORT,1,1,0,0,False
MCH8994,1,Shukla-Manne,TELECOM,PARTNERSHIP,ACTIVE,,CALCUTTA,WEST_BENGAL,2951.22,ACTIVE,TELECOM,1,1,1,0,False
MCH8995,1,MAHAJAN GROUP,RETAIL_OTHER,PARTNERSHIP,ACTIVE,5999,JALANDAR,PUNJAB,2967.0,ACTIVE,RETAIL_OTHER,1,1,0,0,False
MCH8996,1,Bala-Bhalla,OTHER,PRIVATE_LIMITED,ACTIVE,UNKNOWN,LUCKNOW,UTTAR_PRADESH,1146.92,ACTIVE,OTHER,1,1,1,0,False
MCH8999,3,MULTIPLE_VALUES,MULTIPLE_VALUES,MULTIPLE_VALUES,ACTIVE,MULTIPLE_VALUES,MULTIPLE_VALUES,MULTIPLE_VALUES,1204.0,ACTIVE,DEPARTMENT_STORE | HOSPITALITY | TRANSPRT,1,3,0,0,True
MCH9001,2,MULTIPLE_VALUES,MULTIPLE_VALUES,INDIVIDUAL,ACTIVE,MULTIPLE_VALUES,MULTIPLE_VALUES,MULTIPLE_VALUES,523.855,ACTIVE,MOBILE_RECHARGE | PHARMACY,1,2,2,0,True
MCH9002,1,MANNE LTD,DEPARTMENT_STORE,PARTNERSHIP,ACTIVE,,ASR,PUNJAB,2336.66,ACTIVE,DEPARTMENT_STORE,1,1,1,0,False
MCH9004,3,MULTIPLE_VALUES,MULTIPLE_VALUES,MULTIPLE_VALUES,MULTIPLE_VALUES,MULTIPLE_VALUES,MULTIPLE_VALUES,MULTIPLE_VALUES,1025.405,ACTIVE | INACTIVE | SUSPENDED,APPAREL | CHEMIST | PHARMACIES,3,3,2,1,True
MCH9006,1,Chopra-Sandhu,GARMENTS,PARTNERSHIP,ACTIVE,5699,LKO,UTTAR_PRADESH,1365.03,ACTIVE,GARMENTS,1,1,0,0,False
MCH9008,1,"GOUR, AMBLE AND BAKSHI",GROCERY_STORES,SOLE_PROPRIETOR,ACTIVE,5411,AMRITSAR,PUNJAB,1167.35,ACTIVE,GROCERY_STORES,1,1,0,0,False
MCH9009,2,MULTIPLE_VALUES,MULTIPLE_VALUES,MULTIPLE_VALUES,MULTIPLE_VALUES,MULTIPLE_VALUES,MULTIPLE_VALUES,MULTIPLE_VALUES,1374.245,ACTIVE | INACTIVE,GROCERIES | RETAIL,2,2,1,0,True
MCH9012,3,MULTIPLE_VALUES,MULTIPLE_VALUES,MULTIPLE_VALUES,MULTIPLE_VALUES,MULTIPLE_VALUES,MULTIPLE_VALUES,MULTIPLE_VALUES,297.61,ACTIVE | INACTIVE | SUSPENDED,GROCERY_STORE | MEDICAL | MISC_RETAIL,3,3,0,1,True
MCH9014,1,Konda-Ram,TELECOM,SOLE_PROPRIETOR,ACTIVE,4814,LDH,PUNJAB,485.94,ACTIVE,TELECOM,1,1,0,0,False
MCH9015,1,PRASHAD INC,RESTAURANTS,SOLE_PROPRIETOR,ACTIVE,5812,MADRAS,TAMIL_NADU,787.45,ACTIVE,RESTAURANTS,1,1,0,0,False
MCH9016,1,Upadhyay-Sethi,TELECOM,PARTNERSHIP,ACTIVE,4814,MUMBAY,MAHARASHTRA,764.46,ACTIVE,TELECOM,1,1,0,0,False
MCH9018,2,MULTIPLE_VALUES,MULTIPLE_VALUES,MULTIPLE_VALUES,ACTIVE,MULTIPLE_VALUES,MULTIPLE_VALUES,MULTIPLE_VALUES,474.78999999999996,ACTIVE,MISC_RETAIL | STATIONERY,1,2,0,0,True
MCH9021,2,MULTIPLE_VALUES,MULTIPLE_VALUES,PRIVATE_LIMITED,MULTIPLE_VALUES,MULTIPLE_VALUES,MULTIPLE_VALUES,MULTIPLE_VALUES,736.835,ACTIVE | INACTIVE,DEPT_STORE | TELECOM,2,2,0,0,True
MCH9022,1,"Kunda,DugarandKari",GARMENTS,INDIVIDUAL,ACTIVE,5699,AMRITSAR,PUNJAB,1439.0,ACTIVE,GARMENTS,1,1,0,0,False
MCH9027,1,"Dani, Soni and Nagy",HOTELS,PARTNERSHIP,ACTIVE,7011,JALANDHAR,PUNJAB,,ACTIVE,HOTELS,1,1,0,0,False
MCH9029,1,Hayre and Sons,RETAIL,INDIVIDUAL,ACTIVE,5311,AMRITSAR,PUNJAB,,ACTIVE,RETAIL,1,1,0,0,False
MCH9032,1,Johal-Vaidya,DEPT_STORE,PARTNERSHIP,ACTIVE,5311,MUMBAI,MAHARASHTRA,821.89,ACTIVE,DEPT_STORE,1,1,0,0,False
MCH9035,1,Merchant PLC,GROCERY_STORES,PRIVATE_LIMITED,ACTIVE,5411,JPR,RAJASTHAN,,ACTIVE,GROCERY_STORES,1,1,0,0,False
MCH9036,2,MULTIPLE_VALUES,MULTIPLE_VALUES,SOLE_PROPRIETOR,ACTIVE,MULTIPLE_VALUES,MULTIPLE_VALUES,MULTIPLE_VALUES,1271.28,ACTIVE,APPAREL | PHARMACY,1,2,0,0,True
MCH9037,1,Varty-Vaidya,TRANSPORTATION,PRIVATE_LIMITED,ACTIVE,04131,JALANDHAR,PUNJAB,2383.02,ACTIVE,TRANSPORTATION,1,1,1,0,False
MCH9038,4,MULTIPLE_VALUES,MULTIPLE_VALUES,MULTIPLE_VALUES,MULTIPLE_VALUES,MULTIPLE_VALUES,MULTIPLE_VALUES,MULTIPLE_VALUES,1889.065,ACTIVE | INACTIVE,BOOKS | GARMENTS | TRANSPORT,2,3,2,0,True
MCH9040,1,Sharma-Dubey,STATIONERY,SOLE_PROPRIETOR,ACTIVE,,JPR,RAJASTHAN,573.1,ACTIVE,STATIONERY,1,1,1,0,False
MCH9041,1,Kade-Sahota,TRANSPRT,INDIVIDUAL,ACTIVE,4131,POONA,MAHARASHTRA,2738.21,ACTIVE,TRANSPRT,1,1,0,0,False
MCH9043,1,Setty and Sons,HOTEL,PARTNERSHIP,ACTIVE,7011,PUNE,MAHARASHTRA,3323.0,ACTIVE,HOTEL,1,1,0,0,False
MCH9045,1,"Kaul, Sethi and Vaidya",TELECOM,PARTNERSHIP,INACTIVE,4814,BANGALORE,KARNATAKA,1488.0,INACTIVE,TELECOM,1,1,0,0,False
MCH9048,2,MULTIPLE_VALUES,MULTIPLE_VALUES,MULTIPLE_VALUES,MULTIPLE_VALUES,5812,MULTIPLE_VALUES,MULTIPLE_VALUES,507.025,ACTIVE | SUSPENDED,FOOD | RESTAURANTS,2,2,1,1,True
MCH9049,2,MULTIPLE_VALUES,MULTIPLE_VALUES,MULTIPLE_VALUES,ACTIVE,MULTIPLE_VALUES,MULTIPLE_VALUES,MULTIPLE_VALUES,2337.3,ACTIVE,EATING_PLACE | PHARMACY,1,2,0,0,True
MCH9050,2,MULTIPLE_VALUES,MULTIPLE_VALUES,INDIVIDUAL,MULTIPLE_VALUES,MULTIPLE_VALUES,JALANDHAR,PUNJAB,1911.085,ACTIVE | SUSPENDED,BUS_TAXI | HOTELS,2,2,0,1,True
MCH9051,1,"Gara, Keer and Padmanabhan",TELECOM,SOLE_PROPRIETOR,ACTIVE,4814,BENGALURU,KARNATAKA,1715.14,ACTIVE,TELECOM,1,1,0,0,False
MCH9052,1,ramaswamy-chhabra,BOOKS_STATIONERY,PARTNERSHIP,ACTIVE,,MUMBAI,MAHARASHTRA,,ACTIVE,BOOKS_STATIONERY,1,1,1,0,False
MCH9056,1,"Misra, Kalita and Kapur",BOOKS,PRIVATE_LIMITED,ACTIVE,5942,LKO,UTTAR_PRADESH,497.59,ACTIVE,BOOKS,1,1,0,0,False
MCH9057,1,Dayal Ltd,STATIONERY,PARTNERSHIP,ACTIVE,,JPR,RAJASTHAN,728.46,ACTIVE,STATIONERY,1,1,1,0,False
MCH9059,1,Shroff Ltd,DEPARTMENT_STORE,PRIVATE_LIMITED,ACTIVE,5311,JALANDHAR,PUNJAB,399.71,ACTIVE,DEPARTMENT_STORE,1,1,0,0,False
MCH9060,1,"RAMASWAMY, SINGHAL AND DEEP",RETAIL_OTHER,INDIVIDUAL,ACTIVE,05999,MUMBAI,MAHARASHTRA,1011.0,ACTIVE,RETAIL_OTHER,1,1,1,0,False
MCH9063,1,"Bhatt, Sabharwal and Devi",CLOTHING,SOLE_PROPRIETOR,INACTIVE,5699,CALCUTTA,WEST_BENGAL,,INACTIVE,CLOTHING,1,1,0,0,False
MCH9067,2,MULTIPLE_VALUES,MULTIPLE_VALUES,MULTIPLE_VALUES,MULTIPLE_VALUES,MULTIPLE_VALUES,MULTIPLE_VALUES,PUNJAB,1146.315,ACTIVE | INACTIVE,BOOKS_STATIONERY | TELECOM,2,2,0,0,True
MCH9068,2,MULTIPLE_VALUES,MULTIPLE_VALUES,PRIVATE_LIMITED,ACTIVE,MULTIPLE_VALUES,MULTIPLE_VALUES,MULTIPLE_VALUES,5193.72,ACTIVE,APPAREL | HOTELS,1,2,1,0,True
MCH9070,1,"buch, samra and tata",MEDICAL,PARTNERSHIP,ACTIVE,5912,LUCKNOW,UTTAR_PRADESH,5075.53,ACTIVE,MEDICAL,1,1,0,0,False
MCH9074,2,MULTIPLE_VALUES,MULTIPLE_VALUES,MULTIPLE_VALUES,ACTIVE,MULTIPLE_VALUES,MULTIPLE_VALUES,MULTIPLE_VALUES,1762.81,ACTIVE,HOTELS | KIRANA,1,2,1,0,True
MCH9075,1,BHAKTA INC,PHONE_SERVICE,PARTNERSHIP,INACTIVE,4814,NEW_DELHI,DELHI,1186.46,INACTIVE,PHONE_SERVICE,1,1,0,0,False
MCH9080,3,MULTIPLE_VALUES,MULTIPLE_VALUES,MULTIPLE_VALUES,MULTIPLE_VALUES,MULTIPLE_VALUES,MULTIPLE_VALUES,MULTIPLE_VALUES,3637.715,ACTIVE | SUSPENDED,APPAREL | TELECOM | TRAVEL,2,3,0,1,True
MCH9081,1,Patil-Hans,PHONE_SERVICE,INDIVIDUAL,ACTIVE,4814,MUMBAI,MAHARASHTRA,,ACTIVE,PHONE_SERVICE,1,1,0,0,False
MCH9082,3,MULTIPLE_VALUES,MULTIPLE_VALUES,MULTIPLE_VALUES,MULTIPLE_VALUES,MULTIPLE_VALUES,MULTIPLE_VALUES,MULTIPLE_VALUES,862.0,ACTIVE | INACTIVE,DEPARTMENT_STORES | DEPT_STORE | EATING_PLACE,2,3,0,0,True
MCH9083,2,MULTIPLE_VALUES,MULTIPLE_VALUES,MULTIPLE_VALUES,ACTIVE,MULTIPLE_VALUES,MULTIPLE_VALUES,MULTIPLE_VALUES,2972.045,ACTIVE,DEPARTMENT_STORE | FOOD_SERVICES,1,2,0,0,True
MCH9088,2,MULTIPLE_VALUES,MULTIPLE_VALUES,MULTIPLE_VALUES,MULTIPLE_VALUES,MULTIPLE_VALUES,MULTIPLE_VALUES,MULTIPLE_VALUES,2984.31,ACTIVE | SUSPENDED,CHEMIST | MISCELLANEOUS,2,2,0,1,True
MCH9091,1,"Dewan, Hayre and Kala",TRANSPORTATION,SOLE_PROPRIETOR,INACTIVE,4131,AMRITSAR,PUNJAB,4267.28,INACTIVE,TRANSPORTATION,1,1,0,0,False
MCH9092,2,MULTIPLE_VALUES,MULTIPLE_VALUES,MULTIPLE_VALUES,INACTIVE,7011,MULTIPLE_VALUES,MULTIPLE_VALUES,1172.31,INACTIVE,HOSPITALITY | HOTEL_LODGING,1,2,0,0,True
MCH9094,1,"YADAV, ZACHARIA AND DUTT",PHARMACY,SOLE_PROPRIETOR,SUSPENDED,05912,LUDHIANA,PUNJAB,1081.32,SUSPENDED,PHARMACY,1,1,1,1,False
MCH9095,1,Mital-Reddy,MOBILE_RECHARGE,PARTNERSHIP,SUSPENDED,4814,LUCKNOW,UTTAR_PRADESH,1105.17,SUSPENDED,MOBILE_RECHARGE,1,1,0,1,False
MCH9096,2,MULTIPLE_VALUES,MULTIPLE_VALUES,INDIVIDUAL,ACTIVE,5999,MULTIPLE_VALUES,MULTIPLE_VALUES,2102.9,ACTIVE,MISCELLANEOUS | RETAIL_OTHER,1,2,0,0,True
MCH9098,2,MULTIPLE_VALUES,MULTIPLE_VALUES,PARTNERSHIP,ACTIVE,MULTIPLE_VALUES,MULTIPLE_VALUES,MULTIPLE_VALUES,621.3050000000001,ACTIVE,HOTELS | RESTAURANTS,1,2,1,0,True
MCH9100,1,Dey-Bandi,MISC_RETAIL,SOLE_PROPRIETOR,ACTIVE,5999,MUMBAI,MAHARASHTRA,707.08,ACTIVE,MISC_RETAIL,1,1,0,0,False
MCH9101,1,Pal-Ramesh,TRANSPORT,PARTNERSHIP,ACTIVE,,PUNE,MAHARASHTRA,1223.0,ACTIVE,TRANSPORT,1,1,1,0,False
MCH9102,1,sastry-wali,BOOKS_STATIONERY,PRIVATE_LIMITED,ACTIVE,5942,POONA,MAHARASHTRA,1846.0,ACTIVE,BOOKS_STATIONERY,1,1,0,0,False
MCH9104,3,MULTIPLE_VALUES,MULTIPLE_VALUES,MULTIPLE_VALUES,ACTIVE,MULTIPLE_VALUES,MULTIPLE_VALUES,MULTIPLE_VALUES,2276.8199999999997,ACTIVE,BUS_TAXI | DEPARTMENT_STORES | GROCERIES,1,3,0,0,True
MCH9107,2,MULTIPLE_VALUES,MULTIPLE_VALUES,MULTIPLE_VALUES,ACTIVE,5699,MULTIPLE_VALUES,MULTIPLE_VALUES,2374.01,ACTIVE,CLOTHS | GARMENTS,1,2,0,0,True
MCH9109,1,"Som, Mittal and Wable",CLOTHING,PARTNERSHIP,ACTIVE,5699,ASR,PUNJAB,553.0,ACTIVE,CLOTHING,1,1,0,0,False
MCH9110,1,Barad LLC,HOSPITALITY,INDIVIDUAL,INACTIVE,7011,LUCKNOW,UTTAR_PRADESH,1477.89,INACTIVE,HOSPITALITY,1,1,0,0,False
MCH9111,1,"Dhar, Thaker and Madan",MISC_RETAIL,PRIVATE_LIMITED,ACTIVE,5999,CALCUTTA,WEST_BENGAL,1785.1,ACTIVE,MISC_RETAIL,1,1,0,0,False
MCH9112,2,MULTIPLE_VALUES,MULTIPLE_VALUES,MULTIPLE_VALUES,MULTIPLE_VALUES,MULTIPLE_VALUES,MULTIPLE_VALUES,MULTIPLE_VALUES,742.865,ACTIVE | INACTIVE,DEPARTMENT_STORES | GARMENTS,2,2,0,0,True
MCH9114,2,MULTIPLE_VALUES,MULTIPLE_VALUES,INDIVIDUAL,ACTIVE,MULTIPLE_VALUES,MULTIPLE_VALUES,MULTIPLE_VALUES,4780.8150000000005,ACTIVE,APPAREL | TELECOM,1,2,0,0,True
MCH9117,1,"KALE, KOHLI AND CHHABRA",BOOK_STORE,SOLE_PROPRIETOR,SUSPENDED,5942,JALANDAR,PUNJAB,206.51,SUSPENDED,BOOK_STORE,1,1,0,1,False
MCH9119,1,Dyal-Salvi,TELECOM,PARTNERSHIP,ACTIVE,4814,CHENNAI,TAMIL_NADU,6428.96,ACTIVE,TELECOM,1,1,0,0,False
MCH9120,1,sood ltd,HOTEL,SOLE_PROPRIETOR,ACTIVE,07011,MUMBAY,MAHARASHTRA,680.9,ACTIVE,HOTEL,1,1,1,0,False
MCH9121,1,Divan-Char,BOOKS_STATIONERY,PARTNERSHIP,INACTIVE,5942,AMRITSAR,PUNJAB,,INACTIVE,BOOKS_STATIONERY,1,1,0,0,False
MCH9125,2,MULTIPLE_VALUES,MULTIPLE_VALUES,MULTIPLE_VALUES,ACTIVE,5311,MULTIPLE_VALUES,MULTIPLE_VALUES,2365.145,ACTIVE,DEPARTMENT_STORES | MISCELLANEOUS,1,2,1,0,True
MCH9126,1,Anne-Chahal,GROCERY,PARTNERSHIP,ACTIVE,5411,HYDERABAD,TELANGANA,,ACTIVE,GROCERY,1,1,0,0,False
MCH9128,1,"Vig, Menon and Prabhakar",STATIONERY,SOLE_PROPRIETOR,ACTIVE,5942,NEW_DELHI,DELHI,594.0,ACTIVE,STATIONERY,1,1,0,0,False
MCH9129,1,"sinha, chauhan and sathe",GROCERY,PARTNERSHIP,ACTIVE,5411,CALCUTTA,WEST_BENGAL,914.12,ACTIVE,GROCERY,1,1,0,0,False
MCH9130,1,Chhabra LLC,EATING_PLACE,PRIVATE_LIMITED,ACTIVE,5812,JALANDHAR,PUNJAB,1786.29,ACTIVE,EATING_PLACE,1,1,0,0,False
MCH9131,1,"Arya, Narang and Maharaj",HOTEL_LODGING,INDIVIDUAL,ACTIVE,7011,JPR,RAJASTHAN,6588.75,ACTIVE,HOTEL_LODGING,1,1,0,0,False
MCH9132,1,Shankar-Bahl,TELECOM,INDIVIDUAL,SUSPENDED,4814,PUNE,MAHARASHTRA,2278.28,SUSPENDED,TELECOM,1,1,0,1,False
MCH9133,1,"Rai, Nadig and Karpe",TRANSPRT,PRIVATE_LIMITED,ACTIVE,4131,LUDHIANA,PUNJAB,,ACTIVE,TRANSPRT,1,1,0,0,False
MCH9134,1,Edwin-Viswanathan,GARMENTS,SOLE_PROPRIETOR,ACTIVE,5699,JALANDHAR,PUNJAB,1602.69,ACTIVE,GARMENTS,1,1,0,0,False
MCH9135,1,"NATH, SAMRA AND CHOPRA",MOBILE_RECHARGE,SOLE_PROPRIETOR,ACTIVE,4814,KOLKATA,WEST_BENGAL,387.53,ACTIVE,MOBILE_RECHARGE,1,1,0,0,False
MCH9136,1,Mody Ltd,GROCERY_STORES,INDIVIDUAL,ACTIVE,5411,MADRAS,TAMIL_NADU,1976.5,ACTIVE,GROCERY_STORES,1,1,0,0,False
MCH9137,1,Chakrabarti PLC,TRANSPRT,PRIVATE_LIMITED,ACTIVE,4131,JAIPUR,RAJASTHAN,347.82,ACTIVE,TRANSPRT,1,1,0,0,False
MCH9140,2,MULTIPLE_VALUES,MULTIPLE_VALUES,MULTIPLE_VALUES,ACTIVE,MULTIPLE_VALUES,MULTIPLE_VALUES,MULTIPLE_VALUES,1112.7150000000001,ACTIVE,GROCERY_STORES | TELECOM,1,2,0,0,True
MCH9143,2,MULTIPLE_VALUES,MULTIPLE_VALUES,MULTIPLE_VALUES,ACTIVE,5812,MULTIPLE_VALUES,MULTIPLE_VALUES,1358.3400000000001,ACTIVE,MOBILE_RECHARGE | RESTAURANTS,1,2,1,0,True
MCH9145,3,MULTIPLE_VALUES,MULTIPLE_VALUES,PARTNERSHIP,ACTIVE,MULTIPLE_VALUES,MULTIPLE_VALUES,MULTIPLE_VALUES,845.36,ACTIVE,CHEMIST | FASHION | TELECOM,1,3,0,0,True
MCH9147,2,MULTIPLE_VALUES,MULTIPLE_VALUES,SOLE_PROPRIETOR,ACTIVE,MULTIPLE_VALUES,MULTIPLE_VALUES,MULTIPLE_VALUES,728.99,ACTIVE,BOOK_STORE | PHARMACIES,1,2,0,0,True
MCH9148,1,Venkatesh and Sons,HOSPITALITY,SOLE_PROPRIETOR,ACTIVE,07011,HYDERABAD,TELANGANA,503.0,ACTIVE,HOSPITALITY,1,1,1,0,False
MCH9149,2,MULTIPLE_VALUES,MULTIPLE_VALUES,MULTIPLE_VALUES,ACTIVE,MULTIPLE_VALUES,MULTIPLE_VALUES,RAJASTHAN,2938.91,ACTIVE,KIRANA | OTHER,1,2,0,0,True
MCH9151,1,Ravi Ltd,TRANSPORT,PARTNERSHIP,INACTIVE,4131,JALANDHAR,PUNJAB,779.12,INACTIVE,TRANSPORT,1,1,0,0,False
MCH9152,1,KARA-PARIKH,TELECOM,SOLE_PROPRIETOR,ACTIVE,4814,LUCKNOW,UTTAR_PRADESH,5009.29,ACTIVE,TELECOM,1,1,0,0,False
MCH9153,1,Amble and Sons,BUS_TAXI,SOLE_PROPRIETOR,ACTIVE,4131,ASR,PUNJAB,,ACTIVE,BUS_TAXI,1,1,0,0,False
MCH9154,2,MULTIPLE_VALUES,MULTIPLE_VALUES,MULTIPLE_VALUES,ACTIVE,MULTIPLE_VALUES,MULTIPLE_VALUES,MULTIPLE_VALUES,2595.84,ACTIVE,RETAIL | RETAIL_OTHER,1,2,0,0,True
MCH9158,1,"Sachdeva, Va1a and Bedi",RESTAURANTS,SOLE_PROPRIETOR,INACTIVE,5812,LUCKNOW,UTTAR_PRADESH,6181.65,INACTIVE,RESTAURANTS,1,1,0,0,False
MCH9160,1,Som Ltd,MOBILE_RECHARGE,PARTNERSHIP,ACTIVE,4814,LUDHIANA,PUNJAB,722.22,ACTIVE,MOBILE_RECHARGE,1,1,0,0,False
MCH9161,1,Patla Group,RETAIL,INDIVIDUAL,ACTIVE,5311,PUNE,MAHARASHTRA,,ACTIVE,RETAIL,1,1,0,0,False
MCH9162,1,Shankar-Shah,MISCELLANEOUS,PRIVATE_LIMITED,ACTIVE,5999,BANGALORE,KARNATAKA,,ACTIVE,MISCELLANEOUS,1,1,0,0,False
MCH9164,1,MITAL AND SONS,CLOTHS,PRIVATE_LIMITED,ACTIVE,,DILLI,DELHI,4681.79,ACTIVE,CLOTHS,1,1,1,0,False
MCH9165,2,MULTIPLE_VALUES,MULTIPLE_VALUES,PRIVATE_LIMITED,MULTIPLE_VALUES,MULTIPLE_VALUES,MULTIPLE_VALUES,MULTIPLE_VALUES,1898.13,ACTIVE | SUSPENDED,BUS_TAXI | GROCERY,2,2,1,1,True
MCH9173,1,BUMB-BANDI,MISCELLANEOUS,SOLE_PROPRIETOR,ACTIVE,5999,POONA,MAHARASHTRA,450.27,ACTIVE,MISCELLANEOUS,1,1,0,0,False
MCH9174,1,"Chander, Goswami and Butala",HOSPITALITY,PARTNERSHIP,ACTIVE,7011,JALANDAR,PUNJAB,914.67,ACTIVE,HOSPITALITY,1,1,0,0,False
MCH9175,1,BHATT LTD,HOSPITALITY,SOLE_PROPRIETOR,ACTIVE,7011,BLR,KARNATAKA,567.73,ACTIVE,HOSPITALITY,1,1,0,0,False
MCH9176,1,Jayaraman PLC,DEPARTMENT_STORE,PRIVATE_LIMITED,SUSPENDED,5311,JALANDAR,PUNJAB,609.42,SUSPENDED,DEPARTMENT_STORE,1,1,0,1,False
MCH9180,2,RamaswamyPLC,CLOTHS,INDIVIDUAL,MULTIPLE_VALUES,5699,PUNE,MAHARASHTRA,,ACTIVE | SUSPENDED,CLOTHS,2,1,0,1,True
MCH9185,2,Om Ltd,RESTAURANTS,PARTNERSHIP,INACTIVE,5812,KOLKATA,WEST_BENGAL,311.59,INACTIVE,RESTAURANTS,1,1,0,0,False
MCH9187,1,MANE AND SONS,RESTAURANTS,INDIVIDUAL,ACTIVE,5812,HYDERABAD,TELANGANA,508.01,ACTIVE,RESTAURANTS,1,1,0,0,False
MCH9188,1,Randhawa PLC,MOBILE_RECHARGE,PARTNERSHIP,ACTIVE,4814,JALANDHAR,PUNJAB,,ACTIVE,MOBILE_RECHARGE,1,1,0,0,False
MCH9190,1,"Dugar, Babu and Ba1a",RESTAURANT,INDIVIDUAL,ACTIVE,5812,CHENNAI,TAMIL_NADU,471.43,ACTIVE,RESTAURANT,1,1,0,0,False
MCH9192,1,gandhi llc,PHARMACIES,INDIVIDUAL,ACTIVE,5912,JAIPUR,RAJASTHAN,1758.06,ACTIVE,PHARMACIES,1,1,0,0,False
MCH9193,2,MULTIPLE_VALUES,MULTIPLE_VALUES,MULTIPLE_VALUES,ACTIVE,MULTIPLE_VALUES,MULTIPLE_VALUES,MULTIPLE_VALUES,1693.53,ACTIVE,GARMENTS | GROCERY_STORES,1,2,0,0,True
MCH9195,1,"Manne, Parsa and Ratta",DEPARTMENT_STORE,INDIVIDUAL,ACTIVE,5311,KOLKATA,WEST_BENGAL,1304.69,ACTIVE,DEPARTMENT_STORE,1,1,0,0,False
MCH9196,2,MULTIPLE_VALUES,MULTIPLE_VALUES,MULTIPLE_VALUES,ACTIVE,MULTIPLE_VALUES,MULTIPLE_VALUES,MULTIPLE_VALUES,403.86,ACTIVE,GROCERY_STORES | HOTELS,1,2,1,0,True
MCH9199,2,MULTIPLE_VALUES,MULTIPLE_VALUES,PARTNERSHIP,ACTIVE,4814,MULTIPLE_VALUES,MULTIPLE_VALUES,4370.45,ACTIVE,DEPT_STORE | PHONE_SERVICE,1,2,1,0,True
MCH9201,1,Ramachandran PLC,PHONE_SERVICE,PRIVATE_LIMITED,ACTIVE,4814,JPR,RAJASTHAN,1064.13,ACTIVE,PHONE_SERVICE,1,1,0,0,False
MCH9203,2,MULTIPLE_VALUES,MULTIPLE_VALUES,MULTIPLE_VALUES,ACTIVE,MULTIPLE_VALUES,MULTIPLE_VALUES,MULTIPLE_VALUES,1305.76,ACTIVE,EATING_PLACE | HOTELS,1,2,0,0,True
MCH9205,1,Lala Ltd,TRANSPORT,PRIVATE_LIMITED,SUSPENDED,4131,KOLKATA,WEST_BENGAL,569.25,SUSPENDED,TRANSPORT,1,1,0,1,False
MCH9207,2,MULTIPLE_VALUES,MULTIPLE_VALUES,MULTIPLE_VALUES,MULTIPLE_VALUES,MULTIPLE_VALUES,MULTIPLE_VALUES,MULTIPLE_VALUES,1078.305,ACTIVE | INACTIVE,DEPT_STORE | GROCERY,2,2,0,0,True
MCH9208,1,Lala-Tiwari,BOOKS_STATIONERY,PARTNERSHIP,INACTIVE,05942,ASR,PUNJAB,338.09,INACTIVE,BOOKS_STATIONERY,1,1,1,0,False
MCH9211,1,Dubey-Kurian,HOTEL_LODGING,INDIVIDUAL,ACTIVE,7011,JALANDHAR,PUNJAB,2981.74,ACTIVE,HOTEL_LODGING,1,1,0,0,False
MCH9216,1,AMBLE-THAMAN,CHEMIST,PARTNERSHIP,ACTIVE,UNKNOWN,LUDHIANA,PUNJAB,2329.15,ACTIVE,CHEMIST,1,1,1,0,False
MCH9219,1,Baria Inc,TELECOM,SOLE_PROPRIETOR,ACTIVE,4814,JPR,RAJASTHAN,1931.0,ACTIVE,TELECOM,1,1,0,0,False
MCH9220,1,"Agate,BoaseandKurian",TRAVEL,SOLE_PROPRIETOR,INACTIVE,04131,DELHI,DELHI,,INACTIVE,TRAVEL,1,1,1,0,False
MCH9223,2,MULTIPLE_VALUES,MULTIPLE_VALUES,MULTIPLE_VALUES,ACTIVE,MULTIPLE_VALUES,MULTIPLE_VALUES,MULTIPLE_VALUES,504.84,ACTIVE,GARMENTS | MEDICAL_STORE,1,2,0,0,True
MCH9226,2,MULTIPLE_VALUES,MULTIPLE_VALUES,MULTIPLE_VALUES,MULTIPLE_VALUES,MULTIPLE_VALUES,MULTIPLE_VALUES,MULTIPLE_VALUES,2975.66,ACTIVE | SUSPENDED,CLOTHING | FOOD_SERVICES,2,2,1,1,True
MCH9228,1,Ram Inc,OTHER,INDIVIDUAL,ACTIVE,05999,HYDERABAD,TELANGANA,1661.79,ACTIVE,OTHER,1,1,1,0,False
MCH9229,1,Anne-Parikh,BOOKS_STATIONERY,PRIVATE_LIMITED,INACTIVE,,JAIPUR,RAJASTHAN,173.81,INACTIVE,BOOKS_STATIONERY,1,1,1,0,False
MCH9231,1,Kala-Dugar,TRANSPRT,PARTNERSHIP,ACTIVE,4131,POONA,MAHARASHTRA,228.82,ACTIVE,TRANSPRT,1,1,0,0,False
MCH9232,1,Ahuja-Chaudhry,TRANSPORTATION,INDIVIDUAL,ACTIVE,4131,HYDERABAD,TELANGANA,361.11,ACTIVE,TRANSPORTATION,1,1,0,0,False
MCH9234,2,"Jhaveri, Chandran and Shukla",HOSPITALITY,PARTNERSHIP,MULTIPLE_VALUES,7011,LUCKNOW,UTTAR_PRADESH,762.04,ACTIVE | INACTIVE,HOSPITALITY,2,1,0,0,True
MCH9237,1,GOKHALE INC,MEDICAL_STORE,PRIVATE_LIMITED,ACTIVE,5912,LDH,PUNJAB,1901.54,ACTIVE,MEDICAL_STORE,1,1,0,0,False
MCH9239,1,BALAKRISHNAN-DAS,GROCERIES,PARTNERSHIP,ACTIVE,05411,BLR,KARNATAKA,,ACTIVE,GROCERIES,1,1,1,0,False
MCH9242,1,"Kadakia, Yadav and Seshadri",HOTEL,PARTNERSHIP,SUSPENDED,7011,HYD,TELANGANA,1024.36,SUSPENDED,HOTEL,1,1,0,1,False
MCH9245,1,zachariah-suri,RETAIL,INDIVIDUAL,ACTIVE,5311,JALANDHAR,PUNJAB,328.18,ACTIVE,RETAIL,1,1,0,0,False
MCH9246,1,"Krishna, Wable and Kanda",MOBILE_RECHARGE,SOLE_PROPRIETOR,ACTIVE,4814,PUNE,MAHARASHTRA,859.77,ACTIVE,MOBILE_RECHARGE,1,1,0,0,False
MCH9249,1,"Aggarwal, Agarwal and Naidu",GARMENTS,PARTNERSHIP,ACTIVE,5699,MADRAS,TAMIL_NADU,,ACTIVE,GARMENTS,1,1,0,0,False
MCH9251,1,"Venkatesh, Randhawa and Lal",TRANSPRT,SOLE_PROPRIETOR,ACTIVE,4131,LUCKNOW,UTTAR_PRADESH,621.25,ACTIVE,TRANSPRT,1,1,0,0,False
MCH9253,1,Gole LLC,CLOTHS,SOLE_PROPRIETOR,ACTIVE,5699,AMRITSAR,PUNJAB,1349.23,ACTIVE,CLOTHS,1,1,0,0,False
MCH9255,1,"Hegde, Dass and Sehgal",GARMENTS,PRIVATE_LIMITED,ACTIVE,5699,AMRITSAR,PUNJAB,1054.61,ACTIVE,GARMENTS,1,1,0,0,False
MCH9257,1,Deep-Venkataraman,HOTELS,PARTNERSHIP,ACTIVE,7011,ASR,PUNJAB,705.83,ACTIVE,HOTELS,1,1,0,0,False
MCH9258,1,Edwin Inc,STATIONERY,PARTNERSHIP,ACTIVE,5942,LUCKNOW,UTTAR_PRADESH,1647.77,ACTIVE,STATIONERY,1,1,0,0,False
MCH9261,1,Gupta-Manne,EATING_PLACE,INDIVIDUAL,ACTIVE,5812,JAIPUR,RAJASTHAN,2734.0,ACTIVE,EATING_PLACE,1,1,0,0,False
MCH9263,1,"Chatterjee, Anand and Mani",RETAIL_OTHER,PARTNERSHIP,ACTIVE,5999,CALCUTTA,WEST_BENGAL,628.47,ACTIVE,RETAIL_OTHER,1,1,0,0,False
MCH9266,3,MULTIPLE_VALUES,MULTIPLE_VALUES,MULTIPLE_VALUES,MULTIPLE_VALUES,MULTIPLE_VALUES,MULTIPLE_VALUES,MULTIPLE_VALUES,726.18,ACTIVE | SUSPENDED,BOOKS | CLOTHING | GROCERY_STORE,2,3,0,1,True
MCH9271,1,"Bera, Contractor and Trivedi",BUS_TAXI,SOLE_PROPRIETOR,ACTIVE,4131,DELHI,DELHI,,ACTIVE,BUS_TAXI,1,1,0,0,False
MCH9276,3,MULTIPLE_VALUES,MULTIPLE_VALUES,MULTIPLE_VALUES,MULTIPLE_VALUES,MULTIPLE_VALUES,MULTIPLE_VALUES,MULTIPLE_VALUES,2310.01,ACTIVE | INACTIVE,BOOKS | CLOTHS,2,2,0,0,True
MCH9277,1,Pa1-R0ut,STATIONERY,INDIVIDUAL,ACTIVE,5942,ASR,PUNJAB,963.33,ACTIVE,STATIONERY,1,1,0,0,False
MCH9278,2,MULTIPLE_VALUES,MULTIPLE_VALUES,PARTNERSHIP,ACTIVE,MULTIPLE_VALUES,MULTIPLE_VALUES,MULTIPLE_VALUES,7031.5,ACTIVE,STATIONERY | TRANSPORT,1,2,0,0,True
MCH9279,1,Choudhury LLC,GROCERY_STORES,SOLE_PROPRIETOR,ACTIVE,5411,KOLKATA,WEST_BENGAL,644.81,ACTIVE,GROCERY_STORES,1,1,0,0,False
MCH9287,2,MULTIPLE_VALUES,MULTIPLE_VALUES,MULTIPLE_VALUES,MULTIPLE_VALUES,MULTIPLE_VALUES,MULTIPLE_VALUES,MULTIPLE_VALUES,636.69,ACTIVE | INACTIVE,MISC_RETAIL | MOBILE_RECHARGE,2,2,0,0,True
MCH9289,2,MULTIPLE_VALUES,MULTIPLE_VALUES,MULTIPLE_VALUES,ACTIVE,MULTIPLE_VALUES,MULTIPLE_VALUES,MULTIPLE_VALUES,1822.4950000000001,ACTIVE,HOTEL_LODGING | MISC_RETAIL,1,2,0,0,True
MCH9290,1,"Gole, Viswanathan and Brahmbhatt",HOSPITALITY,PARTNERSHIP,INACTIVE,7011,LDH,PUNJAB,1704.51,INACTIVE,HOSPITALITY,1,1,0,0,False
MCH9291,2,MULTIPLE_VALUES,MULTIPLE_VALUES,SOLE_PROPRIETOR,MULTIPLE_VALUES,MULTIPLE_VALUES,MULTIPLE_VALUES,MULTIPLE_VALUES,2202.0,ACTIVE | INACTIVE,CLOTHING | RETAIL,2,2,1,0,True
MCH9296,2,MULTIPLE_VALUES,MULTIPLE_VALUES,MULTIPLE_VALUES,ACTIVE,MULTIPLE_VALUES,MULTIPLE_VALUES,MULTIPLE_VALUES,853.525,ACTIVE,GARMENTS | PHARMACIES,1,2,1,0,True
MCH9298,1,Jain Ltd,BOOKS,SOLE_PROPRIETOR,ACTIVE,5942,BANGALORE,KARNATAKA,8519.11,ACTIVE,BOOKS,1,1,0,0,False
MCH9299,1,Pathak-Menon,FOOD_SERVICES,SOLE_PROPRIETOR,ACTIVE,05812,LUDHIANA,PUNJAB,3015.0,ACTIVE,FOOD_SERVICES,1,1,1,0,False
MCH9302,1,Savant-Dave,DEPARTMENT_STORES,PARTNERSHIP,ACTIVE,5311,BLR,KARNATAKA,543.56,ACTIVE,DEPARTMENT_STORES,1,1,0,0,False
MCH9304,1,Char Ltd,MOBILE_RECHARGE,INDIVIDUAL,ACTIVE,4814,BLR,KARNATAKA,531.14,ACTIVE,MOBILE_RECHARGE,1,1,0,0,False
MCH9306,1,Zachariah-Anne,STATIONERY,PARTNERSHIP,ACTIVE,5942,MUMBAI,MAHARASHTRA,1250.09,ACTIVE,STATIONERY,1,1,0,0,False
MCH9307,1,"Bajwa, Dhawan and Guha",EATING_PLACE,SOLE_PROPRIETOR,ACTIVE,MISC,JALANDAR,PUNJAB,468.19,ACTIVE,EATING_PLACE,1,1,1,0,False
MCH9310,1,Ganguly-Tella,HOSPITALITY,INDIVIDUAL,ACTIVE,07011,PUNE,MAHARASHTRA,,ACTIVE,HOSPITALITY,1,1,1,0,False
MCH9311,2,MULTIPLE_VALUES,MULTIPLE_VALUES,MULTIPLE_VALUES,ACTIVE,5942,MULTIPLE_VALUES,MULTIPLE_VALUES,1185.19,ACTIVE,BOOKS | BOOKS_STATIONERY,1,2,0,0,True
MCH9316,1,Bandi Ltd,KIRANA,SOLE_PROPRIETOR,ACTIVE,05411,LUDHIANA,PUNJAB,1198.18,ACTIVE,KIRANA,1,1,1,0,False
MCH9319,3,MULTIPLE_VALUES,MULTIPLE_VALUES,MULTIPLE_VALUES,MULTIPLE_VALUES,5699,MULTIPLE_VALUES,MULTIPLE_VALUES,839.54,ACTIVE | INACTIVE,FASHION | GARMENTS,2,2,0,0,True
MCH9320,1,Char Inc,KIRANA,PRIVATE_LIMITED,ACTIVE,5411,HYDERABAD,TELANGANA,695.0,ACTIVE,KIRANA,1,1,0,0,False
MCH9322,1,"Khosla, Walia and Deep",DEPARTMENT_STORE,PARTNERSHIP,ACTIVE,5311,KOLKATA,WEST_BENGAL,1060.15,ACTIVE,DEPARTMENT_STORE,1,1,0,0,False
MCH9325,1,"Patel, Parikh and Kaul",TELECOM,PRIVATE_LIMITED,ACTIVE,4814,LUCKNOW,UTTAR_PRADESH,1538.45,ACTIVE,TELECOM,1,1,0,0,False
MCH9332,2,MULTIPLE_VALUES,MULTIPLE_VALUES,PRIVATE_LIMITED,ACTIVE,MULTIPLE_VALUES,MULTIPLE_VALUES,MULTIPLE_VALUES,1371.4050000000002,ACTIVE,CLOTHS | PHARMACY,1,2,0,0,True
MCH9335,3,MULTIPLE_VALUES,MULTIPLE_VALUES,MULTIPLE_VALUES,ACTIVE,MULTIPLE_VALUES,MULTIPLE_VALUES,MULTIPLE_VALUES,1203.23,ACTIVE,DEPARTMENT_STORE | GARMENTS | MEDICAL_STORE,1,3,1,0,True
MCH9338,1,D’Alia-Mitter,BOOKS,PARTNERSHIP,ACTIVE,UNKNOWN,MUMBAI,MAHARASHTRA,604.36,ACTIVE,BOOKS,1,1,1,0,False
MCH9340,1,Mallick-Konda,OTHER,INDIVIDUAL,INACTIVE,5999,BENGALURU,KARNATAKA,1550.33,INACTIVE,OTHER,1,1,0,0,False
MCH9342,1,Dua-Lala,MISC_RETAIL,SOLE_PROPRIETOR,SUSPENDED,5999,BENGALURU,KARNATAKA,1698.37,SUSPENDED,MISC_RETAIL,1,1,0,1,False
MCH9343,1,Sridhar-Sarna,HOSPITALITY,PARTNERSHIP,ACTIVE,7011,CHENNAI,TAMIL_NADU,287.96,ACTIVE,HOSPITALITY,1,1,0,0,False
MCH9345,1,Mahal Inc,TELECOM,PRIVATE_LIMITED,ACTIVE,4814,AMRITSAR,PUNJAB,4834.52,ACTIVE,TELECOM,1,1,0,0,False
MCH9348,2,MULTIPLE_VALUES,MULTIPLE_VALUES,MULTIPLE_VALUES,ACTIVE,MULTIPLE_VALUES,MULTIPLE_VALUES,MULTIPLE_VALUES,2830.22,ACTIVE,BOOKS | PHARMACIES,1,2,0,0,True
MCH9349,2,MULTIPLE_VALUES,MULTIPLE_VALUES,INDIVIDUAL,MULTIPLE_VALUES,MULTIPLE_VALUES,MULTIPLE_VALUES,MULTIPLE_VALUES,2830.17,ACTIVE | INACTIVE,EATING_PLACE | RETAIL_OTHER,2,2,1,0,True
MCH9350,1,SINGH-SANE,KIRANA,PRIVATE_LIMITED,ACTIVE,5411,LDH,PUNJAB,840.43,ACTIVE,KIRANA,1,1,0,0,False
MCH9352,3,MULTIPLE_VALUES,MULTIPLE_VALUES,MULTIPLE_VALUES,MULTIPLE_VALUES,4131,MULTIPLE_VALUES,MULTIPLE_VALUES,1121.19,ACTIVE | INACTIVE,HOSPITALITY | RETAIL | TRANSPORT,2,3,2,0,True
MCH9353,2,MULTIPLE_VALUES,MULTIPLE_VALUES,MULTIPLE_VALUES,ACTIVE,MULTIPLE_VALUES,MULTIPLE_VALUES,MULTIPLE_VALUES,1357.72,ACTIVE,KIRANA | RESTAURANTS,1,2,0,0,True
MCH9354,1,"SRINIVASAN, BHARGAVA AND SATHE",HOTEL,PRIVATE_LIMITED,ACTIVE,7011,PUNE,MAHARASHTRA,272.4,ACTIVE,HOTEL,1,1,0,0,False
MCH9355,1,Vig PLC,PHARMACY,PARTNERSHIP,ACTIVE,5912,JALANDHAR,PUNJAB,1697.72,ACTIVE,PHARMACY,1,1,0,0,False
MCH9356,1,WagleLLC,GROCERIES,PARTNERSHIP,ACTIVE,5411,DELHI,DELHI,862.0,ACTIVE,GROCERIES,1,1,0,0,False
MCH9358,1,Shroff Ltd,DEPARTMENT_STORE,SOLE_PROPRIETOR,ACTIVE,5311,KOLKATA,WEST_BENGAL,1856.54,ACTIVE,DEPARTMENT_STORE,1,1,0,0,False
MCH9359,1,"Ramanathan, Parekh and Agrawal",TRANSPORT,PARTNERSHIP,ACTIVE,4131,LUDHIANA,PUNJAB,3245.01,ACTIVE,TRANSPORT,1,1,0,0,False
MCH9362,1,"Lala, Oza and Chahal",PHARMACIES,SOLE_PROPRIETOR,ACTIVE,5912,DELHI,DELHI,1820.41,ACTIVE,PHARMACIES,1,1,0,0,False
MCH9363,1,Mannan Group,TRANSPORT,PRIVATE_LIMITED,ACTIVE,4131,MUMBAI,MAHARASHTRA,,ACTIVE,TRANSPORT,1,1,0,0,False
MCH9366,1,"Parsa, Walia and Viswanathan",CLOTHING,INDIVIDUAL,ACTIVE,5699,JALANDHAR,PUNJAB,7891.78,ACTIVE,CLOTHING,1,1,0,0,False
MCH9367,1,Luthra and Sons,BOOKS_STATIONERY,PRIVATE_LIMITED,ACTIVE,MISC,AMRITSAR,PUNJAB,1752.0,ACTIVE,BOOKS_STATIONERY,1,1,1,0,False
MCH9369,1,Kara Group,HOSPITALITY,SOLE_PROPRIETOR,ACTIVE,7011,CALCUTTA,WEST_BENGAL,2036.0,ACTIVE,HOSPITALITY,1,1,0,0,False
MCH9370,1,Mallick-Gola,MISC_RETAIL,PRIVATE_LIMITED,ACTIVE,5999,JAIPUR,RAJASTHAN,4284.71,ACTIVE,MISC_RETAIL,1,1,0,0,False
MCH9371,1,Mand-Oommen,KIRANA,PRIVATE_LIMITED,ACTIVE,,MADRAS,TAMIL_NADU,284.42,ACTIVE,KIRANA,1,1,1,0,False
MCH9375,1,"Bhalla, Koshy and Sule",BOOKS,INDIVIDUAL,INACTIVE,,LDH,PUNJAB,924.32,INACTIVE,BOOKS,1,1,1,0,False
MCH9377,2,MULTIPLE_VALUES,MULTIPLE_VALUES,SOLE_PROPRIETOR,ACTIVE,MULTIPLE_VALUES,MULTIPLE_VALUES,MULTIPLE_VALUES,1583.18,ACTIVE,CLOTHING | MEDICAL,1,2,0,0,True
MCH9379,1,Nazareth and Sons,MISC_RETAIL,INDIVIDUAL,INACTIVE,5999,KOLKATA,WEST_BENGAL,242.0,INACTIVE,MISC_RETAIL,1,1,0,0,False
MCH9380,1,CHAKRABARTI GROUP,FOOD_SERVICES,PRIVATE_LIMITED,ACTIVE,5812,LUDHIANA,PUNJAB,199.0,ACTIVE,FOOD_SERVICES,1,1,0,0,False
MCH9383,2,MULTIPLE_VALUES,MULTIPLE_VALUES,MULTIPLE_VALUES,MULTIPLE_VALUES,MULTIPLE_VALUES,MULTIPLE_VALUES,MULTIPLE_VALUES,2841.0,ACTIVE | SUSPENDED,BOOKS_STATIONERY | TRANSPORTATION,2,2,0,1,True
MCH9385,1,"Ray, Gu1ati and Gi11",TELECOM,SOLE_PROPRIETOR,ACTIVE,04814,ASR,PUNJAB,1178.44,ACTIVE,TELECOM,1,1,1,0,False
MCH9386,2,MULTIPLE_VALUES,MULTIPLE_VALUES,INDIVIDUAL,ACTIVE,MULTIPLE_VALUES,MULTIPLE_VALUES,MULTIPLE_VALUES,2792.0,ACTIVE,CLOTHING | TRANSPORT,1,2,0,0,True
MCH9388,1,"mahajan, dixit and memon",HOSPITALITY,PARTNERSHIP,ACTIVE,7011,CALCUTTA,WEST_BENGAL,1507.31,ACTIVE,HOSPITALITY,1,1,0,0,False
MCH9390,1,"Minhas,PauandNarayanan",TRAVEL,INDIVIDUAL,ACTIVE,4131,LUDHIANA,PUNJAB,2246.12,ACTIVE,TRAVEL,1,1,0,0,False
MCH9391,1,Vasa-Mitra,PHONE_SERVICE,INDIVIDUAL,ACTIVE,4814,JALANDAR,PUNJAB,1456.23,ACTIVE,PHONE_SERVICE,1,1,0,0,False
MCH9393,5,MULTIPLE_VALUES,MULTIPLE_VALUES,MULTIPLE_VALUES,MULTIPLE_VALUES,MULTIPLE_VALUES,MULTIPLE_VALUES,MULTIPLE_VALUES,1268.96,ACTIVE | SUSPENDED,HOTEL | PHONE_SERVICE | RESTAURANT | STATIONERY | TRANSPORTATION,2,5,2,1,True
MCH9394,2,MULTIPLE_VALUES,MULTIPLE_VALUES,MULTIPLE_VALUES,MULTIPLE_VALUES,MULTIPLE_VALUES,MULTIPLE_VALUES,MULTIPLE_VALUES,295.29499999999996,ACTIVE | INACTIVE,DEPARTMENT_STORE | MOBILE_RECHARGE,2,2,0,0,True
MCH9395,1,Bhagat-Chana,FASHION,PRIVATE_LIMITED,ACTIVE,5699,JAIPUR,RAJASTHAN,2768.73,ACTIVE,FASHION,1,1,0,0,False
MCH9396,2,MULTIPLE_VALUES,MULTIPLE_VALUES,MULTIPLE_VALUES,ACTIVE,MULTIPLE_VALUES,MULTIPLE_VALUES,MULTIPLE_VALUES,1428.59,ACTIVE,HOTEL_LODGING | MEDICAL_STORE,1,2,1,0,True
MCH9397,1,Ramaswamy-Goel,GROCERIES,PRIVATE_LIMITED,ACTIVE,5411,JALANDHAR,PUNJAB,1519.0,ACTIVE,GROCERIES,1,1,0,0,False
MCH9398,2,MULTIPLE_VALUES,MULTIPLE_VALUES,MULTIPLE_VALUES,ACTIVE,5411,BENGALURU,KARNATAKA,3417.4049999999997,ACTIVE,GROCERY | HOTEL_LODGING,1,2,1,0,True
MCH9400,2,MULTIPLE_VALUES,MULTIPLE_VALUES,MULTIPLE_VALUES,ACTIVE,MULTIPLE_VALUES,MULTIPLE_VALUES,MULTIPLE_VALUES,1496.77,ACTIVE,BOOKS_STATIONERY | OTHER,1,2,0,0,True
MCH9401,2,Ravi LLC,HOTELS,SOLE_PROPRIETOR,ACTIVE,07011,PUNE,MAHARASHTRA,1824.72,ACTIVE,HOTELS,1,1,2,0,False
MCH9402,1,Vyas-Nath,RESTAURANT,PRIVATE_LIMITED,ACTIVE,5812,LKO,UTTAR_PRADESH,,ACTIVE,RESTAURANT,1,1,0,0,False
MCH9403,1,"Bains,BanerjeeandBansal",HOTELS,PARTNERSHIP,INACTIVE,7011,MUMBAI,MAHARASHTRA,1838.83,INACTIVE,HOTELS,1,1,0,0,False
MCH9404,1,BARAL AND SONS,TRAVEL,PRIVATE_LIMITED,ACTIVE,4131,CALCUTTA,WEST_BENGAL,,ACTIVE,TRAVEL,1,1,0,0,False
MCH9406,2,MULTIPLE_VALUES,MULTIPLE_VALUES,INDIVIDUAL,ACTIVE,5912,MULTIPLE_VALUES,MULTIPLE_VALUES,1220.435,ACTIVE,MEDICAL_STORE | RESTAURANTS,1,2,1,0,True
MCH9408,1,Arya-Vig,TRANSPORT,INDIVIDUAL,ACTIVE,4131,BENGALURU,KARNATAKA,,ACTIVE,TRANSPORT,1,1,0,0,False
MCH9410,2,Sagar-Chawla,FASHION,INDIVIDUAL,ACTIVE,05699,JALANDHAR,PUNJAB,820.0,ACTIVE,FASHION,1,1,2,0,False
MCH9412,1,NAYAK-GUHA,TRANSPORT,INDIVIDUAL,ACTIVE,4131,AMRITSAR,PUNJAB,2887.33,ACTIVE,TRANSPORT,1,1,0,0,False
MCH9413,1,Kala-Sarkar,PHARMACIES,SOLE_PROPRIETOR,ACTIVE,5912,HYDERABAD,TELANGANA,869.76,ACTIVE,PHARMACIES,1,1,0,0,False
MCH9414,1,Banik-Garde,FOOD,INDIVIDUAL,ACTIVE,05812,JALANDAR,PUNJAB,942.13,ACTIVE,FOOD,1,1,1,0,False
MCH9415,1,Krishnamurthy-Warrior,HOTELS,SOLE_PROPRIETOR,ACTIVE,7011,LUDHIANA,PUNJAB,438.69,ACTIVE,HOTELS,1,1,0,0,False
MCH9416,1,Kulkarni and Sons,GROCERY_STORES,PARTNERSHIP,ACTIVE,5411,BOMBAY,MAHARASHTRA,755.0,ACTIVE,GROCERY_STORES,1,1,0,0,False
MCH9418,2,MULTIPLE_VALUES,MULTIPLE_VALUES,MULTIPLE_VALUES,MULTIPLE_VALUES,MULTIPLE_VALUES,MULTIPLE_VALUES,MULTIPLE_VALUES,1342.22,ACTIVE | SUSPENDED,GROCERIES | MEDICAL_STORE,2,2,0,1,True
MCH9423,1,apte group,HOTELS,SOLE_PROPRIETOR,ACTIVE,7011,MADRAS,TAMIL_NADU,3132.43,ACTIVE,HOTELS,1,1,0,0,False
MCH9424,2,Sur-Bajaj,DEPARTMENT_STORE,SOLE_PROPRIETOR,ACTIVE,5311,BLR,KARNATAKA,1902.79,ACTIVE,DEPARTMENT_STORE,1,1,0,0,False
MCH9426,2,MULTIPLE_VALUES,MULTIPLE_VALUES,MULTIPLE_VALUES,ACTIVE,MULTIPLE_VALUES,MULTIPLE_VALUES,MULTIPLE_VALUES,474.70500000000004,ACTIVE,GARMENTS | HOSPITALITY,1,2,1,0,True
MCH9428,1,"Dyal, Varma and Sachdeva",OTHER,PRIVATE_LIMITED,ACTIVE,5999,LKO,UTTAR_PRADESH,1955.23,ACTIVE,OTHER,1,1,0,0,False
MCH9429,2,MULTIPLE_VALUES,MULTIPLE_VALUES,MULTIPLE_VALUES,ACTIVE,MULTIPLE_VALUES,MULTIPLE_VALUES,MULTIPLE_VALUES,1299.105,ACTIVE,HOTEL | TELECOM,1,2,0,0,True
MCH9430,1,"Shetty, Pau and Chhabra",PHONE_SERVICE,PARTNERSHIP,ACTIVE,4814,POONA,MAHARASHTRA,927.24,ACTIVE,PHONE_SERVICE,1,1,0,0,False
MCH9431,1,Madan-Kota,TRAVEL,PRIVATE_LIMITED,ACTIVE,4131,BENGALURU,KARNATAKA,436.79,ACTIVE,TRAVEL,1,1,0,0,False
MCH9433,1,Chhabra-Naik,MEDICAL,INDIVIDUAL,ACTIVE,5912,JALANDHAR,PUNJAB,4629.09,ACTIVE,MEDICAL,1,1,0,0,False
MCH9434,1,Srinivasan-Savant,FOOD,PARTNERSHIP,ACTIVE,5812,CHENNAI,TAMIL_NADU,,ACTIVE,FOOD,1,1,0,0,False
MCH9439,2,MULTIPLE_VALUES,MULTIPLE_VALUES,MULTIPLE_VALUES,MULTIPLE_VALUES,5411,MULTIPLE_VALUES,MULTIPLE_VALUES,447.27,ACTIVE | INACTIVE,GROCERY | GROCERY_STORE,2,2,0,0,True
MCH9440,1,Ratti LLC,RETAIL,INDIVIDUAL,ACTIVE,5311,JALANDHAR,PUNJAB,186.6,ACTIVE,RETAIL,1,1,0,0,False
MCH9442,1,issac-batra,HOSPITALITY,PARTNERSHIP,ACTIVE,7011,DILLI,DELHI,1049.17,ACTIVE,HOSPITALITY,1,1,0,0,False
MCH9443,2,MULTIPLE_VALUES,MULTIPLE_VALUES,MULTIPLE_VALUES,ACTIVE,MULTIPLE_VALUES,MULTIPLE_VALUES,MULTIPLE_VALUES,1186.16,ACTIVE,FOOD_SERVICES | TRANSPORT,1,2,0,0,True
MCH9444,2,MULTIPLE_VALUES,MULTIPLE_VALUES,MULTIPLE_VALUES,MULTIPLE_VALUES,MULTIPLE_VALUES,MULTIPLE_VALUES,MULTIPLE_VALUES,700.71,ACTIVE | SUSPENDED,FOOD | TRAVEL,2,2,1,1,True
MCH9447,2,MULTIPLE_VALUES,MULTIPLE_VALUES,MULTIPLE_VALUES,ACTIVE,MULTIPLE_VALUES,MULTIPLE_VALUES,MULTIPLE_VALUES,1066.47,ACTIVE,HOTEL_LODGING | RETAIL_OTHER,1,2,1,0,True
MCH9448,1,"Sant, Manda and Khurana",GARMENTS,PARTNERSHIP,INACTIVE,,JALANDHAR,PUNJAB,522.0,INACTIVE,GARMENTS,1,1,1,0,False
MCH9450,1,"Bahl, Varughese and Char",TELECOM,PARTNERSHIP,ACTIVE,04814,PUNE,MAHARASHTRA,260.0,ACTIVE,TELECOM,1,1,1,0,False
MCH9452,1,Kapoor-Kara,OTHER,PRIVATE_LIMITED,INACTIVE,5999,KOLKATA,WEST_BENGAL,,INACTIVE,OTHER,1,1,0,0,False
MCH9456,2,MULTIPLE_VALUES,MULTIPLE_VALUES,MULTIPLE_VALUES,ACTIVE,5999,MULTIPLE_VALUES,MULTIPLE_VALUES,896.81,ACTIVE,MISC_RETAIL | RETAIL_OTHER,1,2,1,0,True
MCH9457,3,MULTIPLE_VALUES,MULTIPLE_VALUES,MULTIPLE_VALUES,ACTIVE,MULTIPLE_VALUES,MULTIPLE_VALUES,MULTIPLE_VALUES,672.31,ACTIVE,DEPARTMENT_STORES | HOTEL | TRAVEL,1,3,1,0,True
MCH9458,2,MULTIPLE_VALUES,MULTIPLE_VALUES,MULTIPLE_VALUES,ACTIVE,MULTIPLE_VALUES,MULTIPLE_VALUES,MULTIPLE_VALUES,1004.77,ACTIVE,MOBILE_RECHARGE | RETAIL,1,2,0,0,True
MCH9459,2,MULTIPLE_VALUES,MULTIPLE_VALUES,PARTNERSHIP,ACTIVE,MULTIPLE_VALUES,MULTIPLE_VALUES,MULTIPLE_VALUES,5920.09,ACTIVE,GROCERY | TRANSPORT,1,2,0,0,True
MCH9460,1,"Oza, Balakrishnan and Kapoor",STATIONERY,INDIVIDUAL,ACTIVE,5942,MADRAS,TAMIL_NADU,481.26,ACTIVE,STATIONERY,1,1,0,0,False
MCH9463,1,Boase and Sons,BOOKS,PRIVATE_LIMITED,ACTIVE,5942,ASR,PUNJAB,835.0,ACTIVE,BOOKS,1,1,0,0,False
MCH9467,1,"Pall, Lala and Dhar",TRANSPORTATION,INDIVIDUAL,ACTIVE,4131,MADRAS,TAMIL_NADU,1206.07,ACTIVE,TRANSPORTATION,1,1,0,0,False
MCH9471,2,MULTIPLE_VALUES,MULTIPLE_VALUES,MULTIPLE_VALUES,ACTIVE,MULTIPLE_VALUES,MULTIPLE_VALUES,MULTIPLE_VALUES,2136.82,ACTIVE,FASHION | PHARMACIES,1,2,0,0,True
MCH9472,1,Sankaran-Om,APPAREL,PRIVATE_LIMITED,INACTIVE,5699,DELHI,DELHI,4710.1,INACTIVE,APPAREL,1,1,0,0,False
MCH9474,2,MULTIPLE_VALUES,MULTIPLE_VALUES,SOLE_PROPRIETOR,MULTIPLE_VALUES,MULTIPLE_VALUES,MULTIPLE_VALUES,MULTIPLE_VALUES,877.105,ACTIVE | SUSPENDED,HOSPITALITY | PHARMACY,2,2,0,1,True
MCH9476,1,Sama PLC,RESTAURANTS,PRIVATE_LIMITED,ACTIVE,5812,HYDERABAD,TELANGANA,165.93,ACTIVE,RESTAURANTS,1,1,0,0,False
MCH9478,1,"desai, borah and dugar",OTHER,PRIVATE_LIMITED,SUSPENDED,,KOLKATA,WEST_BENGAL,1333.54,SUSPENDED,OTHER,1,1,1,1,False
MCH9481,2,MULTIPLE_VALUES,MULTIPLE_VALUES,MULTIPLE_VALUES,ACTIVE,4814,MULTIPLE_VALUES,PUNJAB,990.945,ACTIVE,MOBILE_RECHARGE | PHONE_SERVICE,1,2,1,0,True
MCH9482,1,"Vasa, Chada and Iyengar",GROCERY_STORES,PARTNERSHIP,ACTIVE,5411,HYD,TELANGANA,600.13,ACTIVE,GROCERY_STORES,1,1,0,0,False
MCH9483,1,"Yohannan, Ghose and Pal",CLOTHING,PARTNERSHIP,ACTIVE,5699,HYD,TELANGANA,4425.5,ACTIVE,CLOTHING,1,1,0,0,False
MCH9484,1,"bail, sen and bava",MEDICAL_STORE,SOLE_PROPRIETOR,ACTIVE,,JALANDAR,PUNJAB,1401.0,ACTIVE,MEDICAL_STORE,1,1,1,0,False
MCH9489,1,Badal-Sankaran,TRANSPORT,SOLE_PROPRIETOR,ACTIVE,4131,CHENNAI,TAMIL_NADU,1437.06,ACTIVE,TRANSPORT,1,1,0,0,False
MCH9492,2,MULTIPLE_VALUES,MULTIPLE_VALUES,MULTIPLE_VALUES,ACTIVE,MULTIPLE_VALUES,MULTIPLE_VALUES,MULTIPLE_VALUES,2064.815,ACTIVE,CHEMIST | DEPT_STORE,1,2,0,0,True
MCH9494,3,MULTIPLE_VALUES,TELECOM,INDIVIDUAL,ACTIVE,4814,MULTIPLE_VALUES,MULTIPLE_VALUES,455.01,ACTIVE,TELECOM,1,1,2,0,False
MCH9502,1,VYAS-HAYRE,BOOK_STORE,SOLE_PROPRIETOR,ACTIVE,5942,MUMBAI,MAHARASHTRA,777.19,ACTIVE,BOOK_STORE,1,1,0,0,False
MCH9503,2,MULTIPLE_VALUES,MULTIPLE_VALUES,MULTIPLE_VALUES,MULTIPLE_VALUES,MULTIPLE_VALUES,MULTIPLE_VALUES,MULTIPLE_VALUES,1188.81,ACTIVE | INACTIVE,KIRANA | TRANSPRT,2,2,0,0,True
MCH9506,1,"SAVANT, BAINS AND BALI",MEDICAL,PARTNERSHIP,ACTIVE,5912,POONA,MAHARASHTRA,353.01,ACTIVE,MEDICAL,1,1,0,0,False
MCH9510,1,Warri0r-Thakkar,TRANSPRT,SOLE_PROPRIETOR,ACTIVE,4131,BANGALORE,KARNATAKA,1261.0,ACTIVE,TRANSPRT,1,1,0,0,False
MCH9514,1,Prakash Gr0up,PHARMACIES,PARTNERSHIP,INACTIVE,5912,LKO,UTTAR_PRADESH,2338.36,INACTIVE,PHARMACIES,1,1,0,0,False
MCH9516,1,"SULE, BORRA AND RATTAN",FOOD,PARTNERSHIP,ACTIVE,MISC,AMRITSAR,PUNJAB,,ACTIVE,FOOD,1,1,1,0,False
MCH9517,1,MENON INC,HOSPITALITY,SOLE_PROPRIETOR,ACTIVE,,MUMBAI,MAHARASHTRA,,ACTIVE,HOSPITALITY,1,1,1,0,False
MCH9519,1,Shere-Banik,CLOTHS,SOLE_PROPRIETOR,ACTIVE,5699,LUCKNOW,UTTAR_PRADESH,889.4,ACTIVE,CLOTHS,1,1,0,0,False
MCH9521,1,"soni, bal and thaman",CLOTHING,PARTNERSHIP,INACTIVE,5699,LUDHIANA,PUNJAB,155.0,INACTIVE,CLOTHING,1,1,0,0,False
MCH9523,1,"Tank, Uppal and Malhotra",PHARMACIES,PARTNERSHIP,ACTIVE,5912,PUNE,MAHARASHTRA,5060.01,ACTIVE,PHARMACIES,1,1,0,0,False
MCH9528,1,Kibe-Memon,APPAREL,SOLE_PROPRIETOR,ACTIVE,5699,NEW_DELHI,DELHI,5399.84,ACTIVE,APPAREL,1,1,0,0,False
MCH9529,1,Dubey Inc,MOBILE_RECHARGE,PRIVATE_LIMITED,ACTIVE,4814,PUNE,MAHARASHTRA,1801.0,ACTIVE,MOBILE_RECHARGE,1,1,0,0,False
MCH9530,1,B0rah PLC,FOOD_SERVICES,INDIVIDUAL,SUSPENDED,,HYDERABAD,TELANGANA,999.86,SUSPENDED,FOOD_SERVICES,1,1,1,1,False
MCH9531,1,lad ltd,KIRANA,PRIVATE_LIMITED,SUSPENDED,5411,LUDHIANA,PUNJAB,545.56,SUSPENDED,KIRANA,1,1,0,1,False
MCH9534,1,DESHMUKH-YADAV,HOSPITALITY,INDIVIDUAL,ACTIVE,7011,HYD,TELANGANA,1143.6,ACTIVE,HOSPITALITY,1,1,0,0,False
MCH9537,3,MULTIPLE_VALUES,MULTIPLE_VALUES,MULTIPLE_VALUES,ACTIVE,MULTIPLE_VALUES,MULTIPLE_VALUES,MULTIPLE_VALUES,777.57,ACTIVE,BOOKS_STATIONERY | FOOD | MISCELLANEOUS,1,3,0,0,True
MCH9541,1,"Grover, Bhatia and Tandon",FOOD,PARTNERSHIP,ACTIVE,,LUCKNOW,UTTAR_PRADESH,2401.33,ACTIVE,FOOD,1,1,1,0,False
MCH9542,2,MULTIPLE_VALUES,MULTIPLE_VALUES,INDIVIDUAL,MULTIPLE_VALUES,MULTIPLE_VALUES,MULTIPLE_VALUES,MULTIPLE_VALUES,2583.23,ACTIVE | INACTIVE,BOOK_STORE | FOOD_SERVICES,2,2,1,0,True
MCH9543,2,MULTIPLE_VALUES,MULTIPLE_VALUES,MULTIPLE_VALUES,ACTIVE,MULTIPLE_VALUES,MULTIPLE_VALUES,MULTIPLE_VALUES,1143.19,ACTIVE,BOOK_STORE | TRAVEL,1,2,0,0,True
MCH9546,2,"Mohan, Tak and Dhingra",RETAIL_OTHER,SOLE_PROPRIETOR,ACTIVE,5999,AMRITSAR,PUNJAB,1645.26,ACTIVE,RETAIL_OTHER,1,1,0,0,False
MCH9547,1,Anne-Narasimhan,DEPT_STORE,INDIVIDUAL,ACTIVE,5311,DELHI,DELHI,823.12,ACTIVE,DEPT_STORE,1,1,0,0,False
MCH9548,2,MULTIPLE_VALUES,MULTIPLE_VALUES,MULTIPLE_VALUES,ACTIVE,MULTIPLE_VALUES,MULTIPLE_VALUES,MULTIPLE_VALUES,1649.0,ACTIVE,PHARMACIES | TRANSPORTATION,1,2,1,0,True
MCH9550,1,Chandra-Sangha,BOOK_STORE,SOLE_PROPRIETOR,ACTIVE,05942,HYD,TELANGANA,674.9,ACTIVE,BOOK_STORE,1,1,1,0,False
MCH9551,2,MULTIPLE_VALUES,MULTIPLE_VALUES,MULTIPLE_VALUES,ACTIVE,MULTIPLE_VALUES,MULTIPLE_VALUES,MULTIPLE_VALUES,1584.7150000000001,ACTIVE,BOOKS_STATIONERY | BOOK_STORE,1,2,1,0,True
MCH9554,1,Kale Ltd,TELECOM,PARTNERSHIP,SUSPENDED,4814,KOLKATA,WEST_BENGAL,696.0,SUSPENDED,TELECOM,1,1,0,1,False
MCH9555,2,MULTIPLE_VALUES,MULTIPLE_VALUES,PARTNERSHIP,MULTIPLE_VALUES,MULTIPLE_VALUES,MULTIPLE_VALUES,MULTIPLE_VALUES,7981.95,ACTIVE | INACTIVE,MEDICAL_STORE | TELECOM,2,2,0,0,True
MCH9556,1,"Hari, Dave and Ahluwalia",TRANSPRT,SOLE_PROPRIETOR,ACTIVE,4131,CHENNAI,TAMIL_NADU,4820.97,ACTIVE,TRANSPRT,1,1,0,0,False
MCH9559,1,Randhawa-Mody,FASHION,SOLE_PROPRIETOR,INACTIVE,5699,ASR,PUNJAB,543.84,INACTIVE,FASHION,1,1,0,0,False
MCH9560,2,MULTIPLE_VALUES,MULTIPLE_VALUES,MULTIPLE_VALUES,MULTIPLE_VALUES,MULTIPLE_VALUES,MULTIPLE_VALUES,MULTIPLE_VALUES,956.135,ACTIVE | INACTIVE,BOOK_STORE | MISC_RETAIL,2,2,0,0,True
MCH9563,2,MULTIPLE_VALUES,MULTIPLE_VALUES,MULTIPLE_VALUES,ACTIVE,4131,KOLKATA,WEST_BENGAL,1370.9850000000001,ACTIVE,HOTELS | TRAVEL,1,2,1,0,True
MCH9565,3,MULTIPLE_VALUES,MULTIPLE_VALUES,MULTIPLE_VALUES,MULTIPLE_VALUES,MULTIPLE_VALUES,MULTIPLE_VALUES,MULTIPLE_VALUES,1964.93,ACTIVE | INACTIVE,BOOKS | MOBILE_RECHARGE | PHARMACY,2,3,0,0,True
MCH9566,1,Batra-Kaul,DEPARTMENT_STORES,PRIVATE_LIMITED,ACTIVE,5311,DELHI,DELHI,1260.75,ACTIVE,DEPARTMENT_STORES,1,1,0,0,False
MCH9567,1,"Dar, Gera and Sane",FOOD_SERVICES,PRIVATE_LIMITED,ACTIVE,05812,DELHI,DELHI,850.48,ACTIVE,FOOD_SERVICES,1,1,1,0,False
MCH9569,1,Parekh-Kalita,RETAIL,INDIVIDUAL,ACTIVE,5311,ASR,PUNJAB,1617.31,ACTIVE,RETAIL,1,1,0,0,False
MCH9571,1,buch inc,RESTAURANTS,INDIVIDUAL,ACTIVE,5812,HYDERABAD,TELANGANA,1270.83,ACTIVE,RESTAURANTS,1,1,0,0,False
MCH9580,1,"murthy, virk and lad",DEPT_STORE,PARTNERSHIP,ACTIVE,,LUDHIANA,PUNJAB,1520.62,ACTIVE,DEPT_STORE,1,1,1,0,False
MCH9582,1,"Aggarwal, Morar and Vohra",TELECOM,PRIVATE_LIMITED,ACTIVE,4814,CHENNAI,TAMIL_NADU,2012.0,ACTIVE,TELECOM,1,1,0,0,False
MCH9583,2,MULTIPLE_VALUES,MULTIPLE_VALUES,MULTIPLE_VALUES,ACTIVE,MULTIPLE_VALUES,MULTIPLE_VALUES,MULTIPLE_VALUES,3518.1000000000004,ACTIVE,GROCERY | RESTAURANTS,1,2,1,0,True
MCH9584,2,MULTIPLE_VALUES,MULTIPLE_VALUES,MULTIPLE_VALUES,INACTIVE,5311,MULTIPLE_VALUES,MAHARASHTRA,2396.965,INACTIVE,DEPARTMENT_STORES | FOOD_SERVICES,1,2,1,0,True
MCH9586,1,Ghose PLC,HOTELS,PRIVATE_LIMITED,ACTIVE,7011,CHENNAI,TAMIL_NADU,2522.89,ACTIVE,HOTELS,1,1,0,0,False
MCH9587,1,Krishnamurthy-Contractor,MOBILE_RECHARGE,SOLE_PROPRIETOR,ACTIVE,4814,CALCUTTA,WEST_BENGAL,211.86,ACTIVE,MOBILE_RECHARGE,1,1,0,0,False
MCH9591,1,BALI GROUP,MISCELLANEOUS,SOLE_PROPRIETOR,ACTIVE,05999,LUDHIANA,PUNJAB,3007.14,ACTIVE,MISCELLANEOUS,1,1,1,0,False
MCH9593,3,MULTIPLE_VALUES,MULTIPLE_VALUES,MULTIPLE_VALUES,ACTIVE,MULTIPLE_VALUES,MULTIPLE_VALUES,MULTIPLE_VALUES,2709.5600000000004,ACTIVE,BOOKS | GROCERY | TRANSPORTATION,1,3,1,0,True
MCH9594,1,Ben Group,DEPT_STORE,SOLE_PROPRIETOR,ACTIVE,5311,JAIPUR,RAJASTHAN,4070.31,ACTIVE,DEPT_STORE,1,1,0,0,False
MCH9595,1,Kapur Inc,MISCELLANEOUS,PRIVATE_LIMITED,ACTIVE,5999,CHENNAI,TAMIL_NADU,,ACTIVE,MISCELLANEOUS,1,1,0,0,False
MCH9601,2,MULTIPLE_VALUES,MULTIPLE_VALUES,PRIVATE_LIMITED,ACTIVE,MULTIPLE_VALUES,MULTIPLE_VALUES,MULTIPLE_VALUES,2261.74,ACTIVE,BUS_TAXI | RETAIL_OTHER,1,2,0,0,True
MCH9604,1,Merchant-Johal,RETAIL,PARTNERSHIP,ACTIVE,5311,POONA,MAHARASHTRA,762.2,ACTIVE,RETAIL,1,1,0,0,False
MCH9605,1,Chokshi LLC,RESTAURANTS,SOLE_PROPRIETOR,ACTIVE,5812,BANGALORE,KARNATAKA,2523.0,ACTIVE,RESTAURANTS,1,1,0,0,False
MCH9609,4,MULTIPLE_VALUES,MULTIPLE_VALUES,MULTIPLE_VALUES,MULTIPLE_VALUES,MULTIPLE_VALUES,MULTIPLE_VALUES,MULTIPLE_VALUES,1792.34,ACTIVE | SUSPENDED,BOOKS | GROCERY_STORE | MOBILE_RECHARGE | RESTAURANT,2,4,2,1,True
MCH9613,1,Tella Group,PHARMACY,PARTNERSHIP,ACTIVE,5912,HYDERABAD,TELANGANA,,ACTIVE,PHARMACY,1,1,0,0,False
MCH9617,1,Ranganathan-Ha1der,GROCERY_STORES,PRIVATE_LIMITED,ACTIVE,05411,CHENNAI,TAMIL_NADU,904.23,ACTIVE,GROCERY_STORES,1,1,1,0,False
MCH9620,2,MULTIPLE_VALUES,MULTIPLE_VALUES,MULTIPLE_VALUES,ACTIVE,5411,LUDHIANA,PUNJAB,1880.7800000000002,ACTIVE,KIRANA | RETAIL,1,2,1,0,True
MCH9623,2,MULTIPLE_VALUES,MULTIPLE_VALUES,MULTIPLE_VALUES,ACTIVE,MULTIPLE_VALUES,MULTIPLE_VALUES,MULTIPLE_VALUES,842.1800000000001,ACTIVE,MEDICAL | TELECOM,1,2,0,0,True
MCH9624,1,Brar-Chad,DEPT_STORE,INDIVIDUAL,SUSPENDED,5311,AMRITSAR,PUNJAB,2595.66,SUSPENDED,DEPT_STORE,1,1,0,1,False
MCH9625,1,tripathi plc,PHONE_SERVICE,PRIVATE_LIMITED,ACTIVE,4814,AMRITSAR,PUNJAB,,ACTIVE,PHONE_SERVICE,1,1,0,0,False
MCH9626,1,Gu1ati-Chhabra,TELECOM,PARTNERSHIP,ACTIVE,4814,LUCKNOW,UTTAR_PRADESH,880.0,ACTIVE,TELECOM,1,1,0,0,False
MCH9627,1,Randhawa Gr0up,HOTEL,PRIVATE_LIMITED,ACTIVE,7011,MADRAS,TAMIL_NADU,,ACTIVE,HOTEL,1,1,0,0,False
MCH9632,1,KADE-SHERE,DEPARTMENT_STORES,SOLE_PROPRIETOR,ACTIVE,5311,NEW_DELHI,DELHI,895.55,ACTIVE,DEPARTMENT_STORES,1,1,0,0,False
MCH9635,2,MULTIPLE_VALUES,MULTIPLE_VALUES,MULTIPLE_VALUES,ACTIVE,MULTIPLE_VALUES,MULTIPLE_VALUES,MULTIPLE_VALUES,3209.545,ACTIVE,BOOK_STORE | GROCERY,1,2,0,0,True
MCH9636,1,KIBE-MAGAR,CLOTHS,INDIVIDUAL,ACTIVE,5699,BENGALURU,KARNATAKA,,ACTIVE,CLOTHS,1,1,0,0,False
MCH9637,1,Handa-Basu,CLOTHING,PARTNERSHIP,ACTIVE,5699,POONA,MAHARASHTRA,515.71,ACTIVE,CLOTHING,1,1,0,0,False
MCH9638,1,"Dara, Badami and Sen",GARMENTS,SOLE_PROPRIETOR,ACTIVE,5699,LKO,UTTAR_PRADESH,3649.35,ACTIVE,GARMENTS,1,1,0,0,False
MCH9640,3,MULTIPLE_VALUES,MULTIPLE_VALUES,MULTIPLE_VALUES,ACTIVE,MULTIPLE_VALUES,MULTIPLE_VALUES,MULTIPLE_VALUES,5001.6,ACTIVE,CLOTHS | DEPARTMENT_STORE | TRAVEL,1,3,3,0,True
MCH9641,1,Andra Ltd,PHARMACIES,PRIVATE_LIMITED,ACTIVE,5912,KOLKATA,WEST_BENGAL,3323.59,ACTIVE,PHARMACIES,1,1,0,0,False
MCH9642,1,Sarin Group,TELECOM,INDIVIDUAL,ACTIVE,4814,MUMBAI,MAHARASHTRA,11510.93,ACTIVE,TELECOM,1,1,0,0,False
MCH9647,1,"Bhat, Tank and Aurora",HOTEL_LODGING,INDIVIDUAL,ACTIVE,7011,KOLKATA,WEST_BENGAL,5590.39,ACTIVE,HOTEL_LODGING,1,1,0,0,False
MCH9649,1,Sachdeva-Dey,HOTEL_LODGING,SOLE_PROPRIETOR,ACTIVE,07011,ASR,PUNJAB,,ACTIVE,HOTEL_LODGING,1,1,1,0,False
MCH9651,1,Thakkar-Dass,DEPARTMENT_STORES,PRIVATE_LIMITED,ACTIVE,5311,JALANDHAR,PUNJAB,2535.0,ACTIVE,DEPARTMENT_STORES,1,1,0,0,False
MCH9654,1,Saini-Bath,BOOKS,PRIVATE_LIMITED,ACTIVE,5942,LUDHIANA,PUNJAB,2570.91,ACTIVE,BOOKS,1,1,0,0,False
MCH9659,1,gokhale-bassi,MOBILE_RECHARGE,SOLE_PROPRIETOR,ACTIVE,4814,MUMBAI,MAHARASHTRA,269.4,ACTIVE,MOBILE_RECHARGE,1,1,0,0,False
MCH9661,1,Ramanathan Group,HOSPITALITY,INDIVIDUAL,ACTIVE,7011,MUMBAY,MAHARASHTRA,735.62,ACTIVE,HOSPITALITY,1,1,0,0,False
MCH9662,1,Basu-Korpal,TELECOM,PRIVATE_LIMITED,ACTIVE,4814,POONA,MAHARASHTRA,1152.0,ACTIVE,TELECOM,1,1,0,0,False
MCH9665,1,Baria and Sons,FASHION,SOLE_PROPRIETOR,SUSPENDED,5699,CHENNAI,TAMIL_NADU,4561.8,SUSPENDED,FASHION,1,1,0,1,False
MCH9672,1,contractor-sinha,RETAIL,INDIVIDUAL,ACTIVE,05311,KOLKATA,WEST_BENGAL,1371.8,ACTIVE,RETAIL,1,1,1,0,False
MCH9675,1,Mand-Varkey,MEDICAL,INDIVIDUAL,INACTIVE,5912,JALANDHAR,PUNJAB,843.13,INACTIVE,MEDICAL,1,1,0,0,False
MCH9679,1,RAMAN LTD,HOTEL_LODGING,SOLE_PROPRIETOR,INACTIVE,,DELHI,DELHI,310.73,INACTIVE,HOTEL_LODGING,1,1,1,0,False
MCH9681,1,Bawa PLC,CLOTHING,PRIVATE_LIMITED,ACTIVE,05699,PUNE,MAHARASHTRA,1913.04,ACTIVE,CLOTHING,1,1,1,0,False
MCH9683,1,Pillai Inc,GROCERY,PARTNERSHIP,SUSPENDED,5411,BENGALURU,KARNATAKA,1862.68,SUSPENDED,GROCERY,1,1,0,1,False
MCH9684,1,Bhasin Inc,PHARMACIES,PRIVATE_LIMITED,INACTIVE,5912,DELHI,DELHI,2227.2,INACTIVE,PHARMACIES,1,1,0,0,False
MCH9688,1,choudhry llc,BOOKS,SOLE_PROPRIETOR,ACTIVE,5942,BENGALURU,KARNATAKA,825.43,ACTIVE,BOOKS,1,1,0,0,False
MCH9690,1,Bai1-Sarin,HOTELS,PARTNERSHIP,ACTIVE,7011,AMRITSAR,PUNJAB,3320.22,ACTIVE,HOTELS,1,1,0,0,False
MCH9692,2,MULTIPLE_VALUES,MULTIPLE_VALUES,MULTIPLE_VALUES,ACTIVE,MULTIPLE_VALUES,MULTIPLE_VALUES,MULTIPLE_VALUES,522.57,ACTIVE,GARMENTS | RESTAURANTS,1,2,0,0,True
MCH9693,1,"Babu, Murty and Rao",STATIONERY,SOLE_PROPRIETOR,ACTIVE,5942,PUNE,MAHARASHTRA,1260.07,ACTIVE,STATIONERY,1,1,0,0,False
MCH9696,1,D’Alia-Bhardwaj,MISC_RETAIL,PRIVATE_LIMITED,ACTIVE,5999,LUCKNOW,UTTAR_PRADESH,3568.12,ACTIVE,MISC_RETAIL,1,1,0,0,False
MCH9697,2,Walla Ltd,TELECOM,INDIVIDUAL,ACTIVE,,BANGALORE,KARNATAKA,1081.86,ACTIVE,TELECOM,1,1,2,0,False
MCH9702,1,Ranganathan-Madan,HOTELS,INDIVIDUAL,ACTIVE,7011,HYDERABAD,TELANGANA,1980.13,ACTIVE,HOTELS,1,1,0,0,False
MCH9704,2,MULTIPLE_VALUES,MULTIPLE_VALUES,PRIVATE_LIMITED,ACTIVE,MULTIPLE_VALUES,MULTIPLE_VALUES,MAHARASHTRA,,ACTIVE,KIRANA | RETAIL,1,2,0,0,True
MCH9706,1,"Mohan, Sahni and Doctor",GARMENTS,PARTNERSHIP,ACTIVE,5699,LUCKNOW,UTTAR_PRADESH,,ACTIVE,GARMENTS,1,1,0,0,False
MCH9710,2,MULTIPLE_VALUES,MULTIPLE_VALUES,MULTIPLE_VALUES,MULTIPLE_VALUES,MULTIPLE_VALUES,MULTIPLE_VALUES,MULTIPLE_VALUES,1090.54,ACTIVE | INACTIVE,DEPT_STORE | KIRANA,2,2,0,0,True
MCH9713,1,"Toor, Nayak and Varma",FASHION,INDIVIDUAL,ACTIVE,5699,JALANDHAR,PUNJAB,,ACTIVE,FASHION,1,1,0,0,False
MCH9714,1,Issac-Pall,PHARMACIES,PRIVATE_LIMITED,INACTIVE,5912,MADRAS,TAMIL_NADU,925.43,INACTIVE,PHARMACIES,1,1,0,0,False
MCH9715,1,Desai PLC,HOTEL,PARTNERSHIP,INACTIVE,7011,KOLKATA,WEST_BENGAL,547.82,INACTIVE,HOTEL,1,1,0,0,False
MCH9716,1,"Kadakia, Mishra and Ba1i",RESTAURANTS,PRIVATE_LIMITED,ACTIVE,05812,LUCKNOW,UTTAR_PRADESH,,ACTIVE,RESTAURANTS,1,1,1,0,False
MCH9718,4,MULTIPLE_VALUES,MULTIPLE_VALUES,MULTIPLE_VALUES,ACTIVE,MULTIPLE_VALUES,MULTIPLE_VALUES,MULTIPLE_VALUES,1881.34,ACTIVE,CLOTHS | EATING_PLACE | GROCERY | KIRANA,1,4,0,0,True
MCH9720,1,Hayre Ltd,STATIONERY,SOLE_PROPRIETOR,ACTIVE,5942,POONA,MAHARASHTRA,507.94,ACTIVE,STATIONERY,1,1,0,0,False
MCH9722,1,"KRISHNA, SAXENA AND AURORA",MOBILE_RECHARGE,INDIVIDUAL,ACTIVE,4814,LUCKNOW,UTTAR_PRADESH,,ACTIVE,MOBILE_RECHARGE,1,1,0,0,False
MCH9725,1,Shan LLC,CLOTHING,INDIVIDUAL,ACTIVE,05699,LUCKNOW,UTTAR_PRADESH,2250.85,ACTIVE,CLOTHING,1,1,1,0,False
MCH9728,1,"Dass, Sengupta and Halder",GROCERIES,SOLE_PROPRIETOR,ACTIVE,5411,CHENNAI,TAMIL_NADU,6287.55,ACTIVE,GROCERIES,1,1,0,0,False
MCH9729,1,Prabhakar Ltd,RESTAURANTS,INDIVIDUAL,ACTIVE,5812,BENGALURU,KARNATAKA,1127.0,ACTIVE,RESTAURANTS,1,1,0,0,False
MCH9731,1,Chaudhry-Pillay,DEPT_STORE,INDIVIDUAL,ACTIVE,5311,JAIPUR,RAJASTHAN,516.39,ACTIVE,DEPT_STORE,1,1,0,0,False
MCH9732,2,MULTIPLE_VALUES,MULTIPLE_VALUES,MULTIPLE_VALUES,ACTIVE,MULTIPLE_VALUES,MULTIPLE_VALUES,PUNJAB,2292.475,ACTIVE,CLOTHING | TRAVEL,1,2,1,0,True
MCH9733,1,SATHE-HARI,TRANSPORT,PARTNERSHIP,ACTIVE,04131,BENGALURU,KARNATAKA,1033.79,ACTIVE,TRANSPORT,1,1,1,0,False
MCH9736,1,sant plc,HOTEL_LODGING,SOLE_PROPRIETOR,ACTIVE,7011,LKO,UTTAR_PRADESH,1081.26,ACTIVE,HOTEL_LODGING,1,1,0,0,False
MCH9738,1,Barman-Rastogi,GROCERY,PARTNERSHIP,ACTIVE,5411,MADRAS,TAMIL_NADU,2419.77,ACTIVE,GROCERY,1,1,0,0,False
MCH9739,1,"Gupta, Bhatia and Dhillon",TRANSPRT,PRIVATE_LIMITED,ACTIVE,4131,JAIPUR,RAJASTHAN,,ACTIVE,TRANSPRT,1,1,0,0,False
MCH9740,1,Jain and Sons,RESTAURANTS,INDIVIDUAL,ACTIVE,5812,JPR,RAJASTHAN,1510.42,ACTIVE,RESTAURANTS,1,1,0,0,False
MCH9743,1,Sahota-Krish,STATIONERY,PRIVATE_LIMITED,ACTIVE,5942,LDH,PUNJAB,873.78,ACTIVE,STATIONERY,1,1,0,0,False
MCH9744,2,Walia Inc,STATIONERY,SOLE_PROPRIETOR,MULTIPLE_VALUES,5942,BLR,KARNATAKA,574.28,ACTIVE | SUSPENDED,STATIONERY,2,1,0,1,True
MCH9745,3,MULTIPLE_VALUES,MULTIPLE_VALUES,SOLE_PROPRIETOR,MULTIPLE_VALUES,MULTIPLE_VALUES,MULTIPLE_VALUES,MULTIPLE_VALUES,739.155,ACTIVE | INACTIVE,CLOTHS | PHARMACY | TRAVEL,2,3,2,0,True
MCH9749,2,MULTIPLE_VALUES,MULTIPLE_VALUES,MULTIPLE_VALUES,ACTIVE,MULTIPLE_VALUES,MULTIPLE_VALUES,MULTIPLE_VALUES,2553.935,ACTIVE,HOSPITALITY | TRANSPORT,1,2,1,0,True
MCH9751,1,Memon-Sinha,RESTAURANT,SOLE_PROPRIETOR,ACTIVE,5812,LUDHIANA,PUNJAB,2265.65,ACTIVE,RESTAURANT,1,1,0,0,False
MCH9753,1,Chowdhury and Sons,TELECOM,INDIVIDUAL,ACTIVE,4814,BOMBAY,MAHARASHTRA,559.33,ACTIVE,TELECOM,1,1,0,0,False
MCH9754,1,Khanna Group,GROCERY_STORE,PARTNERSHIP,ACTIVE,5411,LUDHIANA,PUNJAB,3682.51,ACTIVE,GROCERY_STORE,1,1,0,0,False
MCH9755,2,MULTIPLE_VALUES,MULTIPLE_VALUES,MULTIPLE_VALUES,ACTIVE,MULTIPLE_VALUES,LUCKNOW,UTTAR_PRADESH,2127.98,ACTIVE,DEPARTMENT_STORE | HOSPITALITY,1,2,0,0,True
MCH9756,1,"Dugal, Virk and Dhaliwal",TRANSPORT,PARTNERSHIP,ACTIVE,4131,JALANDHAR,PUNJAB,494.0,ACTIVE,TRANSPORT,1,1,0,0,False
MCH9757,1,Venkataraman-Vig,DEPT_STORE,SOLE_PROPRIETOR,ACTIVE,5311,ASR,PUNJAB,,ACTIVE,DEPT_STORE,1,1,0,0,False
MCH9762,1,Kara LLC,RETAIL_OTHER,INDIVIDUAL,ACTIVE,5999,DILLI,DELHI,413.17,ACTIVE,RETAIL_OTHER,1,1,0,0,False
MCH9763,1,Bhatnagar-Ramesh,CLOTHS,INDIVIDUAL,ACTIVE,5699,BENGALURU,KARNATAKA,2954.71,ACTIVE,CLOTHS,1,1,0,0,False
MCH9764,2,MULTIPLE_VALUES,MULTIPLE_VALUES,MULTIPLE_VALUES,ACTIVE,MULTIPLE_VALUES,MULTIPLE_VALUES,MULTIPLE_VALUES,3514.68,ACTIVE,CHEMIST | TELECOM,1,2,0,0,True
MCH9769,3,MULTIPLE_VALUES,MULTIPLE_VALUES,MULTIPLE_VALUES,MULTIPLE_VALUES,MULTIPLE_VALUES,MULTIPLE_VALUES,MULTIPLE_VALUES,1299.88,ACTIVE | SUSPENDED,GROCERY_STORES | RETAIL | TRAVEL,2,3,1,1,True
MCH9770,1,jha-andra,TRANSPRT,SOLE_PROPRIETOR,SUSPENDED,,CHENNAI,TAMIL_NADU,1847.23,SUSPENDED,TRANSPRT,1,1,1,1,False
MCH9772,3,MULTIPLE_VALUES,MULTIPLE_VALUES,MULTIPLE_VALUES,ACTIVE,MULTIPLE_VALUES,MULTIPLE_VALUES,MULTIPLE_VALUES,1800.92,ACTIVE,BOOKS | FOOD | GROCERY_STORES,1,3,1,0,True
MCH9774,1,Trivedi Group,PHARMACY,PARTNERSHIP,ACTIVE,5912,JPR,RAJASTHAN,1811.0,ACTIVE,PHARMACY,1,1,0,0,False
MCH9778,1,"chandra, subramanian and borde",BOOK_STORE,PRIVATE_LIMITED,ACTIVE,5942,BENGALURU,KARNATAKA,2313.1,ACTIVE,BOOK_STORE,1,1,0,0,False
MCH9779,1,De0-Agate,TELECOM,INDIVIDUAL,ACTIVE,4814,CALCUTTA,WEST_BENGAL,2425.1,ACTIVE,TELECOM,1,1,0,0,False
MCH9780,1,"Kibe, Setty and Kaul",BOOK_STORE,PRIVATE_LIMITED,ACTIVE,05942,MUMBAI,MAHARASHTRA,3251.18,ACTIVE,BOOK_STORE,1,1,1,0,False
MCH9782,2,MULTIPLE_VALUES,MULTIPLE_VALUES,MULTIPLE_VALUES,ACTIVE,MULTIPLE_VALUES,MULTIPLE_VALUES,PUNJAB,2128.0,ACTIVE,DEPARTMENT_STORE | TRAVEL,1,2,0,0,True
MCH9784,1,lal ltd,EATING_PLACE,PARTNERSHIP,ACTIVE,05812,MADRAS,TAMIL_NADU,1442.84,ACTIVE,EATING_PLACE,1,1,1,0,False
MCH9785,3,MULTIPLE_VALUES,MULTIPLE_VALUES,MULTIPLE_VALUES,ACTIVE,MULTIPLE_VALUES,MULTIPLE_VALUES,MAHARASHTRA,2709.78,ACTIVE,CLOTHS | RETAIL_OTHER,1,2,1,0,True
MCH9786,1,"Pai, Thakkar and Krish",DEPARTMENT_STORE,PRIVATE_LIMITED,ACTIVE,5311,HYDERABAD,TELANGANA,1876.06,ACTIVE,DEPARTMENT_STORE,1,1,0,0,False
MCH9787,2,Nigam LLC,HOTELS,PRIVATE_LIMITED,MULTIPLE_VALUES,7011,JAIPUR,RAJASTHAN,717.19,ACTIVE | INACTIVE,HOTELS,2,1,0,0,True
MCH9790,3,MULTIPLE_VALUES,MULTIPLE_VALUES,MULTIPLE_VALUES,ACTIVE,MULTIPLE_VALUES,MULTIPLE_VALUES,MULTIPLE_VALUES,914.14,ACTIVE,HOTELS | MOBILE_RECHARGE | OTHER,1,3,0,0,True
MCH9793,1,Brar Ltd,FASHION,PRIVATE_LIMITED,ACTIVE,,BANGALORE,KARNATAKA,198.68,ACTIVE,FASHION,1,1,1,0,False
MCH9797,1,"Basu, Kota and Hora",HOTEL_LODGING,INDIVIDUAL,ACTIVE,7011,JAIPUR,RAJASTHAN,3455.43,ACTIVE,HOTEL_LODGING,1,1,0,0,False
MCH9798,1,Mann-Gera,TRANSPRT,INDIVIDUAL,ACTIVE,4131,JALANDHAR,PUNJAB,952.0,ACTIVE,TRANSPRT,1,1,0,0,False
MCH9800,2,MULTIPLE_VALUES,MULTIPLE_VALUES,PARTNERSHIP,ACTIVE,MULTIPLE_VALUES,MULTIPLE_VALUES,MULTIPLE_VALUES,,ACTIVE,DEPT_STORE | HOTEL,1,2,0,0,True
MCH9801,1,"Manda, Bansal and Devan",RESTAURANT,PARTNERSHIP,SUSPENDED,5812,PUNE,MAHARASHTRA,1106.68,SUSPENDED,RESTAURANT,1,1,0,1,False
MCH9802,2,MULTIPLE_VALUES,MULTIPLE_VALUES,MULTIPLE_VALUES,MULTIPLE_VALUES,MULTIPLE_VALUES,MULTIPLE_VALUES,MULTIPLE_VALUES,904.49,ACTIVE | INACTIVE,GARMENTS | TELECOM,2,2,0,0,True
MCH9803,1,Rastogi Ltd,BOOKS_STATIONERY,PARTNERSHIP,ACTIVE,MISC,JAIPUR,RAJASTHAN,3135.89,ACTIVE,BOOKS_STATIONERY,1,1,1,0,False
MCH9804,1,Bhasin-Peri,DEPT_STORE,SOLE_PROPRIETOR,SUSPENDED,5311,CHENNAI,TAMIL_NADU,962.52,SUSPENDED,DEPT_STORE,1,1,0,1,False
MCH9805,1,Sha-Mitter,RETAIL,PARTNERSHIP,ACTIVE,5311,JALANDAR,PUNJAB,1993.26,ACTIVE,RETAIL,1,1,0,0,False
MCH9806,1,Hari-Kant,GROCERIES,INDIVIDUAL,ACTIVE,5411,AMRITSAR,PUNJAB,1398.42,ACTIVE,GROCERIES,1,1,0,0,False
MCH9807,1,PILLAY-SULE,CHEMIST,PARTNERSHIP,ACTIVE,05912,LDH,PUNJAB,3555.86,ACTIVE,CHEMIST,1,1,1,0,False
MCH9811,2,MULTIPLE_VALUES,MULTIPLE_VALUES,MULTIPLE_VALUES,ACTIVE,MULTIPLE_VALUES,MULTIPLE_VALUES,MULTIPLE_VALUES,3440.5600000000004,ACTIVE,CLOTHING | FOOD,1,2,0,0,True
MCH9813,3,MULTIPLE_VALUES,MULTIPLE_VALUES,MULTIPLE_VALUES,MULTIPLE_VALUES,MULTIPLE_VALUES,MULTIPLE_VALUES,MULTIPLE_VALUES,3354.47,ACTIVE | INACTIVE | SUSPENDED,CHEMIST | GROCERY_STORES | RETAIL_OTHER,3,3,1,1,True
MCH9814,1,Sekhon-Luthra,GROCERY_STORE,INDIVIDUAL,ACTIVE,5411,HYDERABAD,TELANGANA,2338.35,ACTIVE,GROCERY_STORE,1,1,0,0,False
MCH9815,2,"NARASIMHAN, VASA AND GOSWAMI",BOOK_STORE,INDIVIDUAL,ACTIVE,5942,DELHI,DELHI,,ACTIVE,BOOK_STORE,1,1,0,0,False
MCH9820,1,"Rai, Saha and Lalla",HOTEL_LODGING,INDIVIDUAL,ACTIVE,7011,ASR,PUNJAB,3129.0,ACTIVE,HOTEL_LODGING,1,1,0,0,False
MCH9821,1,Natt-Kibe,FASHION,PRIVATE_LIMITED,ACTIVE,5699,MADRAS,TAMIL_NADU,4072.48,ACTIVE,FASHION,1,1,0,0,False
MCH9822,1,Thaman-Parsa,DEPARTMENT_STORE,PRIVATE_LIMITED,ACTIVE,5311,BENGALURU,KARNATAKA,534.71,ACTIVE,DEPARTMENT_STORE,1,1,0,0,False
MCH9823,1,Kunda-Parekh,RESTAURANT,INDIVIDUAL,ACTIVE,5812,BOMBAY,MAHARASHTRA,1308.28,ACTIVE,RESTAURANT,1,1,0,0,False
MCH9824,1,Memon-Mistry,PHONE_SERVICE,PARTNERSHIP,SUSPENDED,4814,LUDHIANA,PUNJAB,837.47,SUSPENDED,PHONE_SERVICE,1,1,0,1,False
MCH9826,1,RANA AND SONS,GROCERIES,PRIVATE_LIMITED,ACTIVE,,BENGALURU,KARNATAKA,739.28,ACTIVE,GROCERIES,1,1,1,0,False
MCH9827,1,Chaudry and Sons,DEPARTMENT_STORES,PRIVATE_LIMITED,ACTIVE,5311,BANGALORE,KARNATAKA,1686.75,ACTIVE,DEPARTMENT_STORES,1,1,0,0,False
MCH9831,3,MULTIPLE_VALUES,MULTIPLE_VALUES,MULTIPLE_VALUES,ACTIVE,MULTIPLE_VALUES,MULTIPLE_VALUES,MULTIPLE_VALUES,1222.6,ACTIVE,GROCERY | PHONE_SERVICE | STATIONERY,1,3,0,0,True
MCH9834,3,MULTIPLE_VALUES,MULTIPLE_VALUES,PRIVATE_LIMITED,ACTIVE,MULTIPLE_VALUES,MULTIPLE_VALUES,MULTIPLE_VALUES,1416.0,ACTIVE,GROCERY_STORES | MEDICAL_STORE | RETAIL_OTHER,1,3,2,0,True
MCH9835,2,MULTIPLE_VALUES,MULTIPLE_VALUES,MULTIPLE_VALUES,ACTIVE,MULTIPLE_VALUES,MULTIPLE_VALUES,MULTIPLE_VALUES,1385.73,ACTIVE,HOTEL_LODGING | PHARMACY,1,2,1,0,True
MCH9836,1,"Nori, Malhotra and Deep",HOTEL_LODGING,SOLE_PROPRIETOR,ACTIVE,7011,CHENNAI,TAMIL_NADU,3007.0,ACTIVE,HOTEL_LODGING,1,1,0,0,False
MCH9837,1,Raval-Aurora,RESTAURANTS,SOLE_PROPRIETOR,ACTIVE,05812,CALCUTTA,WEST_BENGAL,2990.0,ACTIVE,RESTAURANTS,1,1,1,0,False
MCH9839,1,Natarajan-Keer,EATING_PLACE,INDIVIDUAL,ACTIVE,5812,DELHI,DELHI,2189.15,ACTIVE,EATING_PLACE,1,1,0,0,False
MCH9840,1,"gara, bedi and dua",STATIONERY,PRIVATE_LIMITED,ACTIVE,5942,AMRITSAR,PUNJAB,369.0,ACTIVE,STATIONERY,1,1,0,0,False
MCH9843,1,"Banerjee, Singh and Anne",STATIONERY,INDIVIDUAL,ACTIVE,5942,CHENNAI,TAMIL_NADU,8077.21,ACTIVE,STATIONERY,1,1,0,0,False
MCH9844,1,MENON AND SONS,BUS_TAXI,SOLE_PROPRIETOR,ACTIVE,4131,BOMBAY,MAHARASHTRA,1083.0,ACTIVE,BUS_TAXI,1,1,0,0,False
MCH9845,1,Misra-Varghese,PHARMACIES,SOLE_PROPRIETOR,ACTIVE,5912,LUDHIANA,PUNJAB,186.59,ACTIVE,PHARMACIES,1,1,0,0,False
MCH9846,2,MULTIPLE_VALUES,MULTIPLE_VALUES,MULTIPLE_VALUES,ACTIVE,5812,MULTIPLE_VALUES,MULTIPLE_VALUES,1235.81,ACTIVE,KIRANA | RESTAURANT,1,2,1,0,True
MCH9847,2,MULTIPLE_VALUES,MULTIPLE_VALUES,MULTIPLE_VALUES,ACTIVE,MULTIPLE_VALUES,MULTIPLE_VALUES,MULTIPLE_VALUES,973.165,ACTIVE,RETAIL_OTHER | TELECOM,1,2,1,0,True
MCH9848,1,B0rde Inc,RETAIL,PRIVATE_LIMITED,ACTIVE,,HYDERABAD,TELANGANA,1173.29,ACTIVE,RETAIL,1,1,1,0,False
MCH9849,1,Jayaraman Inc,BOOKS_STATIONERY,INDIVIDUAL,ACTIVE,5942,KOLKATA,WEST_BENGAL,1659.94,ACTIVE,BOOKS_STATIONERY,1,1,0,0,False
MCH9853,1,Dhar-Raval,PHARMACIES,SOLE_PROPRIETOR,ACTIVE,5912,KOLKATA,WEST_BENGAL,795.17,ACTIVE,PHARMACIES,1,1,0,0,False
MCH9855,1,Samra-Manda,MOBILE_RECHARGE,PRIVATE_LIMITED,ACTIVE,4814,CHENNAI,TAMIL_NADU,1167.22,ACTIVE,MOBILE_RECHARGE,1,1,0,0,False
MCH9856,1,"Gala, Nadig and Borra",GROCERY,PARTNERSHIP,ACTIVE,5411,LUCKNOW,UTTAR_PRADESH,1744.37,ACTIVE,GROCERY,1,1,0,0,False
MCH9857,1,Mitra-Bala,DEPARTMENT_STORE,PARTNERSHIP,ACTIVE,5311,BENGALURU,KARNATAKA,507.74,ACTIVE,DEPARTMENT_STORE,1,1,0,0,False
MCH9858,4,MULTIPLE_VALUES,MULTIPLE_VALUES,MULTIPLE_VALUES,ACTIVE,MULTIPLE_VALUES,MULTIPLE_VALUES,MULTIPLE_VALUES,719.63,ACTIVE,HOTEL | RESTAURANT | TRANSPORT,1,3,0,0,True
MCH9859,1,Mukherjee-Agate,OTHER,SOLE_PROPRIETOR,ACTIVE,5999,JALANDAR,PUNJAB,158.0,ACTIVE,OTHER,1,1,0,0,False
MCH9861,1,"Mukherjee, Murthy and Jani",TRANSPORT,PRIVATE_LIMITED,ACTIVE,4131,LUDHIANA,PUNJAB,719.77,ACTIVE,TRANSPORT,1,1,0,0,False
MCH9865,1,Minhas PLC,BOOKS,PRIVATE_LIMITED,ACTIVE,5942,DILLI,DELHI,334.0,ACTIVE,BOOKS,1,1,0,0,False
MCH9866,2,MULTIPLE_VALUES,MULTIPLE_VALUES,MULTIPLE_VALUES,ACTIVE,MULTIPLE_VALUES,LKO,UTTAR_PRADESH,1041.635,ACTIVE,FOOD_SERVICES | PHONE_SERVICE,1,2,0,0,True
MCH9867,2,MULTIPLE_VALUES,MULTIPLE_VALUES,MULTIPLE_VALUES,ACTIVE,MULTIPLE_VALUES,MULTIPLE_VALUES,MULTIPLE_VALUES,1460.1950000000002,ACTIVE,APPAREL | BOOKS_STATIONERY,1,2,1,0,True
MCH9868,2,MULTIPLE_VALUES,MULTIPLE_VALUES,MULTIPLE_VALUES,MULTIPLE_VALUES,MULTIPLE_VALUES,MULTIPLE_VALUES,MULTIPLE_VALUES,444.97,ACTIVE | INACTIVE,MEDICAL_STORE | TELECOM,2,2,0,0,True
MCH9877,2,MULTIPLE_VALUES,MULTIPLE_VALUES,MULTIPLE_VALUES,ACTIVE,MULTIPLE_VALUES,MULTIPLE_VALUES,MULTIPLE_VALUES,831.875,ACTIVE,STATIONERY | TELECOM,1,2,0,0,True
MCH9879,1,Venkataraman-Tata,MOBILE_RECHARGE,INDIVIDUAL,INACTIVE,4814,LDH,PUNJAB,2839.66,INACTIVE,MOBILE_RECHARGE,1,1,0,0,False
MCH9881,1,Kalla-Tara,GROCERY,PRIVATE_LIMITED,ACTIVE,5411,DELHI,DELHI,1174.86,ACTIVE,GROCERY,1,1,0,0,False
MCH9882,1,Joshi PLC,MOBILE_RECHARGE,SOLE_PROPRIETOR,ACTIVE,04814,JPR,RAJASTHAN,320.23,ACTIVE,MOBILE_RECHARGE,1,1,1,0,False
MCH9883,2,MULTIPLE_VALUES,MULTIPLE_VALUES,MULTIPLE_VALUES,ACTIVE,MULTIPLE_VALUES,MULTIPLE_VALUES,MULTIPLE_VALUES,1043.835,ACTIVE,KIRANA | PHONE_SERVICE,1,2,0,0,True
MCH9884,1,Sidhu Group,HOTEL_LODGING,PARTNERSHIP,ACTIVE,7011,CHENNAI,TAMIL_NADU,1570.58,ACTIVE,HOTEL_LODGING,1,1,0,0,False
MCH9888,4,MULTIPLE_VALUES,MULTIPLE_VALUES,SOLE_PROPRIETOR,MULTIPLE_VALUES,MULTIPLE_VALUES,MULTIPLE_VALUES,MULTIPLE_VALUES,1367.96,ACTIVE | INACTIVE | SUSPENDED,KIRANA | MOBILE_RECHARGE | PHARMACY,3,3,1,1,True
MCH9896,2,MULTIPLE_VALUES,MULTIPLE_VALUES,MULTIPLE_VALUES,MULTIPLE_VALUES,MULTIPLE_VALUES,MULTIPLE_VALUES,MAHARASHTRA,2428.3450000000003,ACTIVE | SUSPENDED,RETAIL | TELECOM,2,2,0,1,True
MCH9897,1,Modi PLC,FASHION,INDIVIDUAL,ACTIVE,05699,NEW_DELHI,DELHI,,ACTIVE,FASHION,1,1,1,0,False
MCH9901,1,Oommen Ltd,HOTEL,SOLE_PROPRIETOR,INACTIVE,07011,HYD,TELANGANA,538.3,INACTIVE,HOTEL,1,1,1,0,False
MCH9905,1,Pate1-S00d,HOTEL_LODGING,SOLE_PROPRIETOR,ACTIVE,7011,JAIPUR,RAJASTHAN,,ACTIVE,HOTEL_LODGING,1,1,0,0,False
MCH9906,2,MULTIPLE_VALUES,MULTIPLE_VALUES,MULTIPLE_VALUES,ACTIVE,MULTIPLE_VALUES,MULTIPLE_VALUES,MULTIPLE_VALUES,2248.165,ACTIVE,DEPARTMENT_STORES | PHARMACY,1,2,2,0,True
MCH9909,2,MULTIPLE_VALUES,MULTIPLE_VALUES,MULTIPLE_VALUES,ACTIVE,MULTIPLE_VALUES,MULTIPLE_VALUES,MULTIPLE_VALUES,2330.855,ACTIVE,CLOTHS | RETAIL_OTHER,1,2,0,0,True
MCH9910,1,"Karan, Ram and Sengupta",DEPT_STORE,INDIVIDUAL,ACTIVE,5311,DELHI,DELHI,191.17,ACTIVE,DEPT_STORE,1,1,0,0,False
MCH9911,1,"Pal, Dash and Nagi",TRANSPORT,INDIVIDUAL,ACTIVE,4131,MUMBAI,MAHARASHTRA,1474.73,ACTIVE,TRANSPORT,1,1,0,0,False
MCH9912,1,"Gade, Bajaj and Zachariah",HOTELS,SOLE_PROPRIETOR,ACTIVE,7011,LDH,PUNJAB,564.0,ACTIVE,HOTELS,1,1,0,0,False
MCH9913,1,Das Ltd,PHONE_SERVICE,PARTNERSHIP,ACTIVE,4814,LUCKNOW,UTTAR_PRADESH,442.64,ACTIVE,PHONE_SERVICE,1,1,0,0,False
MCH9914,2,MULTIPLE_VALUES,MULTIPLE_VALUES,MULTIPLE_VALUES,ACTIVE,MULTIPLE_VALUES,AMRITSAR,PUNJAB,3584.1949999999997,ACTIVE,BUS_TAXI | DEPT_STORE,1,2,0,0,True
MCH9916,1,"Sur, Palla and Goyal",TELECOM,PRIVATE_LIMITED,ACTIVE,04814,PUNE,MAHARASHTRA,282.0,ACTIVE,TELECOM,1,1,1,0,False
MCH9918,2,MULTIPLE_VALUES,MULTIPLE_VALUES,MULTIPLE_VALUES,MULTIPLE_VALUES,MULTIPLE_VALUES,MULTIPLE_VALUES,MULTIPLE_VALUES,732.05,ACTIVE | INACTIVE,CLOTHS | GROCERY,2,2,1,0,True
MCH9919,1,"Ramaswamy,PallandBahri",PHARMACY,PRIVATE_LIMITED,ACTIVE,05912,MUMBAI,MAHARASHTRA,1346.24,ACTIVE,PHARMACY,1,1,1,0,False
MCH9920,1,Oommen-Mitra,KIRANA,PRIVATE_LIMITED,ACTIVE,5411,JAIPUR,RAJASTHAN,767.57,ACTIVE,KIRANA,1,1,0,0,False
MCH9921,1,"Datta, Chatterjee and Khalsa",TRANSPORT,PRIVATE_LIMITED,ACTIVE,04131,BENGALURU,KARNATAKA,2964.42,ACTIVE,TRANSPORT,1,1,1,0,False
MCH9922,1,Chand-Jain,GROCERY_STORE,PARTNERSHIP,ACTIVE,5411,MADRAS,TAMIL_NADU,1800.0,ACTIVE,GROCERY_STORE,1,1,0,0,False
MCH9927,1,"lall, bali and varughese",FOOD,SOLE_PROPRIETOR,ACTIVE,05812,LUCKNOW,UTTAR_PRADESH,1410.0,ACTIVE,FOOD,1,1,1,0,False
MCH9928,2,MULTIPLE_VALUES,MULTIPLE_VALUES,PRIVATE_LIMITED,ACTIVE,05999,MULTIPLE_VALUES,MULTIPLE_VALUES,1255.925,ACTIVE,HOSPITALITY | MISCELLANEOUS,1,2,2,0,True
MCH9930,1,Kale LLC,CLOTHS,SOLE_PROPRIETOR,ACTIVE,5699,JAIPUR,RAJASTHAN,1917.92,ACTIVE,CLOTHS,1,1,0,0,False
MCH9931,2,MULTIPLE_VALUES,MULTIPLE_VALUES,MULTIPLE_VALUES,MULTIPLE_VALUES,MULTIPLE_VALUES,MULTIPLE_VALUES,MULTIPLE_VALUES,7044.3,ACTIVE | SUSPENDED,MEDICAL_STORE | TELECOM,2,2,0,1,True
MCH9933,1,Bali-Zachariah,GROCERY_STORES,SOLE_PROPRIETOR,ACTIVE,5411,JPR,RAJASTHAN,1549.0,ACTIVE,GROCERY_STORES,1,1,0,0,False
MCH9935,1,Sahni-Barad,MISCELLANEOUS,PARTNERSHIP,ACTIVE,5999,DELHI,DELHI,1444.0,ACTIVE,MISCELLANEOUS,1,1,0,0,False
MCH9937,1,"Sant, Dada and Biswas",PHONE_SERVICE,PARTNERSHIP,INACTIVE,4814,HYD,TELANGANA,663.0,INACTIVE,PHONE_SERVICE,1,1,0,0,False
MCH9940,2,MULTIPLE_VALUES,MULTIPLE_VALUES,MULTIPLE_VALUES,MULTIPLE_VALUES,5699,MULTIPLE_VALUES,MULTIPLE_VALUES,1491.2649999999999,ACTIVE | INACTIVE,GARMENTS | RESTAURANTS,2,2,1,0,True
MCH9941,2,MULTIPLE_VALUES,MULTIPLE_VALUES,MULTIPLE_VALUES,ACTIVE,MULTIPLE_VALUES,MULTIPLE_VALUES,MULTIPLE_VALUES,414.88,ACTIVE,OTHER | TELECOM,1,2,0,0,True
MCH9942,4,MULTIPLE_VALUES,MULTIPLE_VALUES,MULTIPLE_VALUES,ACTIVE,MULTIPLE_VALUES,MULTIPLE_VALUES,MULTIPLE_VALUES,636.69,ACTIVE,DEPARTMENT_STORES | HOTELS | MEDICAL_STORE | TELECOM,1,4,1,0,True
MCH9943,1,Mukhopadhyay-Kale,FASHION,PRIVATE_LIMITED,ACTIVE,5699,AMRITSAR,PUNJAB,2114.46,ACTIVE,FASHION,1,1,0,0,False
MCH9944,1,"Parikh, Mutti and Saha",TRANSPORTATION,PARTNERSHIP,ACTIVE,4131,JALANDHAR,PUNJAB,1826.64,ACTIVE,TRANSPORTATION,1,1,0,0,False
MCH9945,1,"Pant, Hayre and Pathak",TELECOM,PRIVATE_LIMITED,ACTIVE,4814,JALANDHAR,PUNJAB,789.57,ACTIVE,TELECOM,1,1,0,0,False
MCH9946,2,MULTIPLE_VALUES,MULTIPLE_VALUES,MULTIPLE_VALUES,MULTIPLE_VALUES,MULTIPLE_VALUES,MULTIPLE_VALUES,MULTIPLE_VALUES,1574.5,ACTIVE | SUSPENDED,MEDICAL | STATIONERY,2,2,1,1,True
MCH9947,1,Sarkar Ltd,DEPARTMENT_STORES,INDIVIDUAL,ACTIVE,5311,LUDHIANA,PUNJAB,,ACTIVE,DEPARTMENT_STORES,1,1,0,0,False
MCH9949,2,MULTIPLE_VALUES,MULTIPLE_VALUES,MULTIPLE_VALUES,ACTIVE,MULTIPLE_VALUES,MULTIPLE_VALUES,PUNJAB,3439.955,ACTIVE,GROCERIES | TRAVEL,1,2,1,0,True
MCH9951,1,Natt Group,PHARMACIES,PARTNERSHIP,ACTIVE,5912,MADRAS,TAMIL_NADU,1765.37,ACTIVE,PHARMACIES,1,1,0,0,False
MCH9952,1,Vig-Doctor,TRAVEL,PRIVATE_LIMITED,ACTIVE,,LUCKNOW,UTTAR_PRADESH,856.86,ACTIVE,TRAVEL,1,1,1,0,False
MCH9954,2,MULTIPLE_VALUES,MULTIPLE_VALUES,SOLE_PROPRIETOR,ACTIVE,MULTIPLE_VALUES,MULTIPLE_VALUES,MULTIPLE_VALUES,1780.78,ACTIVE,APPAREL | MEDICAL,1,2,0,0,True
MCH9955,2,MULTIPLE_VALUES,MULTIPLE_VALUES,MULTIPLE_VALUES,MULTIPLE_VALUES,MULTIPLE_VALUES,MULTIPLE_VALUES,MULTIPLE_VALUES,3024.335,INACTIVE | SUSPENDED,CHEMIST | FASHION,2,2,1,1,True
MCH9956,2,MULTIPLE_VALUES,MULTIPLE_VALUES,MULTIPLE_VALUES,MULTIPLE_VALUES,MULTIPLE_VALUES,MULTIPLE_VALUES,MULTIPLE_VALUES,2309.81,ACTIVE | SUSPENDED,DEPARTMENT_STORES | HOTEL,2,2,1,1,True
MCH9957,2,MULTIPLE_VALUES,MULTIPLE_VALUES,MULTIPLE_VALUES,ACTIVE,MULTIPLE_VALUES,MULTIPLE_VALUES,PUNJAB,533.81,ACTIVE,BOOKS | TELECOM,1,2,0,0,True
MCH9963,1,Mahajan and S0ns,BOOK_STORE,PARTNERSHIP,ACTIVE,5942,JPR,RAJASTHAN,7342.46,ACTIVE,BOOK_STORE,1,1,0,0,False
MCH9964,1,Dua Inc,TRANSPORTATION,SOLE_PROPRIETOR,INACTIVE,4131,MUMBAY,MAHARASHTRA,794.67,INACTIVE,TRANSPORTATION,1,1,0,0,False
MCH9966,2,MULTIPLE_VALUES,MULTIPLE_VALUES,MULTIPLE_VALUES,ACTIVE,4131,KOLKATA,WEST_BENGAL,2123.705,ACTIVE,RETAIL_OTHER | TRANSPORTATION,1,2,1,0,True
MCH9967,1,Kaul LLC,EATING_PLACE,INDIVIDUAL,ACTIVE,5812,LUCKNOW,UTTAR_PRADESH,4200.0,ACTIVE,EATING_PLACE,1,1,0,0,False
MCH9968,2,MULTIPLE_VALUES,MULTIPLE_VALUES,MULTIPLE_VALUES,MULTIPLE_VALUES,5311,MULTIPLE_VALUES,MULTIPLE_VALUES,1298.2849999999999,ACTIVE | INACTIVE,DEPARTMENT_STORE | DEPARTMENT_STORES,2,2,0,0,True
MCH9969,1,Tiwari and Sons,BOOKS_STATIONERY,PRIVATE_LIMITED,INACTIVE,05942,LUDHIANA,PUNJAB,1542.28,INACTIVE,BOOKS_STATIONERY,1,1,1,0,False
MCH9972,1,"Bakshi, Tata and Parmer",DEPARTMENT_STORES,SOLE_PROPRIETOR,ACTIVE,05311,HYD,TELANGANA,1398.48,ACTIVE,DEPARTMENT_STORES,1,1,1,0,False
MCH9973,1,"Parsa, Loyal and Pai",PHONE_SERVICE,PARTNERSHIP,ACTIVE,4814,LKO,UTTAR_PRADESH,1836.29,ACTIVE,PHONE_SERVICE,1,1,0,0,False
MCH9975,2,Nadkarni-Sane,MISC_RETAIL,SOLE_PROPRIETOR,MULTIPLE_VALUES,5999,NEW_DELHI,DELHI,4465.19,ACTIVE | SUSPENDED,MISC_RETAIL,2,1,0,1,True
MCH9977,1,Mohanty-Desai,TELECOM,SOLE_PROPRIETOR,ACTIVE,4814,MUMBAI,MAHARASHTRA,845.52,ACTIVE,TELECOM,1,1,0,0,False
MCH9979,1,"Bandi, Gupta and Sarma",TRANSPORTATION,PRIVATE_LIMITED,SUSPENDED,4131,LUDHIANA,PUNJAB,,SUSPENDED,TRANSPORTATION,1,1,0,1,False
MCH9983,1,bhagat group,GROCERY_STORE,INDIVIDUAL,ACTIVE,5411,PUNE,MAHARASHTRA,3669.57,ACTIVE,GROCERY_STORE,1,1,0,0,False
MCH9984,2,MULTIPLE_VALUES,MULTIPLE_VALUES,MULTIPLE_VALUES,ACTIVE,MULTIPLE_VALUES,MULTIPLE_VALUES,PUNJAB,970.165,ACTIVE,STATIONERY | TRANSPORT,1,2,0,0,True
MCH9986,1,tak ltd,TRANSPRT,PARTNERSHIP,ACTIVE,4131,DELHI,DELHI,,ACTIVE,TRANSPRT,1,1,0,0,False
MCH9988,1,"Johal, Padmanabhan and Sagar",MEDICAL,INDIVIDUAL,ACTIVE,,DILLI,DELHI,1620.14,ACTIVE,MEDICAL,1,1,1,0,False
MCH9990,1,Mishra Inc,MEDICAL_STORE,PRIVATE_LIMITED,ACTIVE,5912,MUMBAY,MAHARASHTRA,970.05,ACTIVE,MEDICAL_STORE,1,1,0,0,False
MCH9992,2,Rajagopalan PLC,HOTEL_LODGING,SOLE_PROPRIETOR,ACTIVE,07011,BENGALURU,KARNATAKA,577.93,ACTIVE,HOTEL_LODGING,1,1,2,0,False
MCH9993,1,Chadha-Tailor,BOOK_STORE,PRIVATE_LIMITED,INACTIVE,5942,LUDHIANA,PUNJAB,2368.65,INACTIVE,BOOK_STORE,1,1,0,0,False
MCH9994,1,"Barad, Lall and Shetty",STATIONERY,PARTNERSHIP,ACTIVE,5942,DELHI,DELHI,1588.48,ACTIVE,STATIONERY,1,1,0,0,False
MCH9995,1,ben-krish,RETAIL,SOLE_PROPRIETOR,ACTIVE,,PUNE,MAHARASHTRA,2919.94,ACTIVE,RETAIL,1,1,1,0,False
MCH9996,1,Kala-Nadkarni,APPAREL,PRIVATE_LIMITED,ACTIVE,5699,DILLI,DELHI,628.11,ACTIVE,APPAREL,1,1,0,0,False
MCH9997,2,"Kalita, Dass and Balay",MISC_RETAIL,INDIVIDUAL,ACTIVE,5999,LUDHIANA,PUNJAB,2233.91,ACTIVE,MISC_RETAIL,1,1,0,0,False
MCH9999,1,"KONDA, SUBRAMANIAN AND RAU",RETAIL_OTHER,INDIVIDUAL,ACTIVE,5999,MUMBAI,MAHARASHTRA,510.0,ACTIVE,RETAIL_OTHER,1,1,0,0,False
